Experiment_ID,Selected_Model,Target,Fold,Plot_ID,Observed,Predicted,Error,Absolute_Error,Squared_Error
CD04_Richness,RANDOM_FOREST,Richness,1,CmP1,12.0,10.642026984126991,-1.357973015873009,1.357973015873009,1.8440907118392356
CD04_Richness,RANDOM_FOREST,Richness,1,CmP5,7.0,11.546483333333322,4.546483333333322,4.546483333333322,20.670510700277674
CD04_Richness,RANDOM_FOREST,Richness,1,CsP1,11.0,10.20413174603175,-0.7958682539682496,0.7958682539682496,0.6334062776744702
CD04_Richness,RANDOM_FOREST,Richness,1,CsP3,12.0,11.505231746031747,-0.4947682539682532,0.4947682539682532,0.2447956251347939
CD04_Richness,RANDOM_FOREST,Richness,1,CsP9,6.0,8.606904761904763,2.6069047619047634,2.6069047619047634,6.7959524376417315
CD04_Richness,RANDOM_FOREST,Richness,1,CuP3,7.0,10.25175714285714,3.251757142857141,3.251757142857141,10.573924516122435
CD04_Richness,RANDOM_FOREST,Richness,1,CuP7,10.0,11.593588095238088,1.593588095238088,1.593588095238088,2.5395230172845578
CD04_Richness,RANDOM_FOREST,Richness,1,CuP9,14.0,11.03798571428571,-2.9620142857142895,2.9620142857142895,8.773528628775532
CD04_Richness,RANDOM_FOREST,Richness,1,BmP6,14.0,11.182097619047621,-2.817902380952379,2.817902380952379,7.9405738285770875
CD04_Richness,RANDOM_FOREST,Richness,1,BmP10,10.0,9.307030952380954,-0.6929690476190462,0.6929690476190462,0.48020610095804794
CD04_Richness,RANDOM_FOREST,Richness,1,BsP1,7.0,9.379350000000008,2.3793500000000076,2.3793500000000076,5.6613064225000365
CD04_Richness,RANDOM_FOREST,Richness,1,BsP5,12.0,7.76203888888889,-4.23796111111111,4.23796111111111,17.960314379290114
CD04_Richness,RANDOM_FOREST,Richness,1,BuP6,12.0,9.450899206349211,-2.549100793650789,2.549100793650789,6.497914856191081
CD04_Richness,RANDOM_FOREST,Richness,1,BuP7,13.0,11.647428571428566,-1.3525714285714336,1.3525714285714336,1.8294494693877688
CD04_Richness,RANDOM_FOREST,Richness,1,TmP6,14.0,10.923450000000004,-3.0765499999999957,3.0765499999999957,9.465159902499973
CD04_Richness,RANDOM_FOREST,Richness,1,TsP1,7.0,7.2647190476190495,0.2647190476190495,0.2647190476190495,0.07007617417233661
CD04_Richness,RANDOM_FOREST,Richness,1,TuP2,5.0,8.376743650793657,3.3767436507936566,3.3767436507936566,11.402397683175272
CD04_Richness,RANDOM_FOREST,Richness,1,TuP7,5.0,4.7782650793650765,-0.2217349206349235,0.2217349206349235,0.04916637502897583
CD04_Richness,RANDOM_FOREST,Richness,2,CmP6,13.0,9.973807142857146,-3.0261928571428545,3.0261928571428545,9.157843208622433
CD04_Richness,RANDOM_FOREST,Richness,2,CmP10,13.0,10.505914285714276,-2.494085714285724,2.494085714285724,6.22046355020413
CD04_Richness,RANDOM_FOREST,Richness,2,CsP2,10.0,12.924947619047634,2.924947619047634,2.924947619047634,8.555318574172423
CD04_Richness,RANDOM_FOREST,Richness,2,CsP7,9.0,12.962545238095247,3.962545238095247,3.962545238095247,15.701764763951319
CD04_Richness,RANDOM_FOREST,Richness,2,BmP1,10.0,9.273171428571425,-0.7268285714285749,0.7268285714285749,0.5282797722449031
CD04_Richness,RANDOM_FOREST,Richness,2,BmP2,10.0,12.924947619047634,2.924947619047634,2.924947619047634,8.555318574172423
CD04_Richness,RANDOM_FOREST,Richness,2,BmP4,11.0,13.523163492063501,2.5231634920635013,2.5231634920635013,6.366354007682083
CD04_Richness,RANDOM_FOREST,Richness,2,BsP3,8.0,9.997697619047617,1.9976976190476172,1.9976976190476172,3.9907957771485187
CD04_Richness,RANDOM_FOREST,Richness,2,BsP8,16.0,10.86397857142857,-5.13602142857143,5.13602142857143,26.378716114744915
CD04_Richness,RANDOM_FOREST,Richness,2,BsP10,14.0,6.676703968253962,-7.323296031746038,7.323296031746038,53.630664768587266
CD04_Richness,RANDOM_FOREST,Richness,2,TmP3,10.0,9.02865476190476,-0.9713452380952408,0.9713452380952408,0.9435115715703
CD04_Richness,RANDOM_FOREST,Richness,2,TmP7,9.0,7.820907142857141,-1.1790928571428587,1.1790928571428587,1.3902599657653099
CD04_Richness,RANDOM_FOREST,Richness,2,TmP8,7.0,6.98427698412698,-0.01572301587301972,0.01572301587301972,0.00024721322814323004
CD04_Richness,RANDOM_FOREST,Richness,2,TmP9,9.0,11.38073015873017,2.38073015873017,2.38073015873017,5.667876088687381
CD04_Richness,RANDOM_FOREST,Richness,2,TmP10,10.0,13.220030158730168,3.220030158730168,3.220030158730168,10.368594223131831
CD04_Richness,RANDOM_FOREST,Richness,2,TsP4,4.0,5.228296825396823,1.2282968253968232,1.2282968253968232,1.5087130912799138
CD04_Richness,RANDOM_FOREST,Richness,2,TsP6,10.0,6.805575396825395,-3.194424603174605,3.194424603174605,10.204348545367234
CD04_Richness,RANDOM_FOREST,Richness,2,TsP7,7.0,6.599148412698414,-0.4008515873015863,0.4008515873015863,0.1606819950422013
CD04_Richness,RANDOM_FOREST,Richness,3,CmP4,10.0,10.263695238095242,0.26369523809524154,0.26369523809524154,0.06953517859410613
CD04_Richness,RANDOM_FOREST,Richness,3,CmP7,16.0,11.362262698412717,-4.637737301587283,4.637737301587283,21.50860727853409
CD04_Richness,RANDOM_FOREST,Richness,3,CmP8,11.0,11.33529206349207,0.3352920634920693,0.3352920634920693,0.11242076784076983
CD04_Richness,RANDOM_FOREST,Richness,3,CmP9,13.0,10.8737388888889,-2.1262611111111003,2.1262611111111003,4.52098631262341
CD04_Richness,RANDOM_FOREST,Richness,3,CsP4,13.0,12.299172222222216,-0.7008277777777838,0.7008277777777838,0.49115957410494676
CD04_Richness,RANDOM_FOREST,Richness,3,CsP8,7.0,8.939452092352097,1.9394520923520968,1.9394520923520968,3.7614744185289264
CD04_Richness,RANDOM_FOREST,Richness,3,CsP10,10.0,10.713891269841273,0.7138912698412732,0.7138912698412732,0.5096407451555854
CD04_Richness,RANDOM_FOREST,Richness,3,CuP5,13.0,10.36215634920635,-2.6378436507936502,2.6378436507936502,6.958219126032373
CD04_Richness,RANDOM_FOREST,Richness,3,CuP6,12.0,9.670037012987008,-2.3299629870129923,2.3299629870129923,5.428727520850505
CD04_Richness,RANDOM_FOREST,Richness,3,CuP8,11.0,9.950786219336223,-1.0492137806637771,1.0492137806637771,1.1008495575347765
CD04_Richness,RANDOM_FOREST,Richness,3,BmP5,5.0,6.286010317460321,1.2860103174603212,1.2860103174603212,1.6538225366143962
CD04_Richness,RANDOM_FOREST,Richness,3,BmP9,14.0,11.611364285714291,-2.3886357142857086,2.3886357142857086,5.705580575561197
CD04_Richness,RANDOM_FOREST,Richness,3,BsP6,8.0,10.142061111111117,2.1420611111111167,2.1420611111111167,4.588425803734592
CD04_Richness,RANDOM_FOREST,Richness,3,BuP4,11.0,11.05950396825398,0.05950396825397952,0.05950396825397952,0.003540722237970603
CD04_Richness,RANDOM_FOREST,Richness,3,TmP5,4.0,5.072526190476192,1.072526190476192,1.072526190476192,1.150312429257373
CD04_Richness,RANDOM_FOREST,Richness,3,TsP9,7.0,6.613382539682536,-0.38661746031746436,0.38661746031746436,0.14947306062232613
CD04_Richness,RANDOM_FOREST,Richness,3,TuP5,3.0,5.551247619047619,2.5512476190476194,2.5512476190476194,6.508864413696147
CD04_Richness,RANDOM_FOREST,Richness,3,TuP8,6.0,5.167861904761905,-0.8321380952380952,0.8321380952380952,0.6924538095464853
CD04_Richness,RANDOM_FOREST,Richness,4,CsP6,15.0,11.038887301587305,-3.9611126984126948,3.9611126984126948,15.6904138095263
CD04_Richness,RANDOM_FOREST,Richness,4,BmP3,11.0,11.221347619047618,0.22134761904761824,0.22134761904761824,0.04899476845804953
CD04_Richness,RANDOM_FOREST,Richness,4,BmP7,10.0,10.303542063492063,0.30354206349206336,0.30354206349206336,0.09213778430901982
CD04_Richness,RANDOM_FOREST,Richness,4,BsP2,7.0,8.973461904761905,1.9734619047619049,1.9734619047619049,3.8945518895464857
CD04_Richness,RANDOM_FOREST,Richness,4,BsP4,13.0,10.699765223665226,-2.300234776334774,2.300234776334774,5.291080026259888
CD04_Richness,RANDOM_FOREST,Richness,4,BsP7,11.0,11.342977777777778,0.3429777777777776,0.3429777777777776,0.1176337560493826
CD04_Richness,RANDOM_FOREST,Richness,4,BsP9,13.0,11.397698412698404,-1.6023015873015964,1.6023015873015964,2.5673703766692153
CD04_Richness,RANDOM_FOREST,Richness,4,BuP1,7.0,9.093355699855696,2.093355699855696,2.093355699855696,4.3821380861183306
CD04_Richness,RANDOM_FOREST,Richness,4,BuP5,11.0,12.536600793650784,1.5366007936507842,1.5366007936507842,2.3611419990482196
CD04_Richness,RANDOM_FOREST,Richness,4,BuP8,14.0,11.482324603174595,-2.517675396825405,2.517675396825405,6.338689403779961
CD04_Richness,RANDOM_FOREST,Richness,4,BuP9,13.0,11.516290476190482,-1.4837095238095177,1.4837095238095177,2.2013939510430656
CD04_Richness,RANDOM_FOREST,Richness,4,TmP2,7.0,6.685621428571426,-0.3143785714285743,0.3143785714285743,0.09883388617347118
CD04_Richness,RANDOM_FOREST,Richness,4,TsP3,7.0,8.700723809523806,1.7007238095238062,1.7007238095238062,2.892461476281168
CD04_Richness,RANDOM_FOREST,Richness,4,TsP10,8.0,8.018350793650793,0.01835079365079295,0.01835079365079295,0.0003367516276139829
CD04_Richness,RANDOM_FOREST,Richness,4,TuP1,5.0,5.033903174603173,0.03390317460317327,0.03390317460317327,0.001149425248173253
CD04_Richness,RANDOM_FOREST,Richness,4,TuP6,8.0,7.155126190476193,-0.8448738095238069,0.8448738095238069,0.7138117540192699
CD04_Richness,RANDOM_FOREST,Richness,4,TuP9,4.0,4.794651587301587,0.7946515873015869,0.7946515873015869,0.6314711452009316
CD04_Richness,RANDOM_FOREST,Richness,4,TuP10,6.0,4.679356349206348,-1.3206436507936523,1.3206436507936523,1.7440996523815864
CD04_Richness,RANDOM_FOREST,Richness,5,CmP2,15.0,11.808888095238093,-3.1911119047619074,3.1911119047619074,10.183195188713169
CD04_Richness,RANDOM_FOREST,Richness,5,CmP3,12.0,11.538847619047619,-0.461152380952381,0.461152380952381,0.21266151845804993
CD04_Richness,RANDOM_FOREST,Richness,5,CsP5,5.0,6.286505555555555,1.2865055555555553,1.2865055555555553,1.655096544475308
CD04_Richness,RANDOM_FOREST,Richness,5,CuP1,8.0,10.340126984126982,2.3401269841269823,2.3401269841269823,5.476194301839246
CD04_Richness,RANDOM_FOREST,Richness,5,CuP2,10.0,12.045628571428574,2.0456285714285745,2.0456285714285745,4.18459625224491
CD04_Richness,RANDOM_FOREST,Richness,5,CuP4,10.0,12.521938888888885,2.5219388888888847,2.5219388888888847,6.360175759290103
CD04_Richness,RANDOM_FOREST,Richness,5,CuP10,13.0,12.126115079365075,-0.8738849206349251,0.8738849206349251,0.7636748545131092
CD04_Richness,RANDOM_FOREST,Richness,5,BmP8,8.0,10.641888888888895,2.6418888888888947,2.6418888888888947,6.979576901234599
CD04_Richness,RANDOM_FOREST,Richness,5,BuP2,10.0,12.785722222222226,2.785722222222226,2.785722222222226,7.760248299382738
CD04_Richness,RANDOM_FOREST,Richness,5,BuP3,9.0,9.266399999999996,0.26639999999999553,0.26639999999999553,0.07096895999999762
CD04_Richness,RANDOM_FOREST,Richness,5,BuP10,16.0,11.88980873015874,-4.110191269841261,4.110191269841261,16.893672274679314
CD04_Richness,RANDOM_FOREST,Richness,5,TmP1,6.0,9.38205476190476,3.38205476190476,3.38205476190476,11.438294412522662
CD04_Richness,RANDOM_FOREST,Richness,5,TmP4,5.0,7.633817460317462,2.633817460317462,2.633817460317462,6.9369944142731255
CD04_Richness,RANDOM_FOREST,Richness,5,TsP2,7.0,8.523066666666667,1.5230666666666668,1.5230666666666668,2.3197320711111113
CD04_Richness,RANDOM_FOREST,Richness,5,TsP5,3.0,4.863437301587302,1.863437301587302,1.863437301587302,3.4723985769469654
CD04_Richness,RANDOM_FOREST,Richness,5,TsP8,4.0,5.109609523809522,1.1096095238095218,1.1096095238095218,1.2312332953287939
CD04_Richness,RANDOM_FOREST,Richness,5,TuP3,2.0,5.924711111111113,3.9247111111111126,3.9247111111111126,15.403357305679023
CD04_Richness,RANDOM_FOREST,Richness,5,TuP4,6.0,5.815497619047621,-0.18450238095237914,0.18450238095237914,0.03404112857709684
CD04_Richness,RANDOM_FOREST,Richness,6,CsP6,15.0,11.611137301587299,-3.3888626984127015,3.3888626984127015,11.484390388693017
CD04_Richness,RANDOM_FOREST,Richness,6,CsP7,9.0,11.860989682539683,2.8609896825396834,2.8609896825396834,8.185261963598519
CD04_Richness,RANDOM_FOREST,Richness,6,CsP8,7.0,9.356016666666667,2.356016666666667,2.356016666666667,5.550814533611113
CD04_Richness,RANDOM_FOREST,Richness,6,CuP4,10.0,12.709133333333341,2.709133333333341,2.709133333333341,7.339403417777819
CD04_Richness,RANDOM_FOREST,Richness,6,BmP1,10.0,9.705345238095239,-0.29465476190476103,0.29465476190476103,0.08682142871315142
CD04_Richness,RANDOM_FOREST,Richness,6,BmP8,8.0,10.780123809523806,2.780123809523806,2.780123809523806,7.729088396281159
CD04_Richness,RANDOM_FOREST,Richness,6,BmP10,10.0,9.191052380952378,-0.8089476190476219,0.8089476190476219,0.6543962503628165
CD04_Richness,RANDOM_FOREST,Richness,6,BsP3,8.0,10.627595238095235,2.6275952380952354,2.6275952380952354,6.904256735260757
CD04_Richness,RANDOM_FOREST,Richness,6,BsP9,13.0,10.721092857142855,-2.278907142857145,2.278907142857145,5.193417765765316
CD04_Richness,RANDOM_FOREST,Richness,6,BuP2,10.0,11.965679365079367,1.9656793650793674,1.9656793650793674,3.863895366298825
CD04_Richness,RANDOM_FOREST,Richness,6,BuP6,12.0,10.77121428571428,-1.2287857142857206,1.2287857142857206,1.5099143316326686
CD04_Richness,RANDOM_FOREST,Richness,6,BuP8,14.0,12.084371428571425,-1.9156285714285755,1.9156285714285755,3.669632823673485
CD04_Richness,RANDOM_FOREST,Richness,6,BuP9,13.0,12.115807936507942,-0.8841920634920584,0.8841920634920584,0.7817956051423441
CD04_Richness,RANDOM_FOREST,Richness,6,BuP10,16.0,12.248664285714293,-3.751335714285707,3.751335714285707,14.072519641275456
CD04_Richness,RANDOM_FOREST,Richness,6,TsP5,3.0,4.553246825396825,1.5532468253968252,1.5532468253968252,2.412575700605316
CD04_Richness,RANDOM_FOREST,Richness,6,TsP6,10.0,8.04626125541126,-1.9537387445887404,1.9537387445887404,3.8170950821071874
CD04_Richness,RANDOM_FOREST,Richness,6,TsP9,7.0,6.620887301587302,-0.37911269841269757,0.37911269841269757,0.14372643809775698
CD04_Richness,RANDOM_FOREST,Richness,6,TuP4,6.0,5.565422222222222,-0.4345777777777782,0.4345777777777782,0.18885784493827196
CD04_Richness,RANDOM_FOREST,Richness,7,CmP2,15.0,11.08140079365079,-3.91859920634921,3.91859920634921,15.35541974000066
CD04_Richness,RANDOM_FOREST,Richness,7,CmP6,13.0,9.803476190476186,-3.196523809523814,3.196523809523814,10.217764464852637
CD04_Richness,RANDOM_FOREST,Richness,7,CmP10,13.0,10.226428932178935,-2.7735710678210648,2.7735710678210648,7.6926964682540815
CD04_Richness,RANDOM_FOREST,Richness,7,CsP9,6.0,9.438621428571437,3.4386214285714374,3.4386214285714374,11.824117329030672
CD04_Richness,RANDOM_FOREST,Richness,7,CsP10,10.0,11.631484487734484,1.6314844877344843,1.6314844877344843,2.6617416337182527
CD04_Richness,RANDOM_FOREST,Richness,7,CuP1,8.0,9.710426190476184,1.7104261904761842,1.7104261904761842,2.925557753066872
CD04_Richness,RANDOM_FOREST,Richness,7,CuP2,10.0,10.956671428571418,0.9566714285714184,0.9566714285714184,0.9152202222448785
CD04_Richness,RANDOM_FOREST,Richness,7,CuP5,13.0,10.51295873015873,-2.4870412698412707,2.4870412698412707,6.18537427789368
CD04_Richness,RANDOM_FOREST,Richness,7,BmP6,14.0,12.086852380952376,-1.9131476190476242,1.9131476190476242,3.6601338122675933
CD04_Richness,RANDOM_FOREST,Richness,7,BuP3,9.0,8.459816666666665,-0.540183333333335,0.540183333333335,0.29179803361111295
CD04_Richness,RANDOM_FOREST,Richness,7,TmP4,5.0,7.591060317460318,2.591060317460318,2.591060317460318,6.713593568717565
CD04_Richness,RANDOM_FOREST,Richness,7,TmP7,9.0,7.5947841269841305,-1.4052158730158695,1.4052158730158695,1.9746316497757521
CD04_Richness,RANDOM_FOREST,Richness,7,TmP9,9.0,11.119602380952374,2.119602380952374,2.119602380952374,4.492714253338973
CD04_Richness,RANDOM_FOREST,Richness,7,TsP1,7.0,7.806610317460314,0.8066103174603141,0.8066103174603141,0.6506202042334287
CD04_Richness,RANDOM_FOREST,Richness,7,TsP4,4.0,5.712261111111114,1.712261111111114,1.712261111111114,2.9318381126234665
CD04_Richness,RANDOM_FOREST,Richness,7,TsP7,7.0,7.181019841269842,0.18101984126984227,0.18101984126984227,0.03276818293335889
CD04_Richness,RANDOM_FOREST,Richness,7,TsP8,4.0,5.314052380952383,1.3140523809523827,1.3140523809523827,1.726733659886626
CD04_Richness,RANDOM_FOREST,Richness,7,TuP6,8.0,8.082147619047618,0.08214761904761758,0.08214761904761758,0.006748231315192503
CD04_Richness,RANDOM_FOREST,Richness,8,CmP4,10.0,10.870112698412703,0.8701126984127026,0.8701126984127026,0.7570961079390347
CD04_Richness,RANDOM_FOREST,Richness,8,CmP9,13.0,10.990076984126985,-2.0099230158730155,2.0099230158730155,4.039790529736078
CD04_Richness,RANDOM_FOREST,Richness,8,CsP3,12.0,11.527346031746031,-0.47265396825396877,0.47265396825396877,0.22340177370622372
CD04_Richness,RANDOM_FOREST,Richness,8,CsP5,5.0,5.814081746031752,0.8140817460317518,0.8140817460317518,0.6627290892221056
CD04_Richness,RANDOM_FOREST,Richness,8,CuP7,10.0,11.385702380952383,1.3857023809523827,1.3857023809523827,1.9201710885771024
CD04_Richness,RANDOM_FOREST,Richness,8,CuP9,14.0,11.06034444444445,-2.93965555555555,2.93965555555555,8.64157478530861
CD04_Richness,RANDOM_FOREST,Richness,8,CuP10,13.0,11.483205555555559,-1.5167944444444412,1.5167944444444412,2.300665386697521
CD04_Richness,RANDOM_FOREST,Richness,8,BmP2,10.0,11.377116666666675,1.3771166666666748,1.3771166666666748,1.8964503136111335
CD04_Richness,RANDOM_FOREST,Richness,8,BmP9,14.0,12.031973809523812,-1.9680261904761878,1.9680261904761878,3.873127086400216
CD04_Richness,RANDOM_FOREST,Richness,8,BsP2,7.0,8.996215873015874,1.996215873015874,1.996215873015874,3.9848778116805286
CD04_Richness,RANDOM_FOREST,Richness,8,BsP5,12.0,6.963273809523815,-5.036726190476185,5.036726190476185,25.36861071782874
CD04_Richness,RANDOM_FOREST,Richness,8,BsP6,8.0,10.158303174603162,2.1583031746031622,2.1583031746031622,4.6582725935020886
CD04_Richness,RANDOM_FOREST,Richness,8,BsP10,14.0,7.07305,-6.92695,6.92695,47.9826363025
CD04_Richness,RANDOM_FOREST,Richness,8,BuP1,7.0,6.427792857142862,-0.5722071428571383,0.5722071428571383,0.32742101433672943
CD04_Richness,RANDOM_FOREST,Richness,8,BuP4,11.0,11.346138888888897,0.34613888888889655,0.34613888888889655,0.11981213040123986
CD04_Richness,RANDOM_FOREST,Richness,8,BuP7,13.0,11.712291341991346,-1.287708658008654,1.287708658008654,1.6581935879104488
CD04_Richness,RANDOM_FOREST,Richness,8,TmP10,10.0,11.981358730158727,1.9813587301587265,1.9813587301587265,3.9257824175762015
CD04_Richness,RANDOM_FOREST,Richness,8,TuP7,5.0,4.817669841269844,-0.18233015873015557,0.18233015873015557,0.03324428678256373
CD04_Richness,RANDOM_FOREST,Richness,9,CmP3,12.0,12.516291269841277,0.5162912698412772,0.5162912698412772,0.2665566753143185
CD04_Richness,RANDOM_FOREST,Richness,9,CsP4,13.0,12.612307142857146,-0.38769285714285395,0.38769285714285395,0.15030575147958936
CD04_Richness,RANDOM_FOREST,Richness,9,CuP3,7.0,10.335355555555555,3.335355555555555,3.335355555555555,11.124596681975307
CD04_Richness,RANDOM_FOREST,Richness,9,CuP6,12.0,9.655292857142857,-2.3447071428571427,2.3447071428571427,5.497651585765305
CD04_Richness,RANDOM_FOREST,Richness,9,BmP7,10.0,9.82925634920635,-0.17074365079364995,0.17074365079364995,0.02915339428634388
CD04_Richness,RANDOM_FOREST,Richness,9,BsP4,13.0,10.507430952380949,-2.4925690476190514,2.4925690476190514,6.212900457148545
CD04_Richness,RANDOM_FOREST,Richness,9,BsP7,11.0,9.817421428571429,-1.1825785714285715,1.1825785714285715,1.3984920776020409
CD04_Richness,RANDOM_FOREST,Richness,9,BsP8,16.0,10.159835714285716,-5.840164285714284,5.840164285714284,34.10751888413263
CD04_Richness,RANDOM_FOREST,Richness,9,BuP5,11.0,13.012653174603185,2.0126531746031855,2.0126531746031855,4.050772801240281
CD04_Richness,RANDOM_FOREST,Richness,9,TmP1,6.0,9.622463492063492,3.622463492063492,3.622463492063492,13.122241751332828
CD04_Richness,RANDOM_FOREST,Richness,9,TmP2,7.0,7.765216666666666,0.7652166666666664,0.7652166666666664,0.585556546944444
CD04_Richness,RANDOM_FOREST,Richness,9,TmP5,4.0,4.91648888888889,0.9164888888888898,0.9164888888888898,0.8399518834567918
CD04_Richness,RANDOM_FOREST,Richness,9,TmP6,14.0,9.371580158730167,-4.628419841269833,4.628419841269833,21.42227022706027
CD04_Richness,RANDOM_FOREST,Richness,9,TmP8,7.0,7.410946031746027,0.4109460317460272,0.4109460317460272,0.16887664100780678
CD04_Richness,RANDOM_FOREST,Richness,9,TsP10,8.0,7.855966666666666,-0.14403333333333368,0.14403333333333368,0.02074560111111121
CD04_Richness,RANDOM_FOREST,Richness,9,TuP2,5.0,8.636229365079364,3.6362293650793642,3.6362293650793642,13.222163995465475
CD04_Richness,RANDOM_FOREST,Richness,9,TuP5,3.0,6.2009738095238065,3.2009738095238065,3.2009738095238065,10.24623332925735
CD04_Richness,RANDOM_FOREST,Richness,9,TuP9,4.0,5.132534126984132,1.1325341269841323,1.1325341269841323,1.2826335487837106
CD04_Richness,RANDOM_FOREST,Richness,10,CmP1,12.0,10.406960894660905,-1.5930391053390949,1.5930391053390949,2.537773591139584
CD04_Richness,RANDOM_FOREST,Richness,10,CmP5,7.0,11.16500692640692,4.165006926406919,4.165006926406919,17.34728269701761
CD04_Richness,RANDOM_FOREST,Richness,10,CmP7,16.0,11.427690259740258,-4.572309740259742,4.572309740259742,20.906016360874112
CD04_Richness,RANDOM_FOREST,Richness,10,CmP8,11.0,12.095961688311691,1.0959616883116912,1.0959616883116912,1.2011320222470125
CD04_Richness,RANDOM_FOREST,Richness,10,CsP1,11.0,10.791634920634923,-0.20836507936507687,0.20836507936507687,0.04341600629881478
CD04_Richness,RANDOM_FOREST,Richness,10,CsP2,10.0,11.348923809523818,1.3489238095238179,1.3489238095238179,1.8195954439002493
CD04_Richness,RANDOM_FOREST,Richness,10,CuP8,11.0,10.945516450216443,-0.05448354978355674,0.05448354978355674,0.0029684571970173055
CD04_Richness,RANDOM_FOREST,Richness,10,BmP3,11.0,11.252114285714283,0.25211428571428307,0.25211428571428307,0.06356161306122315
CD04_Richness,RANDOM_FOREST,Richness,10,BmP4,11.0,12.917893939393934,1.9178939393939345,1.9178939393939345,3.678317162763985
CD04_Richness,RANDOM_FOREST,Richness,10,BmP5,5.0,6.2380603174603175,1.2380603174603175,1.2380603174603175,1.5327933496699422
CD04_Richness,RANDOM_FOREST,Richness,10,BsP1,7.0,10.247676984126983,3.247676984126983,3.247676984126983,10.547405793228135
CD04_Richness,RANDOM_FOREST,Richness,10,TmP3,10.0,8.521616666666665,-1.4783833333333352,1.4783833333333352,2.1856172802777833
CD04_Richness,RANDOM_FOREST,Richness,10,TsP2,7.0,8.555095238095236,1.5550952380952356,1.5550952380952356,2.4183211995464777
CD04_Richness,RANDOM_FOREST,Richness,10,TsP3,7.0,8.541023015873014,1.541023015873014,1.541023015873014,2.3747519354503597
CD04_Richness,RANDOM_FOREST,Richness,10,TuP1,5.0,5.33040317460317,0.3304031746031697,0.3304031746031697,0.10916625778785265
CD04_Richness,RANDOM_FOREST,Richness,10,TuP3,2.0,6.054864285714282,4.054864285714282,4.054864285714282,16.441924375561193
CD04_Richness,RANDOM_FOREST,Richness,10,TuP8,6.0,5.088176190476192,-0.911823809523808,0.911823809523808,0.8314226596145098
CD04_Richness,RANDOM_FOREST,Richness,10,TuP10,6.0,4.647473809523806,-1.352526190476194,1.352526190476194,1.829327095924046
CD04_Richness,RANDOM_FOREST,Richness,11,CmP4,10.0,10.489552380952377,0.48955238095237696,0.48955238095237696,0.2396615336961412
CD04_Richness,RANDOM_FOREST,Richness,11,CmP8,11.0,11.892411688311688,0.8924116883116877,0.8924116883116877,0.7963986214353168
CD04_Richness,RANDOM_FOREST,Richness,11,CsP3,12.0,11.016866450216451,-0.9831335497835489,0.9831335497835489,0.9665515767100019
CD04_Richness,RANDOM_FOREST,Richness,11,CsP4,13.0,12.0848865079365,-0.9151134920634991,0.9151134920634991,0.8374327033566519
CD04_Richness,RANDOM_FOREST,Richness,11,CsP5,5.0,7.677710317460318,2.677710317460318,2.677710317460318,7.170132544233436
CD04_Richness,RANDOM_FOREST,Richness,11,CuP1,8.0,9.937667460317456,1.9376674603174564,1.9376674603174564,3.7545551867731013
CD04_Richness,RANDOM_FOREST,Richness,11,BmP1,10.0,9.663342857142858,-0.3366571428571419,0.3366571428571419,0.11333803183673404
CD04_Richness,RANDOM_FOREST,Richness,11,BmP5,5.0,7.677710317460318,2.677710317460318,2.677710317460318,7.170132544233436
CD04_Richness,RANDOM_FOREST,Richness,11,BmP7,10.0,9.991226984126982,-0.008773015873018153,0.008773015873018153,7.696580750822846e-05
CD04_Richness,RANDOM_FOREST,Richness,11,BsP1,7.0,10.278142857142857,3.278142857142857,3.278142857142857,10.746220591836734
CD04_Richness,RANDOM_FOREST,Richness,11,BsP6,8.0,10.177842857142862,2.1778428571428616,2.1778428571428616,4.742999510408183
CD04_Richness,RANDOM_FOREST,Richness,11,BsP9,13.0,11.295682539682533,-1.7043174603174673,1.7043174603174673,2.904698005542982
CD04_Richness,RANDOM_FOREST,Richness,11,BuP7,13.0,11.816739682539687,-1.183260317460313,1.183260317460313,1.4001049788762805
CD04_Richness,RANDOM_FOREST,Richness,11,TsP3,7.0,8.203913492063494,1.203913492063494,1.203913492063494,1.4494076963725164
CD04_Richness,RANDOM_FOREST,Richness,11,TsP10,8.0,7.563035714285712,-0.43696428571428836,0.43696428571428836,0.19093778698979824
CD04_Richness,RANDOM_FOREST,Richness,11,TuP1,5.0,5.6029680375180355,0.6029680375180355,0.6029680375180355,0.3635704542683511
CD04_Richness,RANDOM_FOREST,Richness,11,TuP3,2.0,5.901438095238098,3.901438095238098,3.901438095238098,15.221219210975079
CD04_Richness,RANDOM_FOREST,Richness,11,TuP4,6.0,5.668186291486288,-0.33181370851371206,0.33181370851371206,0.11010033715762267
CD04_Richness,RANDOM_FOREST,Richness,12,CmP7,16.0,11.110688095238089,-4.889311904761911,4.889311904761911,23.905370902046545
CD04_Richness,RANDOM_FOREST,Richness,12,CmP10,13.0,10.954364285714286,-2.045635714285714,2.045635714285714,4.184625475561224
CD04_Richness,RANDOM_FOREST,Richness,12,CsP8,7.0,9.367897619047625,2.367897619047625,2.367897619047625,5.6069391342914106
CD04_Richness,RANDOM_FOREST,Richness,12,CuP3,7.0,11.461950000000003,4.461950000000003,4.461950000000003,19.908997802500032
CD04_Richness,RANDOM_FOREST,Richness,12,CuP5,13.0,12.02532857142857,-0.9746714285714297,0.9746714285714297,0.9499843936734716
CD04_Richness,RANDOM_FOREST,Richness,12,CuP7,10.0,10.656100793650793,0.6561007936507934,0.6561007936507934,0.43046825142920103
CD04_Richness,RANDOM_FOREST,Richness,12,CuP8,11.0,10.63044523809524,-0.36955476190476055,0.36955476190476055,0.13657072204648427
CD04_Richness,RANDOM_FOREST,Richness,12,CuP10,13.0,11.206331746031745,-1.7936682539682547,1.7936682539682547,3.2172458052935275
CD04_Richness,RANDOM_FOREST,Richness,12,BmP10,10.0,9.418564285714288,-0.5814357142857123,0.5814357142857123,0.33806748984693646
CD04_Richness,RANDOM_FOREST,Richness,12,BsP3,8.0,11.609016666666665,3.6090166666666654,3.6090166666666654,13.025001300277768
CD04_Richness,RANDOM_FOREST,Richness,12,BsP7,11.0,12.31303492063492,1.3130349206349194,1.3130349206349194,1.7240607028067492
CD04_Richness,RANDOM_FOREST,Richness,12,BsP10,14.0,7.656171428571424,-6.343828571428576,6.343828571428576,40.24416094367353
CD04_Richness,RANDOM_FOREST,Richness,12,BuP10,16.0,11.054607142857144,-4.945392857142856,4.945392857142856,24.456910511479585
CD04_Richness,RANDOM_FOREST,Richness,12,TmP1,6.0,9.638030158730158,3.6380301587301584,3.6380301587301584,13.235263435830182
CD04_Richness,RANDOM_FOREST,Richness,12,TmP3,10.0,8.923788095238098,-1.0762119047619016,1.0762119047619016,1.1582320639512405
CD04_Richness,RANDOM_FOREST,Richness,12,TmP9,9.0,12.202239321789316,3.2022393217893157,3.2022393217893157,10.254336674013697
CD04_Richness,RANDOM_FOREST,Richness,12,TmP10,10.0,11.442046031746035,1.4420460317460346,1.4420460317460346,2.0794967576744856
CD04_Richness,RANDOM_FOREST,Richness,12,TsP2,7.0,7.827123015873013,0.8271230158730134,0.8271230158730134,0.6841324833868692
CD04_Richness,RANDOM_FOREST,Richness,13,CmP9,13.0,11.028976190476191,-1.9710238095238086,1.9710238095238086,3.884934857709747
CD04_Richness,RANDOM_FOREST,Richness,13,CsP6,15.0,11.199873809523805,-3.8001261904761954,3.8001261904761954,14.44095906354312
CD04_Richness,RANDOM_FOREST,Richness,13,CsP10,10.0,12.073114285714283,2.073114285714283,2.073114285714283,4.297802841632641
CD04_Richness,RANDOM_FOREST,Richness,13,CuP2,10.0,10.924321428571423,0.9243214285714227,0.9243214285714227,0.8543701033163158
CD04_Richness,RANDOM_FOREST,Richness,13,CuP6,12.0,10.078878571428564,-1.9211214285714355,1.9211214285714355,3.6907075433163534
CD04_Richness,RANDOM_FOREST,Richness,13,CuP9,14.0,11.005749855699847,-2.9942501443001532,2.9942501443001532,8.965533926641488
CD04_Richness,RANDOM_FOREST,Richness,13,BmP3,11.0,11.207341269841264,0.20734126984126355,0.20734126984126355,0.04299040217938767
CD04_Richness,RANDOM_FOREST,Richness,13,BmP6,14.0,10.427568903318901,-3.5724310966810986,3.5724310966810986,12.762263940534117
CD04_Richness,RANDOM_FOREST,Richness,13,BsP2,7.0,8.936533982683985,1.9365339826839847,1.9365339826839847,3.7501638660898955
CD04_Richness,RANDOM_FOREST,Richness,13,BsP5,12.0,7.44051125541125,-4.55948874458875,4.55948874458875,20.788937612031493
CD04_Richness,RANDOM_FOREST,Richness,13,BsP8,16.0,9.626250793650796,-6.3737492063492045,6.3737492063492045,40.62467894543711
CD04_Richness,RANDOM_FOREST,Richness,13,BuP1,7.0,6.375685714285712,-0.6243142857142878,0.6243142857142878,0.3897683273469414
CD04_Richness,RANDOM_FOREST,Richness,13,TmP4,5.0,7.605230952380951,2.6052309523809507,2.6052309523809507,6.787228315243755
CD04_Richness,RANDOM_FOREST,Richness,13,TmP5,4.0,4.892129365079367,0.8921293650793674,0.8921293650793674,0.7958948040369151
CD04_Richness,RANDOM_FOREST,Richness,13,TmP6,14.0,9.812807142857148,-4.187192857142852,4.187192857142852,17.53258402290812
CD04_Richness,RANDOM_FOREST,Richness,13,TmP8,7.0,7.118358730158728,0.11835873015872789,0.11835873015872789,0.014008789004786562
CD04_Richness,RANDOM_FOREST,Richness,13,TsP1,7.0,7.234558874458869,0.2345588744588687,0.2345588744588687,0.05501786558741133
CD04_Richness,RANDOM_FOREST,Richness,13,TsP8,4.0,4.937660317460317,0.9376603174603169,0.9376603174603169,0.8792068709397822
CD04_Richness,RANDOM_FOREST,Richness,14,CmP1,12.0,11.517748412698412,-0.48225158730158846,0.48225158730158846,0.2325665934549016
CD04_Richness,RANDOM_FOREST,Richness,14,CmP5,7.0,11.074378571428568,4.074378571428568,4.074378571428568,16.600560743316297
CD04_Richness,RANDOM_FOREST,Richness,14,CmP6,13.0,11.098360317460315,-1.9016396825396846,1.9016396825396846,3.6162334822096325
CD04_Richness,RANDOM_FOREST,Richness,14,CsP1,11.0,9.953738888888891,-1.046261111111109,1.046261111111109,1.0946623126234525
CD04_Richness,RANDOM_FOREST,Richness,14,CsP7,9.0,12.71311666666666,3.713116666666661,3.713116666666661,13.787235380277735
CD04_Richness,RANDOM_FOREST,Richness,14,CsP9,6.0,9.105947619047624,3.1059476190476243,3.1059476190476243,9.646910612267606
CD04_Richness,RANDOM_FOREST,Richness,14,BmP4,11.0,13.261061904761897,2.261061904761897,2.261061904761897,5.112400937165498
CD04_Richness,RANDOM_FOREST,Richness,14,BmP8,8.0,11.096707936507935,3.0967079365079346,3.0967079365079346,9.589600044031231
CD04_Richness,RANDOM_FOREST,Richness,14,BuP3,9.0,8.516004761904762,-0.4839952380952379,0.4839952380952379,0.23425139049886604
CD04_Richness,RANDOM_FOREST,Richness,14,BuP5,11.0,13.383220634920624,2.383220634920624,2.383220634920624,5.679740594711463
CD04_Richness,RANDOM_FOREST,Richness,14,TmP7,9.0,7.597040187590183,-1.4029598124098168,1.4029598124098168,1.9682962352369884
CD04_Richness,RANDOM_FOREST,Richness,14,TsP4,4.0,5.727684632034629,1.727684632034629,1.727684632034629,2.9848941877686315
CD04_Richness,RANDOM_FOREST,Richness,14,TsP6,10.0,8.923815873015876,-1.0761841269841241,1.0761841269841241,1.1581722751725814
CD04_Richness,RANDOM_FOREST,Richness,14,TsP7,7.0,7.156119047619047,0.15611904761904682,0.15611904761904682,0.02437315702947821
CD04_Richness,RANDOM_FOREST,Richness,14,TuP2,5.0,8.248698412698413,3.2486984126984133,3.2486984126984133,10.55404137666919
CD04_Richness,RANDOM_FOREST,Richness,14,TuP6,8.0,7.8166722222222225,-0.18332777777777753,0.18332777777777753,0.03360907410493818
CD04_Richness,RANDOM_FOREST,Richness,14,TuP9,4.0,4.404401298701295,0.4044012987012948,0.4044012987012948,0.16354041039129388
CD04_Richness,RANDOM_FOREST,Richness,14,TuP10,6.0,4.274407647907646,-1.7255923520923542,1.7255923520923542,2.9776689655996234
CD04_Richness,RANDOM_FOREST,Richness,15,CmP2,15.0,11.055426190476188,-3.9445738095238116,3.9445738095238116,15.559662538781195
CD04_Richness,RANDOM_FOREST,Richness,15,CmP3,12.0,11.022826190476188,-0.977173809523812,0.977173809523812,0.9548686540192793
CD04_Richness,RANDOM_FOREST,Richness,15,CsP2,10.0,13.00730873015873,3.00730873015873,3.00730873015873,9.043905798488913
CD04_Richness,RANDOM_FOREST,Richness,15,CuP4,10.0,12.805530158730146,2.8055301587301464,2.8055301587301464,7.8709994715444
CD04_Richness,RANDOM_FOREST,Richness,15,BmP2,10.0,13.00730873015873,3.00730873015873,3.00730873015873,9.043905798488913
CD04_Richness,RANDOM_FOREST,Richness,15,BmP9,14.0,11.627961904761904,-2.3720380952380964,2.3720380952380964,5.626564725260776
CD04_Richness,RANDOM_FOREST,Richness,15,BsP4,13.0,11.1245619047619,-1.8754380952380991,1.8754380952380991,3.517268049070309
CD04_Richness,RANDOM_FOREST,Richness,15,BuP2,10.0,12.046753968253967,2.0467539682539666,2.0467539682539666,4.189201806563359
CD04_Richness,RANDOM_FOREST,Richness,15,BuP4,11.0,11.09999047619047,0.09999047619047019,0.09999047619047019,0.009998095328796986
CD04_Richness,RANDOM_FOREST,Richness,15,BuP6,12.0,9.97919603174603,-2.0208039682539702,2.0208039682539702,4.083648678110993
CD04_Richness,RANDOM_FOREST,Richness,15,BuP8,14.0,11.729529365079367,-2.270470634920633,2.270470634920633,5.155036904036902
CD04_Richness,RANDOM_FOREST,Richness,15,BuP9,13.0,11.350590476190465,-1.6494095238095348,1.6494095238095348,2.720551777233596
CD04_Richness,RANDOM_FOREST,Richness,15,TmP2,7.0,7.080253174603171,0.08025317460317094,0.08025317460317094,0.006440572033887041
CD04_Richness,RANDOM_FOREST,Richness,15,TsP5,3.0,4.756957142857141,1.756957142857141,1.756957142857141,3.0868984018367285
CD04_Richness,RANDOM_FOREST,Richness,15,TsP9,7.0,6.64735476190476,-0.3526452380952403,0.3526452380952403,0.12435866395124871
CD04_Richness,RANDOM_FOREST,Richness,15,TuP5,3.0,5.3588095238095255,2.3588095238095255,2.3588095238095255,5.5639823696145205
CD04_Richness,RANDOM_FOREST,Richness,15,TuP7,5.0,5.002785714285712,0.0027857142857117267,0.0027857142857117267,7.760204081618396e-06
CD04_Richness,RANDOM_FOREST,Richness,15,TuP8,6.0,5.183295238095236,-0.8167047619047638,0.8167047619047638,0.667006668117917
CD04_Richness,RANDOM_FOREST,Richness,16,CmP2,15.0,11.546961904761911,-3.453038095238089,3.453038095238089,11.923472087165488
CD04_Richness,RANDOM_FOREST,Richness,16,CmP9,13.0,10.918196031746033,-2.0818039682539666,2.0818039682539666,4.3339077622379625
CD04_Richness,RANDOM_FOREST,Richness,16,CsP1,11.0,10.262161904761916,-0.7378380952380841,0.7378380952380841,0.544405054784564
CD04_Richness,RANDOM_FOREST,Richness,16,CsP3,12.0,11.12319523809524,-0.8768047619047596,0.8768047619047596,0.7687865904988622
CD04_Richness,RANDOM_FOREST,Richness,16,CsP5,5.0,6.3391309523809465,1.3391309523809465,1.3391309523809465,1.7932717076247007
CD04_Richness,RANDOM_FOREST,Richness,16,CsP6,15.0,11.231703968253965,-3.7682960317460346,3.7682960317460346,14.200054982872912
CD04_Richness,RANDOM_FOREST,Richness,16,CuP6,12.0,9.81687857142858,-2.18312142857142,2.18312142857142,4.766019171887717
CD04_Richness,RANDOM_FOREST,Richness,16,BmP1,10.0,8.816444444444441,-1.183555555555559,1.183555555555559,1.400803753086428
CD04_Richness,RANDOM_FOREST,Richness,16,BmP10,10.0,10.60734444444443,0.6073444444444291,0.6073444444444291,0.36886727419751225
CD04_Richness,RANDOM_FOREST,Richness,16,BsP2,7.0,9.19765873015873,2.1976587301587305,2.1976587301587305,4.829703894242884
CD04_Richness,RANDOM_FOREST,Richness,16,BsP3,8.0,10.303411111111108,2.3034111111111084,2.3034111111111084,5.305702746790111
CD04_Richness,RANDOM_FOREST,Richness,16,BuP2,10.0,12.518571428571425,2.518571428571425,2.518571428571425,6.343202040816309
CD04_Richness,RANDOM_FOREST,Richness,16,TmP3,10.0,8.2960753968254,-1.7039246031746007,1.7039246031746007,2.9033590533037206
CD04_Richness,RANDOM_FOREST,Richness,16,TmP4,5.0,7.490211904761905,2.490211904761905,2.490211904761905,6.201155330617914
CD04_Richness,RANDOM_FOREST,Richness,16,TsP7,7.0,6.666461904761904,-0.3335380952380964,0.3335380952380964,0.11124766097505748
CD04_Richness,RANDOM_FOREST,Richness,16,TuP3,2.0,6.13145952380952,4.13145952380952,4.13145952380952,17.068957796876383
CD04_Richness,RANDOM_FOREST,Richness,16,TuP6,8.0,7.709442857142859,-0.29055714285714096,0.29055714285714096,0.08442345326530502
CD04_Richness,RANDOM_FOREST,Richness,16,TuP8,6.0,5.32349285714286,-0.6765071428571403,0.6765071428571403,0.45766191433673126
CD04_Richness,RANDOM_FOREST,Richness,17,CmP1,12.0,10.485849999999997,-1.5141500000000025,1.5141500000000025,2.292650222500008
CD04_Richness,RANDOM_FOREST,Richness,17,CmP3,12.0,12.019052380952383,0.01905238095238282,0.01905238095238282,0.0003629932199547197
CD04_Richness,RANDOM_FOREST,Richness,17,CmP6,13.0,9.744378571428571,-3.2556214285714287,3.2556214285714287,10.59907088617347
CD04_Richness,RANDOM_FOREST,Richness,17,CmP10,13.0,10.193546825396826,-2.806453174603174,2.806453174603174,7.876179421240233
CD04_Richness,RANDOM_FOREST,Richness,17,CuP3,7.0,10.808069047619048,3.808069047619048,3.808069047619048,14.501389871434244
CD04_Richness,RANDOM_FOREST,Richness,17,CuP9,14.0,11.149476190476188,-2.8505238095238123,2.8505238095238123,8.125485988662147
CD04_Richness,RANDOM_FOREST,Richness,17,BmP2,10.0,11.352185714285717,1.3521857142857172,1.3521857142857172,1.8284062059183752
CD04_Richness,RANDOM_FOREST,Richness,17,BmP7,10.0,9.886043939393938,-0.11395606060606234,0.11395606060606234,0.012985983748852552
CD04_Richness,RANDOM_FOREST,Richness,17,BmP9,14.0,11.708307142857139,-2.291692857142861,2.291692857142861,5.251856151479609
CD04_Richness,RANDOM_FOREST,Richness,17,BsP7,11.0,11.53395317460317,0.5339531746031696,0.5339531746031696,0.28510599266880293
CD04_Richness,RANDOM_FOREST,Richness,17,BsP9,13.0,11.428934126984123,-1.5710658730158773,1.5710658730158773,2.4682479773551407
CD04_Richness,RANDOM_FOREST,Richness,17,BuP7,13.0,11.808743650793657,-1.191256349206343,1.191256349206343,1.4190916895244248
CD04_Richness,RANDOM_FOREST,Richness,17,BuP8,14.0,10.967320634920643,-3.032679365079357,3.032679365079357,9.197144131378131
CD04_Richness,RANDOM_FOREST,Richness,17,TmP10,10.0,11.568817460317458,1.568817460317458,1.568817460317458,2.461188223796919
CD04_Richness,RANDOM_FOREST,Richness,17,TsP3,7.0,8.632192063492065,1.6321920634920648,1.6321920634920648,2.6640509321264845
CD04_Richness,RANDOM_FOREST,Richness,17,TsP10,8.0,8.399696825396827,0.39969682539682694,0.39969682539682694,0.15975755223230156
CD04_Richness,RANDOM_FOREST,Richness,17,TuP2,5.0,8.539446031746035,3.539446031746035,3.539446031746035,12.527678211642755
CD04_Richness,RANDOM_FOREST,Richness,17,TuP9,4.0,5.312785714285713,1.3127857142857131,1.3127857142857131,1.72340633163265
CD04_Richness,RANDOM_FOREST,Richness,18,CmP4,10.0,11.315266666666675,1.315266666666675,1.315266666666675,1.7299264044444664
CD04_Richness,RANDOM_FOREST,Richness,18,CmP5,7.0,11.528180158730164,4.528180158730164,4.528180158730164,20.504415549917532
CD04_Richness,RANDOM_FOREST,Richness,18,CsP9,6.0,7.498219047619049,1.498219047619049,1.498219047619049,2.24466031464853
CD04_Richness,RANDOM_FOREST,Richness,18,CuP7,10.0,11.839987301587305,1.8399873015873052,1.8399873015873052,3.3855532700025326
CD04_Richness,RANDOM_FOREST,Richness,18,CuP8,11.0,11.59285714285715,0.5928571428571505,0.5928571428571505,0.35147959183674377
CD04_Richness,RANDOM_FOREST,Richness,18,BmP4,11.0,13.030937157287163,2.0309371572871626,2.0309371572871626,4.124705736849661
CD04_Richness,RANDOM_FOREST,Richness,18,BsP4,13.0,11.216345238095249,-1.7836547619047511,1.7836547619047511,3.1814243096654944
CD04_Richness,RANDOM_FOREST,Richness,18,BsP5,12.0,7.225725396825398,-4.774274603174602,4.774274603174602,22.793697986518
CD04_Richness,RANDOM_FOREST,Richness,18,BsP10,14.0,7.579694444444447,-6.420305555555553,6.420305555555553,41.22032342669749
CD04_Richness,RANDOM_FOREST,Richness,18,BuP3,9.0,8.462831240981242,-0.5371687590187584,0.5371687590187584,0.2885502756657529
CD04_Richness,RANDOM_FOREST,Richness,18,BuP6,12.0,9.461330158730163,-2.5386698412698365,2.5386698412698365,6.444844562973017
CD04_Richness,RANDOM_FOREST,Richness,18,TmP2,7.0,5.95465714285714,-1.0453428571428596,1.0453428571428596,1.092741688979597
CD04_Richness,RANDOM_FOREST,Richness,18,TmP5,4.0,4.890671428571429,0.8906714285714292,0.8906714285714292,0.7932955936734706
CD04_Richness,RANDOM_FOREST,Richness,18,TmP9,9.0,12.005178571428573,3.005178571428573,3.005178571428573,9.031098246173478
CD04_Richness,RANDOM_FOREST,Richness,18,TsP8,4.0,4.6986039682539715,0.6986039682539715,0.6986039682539715,0.48804750446019607
CD04_Richness,RANDOM_FOREST,Richness,18,TsP9,7.0,6.2956285714285745,-0.7043714285714255,0.7043714285714255,0.49613910938775085
CD04_Richness,RANDOM_FOREST,Richness,18,TuP1,5.0,5.869184920634923,0.8691849206349227,0.8691849206349227,0.7554824262591369
CD04_Richness,RANDOM_FOREST,Richness,18,TuP7,5.0,4.8738730158730155,-0.12612698412698453,0.12612698412698453,0.01590801612496861
CD04_Richness,RANDOM_FOREST,Richness,19,CmP7,16.0,11.383271428571428,-4.616728571428572,4.616728571428572,21.314182702244906
CD04_Richness,RANDOM_FOREST,Richness,19,CmP8,11.0,11.65686825396825,0.6568682539682502,0.6568682539682502,0.4314759030712977
CD04_Richness,RANDOM_FOREST,Richness,19,CsP2,10.0,11.578122222222227,1.5781222222222269,1.5781222222222269,2.4904697482716194
CD04_Richness,RANDOM_FOREST,Richness,19,CsP7,9.0,11.670964285714284,2.670964285714284,2.670964285714284,7.134050215561214
CD04_Richness,RANDOM_FOREST,Richness,19,CsP10,10.0,11.211223809523812,1.211223809523812,1.211223809523812,1.4670631167573753
CD04_Richness,RANDOM_FOREST,Richness,19,CuP1,8.0,9.922535714285718,1.9225357142857185,1.9225357142857185,3.6961435727040977
CD04_Richness,RANDOM_FOREST,Richness,19,CuP2,10.0,11.66622063492063,1.6662206349206308,1.6662206349206308,2.77629120423531
CD04_Richness,RANDOM_FOREST,Richness,19,CuP10,13.0,11.258221428571433,-1.7417785714285667,1.7417785714285667,3.033792591887739
CD04_Richness,RANDOM_FOREST,Richness,19,BsP6,8.0,10.213604329004326,2.213604329004326,2.213604329004326,4.900044125386693
CD04_Richness,RANDOM_FOREST,Richness,19,BsP8,16.0,11.279461111111114,-4.7205388888888855,4.7205388888888855,22.283487401512314
CD04_Richness,RANDOM_FOREST,Richness,19,BuP1,7.0,8.637001587301587,1.6370015873015866,1.6370015873015866,2.679774196827914
CD04_Richness,RANDOM_FOREST,Richness,19,BuP5,11.0,12.768693650793653,1.7686936507936526,1.7686936507936526,3.1282772303577793
CD04_Richness,RANDOM_FOREST,Richness,19,BuP9,13.0,11.013423809523815,-1.9865761904761854,1.9865761904761854,3.946484960566873
CD04_Richness,RANDOM_FOREST,Richness,19,BuP10,16.0,11.431366017316018,-4.568633982683982,4.568633982683982,20.872416467734908
CD04_Richness,RANDOM_FOREST,Richness,19,TmP7,9.0,7.627027777777777,-1.3729722222222227,1.3729722222222227,1.8850527229938285
CD04_Richness,RANDOM_FOREST,Richness,19,TsP1,7.0,7.67954047619048,0.6795404761904802,0.6795404761904802,0.4617752587811846
CD04_Richness,RANDOM_FOREST,Richness,19,TsP4,4.0,5.460593650793649,1.4605936507936486,1.4605936507936486,2.1333338127387185
CD04_Richness,RANDOM_FOREST,Richness,19,TuP5,3.0,5.349633333333333,2.3496333333333332,2.3496333333333332,5.5207768011111105
CD04_Richness,RANDOM_FOREST,Richness,20,CsP4,13.0,12.55318152958154,-0.4468184704184601,0.4468184704184601,0.19964674550709233
CD04_Richness,RANDOM_FOREST,Richness,20,CsP8,7.0,9.703349206349206,2.7033492063492055,2.7033492063492055,7.308096931468879
CD04_Richness,RANDOM_FOREST,Richness,20,CuP4,10.0,12.818585714285712,2.818585714285712,2.818585714285712,7.944425428775498
CD04_Richness,RANDOM_FOREST,Richness,20,CuP5,13.0,10.491731746031745,-2.5082682539682555,2.5082682539682555,6.291409633864961
CD04_Richness,RANDOM_FOREST,Richness,20,BmP3,11.0,11.279923809523822,0.27992380952382234,0.27992380952382234,0.07835733913832917
CD04_Richness,RANDOM_FOREST,Richness,20,BmP5,5.0,6.416776190476186,1.4167761904761864,1.4167761904761864,2.007254773900215
CD04_Richness,RANDOM_FOREST,Richness,20,BmP6,14.0,12.226180952380956,-1.7738190476190443,1.7738190476190443,3.1464340136961333
CD04_Richness,RANDOM_FOREST,Richness,20,BmP8,8.0,11.78242056277056,3.782420562770559,3.782420562770559,14.306705313669553
CD04_Richness,RANDOM_FOREST,Richness,20,BsP1,7.0,10.636786507936506,3.636786507936506,3.636786507936506,13.226216104309007
CD04_Richness,RANDOM_FOREST,Richness,20,BuP4,11.0,11.636703896103905,0.6367038961039047,0.6367038961039047,0.4053918513138918
CD04_Richness,RANDOM_FOREST,Richness,20,TmP1,6.0,9.338357142857143,3.3383571428571432,3.3383571428571432,11.144628413265309
CD04_Richness,RANDOM_FOREST,Richness,20,TmP6,14.0,10.407246825396824,-3.5927531746031764,3.5927531746031764,12.907875373621202
CD04_Richness,RANDOM_FOREST,Richness,20,TmP8,7.0,7.437419841269839,0.4374198412698389,0.4374198412698389,0.19133611753653107
CD04_Richness,RANDOM_FOREST,Richness,20,TsP2,7.0,7.300404761904763,0.30040476190476273,0.30040476190476273,0.09024302097505718
CD04_Richness,RANDOM_FOREST,Richness,20,TsP5,3.0,4.554651587301589,1.5546515873015894,1.5546515873015894,2.416941557899351
CD04_Richness,RANDOM_FOREST,Richness,20,TsP6,10.0,8.248336507936507,-1.7516634920634928,1.7516634920634928,3.06832498942807
CD04_Richness,RANDOM_FOREST,Richness,20,TuP4,6.0,5.378543650793648,-0.6214563492063521,0.6214563492063521,0.3862079939688874
CD04_Richness,RANDOM_FOREST,Richness,20,TuP10,6.0,4.595771428571429,-1.404228571428571,1.404228571428571,1.9718578808163252
CD04_Richness,RANDOM_FOREST,Richness,21,CmP3,12.0,11.968134126984133,-0.03186587301586741,0.03186587301586741,0.0010154338630633866
CD04_Richness,RANDOM_FOREST,Richness,21,CmP10,13.0,10.897802380952378,-2.1021976190476224,2.1021976190476224,4.4192348295294925
CD04_Richness,RANDOM_FOREST,Richness,21,CsP1,11.0,10.697369047619052,-0.30263095238094806,0.30263095238094806,0.09158549333899965
CD04_Richness,RANDOM_FOREST,Richness,21,CsP8,7.0,9.408756349206342,2.4087563492063424,2.4087563492063424,5.802107149841867
CD04_Richness,RANDOM_FOREST,Richness,21,CuP9,14.0,11.592154761904764,-2.407845238095236,2.407845238095236,5.797718690617904
CD04_Richness,RANDOM_FOREST,Richness,21,BmP4,11.0,13.055976190476184,2.0559761904761835,2.0559761904761835,4.22703809580496
CD04_Richness,RANDOM_FOREST,Richness,21,BmP8,8.0,11.472101587301589,3.472101587301589,3.472101587301589,12.055489432542213
CD04_Richness,RANDOM_FOREST,Richness,21,BsP1,7.0,11.134077777777772,4.134077777777772,4.134077777777772,17.090599072716007
CD04_Richness,RANDOM_FOREST,Richness,21,BsP6,8.0,9.8273373015873,1.8273373015872991,1.8273373015872991,3.339161613772352
CD04_Richness,RANDOM_FOREST,Richness,21,BsP8,16.0,11.063086507936505,-4.9369134920634945,4.9369134920634945,24.373114828118567
CD04_Richness,RANDOM_FOREST,Richness,21,TmP8,7.0,7.436336507936504,0.43633650793650425,0.43633650793650425,0.19038954815822304
CD04_Richness,RANDOM_FOREST,Richness,21,TmP9,9.0,11.301065079365076,2.3010650793650758,2.3010650793650758,5.294900499473402
CD04_Richness,RANDOM_FOREST,Richness,21,TsP4,4.0,5.8408801587301555,1.8408801587301555,1.8408801587301555,3.3888397588063626
CD04_Richness,RANDOM_FOREST,Richness,21,TsP8,4.0,5.289976984126983,1.2899769841269828,1.2899769841269828,1.664040619577346
CD04_Richness,RANDOM_FOREST,Richness,21,TsP9,7.0,6.56029047619047,-0.43970952380952966,0.43970952380952966,0.19334446532880334
CD04_Richness,RANDOM_FOREST,Richness,21,TuP2,5.0,8.722099999999998,3.7220999999999975,3.7220999999999975,13.854028409999982
CD04_Richness,RANDOM_FOREST,Richness,21,TuP5,3.0,5.9034317460317425,2.9034317460317425,2.9034317460317425,8.429915903864933
CD04_Richness,RANDOM_FOREST,Richness,21,TuP7,5.0,4.682100793650798,-0.3178992063492023,0.3178992063492023,0.10105990539745272
CD04_Richness,RANDOM_FOREST,Richness,22,CmP1,12.0,10.828037950937954,-1.1719620490620457,1.1719620490620457,1.373495044441709
CD04_Richness,RANDOM_FOREST,Richness,22,CmP2,15.0,11.37418174603174,-3.6258182539682604,3.6258182539682604,13.146558010809445
CD04_Richness,RANDOM_FOREST,Richness,22,CmP9,13.0,11.02957821067821,-1.9704217893217901,1.9704217893217901,3.882562027834085
CD04_Richness,RANDOM_FOREST,Richness,22,CsP2,10.0,11.52183174603174,1.52183174603174,1.52183174603174,2.315971863230015
CD04_Richness,RANDOM_FOREST,Richness,22,CsP7,9.0,12.143168109668107,3.143168109668107,3.143168109668107,9.87950576563458
CD04_Richness,RANDOM_FOREST,Richness,22,CsP9,6.0,9.654711904761898,3.654711904761898,3.654711904761898,13.356919106808341
CD04_Richness,RANDOM_FOREST,Richness,22,CuP1,8.0,10.500921428571418,2.5009214285714183,2.5009214285714183,6.2546079918877036
CD04_Richness,RANDOM_FOREST,Richness,22,CuP3,7.0,11.012976623376614,4.012976623376614,4.012976623376614,16.103981379767173
CD04_Richness,RANDOM_FOREST,Richness,22,CuP7,10.0,11.32104090909091,1.3210409090909092,1.3210409090909092,1.7451490834917358
CD04_Richness,RANDOM_FOREST,Richness,22,CuP8,11.0,10.539288095238092,-0.46071190476190793,0.46071190476190793,0.21225545918934532
CD04_Richness,RANDOM_FOREST,Richness,22,BmP1,10.0,8.674980952380954,-1.3250190476190458,1.3250190476190458,1.7556754765532832
CD04_Richness,RANDOM_FOREST,Richness,22,BsP7,11.0,10.596265079365077,-0.403734920634923,0.403734920634923,0.16300188614008757
CD04_Richness,RANDOM_FOREST,Richness,22,BuP3,9.0,8.87933015873016,-0.12066984126984082,0.12066984126984082,0.014561210592088578
CD04_Richness,RANDOM_FOREST,Richness,22,BuP5,11.0,13.497340331890332,2.4973403318903316,2.4973403318903316,6.236708733286111
CD04_Richness,RANDOM_FOREST,Richness,22,TmP4,5.0,7.723311904761903,2.7233119047619034,2.7233119047619034,7.416427730617906
CD04_Richness,RANDOM_FOREST,Richness,22,TsP10,8.0,8.010973809523811,0.01097380952381144,0.01097380952381144,0.00012042449546489465
CD04_Richness,RANDOM_FOREST,Richness,22,TuP3,2.0,6.351973809523807,4.351973809523807,4.351973809523807,18.93967603878116
CD04_Richness,RANDOM_FOREST,Richness,22,TuP8,6.0,5.3071587301587275,-0.6928412698412725,0.6928412698412725,0.48002902519526697
CD04_Richness,RANDOM_FOREST,Richness,23,CmP4,10.0,10.79434761904762,0.7943476190476204,0.7943476190476204,0.6309881398866235
CD04_Richness,RANDOM_FOREST,Richness,23,CmP5,7.0,11.510773015873015,4.510773015873015,4.510773015873015,20.347073200728136
CD04_Richness,RANDOM_FOREST,Richness,23,CuP10,13.0,11.657483333333337,-1.342516666666663,1.342516666666663,1.802351000277768
CD04_Richness,RANDOM_FOREST,Richness,23,BmP3,11.0,11.412217460317457,0.4122174603174571,0.4122174603174571,0.16992323459057432
CD04_Richness,RANDOM_FOREST,Richness,23,BmP5,5.0,6.442845238095233,1.4428452380952326,1.4428452380952326,2.0818023810940884
CD04_Richness,RANDOM_FOREST,Richness,23,BmP7,10.0,8.984997619047613,-1.015002380952387,1.015002380952387,1.0302298333390143
CD04_Richness,RANDOM_FOREST,Richness,23,BmP10,10.0,8.785585714285709,-1.214414285714291,1.214414285714291,1.4748020573469516
CD04_Richness,RANDOM_FOREST,Richness,23,BsP3,8.0,10.311551298701309,2.3115512987013087,2.3115512987013087,5.343269406527707
CD04_Richness,RANDOM_FOREST,Richness,23,BsP4,13.0,11.043346031746035,-1.9566539682539652,1.9566539682539652,3.828494751483989
CD04_Richness,RANDOM_FOREST,Richness,23,BuP4,11.0,11.62700079365079,0.6270007936507902,0.6270007936507902,0.3931299952387208
CD04_Richness,RANDOM_FOREST,Richness,23,BuP6,12.0,9.363647619047615,-2.6363523809523848,2.6363523809523848,6.950353876553308
CD04_Richness,RANDOM_FOREST,Richness,23,BuP9,13.0,12.472157142857146,-0.5278428571428542,0.5278428571428542,0.27861808183673153
CD04_Richness,RANDOM_FOREST,Richness,23,TsP1,7.0,7.92458492063492,0.9245849206349197,0.9245849206349197,0.8548572754654807
CD04_Richness,RANDOM_FOREST,Richness,23,TsP5,3.0,4.612447619047622,1.6124476190476216,1.6124476190476216,2.5999873241723437
CD04_Richness,RANDOM_FOREST,Richness,23,TsP6,10.0,8.325123809523813,-1.674876190476187,1.674876190476187,2.805210253424025
CD04_Richness,RANDOM_FOREST,Richness,23,TuP1,5.0,5.530056349206351,0.530056349206351,0.530056349206351,0.2809597333339651
CD04_Richness,RANDOM_FOREST,Richness,23,TuP4,6.0,5.252119841269842,-0.7478801587301582,0.7478801587301582,0.5593247318222466
CD04_Richness,RANDOM_FOREST,Richness,23,TuP10,6.0,4.62029285714286,-1.3797071428571401,1.3797071428571401,1.9035918000510128
CD04_Richness,RANDOM_FOREST,Richness,24,CmP6,13.0,9.94449841269841,-3.05550158730159,3.05550158730159,9.336089950002536
CD04_Richness,RANDOM_FOREST,Richness,24,CuP2,10.0,11.54343650793651,1.5434365079365104,1.5434365079365104,2.38219625403125
CD04_Richness,RANDOM_FOREST,Richness,24,BmP2,10.0,11.426095238095241,1.4260952380952414,1.4260952380952414,2.0337476281179234
CD04_Richness,RANDOM_FOREST,Richness,24,BsP9,13.0,11.4231119047619,-1.5768880952381004,1.5768880952381004,2.486576064903644
CD04_Richness,RANDOM_FOREST,Richness,24,BuP1,7.0,9.131961904761901,2.1319619047619014,2.1319619047619014,4.545261563355995
CD04_Richness,RANDOM_FOREST,Richness,24,BuP2,10.0,12.54751190476191,2.54751190476191,2.54751190476191,6.4898169049036545
CD04_Richness,RANDOM_FOREST,Richness,24,BuP8,14.0,12.262354761904763,-1.7376452380952365,1.7376452380952365,3.0194109734750514
CD04_Richness,RANDOM_FOREST,Richness,24,TmP1,6.0,8.650957142857143,2.650957142857143,2.650957142857143,7.027573773265307
CD04_Richness,RANDOM_FOREST,Richness,24,TmP2,7.0,6.949907142857147,-0.05009285714285294,0.05009285714285294,0.002509294336734273
CD04_Richness,RANDOM_FOREST,Richness,24,TmP3,10.0,8.690514285714286,-1.3094857142857137,1.3094857142857137,1.714752835918366
CD04_Richness,RANDOM_FOREST,Richness,24,TmP6,14.0,11.144973809523819,-2.855026190476181,2.855026190476181,8.151174548304935
CD04_Richness,RANDOM_FOREST,Richness,24,TmP7,9.0,7.765890476190473,-1.2341095238095274,1.2341095238095274,1.5230263167573785
CD04_Richness,RANDOM_FOREST,Richness,24,TmP10,10.0,11.769828571428574,1.7698285714285742,1.7698285714285742,3.132293172244908
CD04_Richness,RANDOM_FOREST,Richness,24,TsP2,7.0,8.31067301587302,1.3106730158730198,1.3106730158730198,1.7178637545376771
CD04_Richness,RANDOM_FOREST,Richness,24,TsP3,7.0,8.787169047619049,1.7871690476190487,1.7871690476190487,3.1939732047675777
CD04_Richness,RANDOM_FOREST,Richness,24,TsP7,7.0,6.929289682539684,-0.07071031746031586,0.07071031746031586,0.004999948995338651
CD04_Richness,RANDOM_FOREST,Richness,24,TuP6,8.0,7.1726563492063535,-0.8273436507936465,0.8273436507936465,0.6844975165085593
CD04_Richness,RANDOM_FOREST,Richness,24,TuP9,4.0,5.056722222222228,1.056722222222228,1.056722222222228,1.1166618549382836
CD04_Richness,RANDOM_FOREST,Richness,25,CmP7,16.0,10.9899992063492,-5.0100007936508,5.0100007936508,25.100107952381645
CD04_Richness,RANDOM_FOREST,Richness,25,CmP8,11.0,11.015592857142858,0.015592857142857852,0.015592857142857852,0.00024313719387757313
CD04_Richness,RANDOM_FOREST,Richness,25,CsP3,12.0,10.561147619047622,-1.4388523809523779,1.4388523809523779,2.0702961741723267
CD04_Richness,RANDOM_FOREST,Richness,25,CsP4,13.0,11.378854761904762,-1.621145238095238,1.621145238095238,2.628111882998866
CD04_Richness,RANDOM_FOREST,Richness,25,CsP5,5.0,5.881366666666661,0.8813666666666613,0.8813666666666613,0.7768072011111017
CD04_Richness,RANDOM_FOREST,Richness,25,CsP6,15.0,10.725034920634918,-4.2749650793650815,4.2749650793650815,18.275326429790898
CD04_Richness,RANDOM_FOREST,Richness,25,CsP10,10.0,10.737652380952383,0.7376523809523832,0.7376523809523832,0.5441310351247198
CD04_Richness,RANDOM_FOREST,Richness,25,CuP4,10.0,11.6901119047619,1.6901119047619009,1.6901119047619009,2.8564782506179007
CD04_Richness,RANDOM_FOREST,Richness,25,CuP5,13.0,11.20485238095238,-1.7951476190476203,1.7951476190476203,3.2225549741723403
CD04_Richness,RANDOM_FOREST,Richness,25,CuP6,12.0,9.582237806637806,-2.4177621933621936,2.4177621933621936,5.845574023651565
CD04_Richness,RANDOM_FOREST,Richness,25,BmP6,14.0,11.234439682539687,-2.765560317460313,2.765560317460313,7.648323869511187
CD04_Richness,RANDOM_FOREST,Richness,25,BmP9,14.0,11.136984920634916,-2.863015079365084,2.863015079365084,8.196855344671858
CD04_Richness,RANDOM_FOREST,Richness,25,BsP2,7.0,8.801976190476196,1.8019761904761964,1.8019761904761964,3.2471181910431053
CD04_Richness,RANDOM_FOREST,Richness,25,BsP5,12.0,7.031147619047619,-4.968852380952381,4.968852380952381,24.689493983696142
CD04_Richness,RANDOM_FOREST,Richness,25,BsP10,14.0,7.117967460317459,-6.882032539682541,6.882032539682541,47.36237187724932
CD04_Richness,RANDOM_FOREST,Richness,25,BuP7,13.0,11.34583333333333,-1.6541666666666703,1.6541666666666703,2.7362673611111235
CD04_Richness,RANDOM_FOREST,Richness,25,BuP10,16.0,10.744257142857142,-5.255742857142858,5.255742857142858,27.62283298040817
CD04_Richness,RANDOM_FOREST,Richness,25,TmP5,4.0,4.7466634920634885,0.7466634920634885,0.7466634920634885,0.5575063703804432
CD04_Richness,RANDOM_FOREST,Richness,26,CmP5,7.0,11.194190259740266,4.194190259740266,4.194190259740266,17.591231934900115
CD04_Richness,RANDOM_FOREST,Richness,26,CmP6,13.0,11.20459523809524,-1.7954047619047593,1.7954047619047593,3.2234782590702853
CD04_Richness,RANDOM_FOREST,Richness,26,CsP4,13.0,12.129331746031747,-0.8706682539682529,0.8706682539682529,0.758063208468126
CD04_Richness,RANDOM_FOREST,Richness,26,CsP5,5.0,6.2992055555555515,1.2992055555555515,1.2992055555555515,1.6879350755864093
CD04_Richness,RANDOM_FOREST,Richness,26,CuP2,10.0,11.210216666666678,1.2102166666666783,1.2102166666666783,1.4646243802778058
CD04_Richness,RANDOM_FOREST,Richness,26,CuP8,11.0,11.201342857142855,0.20134285714285483,0.20134285714285483,0.040538946122448044
CD04_Richness,RANDOM_FOREST,Richness,26,BmP6,14.0,11.73606666666667,-2.2639333333333305,2.2639333333333305,5.125394137777765
CD04_Richness,RANDOM_FOREST,Richness,26,BmP8,8.0,10.422612698412692,2.422612698412692,2.422612698412692,5.869052286510425
CD04_Richness,RANDOM_FOREST,Richness,26,BsP2,7.0,8.895268253968247,1.895268253968247,1.895268253968247,3.592041754499848
CD04_Richness,RANDOM_FOREST,Richness,26,BsP9,13.0,10.754964285714282,-2.2450357142857182,2.2450357142857182,5.040185358418385
CD04_Richness,RANDOM_FOREST,Richness,26,BuP6,12.0,9.831241269841271,-2.1687587301587286,2.1687587301587286,4.703514429639701
CD04_Richness,RANDOM_FOREST,Richness,26,TmP3,10.0,8.610774603174598,-1.3892253968254025,1.3892253968254025,1.929947203184697
CD04_Richness,RANDOM_FOREST,Richness,26,TmP4,5.0,7.583850000000001,2.583850000000001,2.583850000000001,6.676280822500004
CD04_Richness,RANDOM_FOREST,Richness,26,TmP8,7.0,7.75102063492064,0.7510206349206401,0.7510206349206401,0.5640319940766013
CD04_Richness,RANDOM_FOREST,Richness,26,TsP5,3.0,4.7197507936507925,1.7197507936507925,1.7197507936507925,2.957542792262531
CD04_Richness,RANDOM_FOREST,Richness,26,TuP1,5.0,5.771764285714282,0.7717642857142817,0.7717642857142817,0.5956201127040754
CD04_Richness,RANDOM_FOREST,Richness,26,TuP6,8.0,7.92138492063492,-0.07861507936507994,0.07861507936507994,0.006180330703577818
CD04_Richness,RANDOM_FOREST,Richness,26,TuP7,5.0,5.150116666666666,0.15011666666666557,0.15011666666666557,0.02253501361111078
CD04_Richness,RANDOM_FOREST,Richness,27,CmP7,16.0,10.610904761904765,-5.389095238095235,5.389095238095235,29.04234748526074
CD04_Richness,RANDOM_FOREST,Richness,27,CmP8,11.0,10.775261904761907,-0.2247380952380933,0.2247380952380933,0.050507211451246294
CD04_Richness,RANDOM_FOREST,Richness,27,CmP9,13.0,10.641740476190476,-2.358259523809524,2.358259523809524,5.561387981638323
CD04_Richness,RANDOM_FOREST,Richness,27,CsP1,11.0,11.765723809523815,0.7657238095238146,0.7657238095238146,0.5863329524716631
CD04_Richness,RANDOM_FOREST,Richness,27,CsP8,7.0,9.571521356421345,2.5715213564213446,2.5715213564213446,6.612722086531072
CD04_Richness,RANDOM_FOREST,Richness,27,CuP1,8.0,10.156809523809516,2.1568095238095157,2.1568095238095157,4.65182732199543
CD04_Richness,RANDOM_FOREST,Richness,27,CuP5,13.0,10.353428571428575,-2.6465714285714252,2.6465714285714252,7.004340326530595
CD04_Richness,RANDOM_FOREST,Richness,27,CuP10,13.0,10.861554761904769,-2.1384452380952315,2.1384452380952315,4.572948036332171
CD04_Richness,RANDOM_FOREST,Richness,27,BsP1,7.0,10.667318181818192,3.6673181818181924,3.6673181818181924,13.449222646694292
CD04_Richness,RANDOM_FOREST,Richness,27,BsP5,12.0,7.357588095238095,-4.642411904761905,4.642411904761905,21.551988293475056
CD04_Richness,RANDOM_FOREST,Richness,27,BsP6,8.0,10.883143650793656,2.883143650793656,2.883143650793656,8.31251731111177
CD04_Richness,RANDOM_FOREST,Richness,27,BuP4,11.0,10.690130952380958,-0.309869047619042,0.309869047619042,0.09601882667233211
CD04_Richness,RANDOM_FOREST,Richness,27,BuP10,16.0,11.069671428571437,-4.9303285714285625,4.9303285714285625,24.30813982224481
CD04_Richness,RANDOM_FOREST,Richness,27,TmP5,4.0,4.82467619047619,0.8246761904761897,0.8246761904761897,0.6800908191383207
CD04_Richness,RANDOM_FOREST,Richness,27,TmP10,10.0,11.52836190476191,1.5283619047619101,1.5283619047619101,2.335890111927454
CD04_Richness,RANDOM_FOREST,Richness,27,TsP3,7.0,7.682475396825393,0.6824753968253932,0.6824753968253932,0.46577266727197786
CD04_Richness,RANDOM_FOREST,Richness,27,TuP2,5.0,8.807016666666666,3.807016666666666,3.807016666666666,14.493375900277771
CD04_Richness,RANDOM_FOREST,Richness,27,TuP4,6.0,5.355042857142859,-0.644957142857141,0.644957142857141,0.4159697161224466
CD04_Richness,RANDOM_FOREST,Richness,28,CmP3,12.0,12.262811111111114,0.2628111111111142,0.2628111111111142,0.06906968012345842
CD04_Richness,RANDOM_FOREST,Richness,28,CsP3,12.0,11.030985714285714,-0.9690142857142856,0.9690142857142856,0.9389886859183671
CD04_Richness,RANDOM_FOREST,Richness,28,CsP7,9.0,12.349176190476186,3.349176190476186,3.349176190476186,11.216981154852578
CD04_Richness,RANDOM_FOREST,Richness,28,CuP6,12.0,9.920776984126977,-2.0792230158730227,2.0792230158730227,4.323168349736108
CD04_Richness,RANDOM_FOREST,Richness,28,BmP1,10.0,8.650358730158738,-1.3496412698412623,1.3496412698412623,1.821531557258735
CD04_Richness,RANDOM_FOREST,Richness,28,BmP7,10.0,10.36987142857143,0.3698714285714306,0.3698714285714306,0.1368048736734709
CD04_Richness,RANDOM_FOREST,Richness,28,BmP10,10.0,10.23187142857143,0.23187142857143073,0.23187142857143073,0.0537643593877561
CD04_Richness,RANDOM_FOREST,Richness,28,BsP4,13.0,10.558070634920627,-2.441929365079373,2.441929365079373,5.963019024036949
CD04_Richness,RANDOM_FOREST,Richness,28,BuP3,9.0,8.480122222222223,-0.5198777777777774,0.5198777777777774,0.2702729038271601
CD04_Richness,RANDOM_FOREST,Richness,28,BuP5,11.0,13.329847619047621,2.329847619047621,2.329847619047621,5.42818992798187
CD04_Richness,RANDOM_FOREST,Richness,28,BuP7,13.0,12.145676984126982,-0.8543230158730175,0.8543230158730175,0.7298678154503682
CD04_Richness,RANDOM_FOREST,Richness,28,BuP9,13.0,11.495251587301588,-1.5047484126984116,1.5047484126984116,2.2642677855183893
CD04_Richness,RANDOM_FOREST,Richness,28,TmP1,6.0,9.73542936507936,3.7354293650793604,3.7354293650793604,13.953432541497193
CD04_Richness,RANDOM_FOREST,Richness,28,TmP6,14.0,9.868784126984119,-4.131215873015881,4.131215873015881,17.06694458945837
CD04_Richness,RANDOM_FOREST,Richness,28,TsP1,7.0,7.948019047619049,0.9480190476190486,0.9480190476190486,0.898740114648528
CD04_Richness,RANDOM_FOREST,Richness,28,TsP4,4.0,5.383376984126987,1.3833769841269872,1.3833769841269872,1.9137318802122785
CD04_Richness,RANDOM_FOREST,Richness,28,TsP9,7.0,7.025184920634926,0.025184920634925945,0.025184920634925945,0.0006342802273875186
CD04_Richness,RANDOM_FOREST,Richness,28,TuP10,6.0,4.505230952380952,-1.494769047619048,1.494769047619048,2.2343345057199557
CD04_Richness,RANDOM_FOREST,Richness,29,CmP1,12.0,10.984503174603173,-1.015496825396827,1.015496825396827,1.031233802391034
CD04_Richness,RANDOM_FOREST,Richness,29,CmP2,15.0,11.574941269841274,-3.4250587301587263,3.4250587301587263,11.731027305036507
CD04_Richness,RANDOM_FOREST,Richness,29,CmP4,10.0,10.710436507936507,0.7104365079365067,0.7104365079365067,0.5047200318090181
CD04_Richness,RANDOM_FOREST,Richness,29,CsP2,10.0,13.010372222222223,3.010372222222223,3.010372222222223,9.062340916327166
CD04_Richness,RANDOM_FOREST,Richness,29,CsP10,10.0,11.37387142857143,1.3738714285714302,1.3738714285714302,1.8875227022449024
CD04_Richness,RANDOM_FOREST,Richness,29,CuP4,10.0,13.013042857142851,3.0130428571428514,3.0130428571428514,9.078427258979557
CD04_Richness,RANDOM_FOREST,Richness,29,CuP7,10.0,11.89975238095238,1.8997523809523802,1.8997523809523802,3.6090591089342374
CD04_Richness,RANDOM_FOREST,Richness,29,BmP2,10.0,13.010372222222223,3.010372222222223,3.010372222222223,9.062340916327166
CD04_Richness,RANDOM_FOREST,Richness,29,BmP5,5.0,6.090070634920634,1.0900706349206342,1.0900706349206342,1.1882539891162744
CD04_Richness,RANDOM_FOREST,Richness,29,BsP3,8.0,10.387609523809527,2.3876095238095267,2.3876095238095267,5.7006792381859555
CD04_Richness,RANDOM_FOREST,Richness,29,BsP10,14.0,7.530529365079363,-6.469470634920637,6.469470634920637,41.85405029610043
CD04_Richness,RANDOM_FOREST,Richness,29,BuP1,7.0,8.643457142857148,1.643457142857148,1.643457142857148,2.7009513804081804
CD04_Richness,RANDOM_FOREST,Richness,29,BuP8,14.0,11.48215714285715,-2.517842857142851,2.517842857142851,6.339532653265274
CD04_Richness,RANDOM_FOREST,Richness,29,TmP7,9.0,7.86435238095238,-1.13564761904762,1.13564761904762,1.289695514648528
CD04_Richness,RANDOM_FOREST,Richness,29,TsP2,7.0,7.532981746031747,0.532981746031747,0.532981746031747,0.28406954160304965
CD04_Richness,RANDOM_FOREST,Richness,29,TsP7,7.0,6.772458730158735,-0.22754126984126533,0.22754126984126533,0.051775029480975523
CD04_Richness,RANDOM_FOREST,Richness,29,TsP10,8.0,7.433250793650797,-0.5667492063492032,0.5667492063492032,0.32120466289745175
CD04_Richness,RANDOM_FOREST,Richness,29,TuP3,2.0,5.622933333333335,3.622933333333335,3.622933333333335,13.125645937777788
CD04_Richness,RANDOM_FOREST,Richness,30,CmP10,13.0,10.483607142857146,-2.516392857142854,2.516392857142854,6.332233011479577
CD04_Richness,RANDOM_FOREST,Richness,30,CsP6,15.0,11.248020634920637,-3.7519793650793627,3.7519793650793627,14.077349155981338
CD04_Richness,RANDOM_FOREST,Richness,30,CsP9,6.0,9.263457142857144,3.2634571428571437,3.2634571428571437,10.650152523265312
CD04_Richness,RANDOM_FOREST,Richness,30,CuP3,7.0,10.496080158730157,3.496080158730157,3.496080158730157,12.222576476266681
CD04_Richness,RANDOM_FOREST,Richness,30,CuP9,14.0,11.859520634920633,-2.1404793650793668,2.1404793650793668,4.581651912330569
CD04_Richness,RANDOM_FOREST,Richness,30,BmP3,11.0,11.46351190476191,0.4635119047619103,0.4635119047619103,0.2148432858560142
CD04_Richness,RANDOM_FOREST,Richness,30,BmP4,11.0,12.40193174603175,1.4019317460317495,1.4019317460317495,1.9654126205316298
CD04_Richness,RANDOM_FOREST,Richness,30,BmP9,14.0,11.945723015873023,-2.054276984126977,2.054276984126977,4.2200539275138285
CD04_Richness,RANDOM_FOREST,Richness,30,BsP7,11.0,11.791710317460307,0.7917103174603071,0.7917103174603071,0.6268052267731002
CD04_Richness,RANDOM_FOREST,Richness,30,BsP8,16.0,11.236030952380954,-4.763969047619046,4.763969047619046,22.69540108667232
CD04_Richness,RANDOM_FOREST,Richness,30,BuP2,10.0,12.52754841269841,2.52754841269841,2.52754841269841,6.388500978534252
CD04_Richness,RANDOM_FOREST,Richness,30,TmP2,7.0,6.536699206349203,-0.4633007936507969,0.4633007936507969,0.2146476253974583
CD04_Richness,RANDOM_FOREST,Richness,30,TmP9,9.0,11.2726746031746,2.2726746031746003,2.2726746031746003,5.165049851914827
CD04_Richness,RANDOM_FOREST,Richness,30,TsP6,10.0,8.44835238095238,-1.5516476190476194,1.5516476190476194,2.4076103336961463
CD04_Richness,RANDOM_FOREST,Richness,30,TsP8,4.0,4.821289682539683,0.8212896825396827,0.8212896825396827,0.6745167426461328
CD04_Richness,RANDOM_FOREST,Richness,30,TuP5,3.0,5.495633333333332,2.4956333333333323,2.4956333333333323,6.228185734444439
CD04_Richness,RANDOM_FOREST,Richness,30,TuP8,6.0,5.43132857142857,-0.56867142857143,0.56867142857143,0.3233871936734711
CD04_Richness,RANDOM_FOREST,Richness,30,TuP9,4.0,5.321250000000002,1.3212500000000018,1.3212500000000018,1.7457015625000047
CD04_Richness,RANDOM_FOREST,Richness,31,CmP3,12.0,11.842083333333344,-0.15791666666665627,0.15791666666665627,0.024937673611107828
CD04_Richness,RANDOM_FOREST,Richness,31,CsP5,5.0,6.0687452380952385,1.0687452380952385,1.0687452380952385,1.142216383951248
CD04_Richness,RANDOM_FOREST,Richness,31,CuP1,8.0,9.67676587301587,1.6767658730158708,1.6767658730158708,2.8115437929106752
CD04_Richness,RANDOM_FOREST,Richness,31,CuP4,10.0,12.769700000000004,2.769700000000004,2.769700000000004,7.671238090000021
CD04_Richness,RANDOM_FOREST,Richness,31,CuP6,12.0,10.36270396825397,-1.6372960317460308,1.6372960317460308,2.6807382955712993
CD04_Richness,RANDOM_FOREST,Richness,31,BmP2,10.0,11.490603174603184,1.4906031746031836,1.4906031746031836,2.221897824137089
CD04_Richness,RANDOM_FOREST,Richness,31,BmP3,11.0,10.902864285714282,-0.09713571428571832,0.09713571428571832,0.009435346989796702
CD04_Richness,RANDOM_FOREST,Richness,31,BmP6,14.0,11.655551587301591,-2.3444484126984086,2.3444484126984086,5.496438359804088
CD04_Richness,RANDOM_FOREST,Richness,31,BmP7,10.0,10.172955772005771,0.17295577200577128,0.17295577200577128,0.029913699070112338
CD04_Richness,RANDOM_FOREST,Richness,31,BsP10,14.0,7.910989682539675,-6.089010317460325,6.089010317460325,37.07604664613829
CD04_Richness,RANDOM_FOREST,Richness,31,BuP4,11.0,11.353061904761901,0.35306190476190125,0.35306190476190125,0.12465270859410182
CD04_Richness,RANDOM_FOREST,Richness,31,BuP10,16.0,11.57228333333334,-4.42771666666666,4.42771666666666,19.604674880277717
CD04_Richness,RANDOM_FOREST,Richness,31,TmP4,5.0,7.0401571428571375,2.0401571428571375,2.0401571428571375,4.162241167550999
CD04_Richness,RANDOM_FOREST,Richness,31,TsP4,4.0,5.349642857142853,1.349642857142853,1.349642857142853,1.8215358418367233
CD04_Richness,RANDOM_FOREST,Richness,31,TuP1,5.0,5.761935714285715,0.7619357142857153,0.7619357142857153,0.5805460327040831
CD04_Richness,RANDOM_FOREST,Richness,31,TuP3,2.0,5.598089898989897,3.5980898989898966,3.5980898989898966,12.946250921213124
CD04_Richness,RANDOM_FOREST,Richness,31,TuP6,8.0,7.3904095238095175,-0.6095904761904825,0.6095904761904825,0.37160054866213915
CD04_Richness,RANDOM_FOREST,Richness,31,TuP8,6.0,5.5117666666666665,-0.4882333333333335,0.4882333333333335,0.23837178777777795
CD04_Richness,RANDOM_FOREST,Richness,32,CmP1,12.0,10.924726911976911,-1.0752730880230885,1.0752730880230885,1.1562122138267086
CD04_Richness,RANDOM_FOREST,Richness,32,CmP4,10.0,10.037477489177489,0.03747748917748872,0.03747748917748872,0.0014045621950487842
CD04_Richness,RANDOM_FOREST,Richness,32,CmP6,13.0,10.051852380952385,-2.9481476190476155,2.9481476190476155,8.691574383696125
CD04_Richness,RANDOM_FOREST,Richness,32,CmP8,11.0,12.055484920634926,1.0554849206349264,1.0554849206349264,1.1140484176877168
CD04_Richness,RANDOM_FOREST,Richness,32,CsP10,10.0,11.329529292929289,1.3295292929292888,1.3295292929292888,1.7676481407570546
CD04_Richness,RANDOM_FOREST,Richness,32,CuP2,10.0,11.725080952380955,1.7250809523809547,1.7250809523809547,2.9759042922675816
CD04_Richness,RANDOM_FOREST,Richness,32,BmP4,11.0,12.93025310245311,1.9302531024531095,1.9302531024531095,3.7258770395298546
CD04_Richness,RANDOM_FOREST,Richness,32,BmP10,10.0,9.580056349206346,-0.4199436507936536,0.4199436507936536,0.17635266984190207
CD04_Richness,RANDOM_FOREST,Richness,32,BsP1,7.0,9.723830952380947,2.723830952380947,2.723830952380947,7.419255057148496
CD04_Richness,RANDOM_FOREST,Richness,32,BsP8,16.0,11.264954761904766,-4.735045238095234,4.735045238095234,22.42065340680835
CD04_Richness,RANDOM_FOREST,Richness,32,BuP1,7.0,8.650787301587302,1.650787301587302,1.650787301587302,2.725098715081886
CD04_Richness,RANDOM_FOREST,Richness,32,BuP5,11.0,13.243596031746037,2.243596031746037,2.243596031746037,5.033723153666564
CD04_Richness,RANDOM_FOREST,Richness,32,BuP6,12.0,9.90416111111111,-2.09583888888889,2.09583888888889,4.3925406481790175
CD04_Richness,RANDOM_FOREST,Richness,32,TmP5,4.0,4.937266666666665,0.9372666666666651,0.9372666666666651,0.8784688044444415
CD04_Richness,RANDOM_FOREST,Richness,32,TmP8,7.0,7.31222857142857,0.3122285714285704,0.3122285714285704,0.0974866808163259
CD04_Richness,RANDOM_FOREST,Richness,32,TsP5,3.0,4.9981253968254,1.9981253968254,1.9981253968254,3.9925051014386623
CD04_Richness,RANDOM_FOREST,Richness,32,TsP8,4.0,4.96630158730159,0.9663015873015901,0.9663015873015901,0.9337387576215725
CD04_Richness,RANDOM_FOREST,Richness,32,TsP9,7.0,6.814960317460315,-0.18503968253968495,0.18503968253968495,0.03423968411438739
CD04_Richness,RANDOM_FOREST,Richness,33,CmP2,15.0,11.149507142857152,-3.8504928571428483,3.8504928571428483,14.826295242908095
CD04_Richness,RANDOM_FOREST,Richness,33,CmP7,16.0,11.309016666666679,-4.690983333333321,4.690983333333321,22.005324633610996
CD04_Richness,RANDOM_FOREST,Richness,33,CmP10,13.0,10.823564285714284,-2.1764357142857165,2.1764357142857165,4.736872418418377
CD04_Richness,RANDOM_FOREST,Richness,33,CsP1,11.0,9.744931746031744,-1.2550682539682558,1.2550682539682558,1.5751963221189262
CD04_Richness,RANDOM_FOREST,Richness,33,CsP8,7.0,9.585176984126983,2.585176984126983,2.585176984126983,6.683140039259884
CD04_Richness,RANDOM_FOREST,Richness,33,CuP7,10.0,11.284485714285724,1.284485714285724,1.284485714285724,1.6499035502041066
CD04_Richness,RANDOM_FOREST,Richness,33,CuP9,14.0,11.487928571428569,-2.5120714285714314,2.5120714285714314,6.310502862244912
CD04_Richness,RANDOM_FOREST,Richness,33,BmP5,5.0,6.669463492063496,1.669463492063496,1.669463492063496,2.7871083513328427
CD04_Richness,RANDOM_FOREST,Richness,33,BmP8,8.0,11.347366666666659,3.347366666666659,3.347366666666659,11.20486360111106
CD04_Richness,RANDOM_FOREST,Richness,33,BsP3,8.0,8.525514285714287,0.5255142857142872,0.5255142857142872,0.27616526448979745
CD04_Richness,RANDOM_FOREST,Richness,33,BsP4,13.0,10.269792857142859,-2.7302071428571413,2.7302071428571413,7.454031042908155
CD04_Richness,RANDOM_FOREST,Richness,33,BsP6,8.0,9.059003174603175,1.0590031746031752,1.0590031746031752,1.121487723819603
CD04_Richness,RANDOM_FOREST,Richness,33,BsP7,11.0,9.096126190476207,-1.9038738095237928,1.9038738095237928,3.6247354825906393
CD04_Richness,RANDOM_FOREST,Richness,33,TmP6,14.0,9.451323809523812,-4.548676190476188,4.548676190476188,20.690455085804967
CD04_Richness,RANDOM_FOREST,Richness,33,TmP10,10.0,9.94627301587302,-0.05372698412698007,0.05372698412698007,0.0028865888233807683
CD04_Richness,RANDOM_FOREST,Richness,33,TsP7,7.0,6.883780952380955,-0.11621904761904478,0.11621904761904478,0.013506867029477797
CD04_Richness,RANDOM_FOREST,Richness,33,TuP5,3.0,5.445429365079366,2.4454293650793657,2.4454293650793657,5.98012477959247
CD04_Richness,RANDOM_FOREST,Richness,33,TuP7,5.0,5.193592063492066,0.1935920634920656,0.1935920634920656,0.03747788704711596
CD04_Richness,RANDOM_FOREST,Richness,34,CmP5,7.0,11.629742857142867,4.629742857142867,4.629742857142867,21.434518923265397
CD04_Richness,RANDOM_FOREST,Richness,34,CsP4,13.0,11.438635714285711,-1.5613642857142889,1.5613642857142889,2.4378584327040915
CD04_Richness,RANDOM_FOREST,Richness,34,CsP6,15.0,11.081819047619046,-3.918180952380954,3.918180952380954,15.35214197560092
CD04_Richness,RANDOM_FOREST,Richness,34,CuP5,13.0,10.685303174603174,-2.314696825396826,2.314696825396826,5.357821393502145
CD04_Richness,RANDOM_FOREST,Richness,34,BmP1,10.0,9.273923015873008,-0.7260769841269923,0.7260769841269923,0.5271877868789486
CD04_Richness,RANDOM_FOREST,Richness,34,BmP9,14.0,11.192500000000003,-2.8074999999999974,2.8074999999999974,7.8820562499999856
CD04_Richness,RANDOM_FOREST,Richness,34,BsP2,7.0,8.884589682539684,1.8845896825396835,1.8845896825396835,3.551678271535025
CD04_Richness,RANDOM_FOREST,Richness,34,BsP5,12.0,7.332053968253969,-4.667946031746031,4.667946031746031,21.78972015529352
CD04_Richness,RANDOM_FOREST,Richness,34,BuP3,9.0,9.289077777777775,0.2890777777777753,0.2890777777777753,0.08356596160493686
CD04_Richness,RANDOM_FOREST,Richness,34,BuP7,13.0,11.19976219336219,-1.80023780663781,1.80023780663781,3.240856160448113
CD04_Richness,RANDOM_FOREST,Richness,34,BuP8,14.0,10.935788888888881,-3.0642111111111188,3.0642111111111188,9.389389733456838
CD04_Richness,RANDOM_FOREST,Richness,34,TmP3,10.0,8.458515079365082,-1.5414849206349182,1.5414849206349182,2.37617576054484
CD04_Richness,RANDOM_FOREST,Richness,34,TmP7,9.0,7.392190620490617,-1.6078093795093826,1.6078093795093826,2.585051000838346
CD04_Richness,RANDOM_FOREST,Richness,34,TmP9,9.0,11.16809365079365,2.168093650793651,2.168093650793651,4.700630078611741
CD04_Richness,RANDOM_FOREST,Richness,34,TsP2,7.0,8.352680952380954,1.352680952380954,1.352680952380954,1.8297457589342447
CD04_Richness,RANDOM_FOREST,Richness,34,TsP3,7.0,7.981468253968259,0.9814682539682593,0.9814682539682593,0.9632799335475035
CD04_Richness,RANDOM_FOREST,Richness,34,TsP10,8.0,8.092961904761907,0.09296190476190702,0.09296190476190702,0.008641915736961872
CD04_Richness,RANDOM_FOREST,Richness,34,TuP9,4.0,5.116171428571431,1.1161714285714313,1.1161714285714313,1.2458386579591896
CD04_Richness,RANDOM_FOREST,Richness,35,CmP9,13.0,11.24701349206349,-1.7529865079365106,1.7529865079365106,3.072961697007442
CD04_Richness,RANDOM_FOREST,Richness,35,CsP2,10.0,11.761352380952381,1.7613523809523812,1.7613523809523812,3.102362209886622
CD04_Richness,RANDOM_FOREST,Richness,35,CsP3,12.0,11.1045246031746,-0.8954753968254003,0.8954753968254003,0.8018761863196082
CD04_Richness,RANDOM_FOREST,Richness,35,CsP7,9.0,12.880687301587294,3.880687301587294,3.880687301587294,15.059733932700873
CD04_Richness,RANDOM_FOREST,Richness,35,CsP9,6.0,8.959792857142855,2.9597928571428547,2.9597928571428547,8.760373757193863
CD04_Richness,RANDOM_FOREST,Richness,35,CuP3,7.0,10.555192857142858,3.555192857142858,3.555192857142858,12.639396251479598
CD04_Richness,RANDOM_FOREST,Richness,35,CuP8,11.0,10.568898412698424,-0.4311015873015762,0.4311015873015762,0.18584857857393855
CD04_Richness,RANDOM_FOREST,Richness,35,CuP10,13.0,11.887814285714287,-1.1121857142857134,1.1121857142857134,1.2369570630612226
CD04_Richness,RANDOM_FOREST,Richness,35,BsP9,13.0,11.335476406926402,-1.6645235930735982,1.6645235930735982,2.7706387918986417
CD04_Richness,RANDOM_FOREST,Richness,35,BuP2,10.0,13.273839682539684,3.273839682539684,3.273839682539684,10.71802626697154
CD04_Richness,RANDOM_FOREST,Richness,35,BuP9,13.0,11.315532539682538,-1.684467460317462,1.684467460317462,2.8374306248683605
CD04_Richness,RANDOM_FOREST,Richness,35,TmP1,6.0,9.059334920634912,3.059334920634912,3.059334920634912,9.359530156616223
CD04_Richness,RANDOM_FOREST,Richness,35,TmP2,7.0,7.224083333333332,0.22408333333333186,0.22408333333333186,0.050213340277777116
CD04_Richness,RANDOM_FOREST,Richness,35,TsP1,7.0,8.227466666666668,1.2274666666666683,1.2274666666666683,1.5066744177777818
CD04_Richness,RANDOM_FOREST,Richness,35,TsP6,10.0,8.814761904761905,-1.1852380952380948,1.1852380952380948,1.404789342403627
CD04_Richness,RANDOM_FOREST,Richness,35,TuP2,5.0,7.908320634920637,2.9083206349206367,2.9083206349206367,8.458328915505176
CD04_Richness,RANDOM_FOREST,Richness,35,TuP4,6.0,5.651291269841267,-0.3487087301587328,0.3487087301587328,0.12159777848891594
CD04_Richness,RANDOM_FOREST,Richness,35,TuP10,6.0,4.42232619047619,-1.5776738095238096,1.5776738095238096,2.48905464925737
CD04_Richness,RANDOM_FOREST,Richness,36,CmP4,10.0,10.537457142857136,0.5374571428571358,0.5374571428571358,0.28886018040815564
CD04_Richness,RANDOM_FOREST,Richness,36,CmP7,16.0,11.158134126984121,-4.841865873015879,4.841865873015879,23.443665132275814
CD04_Richness,RANDOM_FOREST,Richness,36,CuP2,10.0,11.534336507936517,1.5343365079365174,1.5343365079365174,2.3541885195868266
CD04_Richness,RANDOM_FOREST,Richness,36,CuP10,13.0,11.3827240981241,-1.6172759018758995,1.6172759018758995,2.6155813427885044
CD04_Richness,RANDOM_FOREST,Richness,36,BmP4,11.0,11.978564357864359,0.978564357864359,0.978564357864359,0.9575882024824853
CD04_Richness,RANDOM_FOREST,Richness,36,BmP5,5.0,6.10762857142857,1.1076285714285703,1.1076285714285703,1.2268410522448954
CD04_Richness,RANDOM_FOREST,Richness,36,BmP9,14.0,11.754509595959595,-2.245490404040405,2.245490404040405,5.042227154637541
CD04_Richness,RANDOM_FOREST,Richness,36,BsP2,7.0,8.85926587301587,1.85926587301587,1.85926587301587,3.4568695865614654
CD04_Richness,RANDOM_FOREST,Richness,36,BsP3,8.0,10.571853174603177,2.571853174603177,2.571853174603177,6.61442875171644
CD04_Richness,RANDOM_FOREST,Richness,36,BsP8,16.0,10.72751031746032,-5.27248968253968,5.27248968253968,27.799147452487375
CD04_Richness,RANDOM_FOREST,Richness,36,BsP10,14.0,7.02088492063492,-6.97911507936508,6.97911507936508,48.708047291021046
CD04_Richness,RANDOM_FOREST,Richness,36,TmP4,5.0,6.732649206349204,1.7326492063492038,1.7326492063492038,3.002073272262526
CD04_Richness,RANDOM_FOREST,Richness,36,TmP5,4.0,4.844880952380954,0.8448809523809544,0.8448809523809544,0.7138238236961485
CD04_Richness,RANDOM_FOREST,Richness,36,TmP8,7.0,7.457515873015869,0.45751587301586927,0.45751587301586927,0.209320774061473
CD04_Richness,RANDOM_FOREST,Richness,36,TsP6,10.0,6.98014841269841,-3.0198515873015896,3.0198515873015896,9.11950360932793
CD04_Richness,RANDOM_FOREST,Richness,36,TuP3,2.0,5.794207142857144,3.794207142857144,3.794207142857144,14.396007842908173
CD04_Richness,RANDOM_FOREST,Richness,36,TuP7,5.0,5.1256357142857185,0.1256357142857185,0.1256357142857185,0.015784332704082697
CD04_Richness,RANDOM_FOREST,Richness,36,TuP8,6.0,5.337719047619049,-0.662280952380951,0.662280952380951,0.43861605988661945
CD04_Richness,RANDOM_FOREST,Richness,37,CmP2,15.0,11.64206666666667,-3.35793333333333,3.35793333333333,11.275716271111088
CD04_Richness,RANDOM_FOREST,Richness,37,CmP5,7.0,11.46914617604618,4.469146176046181,4.469146176046181,19.9732675428682
CD04_Richness,RANDOM_FOREST,Richness,37,CmP9,13.0,11.328539826839833,-1.6714601731601668,1.6714601731601668,2.7937791104606147
CD04_Richness,RANDOM_FOREST,Richness,37,CsP3,12.0,11.017655555555558,-0.9823444444444416,0.9823444444444416,0.9650006075308586
CD04_Richness,RANDOM_FOREST,Richness,37,CsP7,9.0,12.459358874458879,3.4593588744588786,3.4593588744588786,11.9671638222974
CD04_Richness,RANDOM_FOREST,Richness,37,CuP9,14.0,11.358052380952373,-2.6419476190476274,2.6419476190476274,6.979887221791428
CD04_Richness,RANDOM_FOREST,Richness,37,BmP10,10.0,9.757526190476186,-0.2424738095238137,0.2424738095238137,0.058793548304990687
CD04_Richness,RANDOM_FOREST,Richness,37,BuP2,10.0,11.992596825396825,1.9925968253968254,1.9925968253968254,3.9704421085815067
CD04_Richness,RANDOM_FOREST,Richness,37,BuP10,16.0,12.365908730158736,-3.6340912698412637,3.6340912698412637,13.20661935753649
CD04_Richness,RANDOM_FOREST,Richness,37,TmP6,14.0,10.66209841269842,-3.3379015873015803,3.3379015873015803,11.14158700651041
CD04_Richness,RANDOM_FOREST,Richness,37,TmP7,9.0,7.426541269841272,-1.5734587301587277,1.5734587301587277,2.475772375512716
CD04_Richness,RANDOM_FOREST,Richness,37,TmP10,10.0,11.8833968975469,1.8833968975469002,1.8833968975469002,3.547183873689289
CD04_Richness,RANDOM_FOREST,Richness,37,TsP2,7.0,8.176346753246756,1.1763467532467562,1.1763467532467562,1.3837916838741846
CD04_Richness,RANDOM_FOREST,Richness,37,TsP3,7.0,8.399121428571426,1.3991214285714264,1.3991214285714264,1.957540771887749
CD04_Richness,RANDOM_FOREST,Richness,37,TsP8,4.0,4.964611111111117,0.9646111111111173,0.9646111111111173,0.9304745956790242
CD04_Richness,RANDOM_FOREST,Richness,37,TuP4,6.0,5.937493650793649,-0.0625063492063509,0.0625063492063509,0.003907043691106283
CD04_Richness,RANDOM_FOREST,Richness,37,TuP6,8.0,7.2154880952380935,-0.7845119047619065,0.7845119047619065,0.6154589287131546
CD04_Richness,RANDOM_FOREST,Richness,37,TuP9,4.0,5.136246031746034,1.1362460317460341,1.1362460317460341,1.2910550446586095
CD04_Richness,RANDOM_FOREST,Richness,38,CmP8,11.0,11.612711688311693,0.612711688311693,0.612711688311693,0.3754156129937652
CD04_Richness,RANDOM_FOREST,Richness,38,CmP10,13.0,10.69906406926406,-2.3009359307359407,2.3009359307359407,5.29430615735167
CD04_Richness,RANDOM_FOREST,Richness,38,CuP4,10.0,13.145508730158733,3.145508730158733,3.145508730158733,9.894225171504806
CD04_Richness,RANDOM_FOREST,Richness,38,CuP6,12.0,9.389600793650791,-2.610399206349209,2.610399206349209,6.81418401650858
CD04_Richness,RANDOM_FOREST,Richness,38,CuP7,10.0,10.786421428571428,0.7864214285714279,0.7864214285714279,0.6184586633163255
CD04_Richness,RANDOM_FOREST,Richness,38,CuP8,11.0,10.265182539682543,-0.7348174603174566,0.7348174603174566,0.5399566999873969
CD04_Richness,RANDOM_FOREST,Richness,38,BmP7,10.0,10.499596825396829,0.4995968253968286,0.4995968253968286,0.24959698794658924
CD04_Richness,RANDOM_FOREST,Richness,38,BsP1,7.0,10.841417460317468,3.8414174603174676,3.8414174603174676,14.756488104431902
CD04_Richness,RANDOM_FOREST,Richness,38,BsP6,8.0,10.065664285714286,2.065664285714286,2.065664285714286,4.266968941275511
CD04_Richness,RANDOM_FOREST,Richness,38,BuP1,7.0,8.925512698412692,1.9255126984126925,1.9255126984126925,3.7075991517485285
CD04_Richness,RANDOM_FOREST,Richness,38,BuP5,11.0,13.59325555555555,2.593255555555549,2.593255555555549,6.72497437641972
CD04_Richness,RANDOM_FOREST,Richness,38,BuP9,13.0,11.578611111111115,-1.4213888888888846,1.4213888888888846,2.020346373456778
CD04_Richness,RANDOM_FOREST,Richness,38,TmP9,9.0,11.774619047619051,2.7746190476190513,2.7746190476190513,7.698510859410451
CD04_Richness,RANDOM_FOREST,Richness,38,TsP4,4.0,5.513619047619048,1.5136190476190476,1.5136190476190476,2.2910426213151927
CD04_Richness,RANDOM_FOREST,Richness,38,TsP9,7.0,6.391383333333336,-0.6086166666666637,0.6086166666666637,0.3704142469444408
CD04_Richness,RANDOM_FOREST,Richness,38,TsP10,8.0,7.985430952380954,-0.014569047619046316,0.014569047619046316,0.00021225714852603913
CD04_Richness,RANDOM_FOREST,Richness,38,TuP2,5.0,8.78659523809524,3.7865952380952397,3.7865952380952397,14.338303497165544
CD04_Richness,RANDOM_FOREST,Richness,38,TuP5,3.0,5.9451499999999955,2.9451499999999955,2.9451499999999955,8.673908522499973
CD04_Richness,RANDOM_FOREST,Richness,39,CmP1,12.0,10.929876984126976,-1.0701230158730244,1.0701230158730244,1.1451632691011773
CD04_Richness,RANDOM_FOREST,Richness,39,CmP3,12.0,11.893584126984116,-0.10641587301588373,0.10641587301588373,0.011324338029732692
CD04_Richness,RANDOM_FOREST,Richness,39,CsP1,11.0,10.537457142857145,-0.46254285714285537,0.46254285714285537,0.2139458946938759
CD04_Richness,RANDOM_FOREST,Richness,39,CsP2,10.0,10.985845238095239,0.9858452380952389,0.9858452380952389,0.9718908334750583
CD04_Richness,RANDOM_FOREST,Richness,39,CsP4,13.0,11.924073809523813,-1.0759261904761868,1.0759261904761868,1.1576171673525997
CD04_Richness,RANDOM_FOREST,Richness,39,CsP5,5.0,6.437624603174595,1.4376246031745952,1.4376246031745952,2.0667644996529124
CD04_Richness,RANDOM_FOREST,Richness,39,CsP6,15.0,11.253509523809528,-3.7464904761904716,3.7464904761904716,14.036190888185907
CD04_Richness,RANDOM_FOREST,Richness,39,CsP8,7.0,9.77503412698413,2.7750341269841297,2.7750341269841297,7.700814405926571
CD04_Richness,RANDOM_FOREST,Richness,39,CsP10,10.0,11.387102380952381,1.3871023809523813,1.3871023809523813,1.924053015243765
CD04_Richness,RANDOM_FOREST,Richness,39,CuP3,7.0,11.09273809523809,4.09273809523809,4.09273809523809,16.75050511621311
CD04_Richness,RANDOM_FOREST,Richness,39,BmP1,10.0,9.214586507936522,-0.7854134920634781,0.7854134920634781,0.6168743535153471
CD04_Richness,RANDOM_FOREST,Richness,39,BsP9,13.0,10.502752380952384,-2.4972476190476165,2.4972476190476165,6.23624567083899
CD04_Richness,RANDOM_FOREST,Richness,39,BuP3,9.0,9.976676984126982,0.976676984126982,0.976676984126982,0.9538979313233771
CD04_Richness,RANDOM_FOREST,Richness,39,BuP4,11.0,11.40052619047619,0.40052619047619054,0.40052619047619054,0.16042122925736965
CD04_Richness,RANDOM_FOREST,Richness,39,BuP7,13.0,11.740867460317457,-1.2591325396825432,1.2591325396825432,1.5854147524874114
CD04_Richness,RANDOM_FOREST,Richness,39,TsP1,7.0,8.232069841269842,1.2320698412698423,1.2320698412698423,1.5179960937666945
CD04_Richness,RANDOM_FOREST,Richness,39,TsP7,7.0,7.222597619047621,0.22259761904762065,0.22259761904762065,0.04954970000566965
CD04_Richness,RANDOM_FOREST,Richness,39,TuP10,6.0,4.4262968253968245,-1.5737031746031755,1.5737031746031755,2.476541681756113
CD04_Richness,RANDOM_FOREST,Richness,40,CmP6,13.0,10.695527777777775,-2.304472222222225,2.304472222222225,5.310592222993841
CD04_Richness,RANDOM_FOREST,Richness,40,CsP9,6.0,8.609390476190475,2.609390476190475,2.609390476190475,6.808918657233553
CD04_Richness,RANDOM_FOREST,Richness,40,CuP1,8.0,9.686052380952376,1.6860523809523755,1.6860523809523755,2.8427726313151744
CD04_Richness,RANDOM_FOREST,Richness,40,CuP5,13.0,10.818319841269851,-2.181680158730149,2.181680158730149,4.759728314996808
CD04_Richness,RANDOM_FOREST,Richness,40,BmP2,10.0,11.808580952380957,1.8085809523809573,1.8085809523809573,3.2709650613152106
CD04_Richness,RANDOM_FOREST,Richness,40,BmP3,11.0,11.241538888888885,0.24153888888888453,0.24153888888888453,0.0583410348456769
CD04_Richness,RANDOM_FOREST,Richness,40,BmP6,14.0,11.876735714285712,-2.1232642857142885,2.1232642857142885,4.508251226989808
CD04_Richness,RANDOM_FOREST,Richness,40,BmP8,8.0,10.249535786435791,2.249535786435791,2.249535786435791,5.060411254455293
CD04_Richness,RANDOM_FOREST,Richness,40,BsP4,13.0,10.686995238095244,-2.3130047619047556,2.3130047619047556,5.349991028594075
CD04_Richness,RANDOM_FOREST,Richness,40,BsP5,12.0,7.71122857142857,-4.28877142857143,4.28877142857143,18.39356036653062
CD04_Richness,RANDOM_FOREST,Richness,40,BsP7,11.0,10.953888095238103,-0.04611190476189719,0.04611190476189719,0.002126307760770277
CD04_Richness,RANDOM_FOREST,Richness,40,BuP6,12.0,10.027016666666663,-1.972983333333337,1.972983333333337,3.8926632336111258
CD04_Richness,RANDOM_FOREST,Richness,40,BuP8,14.0,11.211730952380947,-2.7882690476190533,2.7882690476190533,7.774444281910462
CD04_Richness,RANDOM_FOREST,Richness,40,TmP1,6.0,9.469959523809532,3.469959523809532,3.469959523809532,12.040619096876474
CD04_Richness,RANDOM_FOREST,Richness,40,TmP2,7.0,6.171796031746029,-0.8282039682539706,0.8282039682539706,0.6859218130316239
CD04_Richness,RANDOM_FOREST,Richness,40,TmP3,10.0,8.134990476190474,-1.8650095238095261,1.8650095238095261,3.4782605239002353
CD04_Richness,RANDOM_FOREST,Richness,40,TsP5,3.0,4.572533333333333,1.5725333333333333,1.5725333333333333,2.4728610844444443
CD04_Richness,RANDOM_FOREST,Richness,40,TuP1,5.0,5.776588095238094,0.7765880952380941,0.7765880952380941,0.6030890696655312
CD04_Richness,RANDOM_FOREST,Richness,41,CmP7,16.0,10.742133333333333,-5.257866666666667,5.257866666666667,27.645161884444445
CD04_Richness,RANDOM_FOREST,Richness,41,CmP9,13.0,10.708096825396835,-2.2919031746031653,2.2919031746031653,5.252820161756067
CD04_Richness,RANDOM_FOREST,Richness,41,CsP3,12.0,10.975240476190478,-1.0247595238095215,1.0247595238095215,1.0501320816383173
CD04_Richness,RANDOM_FOREST,Richness,41,CsP6,15.0,11.037226984126981,-3.962773015873019,3.962773015873019,15.703569975331341
CD04_Richness,RANDOM_FOREST,Richness,41,CuP2,10.0,10.964888095238097,0.9648880952380967,0.9648880952380967,0.9310090363322023
CD04_Richness,RANDOM_FOREST,Richness,41,CuP9,14.0,11.092392857142865,-2.9076071428571346,2.9076071428571346,8.45417929719383
CD04_Richness,RANDOM_FOREST,Richness,41,BmP5,5.0,6.764351587301586,1.7643515873015856,1.7643515873015856,3.1129365236136244
CD04_Richness,RANDOM_FOREST,Richness,41,BmP6,14.0,10.660432539682551,-3.3395674603174488,3.3395674603174488,11.152710822011136
CD04_Richness,RANDOM_FOREST,Richness,41,BmP10,10.0,9.550628571428573,-0.44937142857142653,0.44937142857142653,0.2019346808163247
CD04_Richness,RANDOM_FOREST,Richness,41,BsP2,7.0,8.886600793650793,1.8866007936507927,1.8866007936507927,3.559262554603801
CD04_Richness,RANDOM_FOREST,Richness,41,BsP3,8.0,10.154376190476189,2.1543761904761887,2.1543761904761887,4.641336770090695
CD04_Richness,RANDOM_FOREST,Richness,41,BuP10,16.0,11.08355317460318,-4.91644682539682,4.91644682539682,24.171449386954468
CD04_Richness,RANDOM_FOREST,Richness,41,TmP4,5.0,7.626780952380953,2.626780952380953,2.626780952380953,6.8999781717913855
CD04_Richness,RANDOM_FOREST,Richness,41,TmP6,14.0,10.997550000000002,-3.002449999999998,3.002449999999998,9.014706002499986
CD04_Richness,RANDOM_FOREST,Richness,41,TmP8,7.0,7.696888095238091,0.6968880952380907,0.6968880952380907,0.48565301728457416
CD04_Richness,RANDOM_FOREST,Richness,41,TuP2,5.0,8.739856349206354,3.739856349206354,3.739856349206354,13.98652551269908
CD04_Richness,RANDOM_FOREST,Richness,41,TuP5,3.0,6.168475396825402,3.168475396825402,3.168475396825402,10.039236340287887
CD04_Richness,RANDOM_FOREST,Richness,41,TuP9,4.0,5.321232539682538,1.321232539682538,1.321232539682538,1.7456554239159692
CD04_Richness,RANDOM_FOREST,Richness,42,CmP10,13.0,10.791940476190469,-2.2080595238095313,2.2080595238095313,4.875526860685974
CD04_Richness,RANDOM_FOREST,Richness,42,CsP8,7.0,9.260450000000002,2.2604500000000023,2.2604500000000023,5.10963420250001
CD04_Richness,RANDOM_FOREST,Richness,42,CsP9,6.0,9.318190476190468,3.318190476190468,3.318190476190468,11.010388036281125
CD04_Richness,RANDOM_FOREST,Richness,42,CsP10,10.0,11.744272222222229,1.7442722222222287,1.7442722222222287,3.0424855852160717
CD04_Richness,RANDOM_FOREST,Richness,42,CuP4,10.0,13.194268253968254,3.1942682539682536,3.1942682539682536,10.203349678309396
CD04_Richness,RANDOM_FOREST,Richness,42,CuP5,13.0,10.636434920634917,-2.363565079365083,2.363565079365083,5.58643988439407
CD04_Richness,RANDOM_FOREST,Richness,42,CuP7,10.0,10.867682539682544,0.8676825396825443,0.8676825396825443,0.75287298966995
CD04_Richness,RANDOM_FOREST,Richness,42,BsP1,7.0,10.109326984126985,3.1093269841269855,3.1093269841269855,9.667914294220216
CD04_Richness,RANDOM_FOREST,Richness,42,BsP6,8.0,10.096780158730159,2.0967801587301587,2.0967801587301587,4.396487034044469
CD04_Richness,RANDOM_FOREST,Richness,42,BsP7,11.0,12.122673015873017,1.1226730158730174,1.1226730158730174,1.2603947005694163
CD04_Richness,RANDOM_FOREST,Richness,42,BsP8,16.0,11.388256349206346,-4.611743650793654,4.611743650793654,21.268179500635583
CD04_Richness,RANDOM_FOREST,Richness,42,BuP2,10.0,13.073344444444436,3.0733444444444356,3.0733444444444356,9.445446074197477
CD04_Richness,RANDOM_FOREST,Richness,42,BuP6,12.0,10.570881746031743,-1.429118253968257,1.429118253968257,2.0423789838252793
CD04_Richness,RANDOM_FOREST,Richness,42,TmP3,10.0,8.625809523809519,-1.3741904761904813,1.3741904761904813,1.8883994648526217
CD04_Richness,RANDOM_FOREST,Richness,42,TmP10,10.0,12.082486507936508,2.0824865079365082,2.0824865079365082,4.336750055737593
CD04_Richness,RANDOM_FOREST,Richness,42,TsP1,7.0,8.128247619047622,1.128247619047622,1.128247619047622,1.272942689886628
CD04_Richness,RANDOM_FOREST,Richness,42,TuP4,6.0,5.347599206349205,-0.652400793650795,0.652400793650795,0.42562679555618715
CD04_Richness,RANDOM_FOREST,Richness,42,TuP8,6.0,5.028998412698412,-0.971001587301588,0.971001587301588,0.9428440825422035
CD04_Richness,RANDOM_FOREST,Richness,43,CmP2,15.0,11.419934126984128,-3.5800658730158723,3.5800658730158723,12.8168716551329
CD04_Richness,RANDOM_FOREST,Richness,43,CsP1,11.0,9.836553968253966,-1.1634460317460338,1.1634460317460338,1.353606668785593
CD04_Richness,RANDOM_FOREST,Richness,43,CsP2,10.0,11.80956825396825,1.8095682539682496,1.8095682539682496,3.2745372657696996
CD04_Richness,RANDOM_FOREST,Richness,43,CsP4,13.0,12.444711111111104,-0.5552888888888958,0.5552888888888958,0.3083457501234645
CD04_Richness,RANDOM_FOREST,Richness,43,CsP5,5.0,5.863153968253968,0.8631539682539682,0.8631539682539682,0.7450347729125723
CD04_Richness,RANDOM_FOREST,Richness,43,CuP10,13.0,11.533397619047623,-1.4666023809523772,1.4666023809523772,2.1509225438151818
CD04_Richness,RANDOM_FOREST,Richness,43,BmP8,8.0,10.883675396825389,2.8836753968253888,2.8836753968253888,8.315583794256064
CD04_Richness,RANDOM_FOREST,Richness,43,BsP4,13.0,10.883126190476192,-2.116873809523808,2.116873809523808,4.48115472544784
CD04_Richness,RANDOM_FOREST,Richness,43,BsP10,14.0,6.788657792207791,-7.211342207792209,7.211342207792209,52.00345643788542
CD04_Richness,RANDOM_FOREST,Richness,43,BuP9,13.0,11.312680158730158,-1.6873198412698418,1.6873198412698418,2.847048246742884
CD04_Richness,RANDOM_FOREST,Richness,43,TmP1,6.0,9.524752380952384,3.5247523809523837,3.5247523809523837,12.423879347029498
CD04_Richness,RANDOM_FOREST,Richness,43,TsP2,7.0,6.968442857142852,-0.031557142857147724,0.031557142857147724,0.0009958532653064297
CD04_Richness,RANDOM_FOREST,Richness,43,TsP3,7.0,7.599630014430013,0.5996300144300131,0.5996300144300131,0.3595561542053377
CD04_Richness,RANDOM_FOREST,Richness,43,TsP6,10.0,6.8998499999999945,-3.1001500000000055,3.1001500000000055,9.610930022500034
CD04_Richness,RANDOM_FOREST,Richness,43,TsP8,4.0,4.891410317460321,0.8914103174603207,0.8914103174603207,0.7946123540747098
CD04_Richness,RANDOM_FOREST,Richness,43,TuP3,2.0,5.1467339826839815,3.1467339826839815,3.1467339826839815,9.901934757778193
CD04_Richness,RANDOM_FOREST,Richness,43,TuP6,8.0,6.855191125541121,-1.144808874458879,1.144808874458879,1.3105873590398052
CD04_Richness,RANDOM_FOREST,Richness,43,TuP10,6.0,4.665797619047618,-1.334202380952382,1.334202380952382,1.780095993339005
CD04_Richness,RANDOM_FOREST,Richness,44,CmP4,10.0,10.06403809523809,0.06403809523808945,0.06403809523808945,0.004100877641722615
CD04_Richness,RANDOM_FOREST,Richness,44,CmP8,11.0,12.124020634920624,1.1240206349206243,1.1240206349206243,1.2634223877273634
CD04_Richness,RANDOM_FOREST,Richness,44,CuP6,12.0,9.298138888888882,-2.7018611111111177,2.7018611111111177,7.300053463734604
CD04_Richness,RANDOM_FOREST,Richness,44,CuP8,11.0,10.530189682539683,-0.46981031746031654,0.46981031746031654,0.22072173439216342
CD04_Richness,RANDOM_FOREST,Richness,44,BmP1,10.0,8.933318253968258,-1.0666817460317422,1.0666817460317422,1.137809947317326
CD04_Richness,RANDOM_FOREST,Richness,44,BmP2,10.0,11.716781818181815,1.7167818181818149,1.7167818181818149,2.947339811239658
CD04_Richness,RANDOM_FOREST,Richness,44,BmP4,11.0,12.005064285714289,1.0050642857142886,1.0050642857142886,1.0101542184183732
CD04_Richness,RANDOM_FOREST,Richness,44,BmP9,14.0,12.13969761904762,-1.8603023809523798,1.8603023809523798,3.4607249485770932
CD04_Richness,RANDOM_FOREST,Richness,44,BsP5,12.0,7.697842857142857,-4.302157142857143,4.302157142857143,18.508556081836737
CD04_Richness,RANDOM_FOREST,Richness,44,BuP1,7.0,6.391816666666666,-0.6081833333333337,0.6081833333333337,0.36988696694444495
CD04_Richness,RANDOM_FOREST,Richness,44,BuP4,11.0,11.790167460317459,0.7901674603174591,0.7901674603174591,0.6243646153445433
CD04_Richness,RANDOM_FOREST,Richness,44,BuP7,13.0,11.62382142857144,-1.3761785714285608,1.3761785714285608,1.8938674604591546
CD04_Richness,RANDOM_FOREST,Richness,44,BuP8,14.0,11.042054761904762,-2.9579452380952382,2.9579452380952382,8.749440031570296
CD04_Richness,RANDOM_FOREST,Richness,44,TmP2,7.0,6.177713492063492,-0.822286507936508,0.822286507936508,0.6761551011344169
CD04_Richness,RANDOM_FOREST,Richness,44,TmP5,4.0,4.631809523809519,0.6318095238095189,0.6318095238095189,0.3991832743764111
CD04_Richness,RANDOM_FOREST,Richness,44,TmP7,9.0,7.456253174603175,-1.5437468253968252,1.5437468253968252,2.383154260922776
CD04_Richness,RANDOM_FOREST,Richness,44,TsP10,8.0,7.764184920634919,-0.23581507936508128,0.23581507936508128,0.05560875165595958
CD04_Richness,RANDOM_FOREST,Richness,44,TuP7,5.0,4.800302380952377,-0.1996976190476234,0.1996976190476234,0.03987913905328972
CD04_Richness,RANDOM_FOREST,Richness,45,CmP1,12.0,11.518310606060602,-0.4816893939393978,0.4816893939393978,0.23202467223370438
CD04_Richness,RANDOM_FOREST,Richness,45,CmP3,12.0,12.300119047619042,0.3001190476190416,0.3001190476190416,0.09007144274376057
CD04_Richness,RANDOM_FOREST,Richness,45,CmP5,7.0,11.652695238095234,4.652695238095234,4.652695238095234,21.647572978594063
CD04_Richness,RANDOM_FOREST,Richness,45,CmP6,13.0,11.442499999999988,-1.5575000000000117,1.5575000000000117,2.4258062500000364
CD04_Richness,RANDOM_FOREST,Richness,45,CsP7,9.0,12.21061904761905,3.2106190476190495,3.2106190476190495,10.308074668934252
CD04_Richness,RANDOM_FOREST,Richness,45,CuP1,8.0,11.292921428571425,3.2929214285714252,3.2929214285714252,10.843331534744875
CD04_Richness,RANDOM_FOREST,Richness,45,CuP3,7.0,11.41070238095238,4.4107023809523795,4.4107023809523795,19.45429549333899
CD04_Richness,RANDOM_FOREST,Richness,45,BmP3,11.0,11.526569047619047,0.5265690476190468,0.5265690476190468,0.27727496191042994
CD04_Richness,RANDOM_FOREST,Richness,45,BmP7,10.0,9.845467748917754,-0.15453225108224622,0.15453225108224622,0.023880216624546386
CD04_Richness,RANDOM_FOREST,Richness,45,BsP9,13.0,11.43698492063492,-1.5630150793650799,1.5630150793650799,2.4430161383226268
CD04_Richness,RANDOM_FOREST,Richness,45,BuP3,9.0,8.67924285714286,-0.32075714285713985,0.32075714285713985,0.10288514469387562
CD04_Richness,RANDOM_FOREST,Richness,45,BuP5,11.0,13.384039682539674,2.384039682539674,2.384039682539674,5.68364520792387
CD04_Richness,RANDOM_FOREST,Richness,45,TmP9,9.0,11.15653679653679,2.1565367965367894,2.1565367965367894,4.6506509548171575
CD04_Richness,RANDOM_FOREST,Richness,45,TsP4,4.0,5.641620779220782,1.6416207792207818,1.6416207792207818,2.6949187827694465
CD04_Richness,RANDOM_FOREST,Richness,45,TsP5,3.0,5.070001731601733,2.0700017316017334,2.0700017316017334,4.284907168834175
CD04_Richness,RANDOM_FOREST,Richness,45,TsP7,7.0,7.361661255411255,0.3616612554112546,0.3616612554112546,0.13079886366564475
CD04_Richness,RANDOM_FOREST,Richness,45,TsP9,7.0,7.194423160173158,0.19442316017315786,0.19442316017315786,0.037800365211717396
CD04_Richness,RANDOM_FOREST,Richness,45,TuP1,5.0,5.786577128427128,0.7865771284271279,0.7865771284271279,0.6187035789646664
CD04_Richness,RANDOM_FOREST,Richness,46,CmP10,13.0,10.454575396825394,-2.545424603174606,2.545424603174606,6.479186410446601
CD04_Richness,RANDOM_FOREST,Richness,46,CsP8,7.0,9.34001349206349,2.3400134920634894,2.3400134920634894,5.475663143039166
CD04_Richness,RANDOM_FOREST,Richness,46,CsP10,10.0,12.28410238095238,2.2841023809523797,2.2841023809523797,5.21712368667233
CD04_Richness,RANDOM_FOREST,Richness,46,CuP9,14.0,11.24497777777777,-2.7550222222222303,2.7550222222222303,7.5901474449383155
CD04_Richness,RANDOM_FOREST,Richness,46,BmP3,11.0,10.958505555555554,-0.04149444444444583,0.04149444444444583,0.0017217889197532017
CD04_Richness,RANDOM_FOREST,Richness,46,BmP10,10.0,9.883604761904756,-0.11639523809524377,0.11639523809524377,0.013547851451248486
CD04_Richness,RANDOM_FOREST,Richness,46,BsP4,13.0,10.73700396825396,-2.26299603174604,2.26299603174604,5.121151039698323
CD04_Richness,RANDOM_FOREST,Richness,46,BuP7,13.0,11.774769841269832,-1.2252301587301684,1.2252301587301684,1.5011889418619535
CD04_Richness,RANDOM_FOREST,Richness,46,BuP8,14.0,11.179830158730155,-2.820169841269845,2.820169841269845,7.953357933607982
CD04_Richness,RANDOM_FOREST,Richness,46,BuP10,16.0,11.21805793650794,-4.78194206349206,4.78194206349206,22.866969898594704
CD04_Richness,RANDOM_FOREST,Richness,46,TmP2,7.0,6.90562619047619,-0.0943738095238098,0.0943738095238098,0.008906415924036334
CD04_Richness,RANDOM_FOREST,Richness,46,TmP4,5.0,7.378017460317459,2.3780174603174586,2.3780174603174586,5.654967041574696
CD04_Richness,RANDOM_FOREST,Richness,46,TmP5,4.0,4.850449206349208,0.8504492063492082,0.8504492063492082,0.723263852579998
CD04_Richness,RANDOM_FOREST,Richness,46,TsP2,7.0,8.732031746031748,1.7320317460317476,1.7320317460317476,2.999933969261784
CD04_Richness,RANDOM_FOREST,Richness,46,TsP7,7.0,6.9626703463203485,-0.037329653679651464,0.037329653679651464,0.001393503043842716
CD04_Richness,RANDOM_FOREST,Richness,46,TsP9,7.0,6.630648917748921,-0.3693510822510788,0.3693510822510788,0.1364202219600432
CD04_Richness,RANDOM_FOREST,Richness,46,TuP1,5.0,5.675861904761907,0.6758619047619074,0.6758619047619074,0.45678931430839365
CD04_Richness,RANDOM_FOREST,Richness,46,TuP4,6.0,5.661934920634924,-0.3380650793650757,0.3380650793650757,0.11428799788611492
CD04_Richness,RANDOM_FOREST,Richness,47,CmP2,15.0,10.577503174603178,-4.422496825396822,4.422496825396822,19.558478170644968
CD04_Richness,RANDOM_FOREST,Richness,47,CmP3,12.0,10.402535714285717,-1.597464285714283,1.597464285714283,2.551892144132644
CD04_Richness,RANDOM_FOREST,Richness,47,CmP7,16.0,11.053461904761903,-4.946538095238097,4.946538095238097,24.468239127641738
CD04_Richness,RANDOM_FOREST,Richness,47,CsP1,11.0,10.442881746031746,-0.5571182539682535,0.5571182539682535,0.31038074890463546
CD04_Richness,RANDOM_FOREST,Richness,47,CsP3,12.0,11.184403968253967,-0.8155960317460327,0.8155960317460327,0.6651968869998756
CD04_Richness,RANDOM_FOREST,Richness,47,CuP4,10.0,12.732853174603171,2.7328531746031715,2.7328531746031715,7.468486473938633
CD04_Richness,RANDOM_FOREST,Richness,47,CuP8,11.0,10.064651948051951,-0.9353480519480488,0.9353480519480488,0.8748759782830098
CD04_Richness,RANDOM_FOREST,Richness,47,BmP1,10.0,9.263023015873012,-0.7369769841269882,0.7369769841269882,0.543135075132911
CD04_Richness,RANDOM_FOREST,Richness,47,BmP7,10.0,10.375654761904766,0.3756547619047659,0.3756547619047659,0.14111650014172633
CD04_Richness,RANDOM_FOREST,Richness,47,BmP8,8.0,10.747296031746036,2.7472960317460355,2.7472960317460355,7.547635486047514
CD04_Richness,RANDOM_FOREST,Richness,47,BmP9,14.0,11.539433333333331,-2.4605666666666686,2.4605666666666686,6.05438832111112
CD04_Richness,RANDOM_FOREST,Richness,47,BuP2,10.0,12.866234920634911,2.866234920634911,2.866234920634911,8.215302620267014
CD04_Richness,RANDOM_FOREST,Richness,47,BuP3,9.0,8.738044444444435,-0.2619555555555646,0.2619555555555646,0.06862071308642449
CD04_Richness,RANDOM_FOREST,Richness,47,TmP8,7.0,7.453459523809527,0.4534595238095269,0.4534595238095269,0.2056255397335629
CD04_Richness,RANDOM_FOREST,Richness,47,TsP1,7.0,7.774907936507935,0.774907936507935,0.774907936507935,0.6004823100629858
CD04_Richness,RANDOM_FOREST,Richness,47,TuP5,3.0,5.426178571428572,2.426178571428572,2.426178571428572,5.886342460459187
CD04_Richness,RANDOM_FOREST,Richness,47,TuP7,5.0,4.823723809523808,-0.1762761904761918,0.1762761904761918,0.031073295328798656
CD04_Richness,RANDOM_FOREST,Richness,47,TuP8,6.0,5.184942063492061,-0.8150579365079391,0.8150579365079391,0.6643194398645798
CD04_Richness,RANDOM_FOREST,Richness,48,CmP9,13.0,11.115390476190482,-1.8846095238095177,1.8846095238095177,3.551753057233537
CD04_Richness,RANDOM_FOREST,Richness,48,CsP5,5.0,7.4180380952380975,2.4180380952380975,2.4180380952380975,5.846908230022687
CD04_Richness,RANDOM_FOREST,Richness,48,CsP7,9.0,12.606346825396825,3.606346825396825,3.606346825396825,13.005737425049757
CD04_Richness,RANDOM_FOREST,Richness,48,CuP10,13.0,11.590817460317462,-1.4091825396825381,1.4091825396825381,1.9857954301461282
CD04_Richness,RANDOM_FOREST,Richness,48,BmP5,5.0,7.4180380952380975,2.4180380952380975,2.4180380952380975,5.846908230022687
CD04_Richness,RANDOM_FOREST,Richness,48,BmP6,14.0,10.789858730158729,-3.2101412698412712,3.2101412698412712,10.305006972338129
CD04_Richness,RANDOM_FOREST,Richness,48,BsP5,12.0,7.757200000000002,-4.242799999999998,4.242799999999998,18.001351839999984
CD04_Richness,RANDOM_FOREST,Richness,48,BsP7,11.0,10.044285714285717,-0.9557142857142829,0.9557142857142829,0.9133897959183619
CD04_Richness,RANDOM_FOREST,Richness,48,BsP8,16.0,8.921576190476191,-7.078423809523809,7.078423809523809,50.10408362723355
CD04_Richness,RANDOM_FOREST,Richness,48,BuP4,11.0,11.034092063492057,0.03409206349205718,0.03409206349205718,0.001162268793146458
CD04_Richness,RANDOM_FOREST,Richness,48,BuP9,13.0,10.893831746031744,-2.1061682539682565,2.1061682539682565,4.4359447140236945
CD04_Richness,RANDOM_FOREST,Richness,48,TmP3,10.0,8.310105555555563,-1.6898944444444375,1.6898944444444375,2.855743233364174
CD04_Richness,RANDOM_FOREST,Richness,48,TmP6,14.0,8.986473809523812,-5.013526190476188,5.013526190476188,25.13544486259068
CD04_Richness,RANDOM_FOREST,Richness,48,TsP4,4.0,5.8711023809523795,1.8711023809523795,1.8711023809523795,3.5010241200056633
CD04_Richness,RANDOM_FOREST,Richness,48,TsP6,10.0,8.35290476190476,-1.6470952380952397,1.6470952380952397,2.7129227233560145
CD04_Richness,RANDOM_FOREST,Richness,48,TuP3,2.0,5.855769047619054,3.855769047619054,3.855769047619054,14.866954948577147
CD04_Richness,RANDOM_FOREST,Richness,48,TuP6,8.0,7.337307936507935,-0.6626920634920648,0.6626920634920648,0.4391607710153708
CD04_Richness,RANDOM_FOREST,Richness,48,TuP10,6.0,4.820507936507937,-1.179492063492063,1.179492063492063,1.3912015278407646
CD04_Richness,RANDOM_FOREST,Richness,49,CmP1,12.0,11.286310101010098,-0.7136898989899016,0.7136898989899016,0.5093532719202161
CD04_Richness,RANDOM_FOREST,Richness,49,CmP5,7.0,10.91000793650794,3.91000793650794,3.91000793650794,15.288162063555077
CD04_Richness,RANDOM_FOREST,Richness,49,CmP6,13.0,11.027418253968255,-1.9725817460317447,1.9725817460317447,3.891078744777647
CD04_Richness,RANDOM_FOREST,Richness,49,CsP2,10.0,11.41667200577201,1.4166720057720106,1.4166720057720106,2.0069595719380917
CD04_Richness,RANDOM_FOREST,Richness,49,CsP4,13.0,12.323385714285712,-0.6766142857142885,0.6766142857142885,0.4578068916326568
CD04_Richness,RANDOM_FOREST,Richness,49,CsP9,6.0,10.754554761904767,4.7545547619047674,4.7545547619047674,22.6057909839513
CD04_Richness,RANDOM_FOREST,Richness,49,CuP1,8.0,10.281457142857146,2.281457142857146,2.281457142857146,5.205046694693893
CD04_Richness,RANDOM_FOREST,Richness,49,CuP2,10.0,11.49780873015873,1.4978087301587308,1.4978087301587308,2.24343099213971
CD04_Richness,RANDOM_FOREST,Richness,49,CuP6,12.0,10.876591269841272,-1.1234087301587277,1.1234087301587277,1.262047174996845
CD04_Richness,RANDOM_FOREST,Richness,49,BmP4,11.0,13.089088095238091,2.0890880952380915,2.0890880952380915,4.364289069665517
CD04_Richness,RANDOM_FOREST,Richness,49,BsP1,7.0,10.473880952380958,3.4738809523809575,3.4738809523809575,12.067848871315228
CD04_Richness,RANDOM_FOREST,Richness,49,BsP2,7.0,9.823065079365085,2.823065079365085,2.823065079365085,7.969696442330593
CD04_Richness,RANDOM_FOREST,Richness,49,BsP6,8.0,10.918465873015881,2.9184658730158812,2.9184658730158812,8.51744305195835
CD04_Richness,RANDOM_FOREST,Richness,49,BsP9,13.0,11.96428412698413,-1.0357158730158709,1.0357158730158709,1.0727073696170275
CD04_Richness,RANDOM_FOREST,Richness,49,BuP1,7.0,9.645510317460321,2.645510317460321,2.645510317460321,6.998724839789008
CD04_Richness,RANDOM_FOREST,Richness,49,TmP9,9.0,11.71631428571429,2.71631428571429,2.71631428571429,7.378363298775534
CD04_Richness,RANDOM_FOREST,Richness,49,TmP10,10.0,12.669332539682548,2.6693325396825482,2.6693325396825482,7.125336207408083
CD04_Richness,RANDOM_FOREST,Richness,49,TsP3,7.0,10.716521428571433,3.7165214285714328,3.7165214285714328,13.812531529030643
CD04_Richness,RANDOM_FOREST,Richness,50,CmP4,10.0,11.659041269841271,1.6590412698412713,1.6590412698412713,2.752417935036538
CD04_Richness,RANDOM_FOREST,Richness,50,CmP8,11.0,11.88139444444445,0.8813944444444495,0.8813944444444495,0.7768561666975398
CD04_Richness,RANDOM_FOREST,Richness,50,CsP6,15.0,11.59140158730159,-3.40859841269841,3.40859841269841,11.618543139050121
CD04_Richness,RANDOM_FOREST,Richness,50,CuP3,7.0,11.363723809523808,4.363723809523808,4.363723809523808,19.04208548580498
CD04_Richness,RANDOM_FOREST,Richness,50,CuP5,13.0,12.324509523809523,-0.6754904761904772,0.6754904761904772,0.45628738342403763
CD04_Richness,RANDOM_FOREST,Richness,50,CuP7,10.0,11.950695238095246,1.9506952380952463,1.9506952380952463,3.8052119119274694
CD04_Richness,RANDOM_FOREST,Richness,50,BmP2,10.0,11.078710317460322,1.078710317460322,1.078710317460322,1.1636159489953488
CD04_Richness,RANDOM_FOREST,Richness,50,BsP3,8.0,11.161768253968257,3.1617682539682566,3.1617682539682566,9.996778491801479
CD04_Richness,RANDOM_FOREST,Richness,50,BsP10,14.0,7.752682539682534,-6.247317460317466,6.247317460317466,39.02897544998747
CD04_Richness,RANDOM_FOREST,Richness,50,BuP5,11.0,13.187653174603176,2.1876531746031755,2.1876531746031755,4.785826412351352
CD04_Richness,RANDOM_FOREST,Richness,50,BuP6,12.0,9.771492063492062,-2.2285079365079383,2.2285079365079383,4.9662476230788695
CD04_Richness,RANDOM_FOREST,Richness,50,TmP1,6.0,9.413071428571428,3.4130714285714276,3.4130714285714276,11.649056576530606
CD04_Richness,RANDOM_FOREST,Richness,50,TmP7,9.0,8.18795,-0.8120499999999993,0.8120499999999993,0.6594252024999988
CD04_Richness,RANDOM_FOREST,Richness,50,TsP5,3.0,5.184664285714289,2.1846642857142893,2.1846642857142893,4.772758041275526
CD04_Richness,RANDOM_FOREST,Richness,50,TsP8,4.0,5.252859523809525,1.2528595238095246,1.2528595238095246,1.5696569864002288
CD04_Richness,RANDOM_FOREST,Richness,50,TsP10,8.0,7.313379365079362,-0.6866206349206383,0.6866206349206383,0.47144789629882045
CD04_Richness,RANDOM_FOREST,Richness,50,TuP2,5.0,7.26518571428571,2.2651857142857104,2.2651857142857104,5.131066320204064
CD04_Richness,RANDOM_FOREST,Richness,50,TuP9,4.0,5.529946825396831,1.5299468253968307,1.5299468253968307,2.3407372885418405
CD04_Richness,RANDOM_FOREST,Richness,51,CmP7,16.0,11.130363492063495,-4.869636507936505,4.869636507936505,23.71335971942804
CD04_Richness,RANDOM_FOREST,Richness,51,CsP6,15.0,11.55032222222222,-3.4496777777777794,3.4496777777777794,11.900276770493837
CD04_Richness,RANDOM_FOREST,Richness,51,CuP3,7.0,11.429265079365083,4.4292650793650825,4.4292650793650825,19.618389143282972
CD04_Richness,RANDOM_FOREST,Richness,51,CuP9,14.0,11.913969047619046,-2.0860309523809537,2.0860309523809537,4.351525134291388
CD04_Richness,RANDOM_FOREST,Richness,51,BmP2,10.0,11.105634126984125,1.1056341269841248,1.1056341269841248,1.2224268227519477
CD04_Richness,RANDOM_FOREST,Richness,51,BmP9,14.0,11.149219841269838,-2.8507801587301618,2.8507801587301618,8.126947513409567
CD04_Richness,RANDOM_FOREST,Richness,51,BsP10,14.0,7.485340476190474,-6.514659523809526,6.514659523809526,42.44078871116216
CD04_Richness,RANDOM_FOREST,Richness,51,BuP7,13.0,11.239722222222227,-1.7602777777777732,1.7602777777777732,3.0985778549382554
CD04_Richness,RANDOM_FOREST,Richness,51,TmP9,9.0,10.955290476190484,1.9552904761904841,1.9552904761904841,3.82316084628121
CD04_Richness,RANDOM_FOREST,Richness,51,TsP2,7.0,7.970107142857134,0.9701071428571337,0.9701071428571337,0.9411078686224312
CD04_Richness,RANDOM_FOREST,Richness,51,TsP3,7.0,8.429234920634917,1.4292349206349169,1.4292349206349169,2.0427124583622973
CD04_Richness,RANDOM_FOREST,Richness,51,TsP7,7.0,6.274571212121207,-0.7254287878787933,0.7254287878787933,0.5262469262832953
CD04_Richness,RANDOM_FOREST,Richness,51,TsP9,7.0,6.295348989898987,-0.7046510101010126,0.7046510101010126,0.4965330460363774
CD04_Richness,RANDOM_FOREST,Richness,51,TuP5,3.0,5.05873492063492,2.0587349206349197,2.0587349206349197,4.238389473441669
CD04_Richness,RANDOM_FOREST,Richness,51,TuP6,8.0,6.662180952380945,-1.337819047619055,1.337819047619055,1.7897598041723555
CD04_Richness,RANDOM_FOREST,Richness,51,TuP8,6.0,5.042230735930739,-0.9577692640692614,0.9577692640692614,0.9173219631957746
CD04_Richness,RANDOM_FOREST,Richness,51,TuP9,4.0,4.669726190476193,0.6697261904761929,0.6697261904761929,0.44853317020975375
CD04_Richness,RANDOM_FOREST,Richness,51,TuP10,6.0,4.605773809523812,-1.3942261904761883,1.3942261904761883,1.9438666702097447
CD04_Richness,RANDOM_FOREST,Richness,52,CmP1,12.0,11.46188571428572,-0.5381142857142809,0.5381142857142809,0.28956698448979074
CD04_Richness,RANDOM_FOREST,Richness,52,CmP5,7.0,11.425583333333334,4.425583333333334,4.425583333333334,19.58578784027778
CD04_Richness,RANDOM_FOREST,Richness,52,CsP2,10.0,11.48175634920635,1.48175634920635,1.48175634920635,2.1956018784133304
CD04_Richness,RANDOM_FOREST,Richness,52,CsP4,13.0,12.591113492063496,-0.4088865079365043,0.4088865079365043,0.16718817637250896
CD04_Richness,RANDOM_FOREST,Richness,52,CsP7,9.0,12.61716587301587,3.6171658730158693,3.6171658730158693,13.083888952910657
CD04_Richness,RANDOM_FOREST,Richness,52,CsP9,6.0,9.077782539682538,3.077782539682538,3.077782539682538,9.472745361574692
CD04_Richness,RANDOM_FOREST,Richness,52,CuP7,10.0,11.50780238095239,1.5078023809523895,1.5078023809523895,2.2734680200056947
CD04_Richness,RANDOM_FOREST,Richness,52,BmP5,5.0,6.702195238095236,1.7021952380952357,1.7021952380952357,2.897468628594096
CD04_Richness,RANDOM_FOREST,Richness,52,BsP4,13.0,11.462788095238091,-1.537211904761909,1.537211904761909,2.3630204401417365
CD04_Richness,RANDOM_FOREST,Richness,52,BsP6,8.0,10.115231746031746,2.1152317460317462,2.1152317460317462,4.47420533942051
CD04_Richness,RANDOM_FOREST,Richness,52,BsP7,11.0,11.331373593073591,0.33137359307359127,0.33137359307359127,0.10980845818650205
CD04_Richness,RANDOM_FOREST,Richness,52,BuP4,11.0,11.902826984126987,0.9028269841269871,0.9028269841269871,0.8150965632678311
CD04_Richness,RANDOM_FOREST,Richness,52,TsP1,7.0,7.789634920634921,0.7896349206349207,0.7896349206349207,0.6235233078861175
CD04_Richness,RANDOM_FOREST,Richness,52,TsP6,10.0,8.909293650793646,-1.0907063492063536,1.0907063492063536,1.189640340199052
CD04_Richness,RANDOM_FOREST,Richness,52,TsP10,8.0,7.955632539682535,-0.0443674603174653,0.0443674603174653,0.0019684715350218583
CD04_Richness,RANDOM_FOREST,Richness,52,TuP2,5.0,8.41150952380952,3.4115095238095208,3.4115095238095208,11.638397231043063
CD04_Richness,RANDOM_FOREST,Richness,52,TuP3,2.0,6.410514069264066,4.410514069264066,4.410514069264066,19.45263435517627
CD04_Richness,RANDOM_FOREST,Richness,52,TuP7,5.0,5.2982426406926395,0.2982426406926395,0.2982426406926395,0.08894867272731886
CD04_Richness,RANDOM_FOREST,Richness,53,CmP2,15.0,11.653825396825392,-3.3461746031746085,3.3461746031746085,11.196884474930748
CD04_Richness,RANDOM_FOREST,Richness,53,CsP1,11.0,9.58750476190476,-1.4124952380952394,1.4124952380952394,1.9951427976417269
CD04_Richness,RANDOM_FOREST,Richness,53,CsP5,5.0,6.1354873015873,1.1354873015873004,1.1354873015873004,1.2893314120660089
CD04_Richness,RANDOM_FOREST,Richness,53,CsP10,10.0,11.447699206349212,1.4476992063492116,1.4476992063492116,2.095832992064137
CD04_Richness,RANDOM_FOREST,Richness,53,CuP8,11.0,11.12687380952381,0.12687380952380956,0.12687380952380956,0.016096963543083907
CD04_Richness,RANDOM_FOREST,Richness,53,BmP6,14.0,10.814752380952378,-3.1852476190476224,3.1852476190476224,10.145802394648548
CD04_Richness,RANDOM_FOREST,Richness,53,BmP7,10.0,9.30561904761905,-0.6943809523809499,0.6943809523809499,0.482164907029475
CD04_Richness,RANDOM_FOREST,Richness,53,BmP8,8.0,11.28385476190475,3.2838547619047507,3.2838547619047507,10.783702097284507
CD04_Richness,RANDOM_FOREST,Richness,53,BsP3,8.0,9.69419047619047,1.6941904761904691,1.6941904761904691,2.8702813696144887
CD04_Richness,RANDOM_FOREST,Richness,53,BsP5,12.0,7.664242857142855,-4.335757142857145,4.335757142857145,18.798790001836753
CD04_Richness,RANDOM_FOREST,Richness,53,BsP8,16.0,9.08893809523809,-6.91106190476191,6.91106190476191,47.76277665145132
CD04_Richness,RANDOM_FOREST,Richness,53,BsP9,13.0,10.140959523809524,-2.8590404761904757,2.8590404761904757,8.174112444495462
CD04_Richness,RANDOM_FOREST,Richness,53,BuP8,14.0,11.595857142857144,-2.4041428571428565,2.4041428571428565,5.7799028775510175
CD04_Richness,RANDOM_FOREST,Richness,53,TmP1,6.0,8.964328571428563,2.964328571428563,2.964328571428563,8.787243879387706
CD04_Richness,RANDOM_FOREST,Richness,53,TmP3,10.0,8.455821428571427,-1.5441785714285725,1.5441785714285725,2.384487460459187
CD04_Richness,RANDOM_FOREST,Richness,53,TmP6,14.0,9.643296825396819,-4.356703174603181,4.356703174603181,18.980862551597436
CD04_Richness,RANDOM_FOREST,Richness,53,TsP8,4.0,4.96794523809524,0.9679452380952398,0.9679452380952398,0.9369179839512505
CD04_Richness,RANDOM_FOREST,Richness,53,TuP1,5.0,5.672830158730158,0.6728301587301582,0.6728301587301582,0.45270042249684983
CD04_Richness,RANDOM_FOREST,Richness,54,CmP3,12.0,12.026675396825393,0.026675396825392994,0.026675396825392994,0.0007115767957921866
CD04_Richness,RANDOM_FOREST,Richness,54,CmP4,10.0,10.6041119047619,0.6041119047619006,0.6041119047619006,0.3649511934750516
CD04_Richness,RANDOM_FOREST,Richness,54,CmP9,13.0,11.012357936507938,-1.9876420634920624,1.9876420634920624,3.950720972562984
CD04_Richness,RANDOM_FOREST,Richness,54,CuP1,8.0,10.550983333333328,2.5509833333333276,2.5509833333333276,6.507515966944415
CD04_Richness,RANDOM_FOREST,Richness,54,CuP2,10.0,11.669390476190479,1.669390476190479,1.669390476190479,2.786864561995474
CD04_Richness,RANDOM_FOREST,Richness,54,CuP4,10.0,12.793525324675334,2.7935253246753344,2.7935253246753344,7.803783739602433
CD04_Richness,RANDOM_FOREST,Richness,54,CuP10,13.0,12.292773015873024,-0.7072269841269758,0.7072269841269758,0.5001700070773377
CD04_Richness,RANDOM_FOREST,Richness,54,BmP1,10.0,8.938007936507935,-1.061992063492065,1.061992063492065,1.127827142920134
CD04_Richness,RANDOM_FOREST,Richness,54,BmP3,11.0,10.987030880230883,-0.012969119769117299,0.012969119769117299,0.00016819806758570913
CD04_Richness,RANDOM_FOREST,Richness,54,BuP1,7.0,8.436428571428575,1.436428571428575,1.436428571428575,2.0633270408163367
CD04_Richness,RANDOM_FOREST,Richness,54,BuP3,9.0,8.811757936507936,-0.18824206349206385,0.18824206349206385,0.0354350744677502
CD04_Richness,RANDOM_FOREST,Richness,54,BuP5,11.0,13.567857142857134,2.567857142857134,2.567857142857134,6.593890306122405
CD04_Richness,RANDOM_FOREST,Richness,54,BuP10,16.0,11.550251515151512,-4.449748484848488,4.449748484848488,19.800261578411416
CD04_Richness,RANDOM_FOREST,Richness,54,TmP2,7.0,6.798811904761908,-0.20118809523809222,0.20118809523809222,0.04047664966553167
CD04_Richness,RANDOM_FOREST,Richness,54,TmP5,4.0,5.103123809523809,1.103123809523809,1.103123809523809,1.2168821391383207
CD04_Richness,RANDOM_FOREST,Richness,54,TmP10,10.0,11.47898095238095,1.4789809523809492,1.4789809523809492,2.1873846575056595
CD04_Richness,RANDOM_FOREST,Richness,54,TsP4,4.0,5.683864285714286,1.6838642857142858,1.6838642857142858,2.835398932704082
CD04_Richness,RANDOM_FOREST,Richness,54,TsP5,3.0,5.079478571428571,2.079478571428571,2.079478571428571,4.32423112903061
CD04_Richness,RANDOM_FOREST,Richness,55,CmP6,13.0,9.531122222222223,-3.4688777777777773,3.4688777777777773,12.03311303716049
CD04_Richness,RANDOM_FOREST,Richness,55,CmP8,11.0,11.089951587301593,0.08995158730159325,0.08995158730159325,0.008091288058076152
CD04_Richness,RANDOM_FOREST,Richness,55,CmP10,13.0,10.068039682539682,-2.9319603174603177,2.9319603174603177,8.596391303162006
CD04_Richness,RANDOM_FOREST,Richness,55,CsP3,12.0,10.815733333333338,-1.1842666666666624,1.1842666666666624,1.4024875377777675
CD04_Richness,RANDOM_FOREST,Richness,55,CsP8,7.0,9.269250793650794,2.2692507936507944,2.2692507936507944,5.1494991644847605
CD04_Richness,RANDOM_FOREST,Richness,55,CuP5,13.0,9.96007936507937,-3.0399206349206302,3.0399206349206302,9.241117466616247
CD04_Richness,RANDOM_FOREST,Richness,55,CuP6,12.0,9.30436428571428,-2.6956357142857197,2.6956357142857197,7.2664519041326825
CD04_Richness,RANDOM_FOREST,Richness,55,BmP4,11.0,13.096858730158731,2.096858730158731,2.096858730158731,4.396816534242886
CD04_Richness,RANDOM_FOREST,Richness,55,BmP10,10.0,11.300526190476196,1.3005261904761962,1.3005261904761962,1.6913683721145274
CD04_Richness,RANDOM_FOREST,Richness,55,BsP1,7.0,10.752745238095244,3.752745238095244,3.752745238095244,14.08309682204653
CD04_Richness,RANDOM_FOREST,Richness,55,BsP2,7.0,9.296770634920628,2.2967706349206285,2.2967706349206285,5.275155349433707
CD04_Richness,RANDOM_FOREST,Richness,55,BuP2,10.0,13.182457142857151,3.1824571428571513,3.1824571428571513,10.128033466122503
CD04_Richness,RANDOM_FOREST,Richness,55,BuP6,12.0,11.292529365079382,-0.7074706349206181,0.7074706349206181,0.5005146992749825
CD04_Richness,RANDOM_FOREST,Richness,55,BuP9,13.0,11.261536507936514,-1.7384634920634863,1.7384634920634863,3.0222553132375714
CD04_Richness,RANDOM_FOREST,Richness,55,TmP4,5.0,7.149661904761902,2.149661904761902,2.149661904761902,4.621046304784568
CD04_Richness,RANDOM_FOREST,Richness,55,TmP7,9.0,7.400219841269846,-1.5997801587301543,1.5997801587301543,2.559296556266678
CD04_Richness,RANDOM_FOREST,Richness,55,TmP8,7.0,7.836909523809522,0.8369095238095223,0.8369095238095223,0.7004175510430815
CD04_Richness,RANDOM_FOREST,Richness,55,TuP4,6.0,5.714144444444445,-0.2858555555555551,0.2858555555555551,0.08171339864197504
CD04_Richness,RANDOM_FOREST,Richness,56,CmP10,13.0,10.460997619047621,-2.539002380952379,2.539002380952379,6.446533090481849
CD04_Richness,RANDOM_FOREST,Richness,56,CsP2,10.0,11.140416666666674,1.140416666666674,1.140416666666674,1.3005501736111278
CD04_Richness,RANDOM_FOREST,Richness,56,CsP3,12.0,11.037322222222215,-0.9626777777777846,0.9626777777777846,0.9267485038271737
CD04_Richness,RANDOM_FOREST,Richness,56,CsP6,15.0,11.304992857142862,-3.695007142857138,3.695007142857138,13.653077785765271
CD04_Richness,RANDOM_FOREST,Richness,56,CsP10,10.0,12.048496825396825,2.0484968253968248,2.0484968253968248,4.196339243660869
CD04_Richness,RANDOM_FOREST,Richness,56,CuP8,11.0,10.77736507936508,-0.22263492063492052,0.22263492063492052,0.04956630788611736
CD04_Richness,RANDOM_FOREST,Richness,56,CuP9,14.0,11.72223095238095,-2.2777690476190493,2.2777690476190493,5.188231834291391
CD04_Richness,RANDOM_FOREST,Richness,56,BmP1,10.0,8.61074920634921,-1.38925079365079,1.38925079365079,1.9300177676593502
CD04_Richness,RANDOM_FOREST,Richness,56,BsP7,11.0,11.407447619047616,0.40744761904761617,0.40744761904761617,0.16601356226757136
CD04_Richness,RANDOM_FOREST,Richness,56,BuP2,10.0,12.436707142857145,2.436707142857145,2.436707142857145,5.937541700051031
CD04_Richness,RANDOM_FOREST,Richness,56,BuP3,9.0,8.36926666666667,-0.63073333333333,0.63073333333333,0.3978245377777736
CD04_Richness,RANDOM_FOREST,Richness,56,BuP6,12.0,9.969071428571427,-2.030928571428573,2.030928571428573,4.124670862244905
CD04_Richness,RANDOM_FOREST,Richness,56,TmP1,6.0,9.531134126984119,3.531134126984119,3.531134126984119,12.468908222751896
CD04_Richness,RANDOM_FOREST,Richness,56,TmP6,14.0,10.465917460317455,-3.5340825396825455,3.5340825396825455,12.48973939728903
CD04_Richness,RANDOM_FOREST,Richness,56,TsP1,7.0,7.612411904761905,0.6124119047619052,0.6124119047619052,0.37504834109410484
CD04_Richness,RANDOM_FOREST,Richness,56,TsP4,4.0,5.642410822510822,1.642410822510822,1.642410822510822,2.697513309900675
CD04_Richness,RANDOM_FOREST,Richness,56,TuP8,6.0,5.214645238095239,-0.7853547619047614,0.7853547619047614,0.6167821020464844
CD04_Richness,RANDOM_FOREST,Richness,56,TuP10,6.0,4.436761904761905,-1.5632380952380949,1.5632380952380949,2.443713342403627
CD04_Richness,RANDOM_FOREST,Richness,57,CmP2,15.0,10.288847619047624,-4.711152380952376,4.711152380952376,22.19495675655324
CD04_Richness,RANDOM_FOREST,Richness,57,CmP3,12.0,9.958888095238104,-2.0411119047618964,2.0411119047618964,4.1661378077607365
CD04_Richness,RANDOM_FOREST,Richness,57,CmP6,13.0,9.558474603174604,-3.441525396825396,3.441525396825396,11.8440970569942
CD04_Richness,RANDOM_FOREST,Richness,57,CmP7,16.0,10.966394444444443,-5.033605555555557,5.033605555555557,25.337184888919765
CD04_Richness,RANDOM_FOREST,Richness,57,CuP7,10.0,11.399869047619047,1.3998690476190472,1.3998690476190472,1.9596333504818582
CD04_Richness,RANDOM_FOREST,Richness,57,BmP6,14.0,11.21078730158729,-2.78921269841271,2.78921269841271,7.779707476986711
CD04_Richness,RANDOM_FOREST,Richness,57,BsP3,8.0,9.816907142857149,1.8169071428571488,1.8169071428571488,3.301151565765328
CD04_Richness,RANDOM_FOREST,Richness,57,BsP4,13.0,11.736742857142854,-1.263257142857146,1.263257142857146,1.5958186089795996
CD04_Richness,RANDOM_FOREST,Richness,57,BsP8,16.0,10.655969047619053,-5.3440309523809475,5.3440309523809475,28.558666820005616
CD04_Richness,RANDOM_FOREST,Richness,57,BuP5,11.0,12.637712698412695,1.6377126984126953,1.6377126984126953,2.6821028825421918
CD04_Richness,RANDOM_FOREST,Richness,57,BuP7,13.0,11.254357142857138,-1.7456428571428617,1.7456428571428617,3.0472689846938934
CD04_Richness,RANDOM_FOREST,Richness,57,BuP8,14.0,11.83576031746032,-2.16423968253968,2.16423968253968,4.683933403479456
CD04_Richness,RANDOM_FOREST,Richness,57,BuP9,13.0,11.67450952380952,-1.3254904761904793,1.3254904761904793,1.7569250024716636
CD04_Richness,RANDOM_FOREST,Richness,57,TmP8,7.0,7.662600793650792,0.6626007936507916,0.6626007936507916,0.4390398117466589
CD04_Richness,RANDOM_FOREST,Richness,57,TsP6,10.0,8.161972222222225,-1.838027777777775,1.838027777777775,3.3783461118827054
CD04_Richness,RANDOM_FOREST,Richness,57,TsP10,8.0,7.40501507936508,-0.5949849206349196,0.5949849206349196,0.35400705578294156
CD04_Richness,RANDOM_FOREST,Richness,57,TuP3,2.0,6.27685714285715,4.27685714285715,4.27685714285715,18.291507020408222
CD04_Richness,RANDOM_FOREST,Richness,57,TuP7,5.0,5.293290476190475,0.2932904761904753,0.2932904761904753,0.08601930342403577
CD04_Richness,RANDOM_FOREST,Richness,58,CmP4,10.0,11.068465873015873,1.0684658730158727,1.0684658730158727,1.141619321799571
CD04_Richness,RANDOM_FOREST,Richness,58,CmP8,11.0,12.163166666666667,1.1631666666666671,1.1631666666666671,1.3529566944444456
CD04_Richness,RANDOM_FOREST,Richness,58,CsP8,7.0,9.660359018759017,2.660359018759017,2.660359018759017,7.07751010869244
CD04_Richness,RANDOM_FOREST,Richness,58,CuP3,7.0,11.193214285714282,4.193214285714282,4.193214285714282,17.583046045918334
CD04_Richness,RANDOM_FOREST,Richness,58,CuP5,13.0,11.25488095238096,-1.7451190476190401,1.7451190476190401,3.0454404903627856
CD04_Richness,RANDOM_FOREST,Richness,58,CuP6,12.0,9.87946507936507,-2.1205349206349293,2.1205349206349293,4.496668349632186
CD04_Richness,RANDOM_FOREST,Richness,58,BmP2,10.0,11.757956349206347,1.7579563492063475,1.7579563492063475,3.0904105257149097
CD04_Richness,RANDOM_FOREST,Richness,58,BmP3,11.0,11.965103968253972,0.9651039682539722,0.9651039682539722,0.9314256695395641
CD04_Richness,RANDOM_FOREST,Richness,58,BmP9,14.0,12.015715873015873,-1.984284126984127,1.984284126984127,3.937383496601159
CD04_Richness,RANDOM_FOREST,Richness,58,BsP2,7.0,9.572640764790771,2.572640764790771,2.572640764790771,6.618480504663243
CD04_Richness,RANDOM_FOREST,Richness,58,BsP5,12.0,7.466882539682545,-4.533117460317455,4.533117460317455,20.549153909034974
CD04_Richness,RANDOM_FOREST,Richness,58,BsP6,8.0,10.72116349206349,2.7211634920634893,2.7211634920634893,7.404730750539164
CD04_Richness,RANDOM_FOREST,Richness,58,BuP1,7.0,6.793589682539684,-0.2064103174603158,0.2064103174603158,0.04260521915406835
CD04_Richness,RANDOM_FOREST,Richness,58,BuP4,11.0,11.531002380952387,0.5310023809523869,0.5310023809523869,0.2819635285771039
CD04_Richness,RANDOM_FOREST,Richness,58,TmP10,10.0,12.248965079365087,2.248965079365087,2.248965079365087,5.057843928203613
CD04_Richness,RANDOM_FOREST,Richness,58,TsP8,4.0,4.725921428571429,0.7259214285714286,0.7259214285714286,0.5269619204591838
CD04_Richness,RANDOM_FOREST,Richness,58,TuP2,5.0,8.40740158730159,3.4074015873015906,3.4074015873015906,11.610385577145399
CD04_Richness,RANDOM_FOREST,Richness,58,TuP4,6.0,5.655393650793656,-0.3446063492063436,0.3446063492063436,0.11875353591332442
CD04_Richness,RANDOM_FOREST,Richness,59,CmP1,12.0,10.749446825396825,-1.2505531746031746,1.2505531746031746,1.5638832425100782
CD04_Richness,RANDOM_FOREST,Richness,59,CmP5,7.0,11.738203318903311,4.738203318903311,4.738203318903311,22.450570691266353
CD04_Richness,RANDOM_FOREST,Richness,59,CsP1,11.0,10.746568253968254,-0.2534317460317457,0.2534317460317457,0.06422764989669924
CD04_Richness,RANDOM_FOREST,Richness,59,CsP4,13.0,12.329281746031747,-0.6707182539682535,0.6707182539682535,0.44986297620622256
CD04_Richness,RANDOM_FOREST,Richness,59,CsP9,6.0,9.537992857142859,3.537992857142859,3.537992857142859,12.51739345719389
CD04_Richness,RANDOM_FOREST,Richness,59,CuP1,8.0,10.755636507936511,2.7556365079365115,2.7556365079365115,7.5935325638725315
CD04_Richness,RANDOM_FOREST,Richness,59,CuP2,10.0,11.764715223665231,1.764715223665231,1.764715223665231,3.1142198206358263
CD04_Richness,RANDOM_FOREST,Richness,59,CuP10,13.0,11.474872222222222,-1.5251277777777776,1.5251277777777776,2.3260147385493823
CD04_Richness,RANDOM_FOREST,Richness,59,BmP7,10.0,9.67138174603175,-0.3286182539682496,0.3286182539682496,0.107989956841141
CD04_Richness,RANDOM_FOREST,Richness,59,BmP10,10.0,9.835148412698414,-0.16485158730158567,0.16485158730158567,0.02717604583585232
CD04_Richness,RANDOM_FOREST,Richness,59,BsP1,7.0,9.818100793650787,2.818100793650787,2.818100793650787,7.941692083175196
CD04_Richness,RANDOM_FOREST,Richness,59,TmP4,5.0,7.7522793650793576,2.7522793650793576,2.7522793650793576,7.575041703441632
CD04_Richness,RANDOM_FOREST,Richness,59,TmP7,9.0,7.471058730158729,-1.5289412698412708,1.5289412698412708,2.3376614066238375
CD04_Richness,RANDOM_FOREST,Richness,59,TsP2,7.0,8.791607142857147,1.7916071428571474,1.7916071428571474,3.2098561543367508
CD04_Richness,RANDOM_FOREST,Richness,59,TsP7,7.0,6.822176984126986,-0.17782301587301408,0.17782301587301408,0.03162102497417422
CD04_Richness,RANDOM_FOREST,Richness,59,TsP9,7.0,6.6844357142857165,-0.3155642857142835,0.3155642857142835,0.09958081841836597
CD04_Richness,RANDOM_FOREST,Richness,59,TuP1,5.0,5.257218253968256,0.25721825396825615,0.25721825396825615,0.06616123017447832
CD04_Richness,RANDOM_FOREST,Richness,59,TuP9,4.0,5.1851626984127,1.1851626984127002,1.1851626984127002,1.404610621708873
CD04_Richness,RANDOM_FOREST,Richness,60,CmP9,13.0,11.720749999999995,-1.2792500000000047,1.2792500000000047,1.6364805625000118
CD04_Richness,RANDOM_FOREST,Richness,60,CsP5,5.0,6.727779581529582,1.7277795815295818,1.7277795815295818,2.9852222823505365
CD04_Richness,RANDOM_FOREST,Richness,60,CsP7,9.0,12.302561111111107,3.302561111111107,3.302561111111107,10.906909892623428
CD04_Richness,RANDOM_FOREST,Richness,60,CuP4,10.0,12.636799206349206,2.636799206349206,2.636799206349206,6.952710054603803
CD04_Richness,RANDOM_FOREST,Richness,60,BmP4,11.0,12.864586796536798,1.8645867965367984,1.8645867965367984,3.47668392181936
CD04_Richness,RANDOM_FOREST,Richness,60,BmP5,5.0,6.727779581529582,1.7277795815295818,1.7277795815295818,2.9852222823505365
CD04_Richness,RANDOM_FOREST,Richness,60,BmP8,8.0,10.69879329004329,2.698793290043289,2.698793290043289,7.283485222382681
CD04_Richness,RANDOM_FOREST,Richness,60,BsP9,13.0,11.053597979797987,-1.9464020202020134,1.9464020202020134,3.788480824246479
CD04_Richness,RANDOM_FOREST,Richness,60,BsP10,14.0,7.794767676767681,-6.205232323232319,6.205232323232319,38.504908185287164
CD04_Richness,RANDOM_FOREST,Richness,60,BuP10,16.0,12.277608730158734,-3.722391269841266,3.722391269841266,13.856196765790472
CD04_Richness,RANDOM_FOREST,Richness,60,TmP2,7.0,6.887490692640691,-0.11250930735930886,0.11250930735930886,0.012658344242471432
CD04_Richness,RANDOM_FOREST,Richness,60,TmP3,10.0,9.31394920634921,-0.6860507936507894,0.6860507936507894,0.47066569146887793
CD04_Richness,RANDOM_FOREST,Richness,60,TmP5,4.0,5.170476190476186,1.1704761904761858,1.1704761904761858,1.3700145124716443
CD04_Richness,RANDOM_FOREST,Richness,60,TmP9,9.0,11.803665873015865,2.8036658730158646,2.8036658730158646,7.86054232751381
CD04_Richness,RANDOM_FOREST,Richness,60,TsP3,7.0,7.962611904761906,0.9626119047619062,0.9626119047619062,0.9266216791893451
CD04_Richness,RANDOM_FOREST,Richness,60,TsP5,3.0,4.691502380952381,1.6915023809523806,1.6915023809523806,2.8611803047675726
CD04_Richness,RANDOM_FOREST,Richness,60,TuP5,3.0,5.547992857142857,2.547992857142857,2.547992857142857,6.4922676000510195
CD04_Richness,RANDOM_FOREST,Richness,60,TuP6,8.0,6.736054978354979,-1.2639450216450214,1.2639450216450214,1.5975570177412337
CD04_Richness,RANDOM_FOREST,Richness,61,CmP3,12.0,10.586780158730164,-1.4132198412698358,1.4132198412698358,1.99719031975874
CD04_Richness,RANDOM_FOREST,Richness,61,CmP7,16.0,11.34721746031746,-4.652782539682541,4.652782539682541,21.648385361574714
CD04_Richness,RANDOM_FOREST,Richness,61,CsP6,15.0,11.74650158730159,-3.2534984126984092,3.2534984126984092,10.585251921431068
CD04_Richness,RANDOM_FOREST,Richness,61,CsP7,9.0,11.557057936507933,2.557057936507933,2.557057936507933,6.538545290658208
CD04_Richness,RANDOM_FOREST,Richness,61,CuP4,10.0,11.760155339105333,1.7601553391053333,1.7601553391053333,3.0981468177810108
CD04_Richness,RANDOM_FOREST,Richness,61,CuP10,13.0,11.320541053391052,-1.679458946608948,1.679458946608948,2.8205823533448373
CD04_Richness,RANDOM_FOREST,Richness,61,BmP5,5.0,6.557838888888893,1.5578388888888934,1.5578388888888934,2.4268620037345823
CD04_Richness,RANDOM_FOREST,Richness,61,BsP1,7.0,9.994198412698406,2.994198412698406,2.994198412698406,8.965224134605654
CD04_Richness,RANDOM_FOREST,Richness,61,BsP2,7.0,9.44007857142857,2.44007857142857,2.44007857142857,5.953983434744891
CD04_Richness,RANDOM_FOREST,Richness,61,BsP4,13.0,11.237146825396833,-1.7628531746031673,1.7628531746031673,3.107651315208465
CD04_Richness,RANDOM_FOREST,Richness,61,BsP8,16.0,11.26159047619048,-4.738409523809519,4.738409523809519,22.452524815328754
CD04_Richness,RANDOM_FOREST,Richness,61,BuP7,13.0,11.660638095238095,-1.3393619047619048,1.3393619047619048,1.7938903119274376
CD04_Richness,RANDOM_FOREST,Richness,61,BuP10,16.0,11.494349999999997,-4.505650000000003,4.505650000000003,20.300881922500025
CD04_Richness,RANDOM_FOREST,Richness,61,TmP2,7.0,6.972099206349207,-0.0279007936507929,0.0279007936507929,0.0007784542863441253
CD04_Richness,RANDOM_FOREST,Richness,61,TmP4,5.0,7.374769047619053,2.3747690476190533,2.3747690476190533,5.639528029529505
CD04_Richness,RANDOM_FOREST,Richness,61,TmP10,10.0,10.932136507936503,0.9321365079365034,0.9321365079365034,0.868878469428059
CD04_Richness,RANDOM_FOREST,Richness,61,TsP8,4.0,4.889996031746036,0.889996031746036,0.889996031746036,0.7920929365236912
CD04_Richness,RANDOM_FOREST,Richness,61,TsP10,8.0,7.635608730158733,-0.364391269841267,0.364391269841267,0.13278099753653108
CD04_Richness,RANDOM_FOREST,Richness,62,CmP1,12.0,10.248994300144298,-1.7510056998557015,1.7510056998557015,3.066020960927155
CD04_Richness,RANDOM_FOREST,Richness,62,CmP9,13.0,10.794207142857147,-2.2057928571428533,2.2057928571428533,4.865522128622432
CD04_Richness,RANDOM_FOREST,Richness,62,CsP4,13.0,12.482856926406926,-0.5171430735930738,0.5171430735930738,0.2674369585652913
CD04_Richness,RANDOM_FOREST,Richness,62,CsP9,6.0,9.172285714285715,3.1722857142857155,3.1722857142857155,10.063396653061233
CD04_Richness,RANDOM_FOREST,Richness,62,CuP1,8.0,10.106298412698418,2.1062984126984183,2.1062984126984183,4.436493003335877
CD04_Richness,RANDOM_FOREST,Richness,62,CuP2,10.0,11.714342857142851,1.7143428571428512,1.7143428571428512,2.9389714318367144
CD04_Richness,RANDOM_FOREST,Richness,62,CuP8,11.0,10.360845238095234,-0.6391547619047664,0.6391547619047664,0.4085188096655386
CD04_Richness,RANDOM_FOREST,Richness,62,BmP2,10.0,11.492787878787881,1.4927878787878814,1.4927878787878814,2.2284156510560225
CD04_Richness,RANDOM_FOREST,Richness,62,BmP4,11.0,12.254283333333337,1.254283333333337,1.254283333333337,1.573226680277787
CD04_Richness,RANDOM_FOREST,Richness,62,BmP9,14.0,12.292452380952382,-1.7075476190476184,1.7075476190476184,2.9157188713151907
CD04_Richness,RANDOM_FOREST,Richness,62,BsP9,13.0,11.466714285714295,-1.5332857142857055,1.5332857142857055,2.350965081632626
CD04_Richness,RANDOM_FOREST,Richness,62,BuP1,7.0,9.40490714285715,2.40490714285715,2.40490714285715,5.783578365765339
CD04_Richness,RANDOM_FOREST,Richness,62,BuP5,11.0,13.019969047619046,2.019969047619046,2.019969047619046,4.080274953338996
CD04_Richness,RANDOM_FOREST,Richness,62,BuP8,14.0,11.553636507936496,-2.4463634920635045,2.4463634920635045,5.984694335301144
CD04_Richness,RANDOM_FOREST,Richness,62,TmP1,6.0,9.446236363636372,3.4462363636363715,3.4462363636363715,11.876545074049641
CD04_Richness,RANDOM_FOREST,Richness,62,TsP1,7.0,8.034324603174605,1.0343246031746052,1.0343246031746052,1.0698273847323045
CD04_Richness,RANDOM_FOREST,Richness,62,TuP2,5.0,8.658596825396835,3.6585968253968346,3.6585968253968346,13.385330730803796
CD04_Richness,RANDOM_FOREST,Richness,62,TuP5,3.0,5.779635714285713,2.779635714285713,2.779635714285713,7.726374704132646
CD04_Richness,RANDOM_FOREST,Richness,63,CmP4,10.0,10.268646031746028,0.2686460317460284,0.2686460317460284,0.0721706903728881
CD04_Richness,RANDOM_FOREST,Richness,63,CsP2,10.0,11.672440476190483,1.6724404761904825,1.6724404761904825,2.797057146400248
CD04_Richness,RANDOM_FOREST,Richness,63,CsP8,7.0,9.353310317460322,2.3533103174603216,2.3533103174603216,5.5380694502651995
CD04_Richness,RANDOM_FOREST,Richness,63,CuP5,13.0,9.960226190476186,-3.0397738095238136,3.0397738095238136,9.240224813066918
CD04_Richness,RANDOM_FOREST,Richness,63,BmP3,11.0,11.49759365079365,0.49759365079365026,0.49759365079365026,0.24759944131015316
CD04_Richness,RANDOM_FOREST,Richness,63,BmP7,10.0,10.992896753246756,0.9928967532467556,0.9928967532467556,0.9858439626079487
CD04_Richness,RANDOM_FOREST,Richness,63,BsP6,8.0,9.938469841269841,1.938469841269841,1.938469841269841,3.7576653255127224
CD04_Richness,RANDOM_FOREST,Richness,63,BsP10,14.0,7.75047142857143,-6.24952857142857,6.24952857142857,39.056607365102025
CD04_Richness,RANDOM_FOREST,Richness,63,BuP3,9.0,9.575866666666665,0.5758666666666645,0.5758666666666645,0.3316224177777753
CD04_Richness,RANDOM_FOREST,Richness,63,BuP4,11.0,10.95171428571428,-0.04828571428572026,0.04828571428572026,0.0023315102040822096
CD04_Richness,RANDOM_FOREST,Richness,63,BuP9,13.0,11.112614285714274,-1.8873857142857258,1.8873857142857258,3.562224834489839
CD04_Richness,RANDOM_FOREST,Richness,63,TmP3,10.0,9.174557864357867,-0.8254421356421329,0.8254421356421329,0.6813547192934453
CD04_Richness,RANDOM_FOREST,Richness,63,TmP5,4.0,4.790024603174606,0.7900246031746061,0.7900246031746061,0.6241388736211938
CD04_Richness,RANDOM_FOREST,Richness,63,TmP7,9.0,7.57633253968254,-1.4236674603174597,1.4236674603174597,2.026829037566766
CD04_Richness,RANDOM_FOREST,Richness,63,TsP3,7.0,8.226371428571424,1.226371428571424,1.226371428571424,1.5039868808163153
CD04_Richness,RANDOM_FOREST,Richness,63,TsP9,7.0,5.92884603174603,-1.0711539682539701,1.0711539682539701,1.1473708237062272
CD04_Richness,RANDOM_FOREST,Richness,63,TuP3,2.0,5.727743650793656,3.7277436507936557,3.7277436507936557,13.896072726032413
CD04_Richness,RANDOM_FOREST,Richness,63,TuP8,6.0,5.140362698412698,-0.859637301587302,0.859637301587302,0.738976290280298
CD04_Richness,RANDOM_FOREST,Richness,64,CmP2,15.0,11.669502380952377,-3.330497619047623,3.330497619047623,11.092214390481887
CD04_Richness,RANDOM_FOREST,Richness,64,CmP6,13.0,9.649959523809521,-3.350040476190479,3.350040476190479,11.22277119211453
CD04_Richness,RANDOM_FOREST,Richness,64,CsP1,11.0,10.665227777777773,-0.33477222222222736,0.33477222222222736,0.11207244077160837
CD04_Richness,RANDOM_FOREST,Richness,64,CsP10,10.0,11.902771428571436,1.9027714285714357,1.9027714285714357,3.620539109387782
CD04_Richness,RANDOM_FOREST,Richness,64,CuP3,7.0,10.841107142857142,3.841107142857142,3.841107142857142,14.754104082908158
CD04_Richness,RANDOM_FOREST,Richness,64,CuP6,12.0,9.66189848484848,-2.3381015151515196,2.3381015151515196,5.466718695153832
CD04_Richness,RANDOM_FOREST,Richness,64,CuP7,10.0,11.641125396825402,1.6411253968254016,1.6411253968254016,2.6932925681053317
CD04_Richness,RANDOM_FOREST,Richness,64,BmP6,14.0,12.145457936507931,-1.8545420634920688,1.8545420634920688,3.4393262652614207
CD04_Richness,RANDOM_FOREST,Richness,64,BmP10,10.0,9.631923809523805,-0.3680761904761951,0.3680761904761951,0.13548008199546827
CD04_Richness,RANDOM_FOREST,Richness,64,BsP3,8.0,10.845311111111108,2.8453111111111085,2.8453111111111085,8.09579531901233
CD04_Richness,RANDOM_FOREST,Richness,64,BsP5,12.0,7.495017460317461,-4.504982539682539,4.504982539682539,20.294867682844536
CD04_Richness,RANDOM_FOREST,Richness,64,TmP9,9.0,11.407632539682542,2.4076325396825418,2.4076325396825418,5.796694446138206
CD04_Richness,RANDOM_FOREST,Richness,64,TsP2,7.0,8.101485714285719,1.1014857142857188,1.1014857142857188,1.2132707787755201
CD04_Richness,RANDOM_FOREST,Richness,64,TsP5,3.0,4.596882539682539,1.5968825396825386,1.5968825396825386,2.5500338455429543
CD04_Richness,RANDOM_FOREST,Richness,64,TsP6,10.0,8.475903174603175,-1.5240968253968248,1.5240968253968248,2.3228711331846794
CD04_Richness,RANDOM_FOREST,Richness,64,TuP4,6.0,5.272712698412697,-0.7272873015873031,0.7272873015873031,0.5289468190501408
CD04_Richness,RANDOM_FOREST,Richness,64,TuP7,5.0,4.760580952380952,-0.2394190476190481,0.2394190476190481,0.05732148036281202
CD04_Richness,RANDOM_FOREST,Richness,64,TuP10,6.0,4.588598412698414,-1.4114015873015857,1.4114015873015857,1.9920544406374356
CD04_Richness,RANDOM_FOREST,Richness,65,CmP5,7.0,11.347212698412708,4.347212698412708,4.347212698412708,18.898258245240697
CD04_Richness,RANDOM_FOREST,Richness,65,CmP8,11.0,12.273571428571435,1.2735714285714348,1.2735714285714348,1.6219841836734852
CD04_Richness,RANDOM_FOREST,Richness,65,CmP10,13.0,11.037089682539685,-1.9629103174603149,1.9629103174603149,3.853016914392154
CD04_Richness,RANDOM_FOREST,Richness,65,CsP3,12.0,11.163053968253966,-0.8369460317460344,0.8369460317460344,0.7004786600554341
CD04_Richness,RANDOM_FOREST,Richness,65,CsP5,5.0,6.6275587301587295,1.6275587301587295,1.6275587301587295,2.648947420115896
CD04_Richness,RANDOM_FOREST,Richness,65,CuP9,14.0,11.970728571428577,-2.0292714285714233,2.0292714285714233,4.117942530816305
CD04_Richness,RANDOM_FOREST,Richness,65,BmP1,10.0,9.080455555555565,-0.9195444444444352,0.9195444444444352,0.8455619853086249
CD04_Richness,RANDOM_FOREST,Richness,65,BmP8,8.0,10.263902380952386,2.263902380952386,2.263902380952386,5.125253990481882
CD04_Richness,RANDOM_FOREST,Richness,65,BsP7,11.0,11.17836428571429,0.17836428571428975,0.17836428571428975,0.031813818418368785
CD04_Richness,RANDOM_FOREST,Richness,65,BuP2,10.0,12.2275,2.227499999999999,2.227499999999999,4.961756249999996
CD04_Richness,RANDOM_FOREST,Richness,65,BuP6,12.0,10.051204761904758,-1.9487952380952418,1.9487952380952418,3.79780288002269
CD04_Richness,RANDOM_FOREST,Richness,65,TmP6,14.0,10.395240476190482,-3.604759523809518,3.604759523809518,12.994291224495424
CD04_Richness,RANDOM_FOREST,Richness,65,TmP8,7.0,6.865915873015874,-0.13408412698412597,0.13408412698412597,0.01797855310909522
CD04_Richness,RANDOM_FOREST,Richness,65,TsP4,4.0,5.504706349206349,1.5047063492063488,1.5047063492063488,2.264141197341899
CD04_Richness,RANDOM_FOREST,Richness,65,TsP7,7.0,6.969026190476187,-0.03097380952381279,0.03097380952381279,0.0009593768764174359
CD04_Richness,RANDOM_FOREST,Richness,65,TuP1,5.0,5.632566666666665,0.6325666666666647,0.6325666666666647,0.40014058777777534
CD04_Richness,RANDOM_FOREST,Richness,65,TuP6,8.0,6.894253968253971,-1.1057460317460288,1.1057460317460288,1.2226742867220897
CD04_Richness,RANDOM_FOREST,Richness,65,TuP9,4.0,5.327776190476187,1.327776190476187,1.327776190476187,1.7629896119954553
CD04_Richness,RANDOM_FOREST,Richness,66,CmP5,7.0,11.345678571428572,4.3456785714285715,4.3456785714285715,18.88492224617347
CD04_Richness,RANDOM_FOREST,Richness,66,CmP6,13.0,11.311214285714287,-1.6887857142857126,1.6887857142857126,2.8519971887755045
CD04_Richness,RANDOM_FOREST,Richness,66,CmP9,13.0,10.776810750360754,-2.223189249639246,2.223189249639246,4.942570439711512
CD04_Richness,RANDOM_FOREST,Richness,66,CsP1,11.0,9.736671428571434,-1.2633285714285662,1.2633285714285662,1.595999079387742
CD04_Richness,RANDOM_FOREST,Richness,66,CsP2,10.0,11.587493290043296,1.5874932900432963,1.5874932900432963,2.5201349459324893
CD04_Richness,RANDOM_FOREST,Richness,66,CsP5,5.0,7.227589682539677,2.2275896825396773,2.2275896825396773,4.96215579375722
CD04_Richness,RANDOM_FOREST,Richness,66,CuP1,8.0,10.409923809523814,2.4099238095238142,2.4099238095238142,5.807732767709774
CD04_Richness,RANDOM_FOREST,Richness,66,CuP7,10.0,11.546488095238088,1.5464880952380877,1.5464880952380877,2.391625428713129
CD04_Richness,RANDOM_FOREST,Richness,66,BmP5,5.0,7.227589682539677,2.2275896825396773,2.2275896825396773,4.96215579375722
CD04_Richness,RANDOM_FOREST,Richness,66,BsP4,13.0,10.708069841269843,-2.291930158730157,2.291930158730157,5.252943852496842
CD04_Richness,RANDOM_FOREST,Richness,66,BsP10,14.0,7.937663852813851,-6.062336147186149,6.062336147186149,36.751919561479795
CD04_Richness,RANDOM_FOREST,Richness,66,BuP5,11.0,13.422912698412697,2.4229126984126967,2.4229126984126967,5.870505944129495
CD04_Richness,RANDOM_FOREST,Richness,66,TmP5,4.0,4.851953174603177,0.8519531746031772,0.8519531746031772,0.7258242117164317
CD04_Richness,RANDOM_FOREST,Richness,66,TmP9,9.0,11.770796031746034,2.770796031746034,2.770796031746034,7.677310649539569
CD04_Richness,RANDOM_FOREST,Richness,66,TsP7,7.0,7.02390714285714,0.023907142857139796,0.023907142857139796,0.0005715514795916904
CD04_Richness,RANDOM_FOREST,Richness,66,TsP8,4.0,4.809800793650796,0.8098007936507958,0.8098007936507958,0.6557773253974588
CD04_Richness,RANDOM_FOREST,Richness,66,TsP9,7.0,6.97588051948052,-0.024119480519479986,0.024119480519479986,0.0005817493405295745
CD04_Richness,RANDOM_FOREST,Richness,66,TuP4,6.0,5.214592063492064,-0.7854079365079363,0.7854079365079363,0.6168656267296545
CD04_Richness,RANDOM_FOREST,Richness,67,CmP3,12.0,12.45094285714286,0.4509428571428593,0.4509428571428593,0.20334946040816523
CD04_Richness,RANDOM_FOREST,Richness,67,CmP4,10.0,10.48623571428571,0.48623571428571033,0.48623571428571033,0.23642516984693493
CD04_Richness,RANDOM_FOREST,Richness,67,CmP8,11.0,11.411797619047613,0.41179761904761314,0.41179761904761314,0.16957727905328313
CD04_Richness,RANDOM_FOREST,Richness,67,CmP10,13.0,11.046253174603175,-1.9537468253968253,1.9537468253968253,3.817126657748173
CD04_Richness,RANDOM_FOREST,Richness,67,BmP1,10.0,9.716334920634923,-0.28366507936507723,0.28366507936507723,0.08046587725119557
CD04_Richness,RANDOM_FOREST,Richness,67,BmP6,14.0,12.134715079365082,-1.8652849206349185,1.8652849206349185,3.479287835148014
CD04_Richness,RANDOM_FOREST,Richness,67,BmP7,10.0,11.00786825396826,1.00786825396826,1.00786825396826,1.015798417357029
CD04_Richness,RANDOM_FOREST,Richness,67,BmP9,14.0,11.545349999999997,-2.4546500000000027,2.4546500000000027,6.025306622500013
CD04_Richness,RANDOM_FOREST,Richness,67,BsP1,7.0,10.879906349206355,3.8799063492063546,3.8799063492063546,15.053673278611782
CD04_Richness,RANDOM_FOREST,Richness,67,BsP2,7.0,10.081919841269846,3.081919841269846,3.081919841269846,9.498229908012751
CD04_Richness,RANDOM_FOREST,Richness,67,BsP6,8.0,10.769088888888888,2.769088888888888,2.769088888888888,7.667853274567896
CD04_Richness,RANDOM_FOREST,Richness,67,BsP7,11.0,11.923616666666662,0.9236166666666623,0.9236166666666623,0.8530677469444364
CD04_Richness,RANDOM_FOREST,Richness,67,BuP3,9.0,9.636619841269843,0.6366198412698427,0.6366198412698427,0.40528482229843976
CD04_Richness,RANDOM_FOREST,Richness,67,BuP8,14.0,11.210758730158723,-2.789241269841277,2.789241269841277,7.779866861385779
CD04_Richness,RANDOM_FOREST,Richness,67,TsP4,4.0,5.4781404761904735,1.4781404761904735,1.4781404761904735,2.1848992673525998
CD04_Richness,RANDOM_FOREST,Richness,67,TuP3,2.0,7.428507142857143,5.428507142857143,5.428507142857143,29.46868980005102
CD04_Richness,RANDOM_FOREST,Richness,67,TuP5,3.0,7.428995238095238,4.428995238095238,4.428995238095238,19.615998819070295
CD04_Richness,RANDOM_FOREST,Richness,67,TuP9,4.0,5.569100793650794,1.5691007936507937,1.5691007936507937,2.4620773006355505
CD04_Richness,RANDOM_FOREST,Richness,68,CsP4,13.0,11.751588095238104,-1.2484119047618965,1.2484119047618965,1.5585322839512263
CD04_Richness,RANDOM_FOREST,Richness,68,CsP6,15.0,11.447069047619054,-3.5529309523809456,3.5529309523809456,12.623318352386573
CD04_Richness,RANDOM_FOREST,Richness,68,CsP8,7.0,9.144075396825402,2.144075396825402,2.144075396825402,4.597059307272004
CD04_Richness,RANDOM_FOREST,Richness,68,CsP9,6.0,8.945565079365078,2.9455650793650783,2.9455650793650783,8.676353636775
CD04_Richness,RANDOM_FOREST,Richness,68,CuP3,7.0,10.975642063492064,3.9756420634920637,3.9756420634920637,15.805729817007434
CD04_Richness,RANDOM_FOREST,Richness,68,CuP10,13.0,11.516066233766239,-1.4839337662337613,1.4839337662337613,2.2020594225687153
CD04_Richness,RANDOM_FOREST,Richness,68,BsP5,12.0,7.514256349206345,-4.485743650793655,4.485743650793655,20.121896100635585
CD04_Richness,RANDOM_FOREST,Richness,68,BsP8,16.0,11.275635714285702,-4.724364285714298,4.724364285714298,22.31961790413277
CD04_Richness,RANDOM_FOREST,Richness,68,BuP6,12.0,9.760896031746036,-2.239103968253964,2.239103968253964,5.013586580650649
CD04_Richness,RANDOM_FOREST,Richness,68,BuP7,13.0,11.39204206349207,-1.6079579365079297,1.6079579365079297,2.5855287255788393
CD04_Richness,RANDOM_FOREST,Richness,68,BuP10,16.0,11.217090476190483,-4.782909523809517,4.782909523809517,22.876223512947778
CD04_Richness,RANDOM_FOREST,Richness,68,TmP2,7.0,5.8197984126984075,-1.1802015873015925,1.1802015873015925,1.3928757866691985
CD04_Richness,RANDOM_FOREST,Richness,68,TmP4,5.0,8.12139523809523,3.1213952380952303,3.1213952380952303,9.74310823240358
CD04_Richness,RANDOM_FOREST,Richness,68,TsP2,7.0,8.437385714285707,1.437385714285707,1.437385714285707,2.066077691632632
CD04_Richness,RANDOM_FOREST,Richness,68,TsP6,10.0,8.592309523809522,-1.4076904761904778,1.4076904761904778,1.9815924767573743
CD04_Richness,RANDOM_FOREST,Richness,68,TuP1,5.0,5.549549999999998,0.5495499999999982,0.5495499999999982,0.302005202499998
CD04_Richness,RANDOM_FOREST,Richness,68,TuP6,8.0,8.352853174603167,0.3528531746031671,0.3528531746031671,0.12450536282753315
CD04_Richness,RANDOM_FOREST,Richness,68,TuP8,6.0,5.161946031746033,-0.8380539682539672,0.8380539682539672,0.7023344537062214
CD04_Richness,RANDOM_FOREST,Richness,69,CmP1,12.0,11.24082142857142,-0.7591785714285795,0.7591785714285795,0.5763521033163388
CD04_Richness,RANDOM_FOREST,Richness,69,CsP3,12.0,11.183561760461771,-0.816438239538229,0.816438239538229,0.6665713989802826
CD04_Richness,RANDOM_FOREST,Richness,69,CsP10,10.0,11.82350873015873,1.8235087301587303,1.8235087301587303,3.325184088965105
CD04_Richness,RANDOM_FOREST,Richness,69,CuP2,10.0,11.097016666666665,1.097016666666665,1.097016666666665,1.2034455669444408
CD04_Richness,RANDOM_FOREST,Richness,69,CuP6,12.0,9.636407142857143,-2.363592857142857,2.363592857142857,5.5865711943367335
CD04_Richness,RANDOM_FOREST,Richness,69,CuP8,11.0,10.364730014430021,-0.6352699855699786,0.6352699855699786,0.4035679545660808
CD04_Richness,RANDOM_FOREST,Richness,69,CuP9,14.0,11.846462121212118,-2.1535378787878816,2.1535378787878816,4.637725395374209
CD04_Richness,RANDOM_FOREST,Richness,69,BmP2,10.0,11.638559523809517,1.6385595238095174,1.6385595238095174,2.6848773130668726
CD04_Richness,RANDOM_FOREST,Richness,69,BmP10,10.0,10.141824242424235,0.14182424242423508,0.14182424242423508,0.0201141157392082
CD04_Richness,RANDOM_FOREST,Richness,69,TmP1,6.0,8.628576190476199,2.628576190476199,2.628576190476199,6.909412789138367
CD04_Richness,RANDOM_FOREST,Richness,69,TmP3,10.0,8.587733333333336,-1.412266666666664,1.412266666666664,1.99449713777777
CD04_Richness,RANDOM_FOREST,Richness,69,TmP6,14.0,10.67791587301587,-3.32208412698413,3.32208412698413,11.03624294675991
CD04_Richness,RANDOM_FOREST,Richness,69,TmP7,9.0,7.601789682539684,-1.3982103174603164,1.3982103174603164,1.9549920918524788
CD04_Richness,RANDOM_FOREST,Richness,69,TmP8,7.0,7.421211111111111,0.421211111111111,0.421211111111111,0.17741880012345668
CD04_Richness,RANDOM_FOREST,Richness,69,TsP3,7.0,8.530859523809523,1.5308595238095233,1.5308595238095233,2.3435308816383205
CD04_Richness,RANDOM_FOREST,Richness,69,TsP10,8.0,7.953111904761902,-0.04688809523809834,0.04688809523809834,0.00219849347505698
CD04_Richness,RANDOM_FOREST,Richness,69,TuP7,5.0,4.1508174603174615,-0.8491825396825385,0.8491825396825385,0.7211109857016862
CD04_Richness,RANDOM_FOREST,Richness,69,TuP10,6.0,4.1440166666666665,-1.8559833333333335,1.8559833333333335,3.444674133611112
CD04_Richness,RANDOM_FOREST,Richness,70,CmP2,15.0,11.250815873015872,-3.7491841269841277,3.7491841269841277,14.056381618029736
CD04_Richness,RANDOM_FOREST,Richness,70,CmP7,16.0,12.006299206349196,-3.993700793650804,3.993700793650804,15.949646029207063
CD04_Richness,RANDOM_FOREST,Richness,70,CsP7,9.0,13.263419841269846,4.263419841269846,4.263419841269846,18.176748742933395
CD04_Richness,RANDOM_FOREST,Richness,70,CuP4,10.0,12.60235238095237,2.60235238095237,2.60235238095237,6.772237914648469
CD04_Richness,RANDOM_FOREST,Richness,70,CuP5,13.0,10.515650793650785,-2.484349206349215,2.484349206349215,6.171990979087974
CD04_Richness,RANDOM_FOREST,Richness,70,BmP3,11.0,11.256292857142869,0.25629285714286887,0.25629285714286887,0.06568602862245498
CD04_Richness,RANDOM_FOREST,Richness,70,BmP4,11.0,13.276540476190474,2.2765404761904744,2.2765404761904744,5.182636539733552
CD04_Richness,RANDOM_FOREST,Richness,70,BmP8,8.0,10.815973809523806,2.815973809523806,2.815973809523806,7.929708495924015
CD04_Richness,RANDOM_FOREST,Richness,70,BsP3,8.0,9.7349619047619,1.7349619047618994,1.7349619047618994,3.010092810975038
CD04_Richness,RANDOM_FOREST,Richness,70,BsP9,13.0,11.303282539682538,-1.696717460317462,1.696717460317462,2.878850140146138
CD04_Richness,RANDOM_FOREST,Richness,70,BuP1,7.0,8.811184920634922,1.811184920634922,1.811184920634922,3.280390816735329
CD04_Richness,RANDOM_FOREST,Richness,70,BuP2,10.0,13.078171428571428,3.0781714285714283,3.0781714285714283,9.475139343673469
CD04_Richness,RANDOM_FOREST,Richness,70,BuP4,11.0,11.256649999999993,0.2566499999999934,0.2566499999999934,0.0658692224999966
CD04_Richness,RANDOM_FOREST,Richness,70,BuP9,13.0,11.448453174603163,-1.5515468253968372,1.5515468253968372,2.4072975513990036
CD04_Richness,RANDOM_FOREST,Richness,70,TmP10,10.0,12.43508492063492,2.435084920634919,2.435084920634919,5.92963857070357
CD04_Richness,RANDOM_FOREST,Richness,70,TsP1,7.0,8.053203968253973,1.0532039682539729,1.0532039682539729,1.1092385987459155
CD04_Richness,RANDOM_FOREST,Richness,70,TsP5,3.0,4.766292352092354,1.7662923520923544,1.7662923520923544,3.1197886730599413
CD04_Richness,RANDOM_FOREST,Richness,70,TuP2,5.0,8.355111904761907,3.355111904761907,3.355111904761907,11.256775893475073
CD04_Richness,RANDOM_FOREST,Richness,71,CmP3,12.0,12.10258888888889,0.1025888888888904,0.1025888888888904,0.0105244801234571
CD04_Richness,RANDOM_FOREST,Richness,71,CmP8,11.0,11.68972142857143,0.6897214285714295,0.6897214285714295,0.47571564903061353
CD04_Richness,RANDOM_FOREST,Richness,71,CsP3,12.0,11.450108730158727,-0.5498912698412735,0.5498912698412735,0.3023804086476482
CD04_Richness,RANDOM_FOREST,Richness,71,CsP5,5.0,6.469040476190473,1.4690404761904734,1.4690404761904734,2.1580799206859327
CD04_Richness,RANDOM_FOREST,Richness,71,CsP6,15.0,11.251197619047613,-3.7488023809523874,3.7488023809523874,14.053519291434288
CD04_Richness,RANDOM_FOREST,Richness,71,CuP7,10.0,11.679072222222231,1.6790722222222314,1.6790722222222314,2.8192835274383024
CD04_Richness,RANDOM_FOREST,Richness,71,CuP8,11.0,10.749931746031747,-0.2500682539682533,0.2500682539682533,0.06253413164273082
CD04_Richness,RANDOM_FOREST,Richness,71,BmP1,10.0,8.71621666666667,-1.2837833333333304,1.2837833333333304,1.648099646944437
CD04_Richness,RANDOM_FOREST,Richness,71,BsP2,7.0,9.064681746031745,2.064681746031745,2.064681746031745,4.262910712396695
CD04_Richness,RANDOM_FOREST,Richness,71,BuP4,11.0,11.432176984126977,0.43217698412697736,0.43217698412697736,0.18677694560908964
CD04_Richness,RANDOM_FOREST,Richness,71,BuP7,13.0,11.797326190476184,-1.2026738095238159,1.2026738095238159,1.4464242921145276
CD04_Richness,RANDOM_FOREST,Richness,71,TmP4,5.0,7.259323809523808,2.259323809523808,2.259323809523808,5.104544076281173
CD04_Richness,RANDOM_FOREST,Richness,71,TmP6,14.0,10.224476190476189,-3.7755238095238113,3.7755238095238113,14.254580036281192
CD04_Richness,RANDOM_FOREST,Richness,71,TsP6,10.0,8.438619047619046,-1.5613809523809543,1.5613809523809543,2.437910478458056
CD04_Richness,RANDOM_FOREST,Richness,71,TsP9,7.0,6.1869666666666605,-0.8130333333333395,0.8130333333333395,0.6610232011111211
CD04_Richness,RANDOM_FOREST,Richness,71,TuP3,2.0,6.171651587301588,4.171651587301588,4.171651587301588,17.402676965835855
CD04_Richness,RANDOM_FOREST,Richness,71,TuP4,6.0,5.838344444444448,-0.16165555555555233,0.16165555555555233,0.026132518641974266
CD04_Richness,RANDOM_FOREST,Richness,71,TuP6,8.0,7.576888095238096,-0.4231119047619041,0.4231119047619041,0.1790236839512466
CD04_Richness,RANDOM_FOREST,Richness,72,CmP4,10.0,9.916735714285716,-0.08326428571428401,0.08326428571428401,0.006932941275509921
CD04_Richness,RANDOM_FOREST,Richness,72,CmP6,13.0,10.13056190476191,-2.86943809523809,2.86943809523809,8.233674982403597
CD04_Richness,RANDOM_FOREST,Richness,72,CsP8,7.0,9.384614718614715,2.3846147186147153,2.3846147186147153,5.686387356233938
CD04_Richness,RANDOM_FOREST,Richness,72,CuP1,8.0,9.272540476190482,1.272540476190482,1.272540476190482,1.6193592635430984
CD04_Richness,RANDOM_FOREST,Richness,72,CuP6,12.0,10.093985714285713,-1.9060142857142868,1.9060142857142868,3.6328904573469427
CD04_Richness,RANDOM_FOREST,Richness,72,BsP1,7.0,10.213867893217891,3.2138678932178912,3.2138678932178912,10.328946835056806
CD04_Richness,RANDOM_FOREST,Richness,72,BsP5,12.0,6.334166666666661,-5.665833333333339,5.665833333333339,32.101667361111176
CD04_Richness,RANDOM_FOREST,Richness,72,BsP10,14.0,6.91821349206349,-7.08178650793651,7.08178650793651,50.15170014399159
CD04_Richness,RANDOM_FOREST,Richness,72,BuP1,7.0,6.092785714285709,-0.9072142857142911,0.9072142857142911,0.8230377602040914
CD04_Richness,RANDOM_FOREST,Richness,72,BuP9,13.0,11.519899999999991,-1.480100000000009,1.480100000000009,2.190696010000027
CD04_Richness,RANDOM_FOREST,Richness,72,TmP3,10.0,9.042292857142858,-0.9577071428571422,0.9577071428571422,0.9172029714795906
CD04_Richness,RANDOM_FOREST,Richness,72,TmP5,4.0,4.716330952380951,0.7163309523809511,0.7163309523809511,0.5131300333390004
CD04_Richness,RANDOM_FOREST,Richness,72,TmP8,7.0,6.622188095238091,-0.3778119047619093,0.3778119047619093,0.14274183537982202
CD04_Richness,RANDOM_FOREST,Richness,72,TmP10,10.0,11.863476984126986,1.8634769841269865,1.8634769841269865,3.472546470371009
CD04_Richness,RANDOM_FOREST,Richness,72,TsP3,7.0,7.0374301587301575,0.03743015873015754,0.03743015873015754,0.0014010167825647885
CD04_Richness,RANDOM_FOREST,Richness,72,TsP7,7.0,6.589730952380954,-0.41026904761904603,0.41026904761904603,0.16832069143423906
CD04_Richness,RANDOM_FOREST,Richness,72,TsP8,4.0,4.839523809523812,0.8395238095238122,0.8395238095238122,0.7048002267573742
CD04_Richness,RANDOM_FOREST,Richness,72,TuP7,5.0,4.752711904761905,-0.24728809523809492,0.24728809523809492,0.0611514020464851
CD04_Richness,RANDOM_FOREST,Richness,73,CmP10,13.0,10.866015873015874,-2.133984126984126,2.133984126984126,4.553888254220204
CD04_Richness,RANDOM_FOREST,Richness,73,CsP7,9.0,11.942731818181823,2.942731818181823,2.942731818181823,8.659670553739698
CD04_Richness,RANDOM_FOREST,Richness,73,CuP4,10.0,13.13164761904762,3.1316476190476195,3.1316476190476195,9.807216809886624
CD04_Richness,RANDOM_FOREST,Richness,73,CuP5,13.0,11.172487301587294,-1.827512698412706,1.827512698412706,3.33980266285969
CD04_Richness,RANDOM_FOREST,Richness,73,BmP2,10.0,11.410788888888893,1.4107888888888933,1.4107888888888933,1.9903252890123582
CD04_Richness,RANDOM_FOREST,Richness,73,BmP9,14.0,11.85455396825398,-2.1454460317460207,2.1454460317460207,4.602938675134747
CD04_Richness,RANDOM_FOREST,Richness,73,BmP10,10.0,9.264940476190475,-0.7350595238095252,0.7350595238095252,0.540312503543086
CD04_Richness,RANDOM_FOREST,Richness,73,BsP3,8.0,10.501878571428582,2.5018785714285823,2.5018785714285823,6.259396386173524
CD04_Richness,RANDOM_FOREST,Richness,73,BsP6,8.0,9.590863492063498,1.590863492063498,1.590863492063498,2.5308466503804676
CD04_Richness,RANDOM_FOREST,Richness,73,BsP9,13.0,11.095635714285716,-1.9043642857142835,1.9043642857142835,3.6266033327040734
CD04_Richness,RANDOM_FOREST,Richness,73,BuP6,12.0,9.805065873015877,-2.1949341269841227,2.1949341269841227,4.817735821799553
CD04_Richness,RANDOM_FOREST,Richness,73,BuP8,14.0,11.647384920634922,-2.352615079365078,2.352615079365078,5.534797711655953
CD04_Richness,RANDOM_FOREST,Richness,73,TmP1,6.0,9.229040476190475,3.229040476190475,3.229040476190475,10.42670239687641
CD04_Richness,RANDOM_FOREST,Richness,73,TmP2,7.0,6.533335714285716,-0.466664285714284,0.466664285714284,0.21777555556122286
CD04_Richness,RANDOM_FOREST,Richness,73,TsP2,7.0,8.135824603174608,1.1358246031746084,1.1358246031746084,1.2900975291767567
CD04_Richness,RANDOM_FOREST,Richness,73,TuP1,5.0,5.514461111111114,0.5144611111111139,0.5144611111111139,0.2646702348456819
CD04_Richness,RANDOM_FOREST,Richness,73,TuP8,6.0,5.334828571428574,-0.6651714285714263,0.6651714285714263,0.4424530293877521
CD04_Richness,RANDOM_FOREST,Richness,73,TuP9,4.0,5.222672222222223,1.222672222222223,1.222672222222223,1.4949273629938291
CD04_Richness,RANDOM_FOREST,Richness,74,CmP5,7.0,11.43262301587302,4.43262301587302,4.43262301587302,19.648146800847226
CD04_Richness,RANDOM_FOREST,Richness,74,CmP9,13.0,11.545005555555553,-1.4549944444444467,1.4549944444444467,2.117008833364204
CD04_Richness,RANDOM_FOREST,Richness,74,CsP1,11.0,9.657065079365076,-1.3429349206349244,1.3429349206349244,1.8034742010607305
CD04_Richness,RANDOM_FOREST,Richness,74,CsP2,10.0,11.637582539682542,1.6375825396825423,1.6375825396825423,2.6816765742731254
CD04_Richness,RANDOM_FOREST,Richness,74,CsP10,10.0,12.426178571428569,2.4261785714285686,2.4261785714285686,5.88634246045917
CD04_Richness,RANDOM_FOREST,Richness,74,CuP2,10.0,11.391568253968243,1.3915682539682432,1.3915682539682432,1.9364622054522251
CD04_Richness,RANDOM_FOREST,Richness,74,CuP10,13.0,11.600632539682527,-1.3993674603174728,1.3993674603174728,1.9582292889953739
CD04_Richness,RANDOM_FOREST,Richness,74,BmP4,11.0,12.960216666666662,1.9602166666666623,1.9602166666666623,3.8424493802777606
CD04_Richness,RANDOM_FOREST,Richness,74,BmP5,5.0,6.555855844155848,1.5558558441558477,1.5558558441558477,2.4206874077939053
CD04_Richness,RANDOM_FOREST,Richness,74,BmP7,10.0,10.571877922077933,0.5718779220779329,0.5718779220779329,0.32704435776017426
CD04_Richness,RANDOM_FOREST,Richness,74,BmP8,8.0,10.536523160173163,2.5365231601731626,2.5365231601731626,6.433949742094847
CD04_Richness,RANDOM_FOREST,Richness,74,BsP4,13.0,10.321534126984115,-2.6784658730158846,2.6784658730158846,7.174179432910745
CD04_Richness,RANDOM_FOREST,Richness,74,BuP2,10.0,12.888095238095227,2.888095238095227,2.888095238095227,8.341094104308326
CD04_Richness,RANDOM_FOREST,Richness,74,BuP3,9.0,8.899935858585863,-0.100064141414137,0.100064141414137,0.010012832396948407
CD04_Richness,RANDOM_FOREST,Richness,74,TmP7,9.0,7.455961904761898,-1.5440380952381023,1.5440380952381023,2.384053639546507
CD04_Richness,RANDOM_FOREST,Richness,74,TmP9,9.0,11.912612698412698,2.9126126984126977,2.9126126984126977,8.483312730954896
CD04_Richness,RANDOM_FOREST,Richness,74,TsP1,7.0,7.945322222222223,0.9453222222222228,0.9453222222222228,0.8936341038271617
CD04_Richness,RANDOM_FOREST,Richness,74,TsP5,3.0,4.6364415584415575,1.6364415584415575,1.6364415584415575,2.6779409741946334
CD04_Richness,RANDOM_FOREST,Richness,75,CmP1,12.0,10.435304761904757,-1.5646952380952435,1.5646952380952435,2.4482711881179307
CD04_Richness,RANDOM_FOREST,Richness,75,CmP2,15.0,10.928966666666671,-4.071033333333329,4.071033333333329,16.573312401111075
CD04_Richness,RANDOM_FOREST,Richness,75,CmP7,16.0,10.526708730158731,-5.473291269841269,5.473291269841269,29.956917324520653
CD04_Richness,RANDOM_FOREST,Richness,75,CsP4,13.0,12.554898412698405,-0.4451015873015951,0.4451015873015951,0.1981154230183995
CD04_Richness,RANDOM_FOREST,Richness,75,CsP9,6.0,9.42428968253968,3.42428968253968,3.42428968253968,11.725759829947702
CD04_Richness,RANDOM_FOREST,Richness,75,CuP3,7.0,10.30892698412699,3.3089269841269893,3.3089269841269893,10.948997786283734
CD04_Richness,RANDOM_FOREST,Richness,75,CuP9,14.0,10.881573015873007,-3.1184269841269927,3.1184269841269927,9.72458685533137
CD04_Richness,RANDOM_FOREST,Richness,75,BmP3,11.0,11.459152380952377,0.45915238095237676,0.45915238095237676,0.21082090893423652
CD04_Richness,RANDOM_FOREST,Richness,75,BmP6,14.0,10.555347619047614,-3.4446523809523857,3.4446523809523857,11.86563002560094
CD04_Richness,RANDOM_FOREST,Richness,75,BsP7,11.0,10.242936507936514,-0.7570634920634856,0.7570634920634856,0.5731451310153592
CD04_Richness,RANDOM_FOREST,Richness,75,BsP8,16.0,10.879866666666668,-5.120133333333332,5.120133333333332,26.215765351111095
CD04_Richness,RANDOM_FOREST,Richness,75,BuP5,11.0,13.03614285714286,2.0361428571428597,2.0361428571428597,4.1458777346938875
CD04_Richness,RANDOM_FOREST,Richness,75,BuP10,16.0,11.16238492063493,-4.8376150793650705,4.8376150793650705,23.402519656100317
CD04_Richness,RANDOM_FOREST,Richness,75,TsP4,4.0,5.834624603174606,1.834624603174606,1.834624603174606,3.3658474345735807
CD04_Richness,RANDOM_FOREST,Richness,75,TsP10,8.0,8.400744444444443,0.40074444444444346,0.40074444444444346,0.16059610975308564
CD04_Richness,RANDOM_FOREST,Richness,75,TuP2,5.0,9.070796825396826,4.070796825396826,4.070796825396826,16.571386793660878
CD04_Richness,RANDOM_FOREST,Richness,75,TuP5,3.0,5.58464761904762,2.5846476190476197,2.5846476190476197,6.6804033146485295
CD04_Richness,RANDOM_FOREST,Richness,75,TuP10,6.0,4.478803174603175,-1.5211968253968253,1.5211968253968253,2.3140397815973794
CD04_Richness,RANDOM_FOREST,Richness,76,CmP2,15.0,11.123778571428574,-3.8762214285714265,3.8762214285714265,15.02509256331631
CD04_Richness,RANDOM_FOREST,Richness,76,CmP4,10.0,10.405188095238096,0.4051880952380955,0.4051880952380955,0.16417739252267596
CD04_Richness,RANDOM_FOREST,Richness,76,CmP7,16.0,11.185970634920633,-4.814029365079367,4.814029365079367,23.174878727846455
CD04_Richness,RANDOM_FOREST,Richness,76,CsP4,13.0,12.375667388167386,-0.6243326118326138,0.6243326118326138,0.3897912101977332
CD04_Richness,RANDOM_FOREST,Richness,76,CuP8,11.0,10.288657936507928,-0.7113420634920722,0.7113420634920722,0.5060075312931592
CD04_Richness,RANDOM_FOREST,Richness,76,BmP2,10.0,11.172675324675321,1.1726753246753212,1.1726753246753212,1.37516741710237
CD04_Richness,RANDOM_FOREST,Richness,76,BsP7,11.0,9.736698412698415,-1.2633015873015854,1.2633015873015854,1.5959309004787052
CD04_Richness,RANDOM_FOREST,Richness,76,BsP8,16.0,10.058291269841256,-5.941708730158744,5.941708730158744,35.30390263404464
CD04_Richness,RANDOM_FOREST,Richness,76,BsP9,13.0,10.722857936507918,-2.2771420634920823,2.2771420634920823,5.185375977324979
CD04_Richness,RANDOM_FOREST,Richness,76,TmP3,10.0,8.725124603174606,-1.2748753968253936,1.2748753968253936,1.625307277430705
CD04_Richness,RANDOM_FOREST,Richness,76,TmP6,14.0,9.36801031746032,-4.631989682539681,4.631989682539681,21.455328419154053
CD04_Richness,RANDOM_FOREST,Richness,76,TmP8,7.0,7.351542857142854,0.3515428571428538,0.3515428571428538,0.12358238040816093
CD04_Richness,RANDOM_FOREST,Richness,76,TsP1,7.0,7.960281746031742,0.9602817460317423,0.9602817460317423,0.9221410317617716
CD04_Richness,RANDOM_FOREST,Richness,76,TsP2,7.0,7.557799206349197,0.5577992063491974,0.5577992063491974,0.31113995460379457
CD04_Richness,RANDOM_FOREST,Richness,76,TsP5,3.0,4.5807753968253975,1.5807753968253975,1.5807753968253975,2.498850855208493
CD04_Richness,RANDOM_FOREST,Richness,76,TsP6,10.0,8.267994444444438,-1.7320055555555616,1.7320055555555616,2.9998432444753296
CD04_Richness,RANDOM_FOREST,Richness,76,TsP10,8.0,7.650174603174598,-0.3498253968254019,0.3498253968254019,0.12237780826404993
CD04_Richness,RANDOM_FOREST,Richness,76,TuP4,6.0,5.568366666666669,-0.4316333333333313,0.4316333333333313,0.1863073344444427
CD04_Richness,RANDOM_FOREST,Richness,77,CmP5,7.0,11.250476190476192,4.250476190476192,4.250476190476192,18.066547845805
CD04_Richness,RANDOM_FOREST,Richness,77,CmP6,13.0,11.131929365079367,-1.8680706349206329,1.8680706349206329,3.4896878970527765
CD04_Richness,RANDOM_FOREST,Richness,77,CmP9,13.0,11.015464285714279,-1.9845357142857214,1.9845357142857214,3.9383820012755386
CD04_Richness,RANDOM_FOREST,Richness,77,CsP3,12.0,10.940882323232318,-1.0591176767676824,1.0591176767676824,1.121730253241773
CD04_Richness,RANDOM_FOREST,Richness,77,CsP5,5.0,6.532298412698416,1.5322984126984158,1.5322984126984158,2.347938425558085
CD04_Richness,RANDOM_FOREST,Richness,77,CsP8,7.0,9.456680952380955,2.456680952380955,2.456680952380955,6.035281301791396
CD04_Richness,RANDOM_FOREST,Richness,77,CuP3,7.0,11.040766666666665,4.040766666666665,4.040766666666665,16.32779525444443
CD04_Richness,RANDOM_FOREST,Richness,77,CuP7,10.0,11.25027380952381,1.2502738095238097,1.2502738095238097,1.5631845987811797
CD04_Richness,RANDOM_FOREST,Richness,77,BmP1,10.0,9.654820634920625,-0.34517936507937463,0.34517936507937463,0.1191487940766002
CD04_Richness,RANDOM_FOREST,Richness,77,BsP1,7.0,10.040013492063492,3.0400134920634923,3.0400134920634923,9.241682031928068
CD04_Richness,RANDOM_FOREST,Richness,77,BuP7,13.0,11.712861904761903,-1.287138095238097,1.287138095238097,1.6567244762131568
CD04_Richness,RANDOM_FOREST,Richness,77,BuP8,14.0,11.102123809523814,-2.897876190476186,2.897876190476186,8.397686415328772
CD04_Richness,RANDOM_FOREST,Richness,77,BuP10,16.0,11.1088873015873,-4.8911126984127,4.8911126984127,23.92298342857396
CD04_Richness,RANDOM_FOREST,Richness,77,TmP10,10.0,11.715320634920623,1.715320634920623,1.715320634920623,2.942324880584489
CD04_Richness,RANDOM_FOREST,Richness,77,TsP3,7.0,8.345529365079365,1.345529365079365,1.345529365079365,1.810449272290879
CD04_Richness,RANDOM_FOREST,Richness,77,TsP8,4.0,4.797984920634925,0.7979849206349252,0.7979849206349252,0.6367799335607279
CD04_Richness,RANDOM_FOREST,Richness,77,TuP3,2.0,5.970221428571427,3.970221428571427,3.970221428571427,15.762658191887741
CD04_Richness,RANDOM_FOREST,Richness,77,TuP7,5.0,5.18482142857143,0.18482142857143025,0.18482142857143025,0.03415896045918429
CD04_Richness,RANDOM_FOREST,Richness,78,CmP3,12.0,11.807313492063495,-0.19268650793650544,0.19268650793650544,0.037128090340764974
CD04_Richness,RANDOM_FOREST,Richness,78,CmP8,11.0,11.975092063492063,0.9750920634920632,0.9750920634920632,0.9508045322852099
CD04_Richness,RANDOM_FOREST,Richness,78,CmP10,13.0,11.026665584415591,-1.973334415584409,1.973334415584409,3.8940487157298613
CD04_Richness,RANDOM_FOREST,Richness,78,CsP2,10.0,11.11794285714286,1.1179428571428591,1.1179428571428591,1.249796231836739
CD04_Richness,RANDOM_FOREST,Richness,78,CsP6,15.0,11.311433333333333,-3.6885666666666665,3.6885666666666665,13.605524054444444
CD04_Richness,RANDOM_FOREST,Richness,78,CsP9,6.0,7.682884126984127,1.6828841269841268,1.6828841269841268,2.8320989848551266
CD04_Richness,RANDOM_FOREST,Richness,78,CuP10,13.0,12.037090476190476,-0.9629095238095235,0.9629095238095235,0.9271947510430834
CD04_Richness,RANDOM_FOREST,Richness,78,BmP4,11.0,12.703209523809523,1.703209523809523,1.703209523809523,2.9009226819954623
CD04_Richness,RANDOM_FOREST,Richness,78,BmP7,10.0,10.094038095238085,0.09403809523808526,0.09403809523808526,0.008843163356007194
CD04_Richness,RANDOM_FOREST,Richness,78,BmP8,8.0,10.910517171717174,2.9105171717171743,2.9105171717171743,8.471110206860539
CD04_Richness,RANDOM_FOREST,Richness,78,BsP4,13.0,11.013370634920632,-1.9866293650793683,1.9866293650793683,3.9466962341956537
CD04_Richness,RANDOM_FOREST,Richness,78,BsP5,12.0,7.119719841269843,-4.880280158730157,4.880280158730157,23.817134427695247
CD04_Richness,RANDOM_FOREST,Richness,78,BsP6,8.0,9.511811111111111,1.5118111111111112,1.5118111111111112,2.285572835679013
CD04_Richness,RANDOM_FOREST,Richness,78,BsP10,14.0,7.739861904761906,-6.260138095238094,6.260138095238094,39.18932897145123
CD04_Richness,RANDOM_FOREST,Richness,78,BuP2,10.0,12.989780952380958,2.9897809523809578,2.9897809523809578,8.938790143219986
CD04_Richness,RANDOM_FOREST,Richness,78,TmP4,5.0,7.055126984126983,2.055126984126983,2.055126984126983,4.223546920886869
CD04_Richness,RANDOM_FOREST,Richness,78,TsP4,4.0,5.502631746031746,1.5026317460317458,1.5026317460317458,2.257902164182413
CD04_Richness,RANDOM_FOREST,Richness,78,TuP8,6.0,5.292133333333334,-0.707866666666666,0.707866666666666,0.5010752177777767
CD04_Richness,RANDOM_FOREST,Richness,79,CmP1,12.0,12.640040476190471,0.640040476190471,0.640040476190471,0.40965181116212485
CD04_Richness,RANDOM_FOREST,Richness,79,CsP7,9.0,12.704869841269835,3.7048698412698347,3.7048698412698347,13.726060540750769
CD04_Richness,RANDOM_FOREST,Richness,79,CsP10,10.0,12.986830158730152,2.986830158730152,2.986830158730152,8.921154397099984
CD04_Richness,RANDOM_FOREST,Richness,79,CuP5,13.0,11.040342857142857,-1.959657142857143,1.959657142857143,3.840256117551021
CD04_Richness,RANDOM_FOREST,Richness,79,BmP3,11.0,11.321176984126991,0.3211769841269909,0.3211769841269909,0.10315465513290938
CD04_Richness,RANDOM_FOREST,Richness,79,BmP5,5.0,6.585446825396826,1.5854468253968257,1.5854468253968257,2.5136416361608727
CD04_Richness,RANDOM_FOREST,Richness,79,BsP2,7.0,8.879060317460318,1.8790603174603184,1.8790603174603184,3.5308676766540725
CD04_Richness,RANDOM_FOREST,Richness,79,BsP3,8.0,10.578603174603174,2.578603174603174,2.578603174603174,6.6491943320735665
CD04_Richness,RANDOM_FOREST,Richness,79,BuP6,12.0,9.826047619047618,-2.1739523809523824,2.1739523809523824,4.726068954648532
CD04_Richness,RANDOM_FOREST,Richness,79,TmP1,6.0,9.483981746031748,3.4839817460317484,3.4839817460317484,12.13812880668243
CD04_Richness,RANDOM_FOREST,Richness,79,TmP2,7.0,7.117119841269847,0.11711984126984731,0.11711984126984731,0.01371705721907423
CD04_Richness,RANDOM_FOREST,Richness,79,TmP7,9.0,8.119049206349205,-0.8809507936507952,0.8809507936507952,0.776074300833966
CD04_Richness,RANDOM_FOREST,Richness,79,TmP9,9.0,12.5231865079365,3.523186507936501,3.523186507936501,12.412843169705795
CD04_Richness,RANDOM_FOREST,Richness,79,TsP7,7.0,6.989501587301584,-0.010498412698416004,0.010498412698416004,0.00011021666918626241
CD04_Richness,RANDOM_FOREST,Richness,79,TsP9,7.0,6.781935425685419,-0.21806457431458082,0.21806457431458082,0.04755215857099934
CD04_Richness,RANDOM_FOREST,Richness,79,TuP1,5.0,5.4921481240981285,0.49214812409812847,0.49214812409812847,0.24220977605330687
CD04_Richness,RANDOM_FOREST,Richness,79,TuP5,3.0,5.177004761904762,2.1770047619047617,2.1770047619047617,4.739349733356008
CD04_Richness,RANDOM_FOREST,Richness,79,TuP9,4.0,5.016719841269843,1.0167198412698433,1.0167198412698433,1.0337192356317753
CD04_Richness,RANDOM_FOREST,Richness,80,CsP1,11.0,10.02498650793651,-0.9750134920634892,0.9750134920634892,0.9506513097058397
CD04_Richness,RANDOM_FOREST,Richness,80,CuP1,8.0,9.740626984126983,1.7406269841269832,1.7406269841269832,3.029782297870997
CD04_Richness,RANDOM_FOREST,Richness,80,CuP2,10.0,11.22813571428572,1.2281357142857203,1.2281357142857203,1.5083173327040964
CD04_Richness,RANDOM_FOREST,Richness,80,CuP4,10.0,12.973207936507933,2.973207936507933,2.973207936507933,8.839965433713761
CD04_Richness,RANDOM_FOREST,Richness,80,CuP6,12.0,10.64236666666666,-1.3576333333333395,1.3576333333333395,1.8431682677777945
CD04_Richness,RANDOM_FOREST,Richness,80,CuP9,14.0,11.623169841269844,-2.376830158730156,2.376830158730156,5.649321603449219
CD04_Richness,RANDOM_FOREST,Richness,80,BmP6,14.0,11.83699126984127,-2.1630087301587295,2.1630087301587295,4.678606766742879
CD04_Richness,RANDOM_FOREST,Richness,80,BmP9,14.0,11.924067460317453,-2.0759325396825474,2.0759325396825474,4.309495909312831
CD04_Richness,RANDOM_FOREST,Richness,80,BmP10,10.0,9.477642857142857,-0.5223571428571425,0.5223571428571425,0.2728569846938772
CD04_Richness,RANDOM_FOREST,Richness,80,BuP1,7.0,8.862963492063487,1.8629634920634874,1.8629634920634874,3.4706329727613836
CD04_Richness,RANDOM_FOREST,Richness,80,BuP3,9.0,8.51164126984127,-0.48835873015872977,0.48835873015872977,0.23849424932224703
CD04_Richness,RANDOM_FOREST,Richness,80,BuP4,11.0,11.027896825396832,0.027896825396831915,0.027896825396831915,0.0007782328672213261
CD04_Richness,RANDOM_FOREST,Richness,80,BuP5,11.0,13.27727222222222,2.2772722222222193,2.2772722222222193,5.185968774104925
CD04_Richness,RANDOM_FOREST,Richness,80,BuP9,13.0,11.84067698412699,-1.1593230158730101,1.1593230158730101,1.3440298551328917
CD04_Richness,RANDOM_FOREST,Richness,80,TmP5,4.0,4.533442063492062,0.5334420634920622,0.5334420634920622,0.2845604351026694
CD04_Richness,RANDOM_FOREST,Richness,80,TuP2,5.0,8.412331746031745,3.412331746031745,3.412331746031745,11.644007944976057
CD04_Richness,RANDOM_FOREST,Richness,80,TuP6,8.0,7.4627880952380945,-0.5372119047619055,0.5372119047619055,0.28859663061791463
CD04_Richness,RANDOM_FOREST,Richness,80,TuP10,6.0,4.640158730158727,-1.3598412698412732,1.3598412698412732,1.8491682791635264
CD04_Richness,RANDOM_FOREST,Richness,81,CmP2,15.0,11.034223809523816,-3.965776190476184,3.965776190476184,15.727380792947795
CD04_Richness,RANDOM_FOREST,Richness,81,CmP6,13.0,9.714805555555557,-3.2851944444444428,3.2851944444444428,10.79250253780863
CD04_Richness,RANDOM_FOREST,Richness,81,CmP7,16.0,11.213385714285714,-4.786614285714286,4.786614285714286,22.911676320204087
CD04_Richness,RANDOM_FOREST,Richness,81,CmP8,11.0,12.338087301587308,1.3380873015873078,1.3380873015873078,1.7904776266692028
CD04_Richness,RANDOM_FOREST,Richness,81,CsP1,11.0,11.326308730158727,0.3263087301587273,0.3263087301587273,0.1064773873778011
CD04_Richness,RANDOM_FOREST,Richness,81,CsP9,6.0,8.889159523809525,2.889159523809525,2.889159523809525,8.34724275401928
CD04_Richness,RANDOM_FOREST,Richness,81,CuP2,10.0,12.231329365079363,2.231329365079363,2.231329365079363,4.978830735465473
CD04_Richness,RANDOM_FOREST,Richness,81,CuP3,7.0,10.79096269841269,3.79096269841269,3.79096269841269,14.371398180756422
CD04_Richness,RANDOM_FOREST,Richness,81,CuP6,12.0,9.705707936507933,-2.294292063492067,2.294292063492067,5.263776072602687
CD04_Richness,RANDOM_FOREST,Richness,81,CuP7,10.0,11.926038961038957,1.926038961038957,1.926038961038957,3.709626079440025
CD04_Richness,RANDOM_FOREST,Richness,81,CuP8,11.0,9.80276349206349,-1.1972365079365108,1.1972365079365108,1.433375255936011
CD04_Richness,RANDOM_FOREST,Richness,81,BsP1,7.0,10.098323809523805,3.098323809523805,3.098323809523805,9.599610428662103
CD04_Richness,RANDOM_FOREST,Richness,81,BsP10,14.0,7.89070873015873,-6.10929126984127,6.10929126984127,37.32343981975876
CD04_Richness,RANDOM_FOREST,Richness,81,TmP2,7.0,6.315730952380953,-0.6842690476190469,0.6842690476190469,0.46822412952947756
CD04_Richness,RANDOM_FOREST,Richness,81,TmP10,10.0,11.682396825396822,1.6823968253968218,1.6823968253968218,2.830459078105304
CD04_Richness,RANDOM_FOREST,Richness,81,TsP9,7.0,6.360735714285716,-0.6392642857142841,0.6392642857142841,0.40865882698979383
CD04_Richness,RANDOM_FOREST,Richness,81,TuP1,5.0,5.161237301587299,0.161237301587299,0.161237301587299,0.02599746742315361
CD04_Richness,RANDOM_FOREST,Richness,81,TuP3,2.0,5.704647619047617,3.704647619047617,3.704647619047617,13.724413981315179
CD04_Richness,RANDOM_FOREST,Richness,82,CmP9,13.0,11.504927777777773,-1.4950722222222268,1.4950722222222268,2.2352409496605077
CD04_Richness,RANDOM_FOREST,Richness,82,CsP2,10.0,11.352788888888888,1.3527888888888882,1.3527888888888882,1.8300377779012327
CD04_Richness,RANDOM_FOREST,Richness,82,CuP1,8.0,9.866697619047622,1.8666976190476223,1.8666976190476223,3.484560000958062
CD04_Richness,RANDOM_FOREST,Richness,82,BmP6,14.0,11.827029365079369,-2.172970634920631,2.172970634920631,4.721801380227371
CD04_Richness,RANDOM_FOREST,Richness,82,BmP8,8.0,9.971906349206344,1.9719063492063444,1.9719063492063444,3.8884146500402936
CD04_Richness,RANDOM_FOREST,Richness,82,BsP7,11.0,11.692327777777773,0.6923277777777734,0.6923277777777734,0.47931775188271003
CD04_Richness,RANDOM_FOREST,Richness,82,BuP6,12.0,9.771412026862032,-2.2285879731379676,2.2285879731379676,4.966604354015195
CD04_Richness,RANDOM_FOREST,Richness,82,BuP8,14.0,11.575679365079363,-2.4243206349206368,2.4243206349206368,5.877330540901999
CD04_Richness,RANDOM_FOREST,Richness,82,TmP1,6.0,9.709073160173155,3.709073160173155,3.709073160173155,13.757223707516873
CD04_Richness,RANDOM_FOREST,Richness,82,TmP4,5.0,8.124685714285715,3.1246857142857145,3.1246857142857145,9.763660813061225
CD04_Richness,RANDOM_FOREST,Richness,82,TmP5,4.0,5.180245238095237,1.180245238095237,1.180245238095237,1.392978822046483
CD04_Richness,RANDOM_FOREST,Richness,82,TsP3,7.0,9.09707936507936,2.0970793650793595,2.0970793650793595,4.39774186344165
CD04_Richness,RANDOM_FOREST,Richness,82,TsP4,4.0,5.569358730158735,1.5693587301587346,1.5693587301587346,2.462886823925436
CD04_Richness,RANDOM_FOREST,Richness,82,TsP7,7.0,6.92658253968254,-0.07341746031745977,0.07341746031745977,0.00539012347946578
CD04_Richness,RANDOM_FOREST,Richness,82,TsP8,4.0,5.410430158730164,1.410430158730164,1.410430158730164,1.9893132326555956
CD04_Richness,RANDOM_FOREST,Richness,82,TuP4,6.0,5.376238095238095,-0.6237619047619054,0.6237619047619054,0.38907891383220033
CD04_Richness,RANDOM_FOREST,Richness,82,TuP5,3.0,6.2267134920634915,3.2267134920634915,3.2267134920634915,10.411679959864571
CD04_Richness,RANDOM_FOREST,Richness,82,TuP6,8.0,8.038609523809527,0.038609523809526536,0.038609523809526536,0.0014906953287983965
CD04_Richness,RANDOM_FOREST,Richness,83,CmP1,12.0,11.707288528138527,-0.29271147186147317,0.29271147186147317,0.08568000575931
CD04_Richness,RANDOM_FOREST,Richness,83,CmP5,7.0,11.357980519480522,4.357980519480522,4.357980519480522,18.99199420817172
CD04_Richness,RANDOM_FOREST,Richness,83,CmP10,13.0,10.710108730158723,-2.289891269841277,2.289891269841277,5.243602027695297
CD04_Richness,RANDOM_FOREST,Richness,83,CsP10,10.0,12.195409956709957,2.195409956709957,2.195409956709957,4.819824878021216
CD04_Richness,RANDOM_FOREST,Richness,83,CuP9,14.0,11.198786507936498,-2.8012134920635017,2.8012134920635017,7.846797028118598
CD04_Richness,RANDOM_FOREST,Richness,83,BsP4,13.0,11.162279853479843,-1.837720146520157,1.837720146520157,3.377215336926067
CD04_Richness,RANDOM_FOREST,Richness,83,BsP6,8.0,9.383019841269844,1.383019841269844,1.383019841269844,1.9127438813460644
CD04_Richness,RANDOM_FOREST,Richness,83,BsP8,16.0,10.944405250305252,-5.055594749694748,5.055594749694748,25.559038273141105
CD04_Richness,RANDOM_FOREST,Richness,83,BsP9,13.0,10.810753663003654,-2.189246336996346,2.189246336996346,4.79279952405192
CD04_Richness,RANDOM_FOREST,Richness,83,BuP1,7.0,8.691649999999996,1.6916499999999957,1.6916499999999957,2.8616797224999853
CD04_Richness,RANDOM_FOREST,Richness,83,BuP2,10.0,12.189253174603163,2.189253174603163,2.189253174603163,4.792829462510027
CD04_Richness,RANDOM_FOREST,Richness,83,BuP3,9.0,8.368603174603177,-0.6313968253968234,0.6313968253968234,0.3986619511211867
CD04_Richness,RANDOM_FOREST,Richness,83,BuP4,11.0,11.47136904761904,0.4713690476190404,0.4713690476190404,0.2221887790532812
CD04_Richness,RANDOM_FOREST,Richness,83,TmP3,10.0,8.967236996336993,-1.0327630036630069,1.0327630036630069,1.066599421735036
CD04_Richness,RANDOM_FOREST,Richness,83,TmP9,9.0,11.504957142857144,2.504957142857144,2.504957142857144,6.274810287551026
CD04_Richness,RANDOM_FOREST,Richness,83,TsP2,7.0,8.228130158730156,1.2281301587301563,1.2281301587301563,1.508303686782559
CD04_Richness,RANDOM_FOREST,Richness,83,TsP5,3.0,4.592392857142858,1.5923928571428583,1.5923928571428583,2.5357150114795957
CD04_Richness,RANDOM_FOREST,Richness,83,TsP10,8.0,7.756201587301588,-0.2437984126984123,0.2437984126984123,0.05943766603426536
CD04_Richness,RANDOM_FOREST,Richness,84,CsP3,12.0,11.295244444444446,-0.704755555555554,0.704755555555554,0.4966803930864176
CD04_Richness,RANDOM_FOREST,Richness,84,CsP6,15.0,11.603811111111106,-3.3961888888888936,3.3961888888888936,11.534098969012378
CD04_Richness,RANDOM_FOREST,Richness,84,CuP5,13.0,10.333828571428567,-2.666171428571433,2.666171428571433,7.108470086530635
CD04_Richness,RANDOM_FOREST,Richness,84,CuP10,13.0,11.619440476190476,-1.3805595238095236,1.3805595238095236,1.9059445987811787
CD04_Richness,RANDOM_FOREST,Richness,84,BmP2,10.0,11.181765873015864,1.1817658730158644,1.1817658730158644,1.3965705786249483
CD04_Richness,RANDOM_FOREST,Richness,84,BmP3,11.0,11.286672222222224,0.286672222222224,0.286672222222224,0.08218096299382818
CD04_Richness,RANDOM_FOREST,Richness,84,BmP4,11.0,12.545880952380951,1.5458809523809514,1.5458809523809514,2.389747918934237
CD04_Richness,RANDOM_FOREST,Richness,84,BmP5,5.0,6.605719047619049,1.6057190476190488,1.6057190476190488,2.578333659886625
CD04_Richness,RANDOM_FOREST,Richness,84,BsP2,7.0,8.89186825396825,1.8918682539682496,1.8918682539682496,3.5791654903728736
CD04_Richness,RANDOM_FOREST,Richness,84,BuP7,13.0,12.118714285714283,-0.8812857142857169,0.8812857142857169,0.7766645102040862
CD04_Richness,RANDOM_FOREST,Richness,84,TmP6,14.0,10.220711904761895,-3.7792880952381047,3.7792880952381047,14.283018506808462
CD04_Richness,RANDOM_FOREST,Richness,84,TmP7,9.0,7.2474547619047645,-1.7525452380952355,1.7525452380952355,3.071414811570286
CD04_Richness,RANDOM_FOREST,Richness,84,TmP8,7.0,7.315284920634919,0.31528492063491864,0.31528492063491864,0.09940458117976694
CD04_Richness,RANDOM_FOREST,Richness,84,TsP1,7.0,7.6550103174603095,0.6550103174603095,0.6550103174603095,0.4290385159794554
CD04_Richness,RANDOM_FOREST,Richness,84,TsP6,10.0,8.25092380952381,-1.74907619047619,1.74907619047619,3.0592675200907014
CD04_Richness,RANDOM_FOREST,Richness,84,TuP7,5.0,4.214779365079368,-0.7852206349206323,0.7852206349206323,0.616571445505161
CD04_Richness,RANDOM_FOREST,Richness,84,TuP8,6.0,4.950533333333333,-1.0494666666666674,1.0494666666666674,1.101380284444446
CD04_Richness,RANDOM_FOREST,Richness,84,TuP10,6.0,4.190947619047619,-1.809052380952381,1.809052380952381,3.272670517029479
CD04_Richness,RANDOM_FOREST,Richness,85,CmP3,12.0,11.861588888888894,-0.1384111111111057,0.1384111111111057,0.01915763567901085
CD04_Richness,RANDOM_FOREST,Richness,85,CmP4,10.0,10.418964285714276,0.41896428571427613,0.41896428571427613,0.17553107270407362
CD04_Richness,RANDOM_FOREST,Richness,85,CsP4,13.0,12.416125396825404,-0.5838746031745963,0.5838746031745963,0.34090955223229225
CD04_Richness,RANDOM_FOREST,Richness,85,CsP5,5.0,6.2227031746031765,1.2227031746031765,1.2227031746031765,1.4950030531846858
CD04_Richness,RANDOM_FOREST,Richness,85,CsP7,9.0,11.693973809523804,2.693973809523804,2.693973809523804,7.257494886400198
CD04_Richness,RANDOM_FOREST,Richness,85,CsP8,7.0,9.2343873015873,2.234387301587301,2.234387301587301,4.992486613494579
CD04_Richness,RANDOM_FOREST,Richness,85,CuP4,10.0,13.010177777777779,3.0101777777777787,3.0101777777777787,9.061170253827166
CD04_Richness,RANDOM_FOREST,Richness,85,BmP1,10.0,9.292956349206346,-0.7070436507936542,0.7070436507936542,0.4999107241276188
CD04_Richness,RANDOM_FOREST,Richness,85,BmP7,10.0,10.359599206349206,0.3595992063492055,0.3595992063492055,0.12931158920697847
CD04_Richness,RANDOM_FOREST,Richness,85,BmP9,14.0,12.040021428571427,-1.9599785714285733,1.9599785714285733,3.8415160004591913
CD04_Richness,RANDOM_FOREST,Richness,85,BmP10,10.0,9.800516666666663,-0.1994833333333368,0.1994833333333368,0.03979360027777916
CD04_Richness,RANDOM_FOREST,Richness,85,BsP3,8.0,10.454593650793653,2.4545936507936528,2.4545936507936528,6.025029990516512
CD04_Richness,RANDOM_FOREST,Richness,85,BsP5,12.0,7.5099047619047585,-4.4900952380952415,4.4900952380952415,20.160955247165564
CD04_Richness,RANDOM_FOREST,Richness,85,BuP5,11.0,13.082435714285719,2.082435714285719,2.082435714285719,4.336538504132672
CD04_Richness,RANDOM_FOREST,Richness,85,BuP9,13.0,12.018749999999995,-0.9812500000000046,0.9812500000000046,0.962851562500009
CD04_Richness,RANDOM_FOREST,Richness,85,BuP10,16.0,11.678285714285716,-4.321714285714284,4.321714285714284,18.677214367346927
CD04_Richness,RANDOM_FOREST,Richness,85,TuP2,5.0,8.383829365079372,3.3838293650793716,3.3838293650793716,11.450301171973463
CD04_Richness,RANDOM_FOREST,Richness,85,TuP9,4.0,5.350657142857143,1.350657142857143,1.350657142857143,1.8242747175510208
CD04_Richness,RANDOM_FOREST,Richness,86,CmP2,15.0,11.477806349206345,-3.522193650793655,3.522193650793655,12.405848113691137
CD04_Richness,RANDOM_FOREST,Richness,86,CmP4,10.0,11.018232539682545,1.0182325396825451,1.0182325396825451,1.0367975048683657
CD04_Richness,RANDOM_FOREST,Richness,86,CmP7,16.0,10.728054761904763,-5.2719452380952365,5.2719452380952365,27.79340659347504
CD04_Richness,RANDOM_FOREST,Richness,86,CmP10,13.0,10.91125000000001,-2.0887499999999903,2.0887499999999903,4.3628765624999595
CD04_Richness,RANDOM_FOREST,Richness,86,CuP2,10.0,11.415566666666667,1.4155666666666669,1.4155666666666669,2.003828987777778
CD04_Richness,RANDOM_FOREST,Richness,86,CuP3,7.0,11.201584126984123,4.201584126984123,4.201584126984123,17.653309176124935
CD04_Richness,RANDOM_FOREST,Richness,86,BmP3,11.0,11.455833333333334,0.4558333333333344,0.4558333333333344,0.20778402777777877
CD04_Richness,RANDOM_FOREST,Richness,86,BmP6,14.0,11.785944444444443,-2.214055555555557,2.214055555555557,4.902042003086427
CD04_Richness,RANDOM_FOREST,Richness,86,BsP5,12.0,7.53159365079365,-4.46840634920635,4.46840634920635,19.966655301627622
CD04_Richness,RANDOM_FOREST,Richness,86,BuP5,11.0,13.320290404040385,2.320290404040385,2.320290404040385,5.383747559081893
CD04_Richness,RANDOM_FOREST,Richness,86,BuP10,16.0,11.180142857142856,-4.819857142857144,4.819857142857144,23.23102287755103
CD04_Richness,RANDOM_FOREST,Richness,86,TmP6,14.0,10.943730952380951,-3.0562690476190486,3.0562690476190486,9.340780491434247
CD04_Richness,RANDOM_FOREST,Richness,86,TmP9,9.0,11.267500793650793,2.267500793650793,2.267500793650793,5.141559849206977
CD04_Richness,RANDOM_FOREST,Richness,86,TsP5,3.0,5.027884126984128,2.0278841269841283,2.0278841269841283,4.11231403247418
CD04_Richness,RANDOM_FOREST,Richness,86,TsP6,10.0,8.14986984126984,-1.8501301587301597,1.8501301587301597,3.422981604242886
CD04_Richness,RANDOM_FOREST,Richness,86,TsP8,4.0,5.034529365079366,1.0345293650793659,1.0345293650793659,1.070251007211516
CD04_Richness,RANDOM_FOREST,Richness,86,TsP10,8.0,7.825534920634917,-0.17446507936508304,0.17446507936508304,0.030438063917864723
CD04_Richness,RANDOM_FOREST,Richness,86,TuP7,5.0,5.080578571428573,0.08057857142857294,0.08057857142857294,0.0064929061734696316
CD04_Richness,RANDOM_FOREST,Richness,87,CmP1,12.0,10.31688333333333,-1.6831166666666704,1.6831166666666704,2.8328817136111235
CD04_Richness,RANDOM_FOREST,Richness,87,CsP6,15.0,11.0532373015873,-3.9467626984126998,3.9467626984126998,15.576935797581895
CD04_Richness,RANDOM_FOREST,Richness,87,CsP9,6.0,9.408888888888894,3.408888888888894,3.408888888888894,11.62052345679016
CD04_Richness,RANDOM_FOREST,Richness,87,CuP1,8.0,10.020026190476193,2.0200261904761927,2.0200261904761927,4.080505810209759
CD04_Richness,RANDOM_FOREST,Richness,87,CuP7,10.0,11.075971428571426,1.0759714285714264,1.0759714285714264,1.157714515102036
CD04_Richness,RANDOM_FOREST,Richness,87,CuP10,13.0,11.61553571428572,-1.3844642857142802,1.3844642857142802,1.916741358418352
CD04_Richness,RANDOM_FOREST,Richness,87,BmP1,10.0,9.093835714285717,-0.9061642857142829,0.9061642857142829,0.8211337127040764
CD04_Richness,RANDOM_FOREST,Richness,87,BmP9,14.0,10.79489047619048,-3.2051095238095204,3.2051095238095204,10.27272705961449
CD04_Richness,RANDOM_FOREST,Richness,87,BsP3,8.0,10.492697619047625,2.4926976190476253,2.4926976190476253,6.213541420005701
CD04_Richness,RANDOM_FOREST,Richness,87,BsP4,13.0,10.724169841269845,-2.2758301587301553,2.2758301587301553,5.179402911385724
CD04_Richness,RANDOM_FOREST,Richness,87,BsP6,8.0,10.150922222222226,2.150922222222226,2.150922222222226,4.626466406049399
CD04_Richness,RANDOM_FOREST,Richness,87,BsP8,16.0,11.286289682539685,-4.713710317460315,4.713710317460315,22.21906495693182
CD04_Richness,RANDOM_FOREST,Richness,87,BuP1,7.0,8.807986507936505,1.807986507936505,1.807986507936505,3.2688152128804377
CD04_Richness,RANDOM_FOREST,Richness,87,BuP2,10.0,12.12971428571429,2.1297142857142894,2.1297142857142894,4.535682938775526
CD04_Richness,RANDOM_FOREST,Richness,87,BuP3,9.0,9.036630158730162,0.036630158730162066,0.036630158730162066,0.0013417685285968682
CD04_Richness,RANDOM_FOREST,Richness,87,BuP8,14.0,11.535895238095234,-2.464104761904766,2.464104761904766,6.071812277641743
CD04_Richness,RANDOM_FOREST,Richness,87,TmP3,10.0,8.610600793650795,-1.3893992063492053,1.3893992063492053,1.9304301546038016
CD04_Richness,RANDOM_FOREST,Richness,87,TmP5,4.0,4.830288095238097,0.8302880952380969,0.8302880952380969,0.689378321094107
CD04_Richness,RANDOM_FOREST,Richness,88,CmP8,11.0,12.350192857142854,1.3501928571428543,1.3501928571428543,1.8230207514795842
CD04_Richness,RANDOM_FOREST,Richness,88,CsP8,7.0,9.1873380952381,2.1873380952381005,2.1873380952381005,4.784447942879842
CD04_Richness,RANDOM_FOREST,Richness,88,CuP4,10.0,13.005638095238103,3.005638095238103,3.005638095238103,9.033860359546532
CD04_Richness,RANDOM_FOREST,Richness,88,CuP6,12.0,9.447621428571425,-2.5523785714285747,2.5523785714285747,6.514636371887772
CD04_Richness,RANDOM_FOREST,Richness,88,CuP8,11.0,10.459181746031746,-0.5408182539682542,0.5408182539682542,0.29248438382527114
CD04_Richness,RANDOM_FOREST,Richness,88,BmP7,10.0,10.731356349206358,0.731356349206358,0.731356349206358,0.5348821095244521
CD04_Richness,RANDOM_FOREST,Richness,88,BmP8,8.0,11.580261904761901,3.580261904761901,3.580261904761901,12.818275306689316
CD04_Richness,RANDOM_FOREST,Richness,88,BuP9,13.0,11.465757142857143,-1.534242857142857,1.534242857142857,2.3539011446938773
CD04_Richness,RANDOM_FOREST,Richness,88,TmP7,9.0,7.431257936507934,-1.5687420634920661,1.5687420634920661,2.4609516617693457
CD04_Richness,RANDOM_FOREST,Richness,88,TmP10,10.0,11.899527777777779,1.899527777777779,1.899527777777779,3.6082057785493875
CD04_Richness,RANDOM_FOREST,Richness,88,TsP1,7.0,7.383871212121215,0.3838712121212149,0.3838712121212149,0.14735710749541076
CD04_Richness,RANDOM_FOREST,Richness,88,TsP3,7.0,8.505306349206354,1.5053063492063536,1.5053063492063536,2.265947204960961
CD04_Richness,RANDOM_FOREST,Richness,88,TsP7,7.0,6.508285714285717,-0.49171428571428333,0.49171428571428333,0.24178293877550786
CD04_Richness,RANDOM_FOREST,Richness,88,TuP1,5.0,5.16610483405483,0.16610483405483034,0.16610483405483034,0.027590815896382726
CD04_Richness,RANDOM_FOREST,Richness,88,TuP2,5.0,9.338788961038963,4.338788961038963,4.338788961038963,18.825089648433565
CD04_Richness,RANDOM_FOREST,Richness,88,TuP3,2.0,7.862850865800867,5.862850865800867,5.862850865800867,34.37302027462198
CD04_Richness,RANDOM_FOREST,Richness,88,TuP5,3.0,7.851531818181819,4.851531818181819,4.851531818181819,23.537360982830585
CD04_Richness,RANDOM_FOREST,Richness,88,TuP8,6.0,5.404407215007218,-0.5955927849927818,0.5955927849927818,0.354730765535458
CD04_Richness,RANDOM_FOREST,Richness,89,CsP1,11.0,10.038753174603176,-0.9612468253968238,0.9612468253968238,0.9239954593354719
CD04_Richness,RANDOM_FOREST,Richness,89,CsP2,10.0,12.959723015873012,2.9597230158730117,2.9597230158730117,8.759960330688436
CD04_Richness,RANDOM_FOREST,Richness,89,CsP3,12.0,11.32306587301588,-0.6769341269841203,0.6769341269841203,0.45823981227575306
CD04_Richness,RANDOM_FOREST,Richness,89,CsP4,13.0,13.275992063492067,0.2759920634920672,0.2759920634920672,0.07617161911060924
CD04_Richness,RANDOM_FOREST,Richness,89,CsP5,5.0,6.407070634920632,1.4070706349206317,1.4070706349206317,1.9798477716559495
CD04_Richness,RANDOM_FOREST,Richness,89,CuP5,13.0,10.645876190476189,-2.354123809523811,2.354123809523811,5.541898910566901
CD04_Richness,RANDOM_FOREST,Richness,89,CuP9,14.0,11.166534126984132,-2.833465873015868,2.833465873015868,8.028528853545575
CD04_Richness,RANDOM_FOREST,Richness,89,BmP2,10.0,12.959723015873012,2.9597230158730117,2.9597230158730117,8.759960330688436
CD04_Richness,RANDOM_FOREST,Richness,89,BmP4,11.0,12.867266666666676,1.8672666666666764,1.8672666666666764,3.4866848044444807
CD04_Richness,RANDOM_FOREST,Richness,89,BmP10,10.0,9.98261147186147,-0.017388528138530646,0.017388528138530646,0.00030236091082447205
CD04_Richness,RANDOM_FOREST,Richness,89,BsP2,7.0,8.726787662337664,1.7267876623376637,1.7267876623376637,2.981795630801573
CD04_Richness,RANDOM_FOREST,Richness,89,BuP6,12.0,10.031482900432902,-1.968517099567098,1.968517099567098,3.87505957128806
CD04_Richness,RANDOM_FOREST,Richness,89,TmP4,5.0,7.574743650793652,2.5747436507936516,2.5747436507936516,6.6293048673022215
CD04_Richness,RANDOM_FOREST,Richness,89,TmP8,7.0,7.7192047619047575,0.7192047619047575,0.7192047619047575,0.5172554895464788
CD04_Richness,RANDOM_FOREST,Richness,89,TsP2,7.0,8.227796031746035,1.2277960317460348,1.2277960317460348,1.50748309557131
CD04_Richness,RANDOM_FOREST,Richness,89,TsP9,7.0,6.728522871572869,-0.2714771284271311,0.2714771284271311,0.07369983125904105
CD04_Richness,RANDOM_FOREST,Richness,89,TuP6,8.0,8.061429365079361,0.06142936507936092,0.06142936507936092,0.0037735668940534067
CD04_Richness,RANDOM_FOREST,Richness,89,TuP9,4.0,5.322242063492063,1.3222420634920633,1.3222420634920633,1.7483240744677495
CD04_Richness,RANDOM_FOREST,Richness,90,CmP3,12.0,12.025943650793652,0.025943650793651685,0.025943650793651685,0.0006730730165029437
CD04_Richness,RANDOM_FOREST,Richness,90,CmP5,7.0,11.07206984126984,4.07206984126984,4.07206984126984,16.581752792179383
CD04_Richness,RANDOM_FOREST,Richness,90,CmP6,13.0,10.483375396825396,-2.516624603174604,2.516624603174604,6.333399393303732
CD04_Richness,RANDOM_FOREST,Richness,90,CmP9,13.0,11.16166507936507,-1.8383349206349298,1.8383349206349298,3.3794752804258334
CD04_Richness,RANDOM_FOREST,Richness,90,CsP7,9.0,12.260634126984126,3.260634126984126,3.260634126984126,10.631734910053533
CD04_Richness,RANDOM_FOREST,Richness,90,CsP10,10.0,11.49839365079365,1.4983936507936502,1.4983936507936502,2.2451835327387233
CD04_Richness,RANDOM_FOREST,Richness,90,BmP5,5.0,6.164661904761904,1.1646619047619042,1.1646619047619042,1.3564373524036268
CD04_Richness,RANDOM_FOREST,Richness,90,BsP1,7.0,10.008978571428564,3.008978571428564,3.008978571428564,9.053952043316281
CD04_Richness,RANDOM_FOREST,Richness,90,BsP7,11.0,11.443629365079358,0.44362936507935835,0.44362936507935835,0.19680701356071462
CD04_Richness,RANDOM_FOREST,Richness,90,BsP9,13.0,11.194455555555546,-1.805544444444454,1.805544444444454,3.259990740864232
CD04_Richness,RANDOM_FOREST,Richness,90,BsP10,14.0,7.730008730158726,-6.269991269841274,6.269991269841274,39.31279052388579
CD04_Richness,RANDOM_FOREST,Richness,90,BuP4,11.0,11.47953333333333,0.4795333333333307,0.4795333333333307,0.22995221777777525
CD04_Richness,RANDOM_FOREST,Richness,90,BuP7,13.0,12.02435476190476,-0.9756452380952396,0.9756452380952396,0.9518836306179168
CD04_Richness,RANDOM_FOREST,Richness,90,TmP1,6.0,9.574569841269836,3.5745698412698363,3.5745698412698363,12.777549550115863
CD04_Richness,RANDOM_FOREST,Richness,90,TmP2,7.0,6.495466666666663,-0.5045333333333373,0.5045333333333373,0.25455388444444843
CD04_Richness,RANDOM_FOREST,Richness,90,TsP4,4.0,5.926749999999998,1.9267499999999984,1.9267499999999984,3.712365562499994
CD04_Richness,RANDOM_FOREST,Richness,90,TuP4,6.0,4.8731103174603145,-1.1268896825396855,1.1268896825396855,1.269880356614393
CD04_Richness,RANDOM_FOREST,Richness,90,TuP10,6.0,4.192999206349208,-1.8070007936507917,1.8070007936507917,3.265251868254591
CD04_Richness,RANDOM_FOREST,Richness,91,CmP5,7.0,11.997072222222227,4.9970722222222275,4.9970722222222275,24.97073079410499
CD04_Richness,RANDOM_FOREST,Richness,91,CmP8,11.0,11.941261904761902,0.9412619047619017,0.9412619047619017,0.8859739733560034
CD04_Richness,RANDOM_FOREST,Richness,91,CsP6,15.0,11.345634920634925,-3.654365079365075,3.654365079365075,13.35438413328291
CD04_Richness,RANDOM_FOREST,Richness,91,CsP9,6.0,9.238071428571423,3.2380714285714234,3.2380714285714234,10.485106576530578
CD04_Richness,RANDOM_FOREST,Richness,91,CuP1,8.0,11.03121349206349,3.0312134920634897,3.0312134920634897,9.188255234467736
CD04_Richness,RANDOM_FOREST,Richness,91,CuP4,10.0,13.026785714285714,3.0267857142857135,3.0267857142857135,9.161431760204078
CD04_Richness,RANDOM_FOREST,Richness,91,CuP5,13.0,11.852281746031741,-1.147718253968259,1.147718253968259,1.3172571904919492
CD04_Richness,RANDOM_FOREST,Richness,91,BmP4,11.0,13.16069444444444,2.16069444444444,2.16069444444444,4.6686004822530665
CD04_Richness,RANDOM_FOREST,Richness,91,BmP8,8.0,10.58300757575757,2.58300757575757,2.58300757575757,6.671928136420998
CD04_Richness,RANDOM_FOREST,Richness,91,BsP3,8.0,10.06031904761904,2.060319047619039,2.060319047619039,4.244914577981825
CD04_Richness,RANDOM_FOREST,Richness,91,BuP2,10.0,13.217379365079358,3.217379365079358,3.217379365079358,10.351529978838453
CD04_Richness,RANDOM_FOREST,Richness,91,BuP3,9.0,9.069912337662338,0.06991233766233762,0.06991233766233762,0.004887734957412711
CD04_Richness,RANDOM_FOREST,Richness,91,BuP5,11.0,13.4891373015873,2.4891373015873004,2.4891373015873004,6.195804506153308
CD04_Richness,RANDOM_FOREST,Richness,91,TmP2,7.0,6.550989682539682,-0.44901031746031794,0.44901031746031794,0.2016102651858155
CD04_Richness,RANDOM_FOREST,Richness,91,TmP8,7.0,7.353576190476195,0.35357619047619515,0.35357619047619515,0.12501612247165864
CD04_Richness,RANDOM_FOREST,Richness,91,TmP9,9.0,11.328711904761908,2.3287119047619083,2.3287119047619083,5.422899135379835
CD04_Richness,RANDOM_FOREST,Richness,91,TuP7,5.0,4.683285714285713,-0.31671428571428706,0.31671428571428706,0.10030793877551106
CD04_Richness,RANDOM_FOREST,Richness,91,TuP8,6.0,5.249815873015875,-0.7501841269841254,0.7501841269841254,0.5627762243789344
CD04_Richness,RANDOM_FOREST,Richness,92,CmP3,12.0,12.455962698412701,0.45596269841270143,0.45596269841270143,0.20790198234379212
CD04_Richness,RANDOM_FOREST,Richness,92,CmP9,13.0,10.950886507936502,-2.0491134920634977,2.0491134920634977,4.198866103356662
CD04_Richness,RANDOM_FOREST,Richness,92,CuP3,7.0,10.951880952380954,3.9518809523809537,3.9518809523809537,15.617363061791394
CD04_Richness,RANDOM_FOREST,Richness,92,BmP10,10.0,10.053216810966811,0.05321681096681097,0.05321681096681097,0.002832028969477292
CD04_Richness,RANDOM_FOREST,Richness,92,BsP1,7.0,9.832761255411256,2.8327612554112562,2.8327612554112562,8.024536330159156
CD04_Richness,RANDOM_FOREST,Richness,92,BsP2,7.0,9.038934126984127,2.0389341269841275,2.0389341269841275,4.157252374180526
CD04_Richness,RANDOM_FOREST,Richness,92,BsP4,13.0,11.142207142857137,-1.8577928571428632,1.8577928571428632,3.451394300051043
CD04_Richness,RANDOM_FOREST,Richness,92,BsP5,12.0,7.441470634920636,-4.558529365079364,4.558529365079364,20.78018997229087
CD04_Richness,RANDOM_FOREST,Richness,92,BsP9,13.0,11.32997142857143,-1.6700285714285705,1.6700285714285705,2.788995429387752
CD04_Richness,RANDOM_FOREST,Richness,92,BuP1,7.0,6.518045238095238,-0.4819547619047624,0.4819547619047624,0.2322803925226762
CD04_Richness,RANDOM_FOREST,Richness,92,BuP6,12.0,10.114762698412697,-1.8852373015873027,1.8852373015873027,3.554119683296175
CD04_Richness,RANDOM_FOREST,Richness,92,TmP1,6.0,9.340743722943726,3.340743722943726,3.340743722943726,11.160568622387906
CD04_Richness,RANDOM_FOREST,Richness,92,TmP5,4.0,4.882735714285715,0.8827357142857153,0.8827357142857153,0.7792223412755119
CD04_Richness,RANDOM_FOREST,Richness,92,TmP7,9.0,8.2187215007215,-0.7812784992784998,0.7812784992784998,0.6103960934348648
CD04_Richness,RANDOM_FOREST,Richness,92,TsP2,7.0,8.254136796536798,1.2541367965367982,1.2541367965367982,1.5728591044275824
CD04_Richness,RANDOM_FOREST,Richness,92,TsP5,3.0,4.690923809523809,1.6909238095238086,1.6909238095238086,2.8592233296145095
CD04_Richness,RANDOM_FOREST,Richness,92,TsP10,8.0,8.036668542568547,0.036668542568547124,0.036668542568547124,0.0013445820141013524
CD04_Richness,RANDOM_FOREST,Richness,92,TuP6,8.0,7.038070923520924,-0.961929076479076,0.961929076479076,0.925307548175888
CD04_Richness,RANDOM_FOREST,Richness,93,CmP1,12.0,10.216604473304471,-1.7833955266955286,1.7833955266955286,3.180499604637622
CD04_Richness,RANDOM_FOREST,Richness,93,CmP6,13.0,9.70281558441558,-3.29718441558442,3.29718441558442,10.871425070372773
CD04_Richness,RANDOM_FOREST,Richness,93,CmP7,16.0,11.536886219336212,-4.463113780663788,4.463113780663788,19.919384619151007
CD04_Richness,RANDOM_FOREST,Richness,93,CsP1,11.0,10.242538095238096,-0.7574619047619038,0.7574619047619038,0.5737485371655314
CD04_Richness,RANDOM_FOREST,Richness,93,CsP4,13.0,12.342077777777781,-0.6579222222222185,0.6579222222222185,0.4328616504938223
CD04_Richness,RANDOM_FOREST,Richness,93,CsP5,5.0,6.457792063492063,1.4577920634920627,1.4577920634920627,2.1251577003804463
CD04_Richness,RANDOM_FOREST,Richness,93,CsP8,7.0,8.998884920634918,1.998884920634918,1.998884920634918,3.995540925941662
CD04_Richness,RANDOM_FOREST,Richness,93,CuP6,12.0,9.425220346320343,-2.5747796536796574,2.5747796536796574,6.629490265002737
CD04_Richness,RANDOM_FOREST,Richness,93,CuP9,14.0,11.20560317460318,-2.79439682539682,2.79439682539682,7.808653617787827
CD04_Richness,RANDOM_FOREST,Richness,93,BmP3,11.0,11.048711111111105,0.048711111111105154,0.048711111111105154,0.002372772345678432
CD04_Richness,RANDOM_FOREST,Richness,93,BsP7,11.0,10.96957619047619,-0.03042380952381052,0.03042380952381052,0.0009256081859411036
CD04_Richness,RANDOM_FOREST,Richness,93,BsP8,16.0,11.044446825396822,-4.955553174603178,4.955553174603178,24.55750726631964
CD04_Richness,RANDOM_FOREST,Richness,93,BuP4,11.0,11.521928282828279,0.521928282828279,0.521928282828279,0.27240913241607595
CD04_Richness,RANDOM_FOREST,Richness,93,BuP7,13.0,11.232641269841274,-1.7673587301587261,1.7673587301587261,3.123556881068265
CD04_Richness,RANDOM_FOREST,Richness,93,BuP8,14.0,11.335048412698413,-2.664951587301587,2.664951587301587,7.101966962661249
CD04_Richness,RANDOM_FOREST,Richness,93,TsP3,7.0,8.482407287157288,1.4824072871572884,1.4824072871572884,2.1975313650170314
CD04_Richness,RANDOM_FOREST,Richness,93,TsP4,4.0,5.757424603174603,1.757424603174603,1.757424603174603,3.088541235843411
CD04_Richness,RANDOM_FOREST,Richness,93,TsP9,7.0,7.0384873015873,0.03848730158729996,0.03848730158729996,0.001481272383471782
CD04_Richness,RANDOM_FOREST,Richness,94,CmP4,10.0,9.926128571428569,-0.07387142857143125,0.07387142857143125,0.00545698795918407
CD04_Richness,RANDOM_FOREST,Richness,94,CmP10,13.0,10.990122222222222,-2.0098777777777777,2.0098777777777777,4.039608681604938
CD04_Richness,RANDOM_FOREST,Richness,94,CsP10,10.0,12.32177301587301,2.32177301587301,2.32177301587301,5.390629937236052
CD04_Richness,RANDOM_FOREST,Richness,94,CuP2,10.0,10.867876190476187,0.8678761904761867,0.8678761904761867,0.7532090819954583
CD04_Richness,RANDOM_FOREST,Richness,94,CuP8,11.0,10.944272222222226,-0.055727777777773824,0.055727777777773824,0.003105585216048942
CD04_Richness,RANDOM_FOREST,Richness,94,BmP2,10.0,11.668373809523816,1.6683738095238159,1.6683738095238159,2.78347116830501
CD04_Richness,RANDOM_FOREST,Richness,94,BmP6,14.0,11.687311904761918,-2.312688095238082,2.312688095238082,5.348526225855948
CD04_Richness,RANDOM_FOREST,Richness,94,BmP7,10.0,10.508573809523813,0.5085738095238135,0.5085738095238135,0.25864731973356414
CD04_Richness,RANDOM_FOREST,Richness,94,BsP10,14.0,7.31785,-6.68215,6.68215,44.6511286225
CD04_Richness,RANDOM_FOREST,Richness,94,BuP9,13.0,10.956076190476196,-2.043923809523804,2.043923809523804,4.177624539138299
CD04_Richness,RANDOM_FOREST,Richness,94,TmP3,10.0,8.664863492063489,-1.335136507936511,1.335136507936511,1.782589494824901
CD04_Richness,RANDOM_FOREST,Richness,94,TsP1,7.0,7.369778571428575,0.36977857142857484,0.36977857142857484,0.13673619188775762
CD04_Richness,RANDOM_FOREST,Richness,94,TsP6,10.0,7.301807142857143,-2.698192857142857,2.698192857142857,7.280244694336733
CD04_Richness,RANDOM_FOREST,Richness,94,TuP1,5.0,5.036896031746031,0.03689603174603118,0.03689603174603118,0.0013613171586041404
CD04_Richness,RANDOM_FOREST,Richness,94,TuP3,2.0,6.6132690476190445,4.6132690476190445,4.6132690476190445,21.282251305719928
CD04_Richness,RANDOM_FOREST,Richness,94,TuP4,6.0,5.969949999999997,-0.030050000000002797,0.030050000000002797,0.0009030025000001681
CD04_Richness,RANDOM_FOREST,Richness,94,TuP5,3.0,6.337646825396822,3.3376468253968223,3.3376468253968223,11.139886331081486
CD04_Richness,RANDOM_FOREST,Richness,94,TuP10,6.0,4.873000000000002,-1.126999999999998,1.126999999999998,1.2701289999999954
CD04_Richness,RANDOM_FOREST,Richness,95,CmP2,15.0,11.448261111111107,-3.5517388888888934,3.5517388888888934,12.614849134845711
CD04_Richness,RANDOM_FOREST,Richness,95,CsP2,10.0,11.264753174603177,1.264753174603177,1.264753174603177,1.5996005926688144
CD04_Richness,RANDOM_FOREST,Richness,95,CsP3,12.0,10.930090476190474,-1.0699095238095264,1.0699095238095264,1.1447063891383276
CD04_Richness,RANDOM_FOREST,Richness,95,CsP7,9.0,12.102616666666666,3.102616666666666,3.102616666666666,9.626230180277775
CD04_Richness,RANDOM_FOREST,Richness,95,CuP7,10.0,10.96185,0.9618500000000001,0.9618500000000001,0.9251554225000002
CD04_Richness,RANDOM_FOREST,Richness,95,CuP10,13.0,11.520742857142857,-1.4792571428571435,1.4792571428571435,2.1882016946938796
CD04_Richness,RANDOM_FOREST,Richness,95,BmP1,10.0,9.266061111111114,-0.7339388888888863,0.7339388888888863,0.5386662926234529
CD04_Richness,RANDOM_FOREST,Richness,95,BmP5,5.0,6.605657142857146,1.6056571428571456,1.6056571428571456,2.5781348604081717
CD04_Richness,RANDOM_FOREST,Richness,95,BmP9,14.0,12.030654761904763,-1.9693452380952365,1.9693452380952365,3.878320666808384
CD04_Richness,RANDOM_FOREST,Richness,95,BsP6,8.0,10.110264285714294,2.110264285714294,2.110264285714294,4.453215355561259
CD04_Richness,RANDOM_FOREST,Richness,95,BuP10,16.0,11.953465079365081,-4.046534920634919,4.046534920634919,16.374444863917848
CD04_Richness,RANDOM_FOREST,Richness,95,TmP4,5.0,7.454173015873017,2.4541730158730166,2.4541730158730166,6.0229651918392575
CD04_Richness,RANDOM_FOREST,Richness,95,TmP6,14.0,10.811623015873021,-3.188376984126979,3.188376984126979,10.165747792910649
CD04_Richness,RANDOM_FOREST,Richness,95,TmP10,10.0,11.988870634920634,1.9888706349206338,1.9888706349206338,3.9556064024496047
CD04_Richness,RANDOM_FOREST,Richness,95,TsP7,7.0,7.297350793650798,0.2973507936507982,0.2973507936507982,0.08841749448475957
CD04_Richness,RANDOM_FOREST,Richness,95,TsP8,4.0,5.1992880952380975,1.1992880952380975,1.1992880952380975,1.438291935379824
CD04_Richness,RANDOM_FOREST,Richness,95,TuP2,5.0,8.495961111111116,3.495961111111116,3.495961111111116,12.22174409040127
CD04_Richness,RANDOM_FOREST,Richness,95,TuP9,4.0,5.367088095238095,1.3670880952380946,1.3670880952380946,1.8689298601417217
CD04_Richness,RANDOM_FOREST,Richness,96,CmP4,10.0,11.157915800865798,1.1579158008657977,1.1579158008657977,1.3407690018946816
CD04_Richness,RANDOM_FOREST,Richness,96,CmP5,7.0,11.257941269841261,4.257941269841261,4.257941269841261,18.13006385741741
CD04_Richness,RANDOM_FOREST,Richness,96,CmP10,13.0,11.034749134199132,-1.9652508658008685,1.9652508658008685,3.8622109655310632
CD04_Richness,RANDOM_FOREST,Richness,96,CsP6,15.0,11.357716666666674,-3.642283333333326,3.642283333333326,13.266227880277725
CD04_Richness,RANDOM_FOREST,Richness,96,CuP3,7.0,10.785440476190479,3.7854404761904785,3.7854404761904785,14.329559598781197
CD04_Richness,RANDOM_FOREST,Richness,96,CuP6,12.0,11.245656349206344,-0.7543436507936558,0.7543436507936558,0.569034343492701
CD04_Richness,RANDOM_FOREST,Richness,96,CuP8,11.0,11.746136507936507,0.746136507936507,0.746136507936507,0.5567196884756852
CD04_Richness,RANDOM_FOREST,Richness,96,BmP1,10.0,9.273654761904757,-0.7263452380952433,0.7263452380952433,0.5275774049036357
CD04_Richness,RANDOM_FOREST,Richness,96,BmP2,10.0,10.99264285714286,0.9926428571428598,0.9926428571428598,0.9853398418367401
CD04_Richness,RANDOM_FOREST,Richness,96,BmP3,11.0,11.496953968253967,0.4969539682539672,0.4969539682539672,0.24696324656336505
CD04_Richness,RANDOM_FOREST,Richness,96,BsP3,8.0,10.195165079365083,2.1951650793650828,2.1951650793650828,4.81874972566391
CD04_Richness,RANDOM_FOREST,Richness,96,BsP7,11.0,11.613634126984126,0.6136341269841257,0.6136341269841257,0.37654684179957004
CD04_Richness,RANDOM_FOREST,Richness,96,BsP8,16.0,10.796279365079366,-5.203720634920634,5.203720634920634,27.078708446298805
CD04_Richness,RANDOM_FOREST,Richness,96,BsP9,13.0,10.44929761904762,-2.55070238095238,2.55070238095238,6.506082636196141
CD04_Richness,RANDOM_FOREST,Richness,96,BuP1,7.0,8.644254761904762,1.6442547619047616,1.6442547619047616,2.7035737220464844
CD04_Richness,RANDOM_FOREST,Richness,96,BuP9,13.0,11.640976190476188,-1.359023809523812,1.359023809523812,1.8469457148526147
CD04_Richness,RANDOM_FOREST,Richness,96,TmP8,7.0,7.481357142857141,0.48135714285714126,0.48135714285714126,0.2317046989795903
CD04_Richness,RANDOM_FOREST,Richness,96,TsP8,4.0,4.836223015873016,0.8362230158730162,0.8362230158730162,0.6992689322757627
CD04_Richness,RANDOM_FOREST,Richness,97,CmP6,13.0,10.360792857142858,-2.639207142857142,2.639207142857142,6.965414342908159
CD04_Richness,RANDOM_FOREST,Richness,97,CsP9,6.0,8.549195238095235,2.549195238095235,2.549195238095235,6.498396361927423
CD04_Richness,RANDOM_FOREST,Richness,97,CuP1,8.0,9.789111904761898,1.7891119047618975,1.7891119047618975,3.200921407760745
CD04_Richness,RANDOM_FOREST,Richness,97,BmP7,10.0,9.68517857142858,-0.31482142857142037,0.31482142857142037,0.09911253188774993
CD04_Richness,RANDOM_FOREST,Richness,97,BmP9,14.0,12.075596031746034,-1.9244039682539658,1.9244039682539658,3.7033306330316105
CD04_Richness,RANDOM_FOREST,Richness,97,BmP10,10.0,9.875833333333338,-0.1241666666666621,0.1241666666666621,0.015417361111109976
CD04_Richness,RANDOM_FOREST,Richness,97,BsP2,7.0,8.60384523809524,1.6038452380952393,1.6038452380952393,2.5723195477607748
CD04_Richness,RANDOM_FOREST,Richness,97,BsP5,12.0,7.747719841269839,-4.252280158730161,4.252280158730161,18.081886548330207
CD04_Richness,RANDOM_FOREST,Richness,97,BuP2,10.0,12.98608412698412,2.986084126984119,2.986084126984119,8.91669841342651
CD04_Richness,RANDOM_FOREST,Richness,97,BuP4,11.0,11.249564285714289,0.249564285714289,0.249564285714289,0.06228233270408328
CD04_Richness,RANDOM_FOREST,Richness,97,BuP5,11.0,13.328404761904757,2.328404761904757,2.328404761904757,5.421468735260748
CD04_Richness,RANDOM_FOREST,Richness,97,BuP6,12.0,9.944111904761915,-2.0558880952380854,2.0558880952380854,4.2266758601416825
CD04_Richness,RANDOM_FOREST,Richness,97,TmP2,7.0,6.451540476190472,-0.5484595238095276,0.5484595238095276,0.30080784925737375
CD04_Richness,RANDOM_FOREST,Richness,97,TsP7,7.0,6.843511111111107,-0.15648888888889267,0.15648888888889267,0.0244887723456802
CD04_Richness,RANDOM_FOREST,Richness,97,TuP1,5.0,5.561614285714283,0.561614285714283,0.561614285714283,0.31541060591836423
CD04_Richness,RANDOM_FOREST,Richness,97,TuP2,5.0,8.442013492063488,3.442013492063488,3.442013492063488,11.847456879547087
CD04_Richness,RANDOM_FOREST,Richness,97,TuP4,6.0,5.319383333333328,-0.6806166666666718,0.6806166666666718,0.4632390469444514
CD04_Richness,RANDOM_FOREST,Richness,97,TuP8,6.0,5.072512698412696,-0.9274873015873037,0.9274873015873037,0.8602326946056982
CD04_Richness,RANDOM_FOREST,Richness,98,CmP2,15.0,11.45556262626263,-3.5444373737373702,3.5444373737373702,12.563036296346267
CD04_Richness,RANDOM_FOREST,Richness,98,CmP7,16.0,10.717019047619047,-5.282980952380953,5.282980952380953,27.90988774321996
CD04_Richness,RANDOM_FOREST,Richness,98,CmP9,13.0,10.722283261183263,-2.2777167388167374,2.2777167388167374,5.1879935422859536
CD04_Richness,RANDOM_FOREST,Richness,98,CsP1,11.0,10.572116666666663,-0.4278833333333374,0.4278833333333374,0.1830841469444479
CD04_Richness,RANDOM_FOREST,Richness,98,CsP3,12.0,11.333015873015876,-0.6669841269841239,0.6669841269841239,0.4448678256487739
CD04_Richness,RANDOM_FOREST,Richness,98,CsP4,13.0,12.527242857142866,-0.47275714285713377,0.47275714285713377,0.2234993161224404
CD04_Richness,RANDOM_FOREST,Richness,98,CuP2,10.0,11.399384126984128,1.3993841269841276,1.3993841269841276,1.958275934855129
CD04_Richness,RANDOM_FOREST,Richness,98,CuP10,13.0,11.403845238095235,-1.5961547619047654,1.5961547619047654,2.5477100239512582
CD04_Richness,RANDOM_FOREST,Richness,98,BmP6,14.0,12.040597619047622,-1.959402380952378,1.959402380952378,3.8392576904818476
CD04_Richness,RANDOM_FOREST,Richness,98,BsP1,7.0,9.95770634920635,2.957706349206349,2.957706349206349,8.74802684813555
CD04_Richness,RANDOM_FOREST,Richness,98,BuP7,13.0,11.309434126984128,-1.6905658730158724,1.6905658730158724,2.858012971005919
CD04_Richness,RANDOM_FOREST,Richness,98,TmP3,10.0,8.662164285714288,-1.3378357142857116,1.3378357142857116,1.78980439841836
CD04_Richness,RANDOM_FOREST,Richness,98,TmP6,14.0,10.345926984126981,-3.654073015873019,3.654073015873019,13.35224960533134
CD04_Richness,RANDOM_FOREST,Richness,98,TsP1,7.0,7.8439642857142795,0.8439642857142795,0.8439642857142795,0.712275715561214
CD04_Richness,RANDOM_FOREST,Richness,98,TsP10,8.0,7.883734920634922,-0.11626507936507835,0.11626507936507835,0.013517568679767968
CD04_Richness,RANDOM_FOREST,Richness,98,TuP3,2.0,5.755599999999999,3.7555999999999994,3.7555999999999994,14.104531359999996
CD04_Richness,RANDOM_FOREST,Richness,98,TuP6,8.0,7.276311904761903,-0.7236880952380966,0.7236880952380966,0.5237244591893444
CD04_Richness,RANDOM_FOREST,Richness,98,TuP10,6.0,4.609480952380954,-1.3905190476190459,1.3905190476190459,1.9335432217913784
CD04_Richness,RANDOM_FOREST,Richness,99,CmP8,11.0,12.41203095238095,1.4120309523809507,1.4120309523809507,1.9938314104818546
CD04_Richness,RANDOM_FOREST,Richness,99,CsP7,9.0,12.928216666666668,3.9282166666666676,3.9282166666666676,15.430886180277785
CD04_Richness,RANDOM_FOREST,Richness,99,CsP10,10.0,11.925464285714282,1.9254642857142823,1.9254642857142823,3.7074127155612113
CD04_Richness,RANDOM_FOREST,Richness,99,CuP9,14.0,11.547738095238103,-2.4522619047618974,2.4522619047618974,6.013588449546449
CD04_Richness,RANDOM_FOREST,Richness,99,BsP4,13.0,11.544111904761898,-1.4558880952381017,1.4558880952381017,2.119610145856028
CD04_Richness,RANDOM_FOREST,Richness,99,BsP6,8.0,9.856998412698408,1.8569984126984078,1.8569984126984078,3.448443104764406
CD04_Richness,RANDOM_FOREST,Richness,99,BsP10,14.0,6.808219841269842,-7.191780158730158,7.191780158730158,51.72170185150478
CD04_Richness,RANDOM_FOREST,Richness,99,BuP3,9.0,8.45404285714286,-0.5459571428571408,0.5459571428571408,0.29806920183673247
CD04_Richness,RANDOM_FOREST,Richness,99,TmP5,4.0,4.817974603174602,0.8179746031746022,0.8179746031746022,0.669082451438648
CD04_Richness,RANDOM_FOREST,Richness,99,TmP7,9.0,7.766054761904766,-1.2339452380952336,1.2339452380952336,1.5226208506179026
CD04_Richness,RANDOM_FOREST,Richness,99,TmP10,10.0,12.190481746031752,2.190481746031752,2.190481746031752,4.7982102796983135
CD04_Richness,RANDOM_FOREST,Richness,99,TsP3,7.0,7.926569264069267,0.9265692640692667,0.9265692640692667,0.8585306011178624
CD04_Richness,RANDOM_FOREST,Richness,99,TsP4,4.0,5.778575396825394,1.778575396825394,1.778575396825394,3.163330442192607
CD04_Richness,RANDOM_FOREST,Richness,99,TsP5,3.0,5.345988888888891,2.3459888888888907,2.3459888888888907,5.503663866790132
CD04_Richness,RANDOM_FOREST,Richness,99,TsP6,10.0,6.8383246031746046,-3.1616753968253954,3.1616753968253954,9.996191314891021
CD04_Richness,RANDOM_FOREST,Richness,99,TsP9,7.0,6.563003968253967,-0.4369960317460331,0.4369960317460331,0.19096553176177994
CD04_Richness,RANDOM_FOREST,Richness,99,TuP7,5.0,5.2016793650793645,0.20167936507936446,0.20167936507936446,0.04067456629881557
CD04_Richness,RANDOM_FOREST,Richness,99,TuP9,4.0,5.5320777777777765,1.5320777777777765,1.5320777777777765,2.34726231716049
CD04_Richness,RANDOM_FOREST,Richness,100,CmP1,12.0,11.137602380952384,-0.8623976190476164,0.8623976190476164,0.7437296533389977
CD04_Richness,RANDOM_FOREST,Richness,100,CmP3,12.0,12.091802380952378,0.09180238095237847,0.09180238095237847,0.008427677148525622
CD04_Richness,RANDOM_FOREST,Richness,100,CsP2,10.0,11.409661904761911,1.4096619047619114,1.4096619047619114,1.9871466857369804
CD04_Richness,RANDOM_FOREST,Richness,100,CsP5,5.0,7.693795238095238,2.6937952380952384,2.6937952380952384,7.256532784784582
CD04_Richness,RANDOM_FOREST,Richness,100,CsP8,7.0,9.597947619047622,2.5979476190476216,2.5979476190476216,6.749331831315206
CD04_Richness,RANDOM_FOREST,Richness,100,CuP4,10.0,12.488300000000004,2.488300000000004,2.488300000000004,6.191636890000021
CD04_Richness,RANDOM_FOREST,Richness,100,CuP5,13.0,10.534952380952385,-2.465047619047615,2.465047619047615,6.076459764172316
CD04_Richness,RANDOM_FOREST,Richness,100,CuP7,10.0,11.199661904761909,1.1996619047619088,1.1996619047619088,1.4391886857369711
CD04_Richness,RANDOM_FOREST,Richness,100,BmP4,11.0,12.249719047619065,1.249719047619065,1.249719047619065,1.5617976979819026
CD04_Richness,RANDOM_FOREST,Richness,100,BmP5,5.0,7.693795238095238,2.6937952380952384,2.6937952380952384,7.256532784784582
CD04_Richness,RANDOM_FOREST,Richness,100,BmP8,8.0,11.050964285714283,3.050964285714283,3.050964285714283,9.308383072704064
CD04_Richness,RANDOM_FOREST,Richness,100,BuP8,14.0,11.278942063492066,-2.7210579365079344,2.7210579365079344,7.404156293832818
CD04_Richness,RANDOM_FOREST,Richness,100,BuP10,16.0,11.470246825396833,-4.529753174603167,4.529753174603167,20.51866382282747
CD04_Richness,RANDOM_FOREST,Richness,100,TmP1,6.0,9.586207142857141,3.586207142857141,3.586207142857141,12.86088167147958
CD04_Richness,RANDOM_FOREST,Richness,100,TmP4,5.0,7.4478904761904765,2.4478904761904765,2.4478904761904765,5.992167783424038
CD04_Richness,RANDOM_FOREST,Richness,100,TmP9,9.0,11.870568253968255,2.870568253968255,2.870568253968255,8.240162100690355
CD04_Richness,RANDOM_FOREST,Richness,100,TsP2,7.0,8.533995238095239,1.5339952380952386,1.5339952380952386,2.353141390498868
CD04_Richness,RANDOM_FOREST,Richness,100,TuP5,3.0,6.100138095238094,3.100138095238094,3.100138095238094,9.610856209546478
CD01_CWM_WD,RIDGE,CWM_WD,1,CmP1,0.6200000000000001,0.5862311600183111,-0.033768839981689,0.033768839981689,0.0011403345537089177
CD01_CWM_WD,RIDGE,CWM_WD,1,CmP5,0.7284615384615385,0.5048133797136299,-0.22364815874790855,0.22364815874790855,0.05001849891132971
CD01_CWM_WD,RIDGE,CWM_WD,1,CsP1,0.53,0.5569944887541942,0.02699448875419419,0.02699448875419419,0.0007287024231003166
CD01_CWM_WD,RIDGE,CWM_WD,1,CsP3,0.6058333333333333,0.5927754168282804,-0.013057916505052947,0.013057916505052947,0.00017050918345293416
CD01_CWM_WD,RIDGE,CWM_WD,1,CsP9,0.4708333333333334,0.46812979552782397,-0.002703537805509415,0.002703537805509415,7.309116665818664e-06
CD01_CWM_WD,RIDGE,CWM_WD,1,CuP3,0.6322222222222221,0.5109063084677392,-0.12131591375448292,0.12131591375448292,0.014717550930085138
CD01_CWM_WD,RIDGE,CWM_WD,1,CuP7,0.6502608591225009,0.5647667180705934,-0.08549414105190745,0.08549414105190745,0.007309248154203446
CD01_CWM_WD,RIDGE,CWM_WD,1,CuP9,0.6696,0.6340982932338358,-0.035501706766164154,0.035501706766164154,0.0012603711833107057
CD01_CWM_WD,RIDGE,CWM_WD,1,BmP6,0.555,0.623717747949057,0.06871774794905694,0.06871774794905694,0.004722128883190119
CD01_CWM_WD,RIDGE,CWM_WD,1,BmP10,0.5690000000000001,0.5528065245903047,-0.0161934754096954,0.0161934754096954,0.0002622286458444097
CD01_CWM_WD,RIDGE,CWM_WD,1,BsP1,0.5485185185185185,0.5280567745904173,-0.020461743928101184,0.020461743928101184,0.00041868296457918565
CD01_CWM_WD,RIDGE,CWM_WD,1,BsP5,0.47,0.577655926956972,0.10765592695697201,0.10765592695697201,0.011589798608964894
CD01_CWM_WD,RIDGE,CWM_WD,1,BuP6,0.6005555555555556,0.5835231916831514,-0.017032363872404255,0.017032363872404255,0.00029010141908198165
CD01_CWM_WD,RIDGE,CWM_WD,1,BuP7,0.5858823529411764,0.5926757644615004,0.0067934115203239775,0.0067934115203239775,4.615044008447054e-05
CD01_CWM_WD,RIDGE,CWM_WD,1,TmP6,0.5377777777777778,0.6160451709994378,0.07826739322165999,0.07826739322165999,0.006125784841713947
CD01_CWM_WD,RIDGE,CWM_WD,1,TsP1,0.42,0.5014284192946803,0.08142841929468031,0.08142841929468031,0.006630587468830265
CD01_CWM_WD,RIDGE,CWM_WD,1,TuP2,0.422,0.45310995802329557,0.03110995802329558,0.03110995802329558,0.0009678294882112131
CD01_CWM_WD,RIDGE,CWM_WD,1,TuP7,0.462,0.4734197205369933,0.011419720536993305,0.011419720536993305,0.00013041001714302666
CD01_CWM_WD,RIDGE,CWM_WD,2,CmP6,0.6904545454545455,0.6254294145442573,-0.06502513091028828,0.06502513091028828,0.004228267649900128
CD01_CWM_WD,RIDGE,CWM_WD,2,CmP10,0.6696875,0.619851401251544,-0.04983609874845596,0.04983609874845596,0.0024836367384658536
CD01_CWM_WD,RIDGE,CWM_WD,2,CsP2,0.6011764705882352,0.5478299762811009,-0.05334649430713434,0.05334649430713434,0.0028458484548611164
CD01_CWM_WD,RIDGE,CWM_WD,2,CsP7,0.6247368421052633,0.5338167751070644,-0.09092006699819888,0.09092006699819888,0.008266458582956973
CD01_CWM_WD,RIDGE,CWM_WD,2,BmP1,0.54,0.5621236353436786,0.02212363534367856,0.02212363534367856,0.0004894552408200632
CD01_CWM_WD,RIDGE,CWM_WD,2,BmP2,0.6011764705882352,0.5478299762811009,-0.05334649430713434,0.05334649430713434,0.0028458484548611164
CD01_CWM_WD,RIDGE,CWM_WD,2,BmP4,0.5711111111111111,0.5607972999627535,-0.01031381114835761,0.01031381114835761,0.00010637470040398573
CD01_CWM_WD,RIDGE,CWM_WD,2,BsP3,0.541111111111111,0.5316568521800437,-0.009454258931067328,0.009454258931067328,8.938301193566633e-05
CD01_CWM_WD,RIDGE,CWM_WD,2,BsP8,0.5526315789473684,0.6413220807567731,0.08869050180940474,0.08869050180940474,0.007866005111204026
CD01_CWM_WD,RIDGE,CWM_WD,2,BsP10,0.4529166666666667,0.6070204134543978,0.15410374678773114,0.15410374678773114,0.023747964774017156
CD01_CWM_WD,RIDGE,CWM_WD,2,TmP3,0.5196774193548387,0.5579401253741436,0.038262706019304926,0.038262706019304926,0.0014640346719197535
CD01_CWM_WD,RIDGE,CWM_WD,2,TmP7,0.5389999999999999,0.5122019735978005,-0.026798026402199415,0.026798026402199415,0.000718134219052977
CD01_CWM_WD,RIDGE,CWM_WD,2,TmP8,0.4641666666666666,0.49393709451197576,0.029770427845309144,0.029770427845309144,0.0008862783740927581
CD01_CWM_WD,RIDGE,CWM_WD,2,TmP9,0.553076923076923,0.5163854835673354,-0.03669143950958764,0.03669143950958764,0.001346261733285729
CD01_CWM_WD,RIDGE,CWM_WD,2,TmP10,0.5299999999999999,0.5387657046804417,0.0087657046804418,0.0087657046804418,7.683757854471926e-05
CD01_CWM_WD,RIDGE,CWM_WD,2,TsP4,0.373076923076923,0.48989770654647563,0.11682078346955266,0.11682078346955266,0.013647095450440107
CD01_CWM_WD,RIDGE,CWM_WD,2,TsP6,0.4085714285714286,0.5603805061897057,0.1518090776182771,0.1518090776182771,0.023045996047312084
CD01_CWM_WD,RIDGE,CWM_WD,2,TsP7,0.3945454545454545,0.510322508559321,0.11577705401386656,0.11577705401386656,0.013404326236129777
CD01_CWM_WD,RIDGE,CWM_WD,3,CmP4,0.6514285714285714,0.5353458762672192,-0.11608269516135217,0.11608269516135217,0.013475192115923414
CD01_CWM_WD,RIDGE,CWM_WD,3,CmP7,0.6136666666666666,0.6439643294824359,0.03029766281576929,0.03029766281576929,0.000917948372098049
CD01_CWM_WD,RIDGE,CWM_WD,3,CmP8,0.6404166666666667,0.5721766468272289,-0.06824001983943784,0.06824001983943784,0.00465670030768687
CD01_CWM_WD,RIDGE,CWM_WD,3,CmP9,0.6306666666666667,0.6151247681076584,-0.015541898559008338,0.015541898559008338,0.00024155061081850547
CD01_CWM_WD,RIDGE,CWM_WD,3,CsP4,0.5895238095238097,0.5877823333724135,-0.001741476151396193,0.001741476151396193,3.032739185881696e-06
CD01_CWM_WD,RIDGE,CWM_WD,3,CsP8,0.618235294117647,0.49639335957940584,-0.12184193453824116,0.12184193453824116,0.014845457012021043
CD01_CWM_WD,RIDGE,CWM_WD,3,CsP10,0.615,0.5286039060585286,-0.08639609394147141,0.08639609394147141,0.0074642850483435524
CD01_CWM_WD,RIDGE,CWM_WD,3,CuP5,0.6655172413793102,0.6151247681076584,-0.05039247327165186,0.05039247327165186,0.002539401362434147
CD01_CWM_WD,RIDGE,CWM_WD,3,CuP6,0.6885714285714285,0.6172476031978605,-0.07132382537356796,0.07132382537356796,0.005087088065919217
CD01_CWM_WD,RIDGE,CWM_WD,3,CuP8,0.6104166666666666,0.5995190815624738,-0.010897585104192808,0.010897585104192808,0.00011875736110312498
CD01_CWM_WD,RIDGE,CWM_WD,3,BmP5,0.4599999999999999,0.43696486667773293,-0.023035133322266976,0.023035133322266976,0.0005306173671746144
CD01_CWM_WD,RIDGE,CWM_WD,3,BmP9,0.5781250000000001,0.5953978996947643,0.0172728996947642,0.0172728996947642,0.00029835306386538516
CD01_CWM_WD,RIDGE,CWM_WD,3,BsP6,0.531,0.5354714535423125,0.004471453542312487,0.004471453542312487,1.9993896781058887e-05
CD01_CWM_WD,RIDGE,CWM_WD,3,BuP4,0.6058823529411765,0.5927771113537833,-0.013105241587393235,0.013105241587393235,0.00017174735706394117
CD01_CWM_WD,RIDGE,CWM_WD,3,TmP5,0.4525,0.45481896558821294,0.002318965588212929,0.002318965588212929,5.377601399315735e-06
CD01_CWM_WD,RIDGE,CWM_WD,3,TsP9,0.3686666666666666,0.5282304411204445,0.1595637744537779,0.1595637744537779,0.025460598117936103
CD01_CWM_WD,RIDGE,CWM_WD,3,TuP5,0.4609999999999999,0.4138681021228922,-0.0471318978771077,0.0471318978771077,0.0022214157974981092
CD01_CWM_WD,RIDGE,CWM_WD,3,TuP8,0.4366666666666667,0.46742822092953495,0.03076155426286825,0.03076155426286825,0.0009462732206673879
CD01_CWM_WD,RIDGE,CWM_WD,4,CsP6,0.5632,0.6337746101684769,0.07057461016847688,0.07057461016847688,0.00498077560043248
CD01_CWM_WD,RIDGE,CWM_WD,4,BmP3,0.6069565217391304,0.5841677341935015,-0.022788787545628852,0.022788787545628852,0.0005193288377998087
CD01_CWM_WD,RIDGE,CWM_WD,4,BmP7,0.5614285714285715,0.5468876220340183,-0.014540949394553193,0.014540949394553193,0.0002114392092949569
CD01_CWM_WD,RIDGE,CWM_WD,4,BsP2,0.5675000000000001,0.5495762197741796,-0.01792378022582053,0.01792378022582053,0.00032126189758351504
CD01_CWM_WD,RIDGE,CWM_WD,4,BsP4,0.5199033743906257,0.6328190993576153,0.11291572496698954,0.11291572496698954,0.012749960944820825
CD01_CWM_WD,RIDGE,CWM_WD,4,BsP7,0.5061111111111112,0.5685635349297834,0.06245242381867222,0.06245242381867222,0.0039003052408270573
CD01_CWM_WD,RIDGE,CWM_WD,4,BsP9,0.5617391304347826,0.6169204812398645,0.05518135080508191,0.05518135080508191,0.0030449814766735136
CD01_CWM_WD,RIDGE,CWM_WD,4,BuP1,0.4742857142857143,0.48185988334672325,0.00757416906100894,0.00757416906100894,5.7368036964745044e-05
CD01_CWM_WD,RIDGE,CWM_WD,4,BuP5,0.5626666666666666,0.6091933367862572,0.04652667011959055,0.04652667011959055,0.0021647310324172005
CD01_CWM_WD,RIDGE,CWM_WD,4,BuP8,0.6592,0.6297638285146571,-0.029436171485342943,0.029436171485342943,0.000866488191714517
CD01_CWM_WD,RIDGE,CWM_WD,4,BuP9,0.5619999999999999,0.5963111614575953,0.034311161457595385,0.034311161457595385,0.001177255800569179
CD01_CWM_WD,RIDGE,CWM_WD,4,TmP2,0.4175,0.5051189728152843,0.0876189728152843,0.0876189728152843,0.00767708439720553
CD01_CWM_WD,RIDGE,CWM_WD,4,TsP3,0.4716666666666667,0.5051189728152843,0.033452306148617605,0.033452306148617605,0.0011190567866608393
CD01_CWM_WD,RIDGE,CWM_WD,4,TsP10,0.3947058823529412,0.5212009274844334,0.12649504513149218,0.12649504513149218,0.016000996442818244
CD01_CWM_WD,RIDGE,CWM_WD,4,TuP1,0.4285714285714285,0.4576452830673004,0.02907385449587191,0.02907385449587191,0.0008452890152471312
CD01_CWM_WD,RIDGE,CWM_WD,4,TuP6,0.465,0.4994139322860344,0.0344139322860344,0.0344139322860344,0.0011843187353877608
CD01_CWM_WD,RIDGE,CWM_WD,4,TuP9,0.38625,0.4660000932828421,0.0797500932828421,0.0797500932828421,0.006360077378622018
CD01_CWM_WD,RIDGE,CWM_WD,4,TuP10,0.4157142857142856,0.47137188690419013,0.05565760118990454,0.05565760118990454,0.003097768570214463
CD01_CWM_WD,RIDGE,CWM_WD,5,CmP2,0.6736363636363637,0.6490245254214286,-0.024611838214935067,0.024611838214935067,0.0006057425803181381
CD01_CWM_WD,RIDGE,CWM_WD,5,CmP3,0.6368181818181818,0.5691139557313022,-0.06770422608687965,0.06770422608687965,0.004583862230023315
CD01_CWM_WD,RIDGE,CWM_WD,5,CsP5,0.4599999999999999,0.43754036337966773,-0.02245963662033218,0.02245963662033218,0.0005044352771173663
CD01_CWM_WD,RIDGE,CWM_WD,5,CuP1,0.69,0.5589075609611339,-0.13109243903886603,0.13109243903886603,0.017185227573158806
CD01_CWM_WD,RIDGE,CWM_WD,5,CuP2,0.6658260739031261,0.5747660155821789,-0.09106005832094721,0.09106005832094721,0.008291934221414308
CD01_CWM_WD,RIDGE,CWM_WD,5,CuP4,0.6173076923076923,0.5775037174240598,-0.03980397488363252,0.03980397488363252,0.0015843564165368485
CD01_CWM_WD,RIDGE,CWM_WD,5,CuP10,0.6372400642635879,0.6061801526447003,-0.03105991161888766,0.03105991161888766,0.0009647181097731126
CD01_CWM_WD,RIDGE,CWM_WD,5,BmP8,0.636470588235294,0.5068912259653963,-0.12957936226989775,0.12957936226989775,0.0167908111262734
CD01_CWM_WD,RIDGE,CWM_WD,5,BuP2,0.6646666666666667,0.5329182874277132,-0.13174837923895355,0.13174837923895355,0.017357635432091126
CD01_CWM_WD,RIDGE,CWM_WD,5,BuP3,0.6822727272727273,0.5556904307725697,-0.1265822965001575,0.1265822965001575,0.016023077787253787
CD01_CWM_WD,RIDGE,CWM_WD,5,BuP10,0.61375,0.6563671023372623,0.042617102337262236,0.042617102337262236,0.0018162174116246824
CD01_CWM_WD,RIDGE,CWM_WD,5,TmP1,0.5588888888888889,0.4679578558199263,-0.09093103306896255,0.09093103306896255,0.008268452774988761
CD01_CWM_WD,RIDGE,CWM_WD,5,TmP4,0.4611111111111111,0.5001164054798032,0.0390052943686921,0.0390052943686921,0.0015214129887883238
CD01_CWM_WD,RIDGE,CWM_WD,5,TsP2,0.4023076923076922,0.4936821451026749,0.09137445279498269,0.09137445279498269,0.00834929062358252
CD01_CWM_WD,RIDGE,CWM_WD,5,TsP5,0.3566666666666667,0.48504015138501,0.1283734847183433,0.1283734847183433,0.016479751578730724
CD01_CWM_WD,RIDGE,CWM_WD,5,TsP8,0.3642307692307692,0.4696989130395446,0.1054681438087754,0.1054681438087754,0.011123529358468527
CD01_CWM_WD,RIDGE,CWM_WD,5,TuP3,0.4644444444444444,0.37796700737208533,-0.08647743707235905,0.08647743707235905,0.00747834712260382
CD01_CWM_WD,RIDGE,CWM_WD,5,TuP4,0.3975,0.4882950695024704,0.0907950695024704,0.0907950695024704,0.008243744645958432
CD01_CWM_WD,RIDGE,CWM_WD,6,CsP6,0.5632,0.6180553722543274,0.05485537225432735,0.05485537225432735,0.0030091118651608267
CD01_CWM_WD,RIDGE,CWM_WD,6,CsP7,0.6247368421052633,0.5299999035246189,-0.09473693858064436,0.09473693858064436,0.00897508753163278
CD01_CWM_WD,RIDGE,CWM_WD,6,CsP8,0.618235294117647,0.5027228033721766,-0.11551249074547043,0.11551249074547043,0.013343135518222391
CD01_CWM_WD,RIDGE,CWM_WD,6,CuP4,0.6173076923076923,0.5917560621680962,-0.02555163013959616,0.02555163013959616,0.0006528858027907189
CD01_CWM_WD,RIDGE,CWM_WD,6,BmP1,0.54,0.5620715673305849,0.022071567330584907,0.022071567330584907,0.00048715408442854294
CD01_CWM_WD,RIDGE,CWM_WD,6,BmP8,0.636470588235294,0.5118129227878113,-0.12465766544748269,0.12465766544748269,0.01553953355481652
CD01_CWM_WD,RIDGE,CWM_WD,6,BmP10,0.5690000000000001,0.5558473990582036,-0.013152600941796488,0.013152600941796488,0.00017299091153414586
CD01_CWM_WD,RIDGE,CWM_WD,6,BsP3,0.541111111111111,0.5338369028285455,-0.007274208282565531,0.007274208282565531,5.291410613814497e-05
CD01_CWM_WD,RIDGE,CWM_WD,6,BsP9,0.5617391304347826,0.6123234699678205,0.05058433953303787,0.05058433953303787,0.002558775405993658
CD01_CWM_WD,RIDGE,CWM_WD,6,BuP2,0.6646666666666667,0.5371748942410595,-0.12749177242560727,0.12749177242560727,0.016254152036222835
CD01_CWM_WD,RIDGE,CWM_WD,6,BuP6,0.6005555555555556,0.5773791131130631,-0.023176442442492506,0.023176442442492506,0.000537147484290168
CD01_CWM_WD,RIDGE,CWM_WD,6,BuP8,0.6592,0.6223711537330524,-0.0368288462669476,0.0368288462669476,0.0013563639173544604
CD01_CWM_WD,RIDGE,CWM_WD,6,BuP9,0.5619999999999999,0.5788087177319208,0.01680871773192083,0.01680871773192083,0.00028253299179138974
CD01_CWM_WD,RIDGE,CWM_WD,6,BuP10,0.61375,0.6687995408774374,0.05504954087743741,0.05504954087743741,0.0030304519508166524
CD01_CWM_WD,RIDGE,CWM_WD,6,TsP5,0.3566666666666667,0.5013134244699329,0.1446467578032662,0.1446467578032662,0.02092268454299675
CD01_CWM_WD,RIDGE,CWM_WD,6,TsP6,0.4085714285714286,0.5596776564565921,0.15110622788516348,0.15110622788516348,0.022833092105682958
CD01_CWM_WD,RIDGE,CWM_WD,6,TsP9,0.3686666666666666,0.5434192882300548,0.17475262156338822,0.17475262156338822,0.030538478743276778
CD01_CWM_WD,RIDGE,CWM_WD,6,TuP4,0.3975,0.49554781265573605,0.09804781265573603,0.09804781265573603,0.009613373566574311
CD01_CWM_WD,RIDGE,CWM_WD,7,CmP2,0.6736363636363637,0.6386614904168951,-0.03497487321946857,0.03497487321946857,0.0012232417567178998
CD01_CWM_WD,RIDGE,CWM_WD,7,CmP6,0.6904545454545455,0.6086447337961273,-0.08180981165841827,0.08180981165841827,0.00669284528358587
CD01_CWM_WD,RIDGE,CWM_WD,7,CmP10,0.6696875,0.6039060143397763,-0.06578148566022368,0.06578148566022368,0.004327203855666214
CD01_CWM_WD,RIDGE,CWM_WD,7,CsP9,0.4708333333333334,0.4760422787833996,0.005208945450066227,0.005208945450066227,2.7133112701765647e-05
CD01_CWM_WD,RIDGE,CWM_WD,7,CsP10,0.615,0.5340026022627818,-0.08099739773721815,0.08099739773721815,0.006560578440201111
CD01_CWM_WD,RIDGE,CWM_WD,7,CuP1,0.69,0.554038569899721,-0.13596143010027895,0.13596143010027895,0.018485510474913036
CD01_CWM_WD,RIDGE,CWM_WD,7,CuP2,0.6658260739031261,0.5707276780495019,-0.09509839585362423,0.09509839585362423,0.009043704893932613
CD01_CWM_WD,RIDGE,CWM_WD,7,CuP5,0.6655172413793102,0.6062753740679517,-0.0592418673113585,0.0592418673113585,0.0035095988425366065
CD01_CWM_WD,RIDGE,CWM_WD,7,BmP6,0.555,0.6070675940092828,0.052067594009282736,0.052067594009282736,0.0027110343459154957
CD01_CWM_WD,RIDGE,CWM_WD,7,BuP3,0.6822727272727273,0.5539422799429863,-0.12833044732974097,0.12833044732974097,0.016468703711851423
CD01_CWM_WD,RIDGE,CWM_WD,7,TmP4,0.4611111111111111,0.5024976957160866,0.04138658460497552,0.04138658460497552,0.0017128493852647966
CD01_CWM_WD,RIDGE,CWM_WD,7,TmP7,0.5389999999999999,0.5118861447678714,-0.027113855232128503,0.027113855232128503,0.0007351611455488223
CD01_CWM_WD,RIDGE,CWM_WD,7,TmP9,0.553076923076923,0.5154401843601347,-0.0376367387167883,0.0376367387167883,0.0014165241012357912
CD01_CWM_WD,RIDGE,CWM_WD,7,TsP1,0.42,0.5105978748512313,0.09059787485123133,0.09059787485123133,0.008207974927559375
CD01_CWM_WD,RIDGE,CWM_WD,7,TsP4,0.373076923076923,0.4922280368620536,0.1191511137851306,0.1191511137851306,0.01419698791623714
CD01_CWM_WD,RIDGE,CWM_WD,7,TsP7,0.3945454545454545,0.5100055349191874,0.11546008037373295,0.11546008037373295,0.013331030159908873
CD01_CWM_WD,RIDGE,CWM_WD,7,TsP8,0.3642307692307692,0.47712336859493487,0.11289259936416568,0.11289259936416568,0.012744738991198021
CD01_CWM_WD,RIDGE,CWM_WD,7,TuP6,0.465,0.49213904700113653,0.027139047001136507,0.027139047001136507,0.0007365278721298965
CD01_CWM_WD,RIDGE,CWM_WD,8,CmP4,0.6514285714285714,0.5436399840900076,-0.10778858733856378,0.10778858733856378,0.011618379560443192
CD01_CWM_WD,RIDGE,CWM_WD,8,CmP9,0.6306666666666667,0.617133182436318,-0.013533484230348725,0.013533484230348725,0.0001831551954130976
CD01_CWM_WD,RIDGE,CWM_WD,8,CsP3,0.6058333333333333,0.5933302573733275,-0.012503075960005883,0.012503075960005883,0.000156326908461677
CD01_CWM_WD,RIDGE,CWM_WD,8,CsP5,0.4599999999999999,0.4452090374537739,-0.014790962546226027,0.014790962546226027,0.00021877257304386114
CD01_CWM_WD,RIDGE,CWM_WD,8,CuP7,0.6502608591225009,0.5673502975047348,-0.08291056161776611,0.08291056161776611,0.006874161227773391
CD01_CWM_WD,RIDGE,CWM_WD,8,CuP9,0.6696,0.6346828380272926,-0.03491716197270733,0.03491716197270733,0.001219208200228279
CD01_CWM_WD,RIDGE,CWM_WD,8,CuP10,0.6372400642635879,0.6129643361216407,-0.024275728141947228,0.024275728141947228,0.0005893109768217287
CD01_CWM_WD,RIDGE,CWM_WD,8,BmP2,0.6011764705882352,0.5462455130366809,-0.054930957551554305,0.054930957551554305,0.003017410097530661
CD01_CWM_WD,RIDGE,CWM_WD,8,BmP9,0.5781250000000001,0.6094092072445615,0.03128420724456138,0.03128420724456138,0.0009787016229206667
CD01_CWM_WD,RIDGE,CWM_WD,8,BsP2,0.5675000000000001,0.5339822449371934,-0.03351775506280674,0.03351775506280674,0.001123439904450307
CD01_CWM_WD,RIDGE,CWM_WD,8,BsP5,0.47,0.5758732134306163,0.10587321343061629,0.10587321343061629,0.01120913732212483
CD01_CWM_WD,RIDGE,CWM_WD,8,BsP6,0.531,0.5317298805334508,0.0007298805334507996,0.0007298805334507996,5.327255931104239e-07
CD01_CWM_WD,RIDGE,CWM_WD,8,BsP10,0.4529166666666667,0.6104514188232308,0.15753475215656415,0.15753475215656415,0.024817198137030094
CD01_CWM_WD,RIDGE,CWM_WD,8,BuP1,0.4742857142857143,0.47405507916370715,-0.00023063512200716119,0.00023063512200716119,5.319255950325813e-08
CD01_CWM_WD,RIDGE,CWM_WD,8,BuP4,0.6058823529411765,0.5895899051997213,-0.016292447741455218,0.016292447741455218,0.0002654438534080492
CD01_CWM_WD,RIDGE,CWM_WD,8,BuP7,0.5858823529411764,0.5900356813909156,0.0041533284497391465,0.0041533284497391465,1.7250137211412584e-05
CD01_CWM_WD,RIDGE,CWM_WD,8,TmP10,0.5299999999999999,0.5394711377753303,0.009471137775330374,0.009471137775330374,8.970245075928998e-05
CD01_CWM_WD,RIDGE,CWM_WD,8,TuP7,0.462,0.4777781492871903,0.01577814928719029,0.01577814928719029,0.00024894999492886346
CD01_CWM_WD,RIDGE,CWM_WD,9,CmP3,0.6368181818181818,0.5862117896694542,-0.05060639214872764,0.05060639214872764,0.0025610069263108026
CD01_CWM_WD,RIDGE,CWM_WD,9,CsP4,0.5895238095238097,0.6033002555606947,0.013776446036884993,0.013776446036884993,0.00018979046540720421
CD01_CWM_WD,RIDGE,CWM_WD,9,CuP3,0.6322222222222221,0.5207479797412725,-0.11147424248094961,0.11147424248094961,0.012426506736701553
CD01_CWM_WD,RIDGE,CWM_WD,9,CuP6,0.6885714285714285,0.6225363706294924,-0.06603505794193609,0.06603505794193609,0.004360628877394857
CD01_CWM_WD,RIDGE,CWM_WD,9,BmP7,0.5614285714285715,0.5429537126469636,-0.018474858781607928,0.018474858781607928,0.00034132040700035556
CD01_CWM_WD,RIDGE,CWM_WD,9,BsP4,0.5199033743906257,0.6338734445353935,0.11397007014476779,0.11397007014476779,0.01298917688880329
CD01_CWM_WD,RIDGE,CWM_WD,9,BsP7,0.5061111111111112,0.5660962753648772,0.05998516425376599,0.05998516425376599,0.003598219930551285
CD01_CWM_WD,RIDGE,CWM_WD,9,BsP8,0.5526315789473684,0.6518413096624134,0.09920973071504502,0.09920973071504502,0.009842570668551747
CD01_CWM_WD,RIDGE,CWM_WD,9,BuP5,0.5626666666666666,0.6078695434689211,0.04520287680225443,0.04520287680225443,0.002043300071199792
CD01_CWM_WD,RIDGE,CWM_WD,9,TmP1,0.5588888888888889,0.4739944393993341,-0.08489444948955477,0.08489444948955477,0.007207067554134566
CD01_CWM_WD,RIDGE,CWM_WD,9,TmP2,0.4175,0.4974397069585813,0.07993970695858132,0.07993970695858132,0.006390356748623855
CD01_CWM_WD,RIDGE,CWM_WD,9,TmP5,0.4525,0.454650044842202,0.0021500448422019924,0.0021500448422019924,4.622692823479391e-06
CD01_CWM_WD,RIDGE,CWM_WD,9,TmP6,0.5377777777777778,0.6191779020866006,0.08140012430882282,0.08140012430882282,0.0066259802374918075
CD01_CWM_WD,RIDGE,CWM_WD,9,TmP8,0.4641666666666666,0.4932018391799102,0.029035172513243557,0.029035172513243557,0.0008430412428738142
CD01_CWM_WD,RIDGE,CWM_WD,9,TsP10,0.3947058823529412,0.5148308776911555,0.12012499533821436,0.12012499533821436,0.014430014505006021
CD01_CWM_WD,RIDGE,CWM_WD,9,TuP2,0.422,0.4553924493014253,0.03339244930142532,0.03339244930142532,0.0011150556703482604
CD01_CWM_WD,RIDGE,CWM_WD,9,TuP5,0.4609999999999999,0.4169776497402731,-0.044022350259726784,0.044022350259726784,0.0019379673223900668
CD01_CWM_WD,RIDGE,CWM_WD,9,TuP9,0.38625,0.454650044842202,0.06840004484220202,0.06840004484220202,0.0046785661344152475
CD01_CWM_WD,RIDGE,CWM_WD,10,CmP1,0.6200000000000001,0.582763004904613,-0.03723699509538714,0.03723699509538714,0.0013865938037338856
CD01_CWM_WD,RIDGE,CWM_WD,10,CmP5,0.7284615384615385,0.5068310060944191,-0.22163053236711938,0.22163053236711938,0.04912009287733275
CD01_CWM_WD,RIDGE,CWM_WD,10,CmP7,0.6136666666666666,0.6518669101461113,0.03820024347944473,0.03820024347944473,0.0014592586018888595
CD01_CWM_WD,RIDGE,CWM_WD,10,CmP8,0.6404166666666667,0.5737353570745113,-0.06668130959215546,0.06668130959215546,0.004446397048924884
CD01_CWM_WD,RIDGE,CWM_WD,10,CsP1,0.53,0.549540260199044,0.01954026019904398,0.01954026019904398,0.0003818217686463423
CD01_CWM_WD,RIDGE,CWM_WD,10,CsP2,0.6011764705882352,0.5423979445930047,-0.05877852599523048,0.05877852599523048,0.003454915118171985
CD01_CWM_WD,RIDGE,CWM_WD,10,CuP8,0.6104166666666666,0.5966735658006037,-0.013743100866062896,0.013743100866062896,0.00018887282141477873
CD01_CWM_WD,RIDGE,CWM_WD,10,BmP3,0.6069565217391304,0.5743638011491987,-0.03259272058993168,0.03259272058993168,0.0010622854354533564
CD01_CWM_WD,RIDGE,CWM_WD,10,BmP4,0.5711111111111111,0.556453145020606,-0.01465796609050507,0.01465796609050507,0.00021485596991039648
CD01_CWM_WD,RIDGE,CWM_WD,10,BmP5,0.4599999999999999,0.43881440649656245,-0.02118559350343746,0.02118559350343746,0.00044882937209289153
CD01_CWM_WD,RIDGE,CWM_WD,10,BsP1,0.5485185185185185,0.5391958759408234,-0.009322642577695106,0.009322642577695106,8.691166463145365e-05
CD01_CWM_WD,RIDGE,CWM_WD,10,TmP3,0.5196774193548387,0.5515103836759729,0.03183296432113425,0.03183296432113425,0.0010133376174706061
CD01_CWM_WD,RIDGE,CWM_WD,10,TsP2,0.4023076923076922,0.4933194584886386,0.09101176618094642,0.09101176618094642,0.008283141583375262
CD01_CWM_WD,RIDGE,CWM_WD,10,TsP3,0.4716666666666667,0.4911199042272325,0.019453237560565828,0.019453237560565828,0.00037842845158780913
CD01_CWM_WD,RIDGE,CWM_WD,10,TuP1,0.4285714285714285,0.4410139607579686,0.012442532186540123,0.012442532186540123,0.00015481660721308692
CD01_CWM_WD,RIDGE,CWM_WD,10,TuP3,0.4644444444444444,0.3768528168611034,-0.08759162758334099,0.08759162758334099,0.0076722932226987025
CD01_CWM_WD,RIDGE,CWM_WD,10,TuP8,0.4366666666666667,0.4679522647166629,0.0312855980499962,0.0312855980499962,0.000978788645345926
CD01_CWM_WD,RIDGE,CWM_WD,10,TuP10,0.4157142857142856,0.45538338322291366,0.03966909750862807,0.03966909750862807,0.0015736372971490418
CD01_CWM_WD,RIDGE,CWM_WD,11,CmP4,0.6514285714285714,0.5396986782970206,-0.1117298931315508,0.1117298931315508,0.01248356901918776
CD01_CWM_WD,RIDGE,CWM_WD,11,CmP8,0.6404166666666667,0.5746307160007132,-0.0657859506659535,0.0657859506659535,0.004327791305023267
CD01_CWM_WD,RIDGE,CWM_WD,11,CsP3,0.6058333333333333,0.5924923647197341,-0.013340968613599236,0.013340968613599236,0.0001779814435490399
CD01_CWM_WD,RIDGE,CWM_WD,11,CsP4,0.5895238095238097,0.5936119011653267,0.004088091641517022,0.004088091641517022,1.671249326944134e-05
CD01_CWM_WD,RIDGE,CWM_WD,11,CsP5,0.4599999999999999,0.4402138566533619,-0.01978614334663803,0.01978614334663803,0.00039149146853370835
CD01_CWM_WD,RIDGE,CWM_WD,11,CuP1,0.69,0.5535451642567761,-0.1364548357432238,0.1364548357432238,0.018619922197710193
CD01_CWM_WD,RIDGE,CWM_WD,11,BmP1,0.54,0.5564407905704487,0.01644079057044867,0.01644079057044867,0.00027029959458135393
CD01_CWM_WD,RIDGE,CWM_WD,11,BmP5,0.4599999999999999,0.4402138566533619,-0.01978614334663803,0.01978614334663803,0.00039149146853370835
CD01_CWM_WD,RIDGE,CWM_WD,11,BmP7,0.5614285714285715,0.5351028043396089,-0.026325767088962615,0.026325767088962615,0.0006930460128223071
CD01_CWM_WD,RIDGE,CWM_WD,11,BsP1,0.5485185185185185,0.5429056031851165,-0.005612915333402024,0.005612915333402024,3.150481853993956e-05
CD01_CWM_WD,RIDGE,CWM_WD,11,BsP6,0.531,0.534505115004642,0.003505115004642012,0.003505115004642012,1.2285831195766573e-05
CD01_CWM_WD,RIDGE,CWM_WD,11,BsP9,0.5617391304347826,0.6090409065937802,0.047301776158997555,0.047301776158997555,0.0022374580277959096
CD01_CWM_WD,RIDGE,CWM_WD,11,BuP7,0.5858823529411764,0.5834353231167724,-0.0024470298244040345,0.0024470298244040345,5.98795496152284e-06
CD01_CWM_WD,RIDGE,CWM_WD,11,TsP3,0.4716666666666667,0.4926792663648318,0.021012599698165102,0.021012599698165102,0.00044152934607532814
CD01_CWM_WD,RIDGE,CWM_WD,11,TsP10,0.3947058823529412,0.5092278082388778,0.11452192588593663,0.11452192588593663,0.013115271508623962
CD01_CWM_WD,RIDGE,CWM_WD,11,TuP1,0.4285714285714285,0.4425117936320677,0.013940365060639226,0.013940365060639226,0.0001943337780238909
CD01_CWM_WD,RIDGE,CWM_WD,11,TuP3,0.4644444444444444,0.37875026942645074,-0.08569417501799365,0.08569417501799365,0.007343491632014526
CD01_CWM_WD,RIDGE,CWM_WD,11,TuP4,0.3975,0.4866355792505838,0.0891355792505838,0.0891355792505838,0.007945151488337104
CD01_CWM_WD,RIDGE,CWM_WD,12,CmP7,0.6136666666666666,0.6605328910227682,0.04686622435610166,0.04686622435610166,0.0021964429853964565
CD01_CWM_WD,RIDGE,CWM_WD,12,CmP10,0.6696875,0.6174137204452407,-0.052273779554759314,0.052273779554759314,0.002732548028939573
CD01_CWM_WD,RIDGE,CWM_WD,12,CsP8,0.618235294117647,0.49501435921600934,-0.12322093490163766,0.12322093490163766,0.015183398798033626
CD01_CWM_WD,RIDGE,CWM_WD,12,CuP3,0.6322222222222221,0.5111437350764332,-0.12107848714578895,0.12107848714578895,0.01466000004951298
CD01_CWM_WD,RIDGE,CWM_WD,12,CuP5,0.6655172413793102,0.6194949302336825,-0.046022311145627715,0.046022311145627715,0.002118053123184969
CD01_CWM_WD,RIDGE,CWM_WD,12,CuP7,0.6502608591225009,0.5667501643846116,-0.0835106947378893,0.0835106947378893,0.006974036135604932
CD01_CWM_WD,RIDGE,CWM_WD,12,CuP8,0.6104166666666666,0.594651084868659,-0.015765581798007577,0.015765581798007577,0.00024855356942966785
CD01_CWM_WD,RIDGE,CWM_WD,12,CuP10,0.6372400642635879,0.6153325106567988,-0.021907553606789087,0.021907553606789087,0.00047994090503433756
CD01_CWM_WD,RIDGE,CWM_WD,12,BmP10,0.5690000000000001,0.5529621495361847,-0.01603785046381534,0.01603785046381534,0.0002572126474997019
CD01_CWM_WD,RIDGE,CWM_WD,12,BsP3,0.541111111111111,0.5216145235822808,-0.01949658752883021,0.01949658752883021,0.0003801169252693377
CD01_CWM_WD,RIDGE,CWM_WD,12,BsP7,0.5061111111111112,0.5623923331478113,0.05628122203670016,0.05628122203670016,0.003167575953944344
CD01_CWM_WD,RIDGE,CWM_WD,12,BsP10,0.4529166666666667,0.613836342879106,0.16091967621243936,0.16091967621243936,0.025895142192316322
CD01_CWM_WD,RIDGE,CWM_WD,12,BuP10,0.61375,0.6724998473063085,0.0587498473063085,0.0587498473063085,0.003451544558514564
CD01_CWM_WD,RIDGE,CWM_WD,12,TmP1,0.5588888888888889,0.46789389240262746,-0.09099499648626141,0.09099499648626141,0.008280089385534727
CD01_CWM_WD,RIDGE,CWM_WD,12,TmP3,0.5196774193548387,0.5532223007597399,0.033544881404901195,0.033544881404901195,0.001125259068468886
CD01_CWM_WD,RIDGE,CWM_WD,12,TmP9,0.553076923076923,0.5162160874512596,-0.036860835625663446,0.036860835625663446,0.0013587212030221796
CD01_CWM_WD,RIDGE,CWM_WD,12,TmP10,0.5299999999999999,0.5389139834642026,0.00891398346420269,0.00891398346420269,7.9459101200079e-05
CD01_CWM_WD,RIDGE,CWM_WD,12,TsP2,0.4023076923076922,0.49293314942756755,0.09062545711987535,0.09062545711987535,0.008212973478186366
CD01_CWM_WD,RIDGE,CWM_WD,13,CmP9,0.6306666666666667,0.6208954996347302,-0.009771167031936479,0.009771167031936479,9.547570516600234e-05
CD01_CWM_WD,RIDGE,CWM_WD,13,CsP6,0.5632,0.6357025951328353,0.0725025951328353,0.0725025951328353,0.005256626300995833
CD01_CWM_WD,RIDGE,CWM_WD,13,CsP10,0.615,0.5446215807456926,-0.07037841925430743,0.07037841925430743,0.004953121896735071
CD01_CWM_WD,RIDGE,CWM_WD,13,CuP2,0.6658260739031261,0.5749557263547114,-0.09087034754841472,0.09087034754841472,0.00825742006356968
CD01_CWM_WD,RIDGE,CWM_WD,13,CuP6,0.6885714285714285,0.6156936237443968,-0.07287780482703166,0.07287780482703166,0.0053111744364069185
CD01_CWM_WD,RIDGE,CWM_WD,13,CuP9,0.6696,0.6383288858512809,-0.03127111414871908,0.03127111414871908,0.0009778825801022187
CD01_CWM_WD,RIDGE,CWM_WD,13,BmP3,0.6069565217391304,0.5801576022450448,-0.026798919494085638,0.026798919494085638,0.0007181820860504832
CD01_CWM_WD,RIDGE,CWM_WD,13,BmP6,0.555,0.627075896351161,0.07207589635116096,0.07207589635116096,0.005194934834823298
CD01_CWM_WD,RIDGE,CWM_WD,13,BsP2,0.5675000000000001,0.5370887498899958,-0.03041125011000434,0.03041125011000434,0.0009248441332532389
CD01_CWM_WD,RIDGE,CWM_WD,13,BsP5,0.47,0.5812007646244642,0.11120076462446427,0.11120076462446427,0.012365610053065502
CD01_CWM_WD,RIDGE,CWM_WD,13,BsP8,0.5526315789473684,0.6509343094906668,0.09830273054329841,0.09830273054329841,0.009663426832268335
CD01_CWM_WD,RIDGE,CWM_WD,13,BuP1,0.4742857142857143,0.4808238023893964,0.006538088103682116,0.006538088103682116,4.274659605150961e-05
CD01_CWM_WD,RIDGE,CWM_WD,13,TmP4,0.4611111111111111,0.49096898795677457,0.02985787684566349,0.02985787684566349,0.0008914928097308079
CD01_CWM_WD,RIDGE,CWM_WD,13,TmP5,0.4525,0.4569007476965685,0.004400747696568508,0.004400747696568508,1.9366580288853028e-05
CD01_CWM_WD,RIDGE,CWM_WD,13,TmP6,0.5377777777777778,0.6187584693293333,0.08098069155155552,0.08098069155155552,0.006557872404168175
CD01_CWM_WD,RIDGE,CWM_WD,13,TmP8,0.4641666666666666,0.49672476581347885,0.032558099146812236,0.032558099146812236,0.0010600298200536557
CD01_CWM_WD,RIDGE,CWM_WD,13,TsP1,0.42,0.5087116459331718,0.08871164593317177,0.08871164593317177,0.007869756124172431
CD01_CWM_WD,RIDGE,CWM_WD,13,TsP8,0.3642307692307692,0.4644842840988232,0.100253514868054,0.100253514868054,0.010050767243399126
CD01_CWM_WD,RIDGE,CWM_WD,14,CmP1,0.6200000000000001,0.5799552030307326,-0.04004479696926755,0.04004479696926755,0.0016035857643098594
CD01_CWM_WD,RIDGE,CWM_WD,14,CmP5,0.7284615384615385,0.5136774225556561,-0.21478411590588242,0.21478411590588242,0.04613221644547153
CD01_CWM_WD,RIDGE,CWM_WD,14,CmP6,0.6904545454545455,0.6164542157747169,-0.07400032967982861,0.07400032967982861,0.0054760487927233235
CD01_CWM_WD,RIDGE,CWM_WD,14,CsP1,0.53,0.547194173081173,0.017194173081172992,0.017194173081172992,0.00029563958794533396
CD01_CWM_WD,RIDGE,CWM_WD,14,CsP7,0.6247368421052633,0.5295862562742271,-0.0951505858310362,0.0951505858310362,0.009053633983989385
CD01_CWM_WD,RIDGE,CWM_WD,14,CsP9,0.4708333333333334,0.469702444222822,-0.0011308891105114016,0.0011308891105114016,1.2789101802732692e-06
CD01_CWM_WD,RIDGE,CWM_WD,14,BmP4,0.5711111111111111,0.5546701386700228,-0.01644097244108833,0.01644097244108833,0.00027030557480862597
CD01_CWM_WD,RIDGE,CWM_WD,14,BmP8,0.636470588235294,0.5124567907377169,-0.12401379749757713,0.12401379749757713,0.015379421969770067
CD01_CWM_WD,RIDGE,CWM_WD,14,BuP3,0.6822727272727273,0.556771585688226,-0.1255011415845012,0.1255011415845012,0.015750536539013017
CD01_CWM_WD,RIDGE,CWM_WD,14,BuP5,0.5626666666666666,0.6029240983798708,0.04025743171320417,0.04025743171320417,0.001620660808143297
CD01_CWM_WD,RIDGE,CWM_WD,14,TmP7,0.5389999999999999,0.5085176259783779,-0.030482374021622016,0.030482374021622016,0.0009291751259940567
CD01_CWM_WD,RIDGE,CWM_WD,14,TsP4,0.373076923076923,0.4898141719777995,0.1167372489008765,0.1167372489008765,0.013627585280945192
CD01_CWM_WD,RIDGE,CWM_WD,14,TsP6,0.4085714285714286,0.5548713206349369,0.14629989206350835,0.14629989206350835,0.021403658417794194
CD01_CWM_WD,RIDGE,CWM_WD,14,TsP7,0.3945454545454545,0.5079005400551813,0.11335508550972678,0.11335508550972678,0.012849375410917472
CD01_CWM_WD,RIDGE,CWM_WD,14,TuP2,0.422,0.45834986118678656,0.03634986118678657,0.03634986118678657,0.0013213124082986528
CD01_CWM_WD,RIDGE,CWM_WD,14,TuP6,0.465,0.48663072779441796,0.021630727794417937,0.021630727794417937,0.00046788838491620467
CD01_CWM_WD,RIDGE,CWM_WD,14,TuP9,0.38625,0.4619492093284506,0.07569920932845065,0.07569920932845065,0.0057303702929525895
CD01_CWM_WD,RIDGE,CWM_WD,14,TuP10,0.4157142857142856,0.4612070287809473,0.045492743066661734,0.045492743066661734,0.002069589671729299
CD01_CWM_WD,RIDGE,CWM_WD,15,CmP2,0.6736363636363637,0.656274093226217,-0.017362270410146707,0.017362270410146707,0.0003014484337950559
CD01_CWM_WD,RIDGE,CWM_WD,15,CmP3,0.6368181818181818,0.5704538439120956,-0.0663643379060862,0.0663643379060862,0.00440422534571319
CD01_CWM_WD,RIDGE,CWM_WD,15,CsP2,0.6011764705882352,0.5406321240516079,-0.060544346536627325,0.060544346536627325,0.003665617897547217
CD01_CWM_WD,RIDGE,CWM_WD,15,CuP4,0.6173076923076923,0.5922422455261098,-0.025065446781582512,0.025065446781582512,0.0006282766223603451
CD01_CWM_WD,RIDGE,CWM_WD,15,BmP2,0.6011764705882352,0.5406321240516079,-0.060544346536627325,0.060544346536627325,0.003665617897547217
CD01_CWM_WD,RIDGE,CWM_WD,15,BmP9,0.5781250000000001,0.5867466969782964,0.00862169697829629,0.00862169697829629,7.433365878556337e-05
CD01_CWM_WD,RIDGE,CWM_WD,15,BsP4,0.5199033743906257,0.6344694796141956,0.11456610522356991,0.11456610522356991,0.013125392466098094
CD01_CWM_WD,RIDGE,CWM_WD,15,BuP2,0.6646666666666667,0.5351203635057874,-0.12954630316087934,0.12954630316087934,0.016782244662650457
CD01_CWM_WD,RIDGE,CWM_WD,15,BuP4,0.6058823529411765,0.6051488288942372,-0.0007335240469393822,0.0007335240469393822,5.38057527438329e-07
CD01_CWM_WD,RIDGE,CWM_WD,15,BuP6,0.6005555555555556,0.5729591896147413,-0.02759636594081427,0.02759636594081427,0.0007615594131393339
CD01_CWM_WD,RIDGE,CWM_WD,15,BuP8,0.6592,0.6158087071289868,-0.043391292871013176,0.043391292871013176,0.001882804297018039
CD01_CWM_WD,RIDGE,CWM_WD,15,BuP9,0.5619999999999999,0.5723369061885817,0.01033690618858174,0.01033690618858174,0.00010685162955153948
CD01_CWM_WD,RIDGE,CWM_WD,15,TmP2,0.4175,0.497903820822993,0.08040382082299302,0.08040382082299302,0.006464774402935966
CD01_CWM_WD,RIDGE,CWM_WD,15,TsP5,0.3566666666666667,0.512418613900331,0.15575194723366437,0.15575194723366437,0.02425866906707817
CD01_CWM_WD,RIDGE,CWM_WD,15,TsP9,0.3686666666666666,0.5480107348759075,0.17934406820924087,0.17934406820924087,0.03216429480184084
CD01_CWM_WD,RIDGE,CWM_WD,15,TuP5,0.4609999999999999,0.42423044516720154,-0.03676955483279837,0.03676955483279837,0.0013520001626021658
CD01_CWM_WD,RIDGE,CWM_WD,15,TuP7,0.462,0.5031569407995454,0.041156940799545405,0.041156940799545405,0.0016938937759772852
CD01_CWM_WD,RIDGE,CWM_WD,15,TuP8,0.4366666666666667,0.47397371636322455,0.03730704969655785,0.03730704969655785,0.001391815957061437
CD01_CWM_WD,RIDGE,CWM_WD,16,CmP2,0.6736363636363637,0.6564961518335747,-0.017140211802789018,0.017140211802789018,0.00029378686064446795
CD01_CWM_WD,RIDGE,CWM_WD,16,CmP9,0.6306666666666667,0.6184849217472859,-0.012181744919380844,0.012181744919380844,0.000148394909280861
CD01_CWM_WD,RIDGE,CWM_WD,16,CsP1,0.53,0.5498834270861762,0.019883427086176186,0.019883427086176186,0.0003953506726912848
CD01_CWM_WD,RIDGE,CWM_WD,16,CsP3,0.6058333333333333,0.5934284851398911,-0.01240484819344223,0.01240484819344223,0.00015388025870234696
CD01_CWM_WD,RIDGE,CWM_WD,16,CsP5,0.4599999999999999,0.44190055839155984,-0.01809944160844007,0.01809944160844007,0.00032758978653733167
CD01_CWM_WD,RIDGE,CWM_WD,16,CsP6,0.5632,0.6248974169980455,0.06169741699804543,0.06169741699804543,0.003806571264230705
CD01_CWM_WD,RIDGE,CWM_WD,16,CuP6,0.6885714285714285,0.6183040849040311,-0.0702673436673974,0.0702673436673974,0.004937499586072133
CD01_CWM_WD,RIDGE,CWM_WD,16,BmP1,0.54,0.5577703523285885,0.01777035232858848,0.01777035232858848,0.00031578542188217
CD01_CWM_WD,RIDGE,CWM_WD,16,BmP10,0.5690000000000001,0.5534003145321855,-0.015599685467814539,0.015599685467814539,0.00024335018669474412
CD01_CWM_WD,RIDGE,CWM_WD,16,BsP2,0.5675000000000001,0.5451261986703239,-0.022373801329676257,0.022373801329676257,0.0005005869859398231
CD01_CWM_WD,RIDGE,CWM_WD,16,BsP3,0.541111111111111,0.5268184140672583,-0.01429269704385272,0.01429269704385272,0.00020428118878735628
CD01_CWM_WD,RIDGE,CWM_WD,16,BuP2,0.6646666666666667,0.5402902011429767,-0.12437646552369008,0.12437646552369008,0.015469505176165669
CD01_CWM_WD,RIDGE,CWM_WD,16,TmP3,0.5196774193548387,0.553736471285755,0.034059051930916295,0.034059051930916295,0.001160019018432853
CD01_CWM_WD,RIDGE,CWM_WD,16,TmP4,0.4611111111111111,0.4956856389626733,0.03457452785156223,0.03457452785156223,0.0011953979761584524
CD01_CWM_WD,RIDGE,CWM_WD,16,TsP7,0.3945454545454545,0.5054597017491276,0.1109142472036731,0.1109142472036731,0.012301970232757507
CD01_CWM_WD,RIDGE,CWM_WD,16,TuP3,0.4644444444444444,0.380849832219293,-0.08359461222515135,0.08359461222515135,0.006988059193073424
CD01_CWM_WD,RIDGE,CWM_WD,16,TuP6,0.465,0.4858072901317842,0.020807290131784173,0.020807290131784173,0.000432943322628243
CD01_CWM_WD,RIDGE,CWM_WD,16,TuP8,0.4366666666666667,0.4713270327953575,0.03466036612869078,0.03466036612869078,0.001201340980174895
CD01_CWM_WD,RIDGE,CWM_WD,17,CmP1,0.6200000000000001,0.5791745172501332,-0.04082548274986686,0.04082548274986686,0.0016667200417596765
CD01_CWM_WD,RIDGE,CWM_WD,17,CmP3,0.6368181818181818,0.5743959586975514,-0.06242222312063039,0.06242222312063039,0.003896533939321764
CD01_CWM_WD,RIDGE,CWM_WD,17,CmP6,0.6904545454545455,0.6117355041028419,-0.0787190413517036,0.0787190413517036,0.006196687471331222
CD01_CWM_WD,RIDGE,CWM_WD,17,CmP10,0.6696875,0.6072380372298238,-0.062449462770176156,0.062449462770176156,0.0038999354002836177
CD01_CWM_WD,RIDGE,CWM_WD,17,CuP3,0.6322222222222221,0.52009241274557,-0.11212980947665208,0.11212980947665208,0.012573094173270294
CD01_CWM_WD,RIDGE,CWM_WD,17,CuP9,0.6696,0.62490116506566,-0.044698834934340015,0.044698834934340015,0.0019979858444873753
CD01_CWM_WD,RIDGE,CWM_WD,17,BmP2,0.6011764705882352,0.5435671698988972,-0.057609300689338006,0.057609300689338006,0.0033188315259145605
CD01_CWM_WD,RIDGE,CWM_WD,17,BmP7,0.5614285714285715,0.53682096958937,-0.02460760183920152,0.02460760183920152,0.000605534068276674
CD01_CWM_WD,RIDGE,CWM_WD,17,BmP9,0.5781250000000001,0.5976352721479876,0.019510272147987506,0.019510272147987506,0.000380650719288537
CD01_CWM_WD,RIDGE,CWM_WD,17,BsP7,0.5061111111111112,0.5570139225412789,0.05090281143016773,0.05090281143016773,0.0025910962114952143
CD01_CWM_WD,RIDGE,CWM_WD,17,BsP9,0.5617391304347826,0.6021783869976784,0.04043925656289582,0.04043925656289582,0.0016353334713597126
CD01_CWM_WD,RIDGE,CWM_WD,17,BuP7,0.5858823529411764,0.5802532359917151,-0.0056291169494613325,0.0056291169494613325,3.1686957630712854e-05
CD01_CWM_WD,RIDGE,CWM_WD,17,BuP8,0.6592,0.6139385895626783,-0.04526141043732168,0.04526141043732168,0.002048595274775692
CD01_CWM_WD,RIDGE,CWM_WD,17,TmP10,0.5299999999999999,0.5362587862302427,0.0062587862302427855,0.0062587862302427855,3.9172405075876695e-05
CD01_CWM_WD,RIDGE,CWM_WD,17,TsP3,0.4716666666666667,0.4984483534191703,0.02678168675250364,0.02678168675250364,0.0007172587453092291
CD01_CWM_WD,RIDGE,CWM_WD,17,TsP10,0.3947058823529412,0.5133005644593702,0.11859468210642904,0.11859468210642904,0.01406469862392496
CD01_CWM_WD,RIDGE,CWM_WD,17,TuP2,0.422,0.4619977310292434,0.03999773102924342,0.03999773102924342,0.0015998184874877021
CD01_CWM_WD,RIDGE,CWM_WD,17,TuP9,0.38625,0.46260556236504335,0.07635556236504337,0.07635556236504337,0.0058301719040820274
CD01_CWM_WD,RIDGE,CWM_WD,18,CmP4,0.6514285714285714,0.5433494946665978,-0.10807907676197359,0.10807907676197359,0.01168108683372058
CD01_CWM_WD,RIDGE,CWM_WD,18,CmP5,0.7284615384615385,0.5127300044624196,-0.21573153399911893,0.21573153399911893,0.046540094761613006
CD01_CWM_WD,RIDGE,CWM_WD,18,CsP9,0.4708333333333334,0.4681038846301455,-0.0027294487031878645,0.0027294487031878645,7.449890223333915e-06
CD01_CWM_WD,RIDGE,CWM_WD,18,CuP7,0.6502608591225009,0.573370443885865,-0.07689041523663587,0.07689041523663587,0.005912135955262285
CD01_CWM_WD,RIDGE,CWM_WD,18,CuP8,0.6104166666666666,0.602491238297199,-0.007925428369467635,0.007925428369467635,6.281241483956242e-05
CD01_CWM_WD,RIDGE,CWM_WD,18,BmP4,0.5711111111111111,0.5602639690657023,-0.01084714204540882,0.01084714204540882,0.00011766049055327584
CD01_CWM_WD,RIDGE,CWM_WD,18,BsP4,0.5199033743906257,0.6307118779005997,0.11080850350997395,0.11080850350997395,0.01227852445011991
CD01_CWM_WD,RIDGE,CWM_WD,18,BsP5,0.47,0.5742093385969671,0.10420933859696713,0.10420933859696713,0.010859586250817342
CD01_CWM_WD,RIDGE,CWM_WD,18,BsP10,0.4529166666666667,0.608038287395176,0.15512162072850927,0.15512162072850927,0.024062717217439477
CD01_CWM_WD,RIDGE,CWM_WD,18,BuP3,0.6822727272727273,0.558435372731987,-0.1238373545407403,0.1238373545407403,0.015335690379649011
CD01_CWM_WD,RIDGE,CWM_WD,18,BuP6,0.6005555555555556,0.5827867526596149,-0.01776880289594074,0.01776880289594074,0.000315730356354792
CD01_CWM_WD,RIDGE,CWM_WD,18,TmP2,0.4175,0.4962349774188662,0.0787349774188662,0.0787349774188662,0.006199196669149371
CD01_CWM_WD,RIDGE,CWM_WD,18,TmP5,0.4525,0.4567081726111692,0.004208172611169181,0.004208172611169181,1.770871672539444e-05
CD01_CWM_WD,RIDGE,CWM_WD,18,TmP9,0.553076923076923,0.5155483024187482,-0.03752862065817486,0.03752862065817486,0.0014083973685051889
CD01_CWM_WD,RIDGE,CWM_WD,18,TsP8,0.3642307692307692,0.4669350893781723,0.1027043201474031,0.1027043201474031,0.010548177376940271
CD01_CWM_WD,RIDGE,CWM_WD,18,TsP9,0.3686666666666666,0.529225031505973,0.1605583648393064,0.1605583648393064,0.025778988519871825
CD01_CWM_WD,RIDGE,CWM_WD,18,TuP1,0.4285714285714285,0.44591100157710395,0.017339573005675457,0.017339573005675457,0.000300660792019149
CD01_CWM_WD,RIDGE,CWM_WD,18,TuP7,0.462,0.48483926539989,0.022839265399889952,0.022839265399889952,0.0005216320440066104
CD01_CWM_WD,RIDGE,CWM_WD,19,CmP7,0.6136666666666666,0.6532625650839982,0.039595898417331576,0.039595898417331576,0.0015678351714756413
CD01_CWM_WD,RIDGE,CWM_WD,19,CmP8,0.6404166666666667,0.5752534346759333,-0.06516323199073348,0.06516323199073348,0.004246246803478152
CD01_CWM_WD,RIDGE,CWM_WD,19,CsP2,0.6011764705882352,0.542543793597605,-0.05863267699063024,0.05863267699063024,0.003437790811087581
CD01_CWM_WD,RIDGE,CWM_WD,19,CsP7,0.6247368421052633,0.5276262801158607,-0.0971105619894026,0.0971105619894026,0.009430461249897605
CD01_CWM_WD,RIDGE,CWM_WD,19,CsP10,0.615,0.5329634171994444,-0.08203658280055559,0.08203658280055559,0.006730000917592413
CD01_CWM_WD,RIDGE,CWM_WD,19,CuP1,0.69,0.5541096789261672,-0.1358903210738327,0.1358903210738327,0.01846617936154934
CD01_CWM_WD,RIDGE,CWM_WD,19,CuP2,0.6658260739031261,0.5753907983912984,-0.09043527551182773,0.09043527551182773,0.008178539056900188
CD01_CWM_WD,RIDGE,CWM_WD,19,CuP10,0.6372400642635879,0.613984525437714,-0.023255538825873945,0.023255538825873945,0.0005408200860817305
CD01_CWM_WD,RIDGE,CWM_WD,19,BsP6,0.531,0.5342646135299776,0.0032646135299775336,0.0032646135299775336,1.0657701500112373e-05
CD01_CWM_WD,RIDGE,CWM_WD,19,BsP8,0.5526315789473684,0.6412870945862974,0.08865551563892904,0.08865551563892904,0.00785980045320439
CD01_CWM_WD,RIDGE,CWM_WD,19,BuP1,0.4742857142857143,0.4639177794588757,-0.01036793482683862,0.01036793482683862,0.00010749407257357318
CD01_CWM_WD,RIDGE,CWM_WD,19,BuP5,0.5626666666666666,0.6050210327702179,0.042354366103551255,0.042354366103551255,0.0017938923280336515
CD01_CWM_WD,RIDGE,CWM_WD,19,BuP9,0.5619999999999999,0.5866120214429695,0.02461202144296959,0.02461202144296959,0.0006057515995091949
CD01_CWM_WD,RIDGE,CWM_WD,19,BuP10,0.61375,0.6690017548809761,0.05525175488097611,0.05525175488097611,0.0030527564174274674
CD01_CWM_WD,RIDGE,CWM_WD,19,TmP7,0.5389999999999999,0.5064125895199337,-0.03258741048006619,0.03258741048006619,0.0010619393217963279
CD01_CWM_WD,RIDGE,CWM_WD,19,TsP1,0.42,0.5029235976513865,0.08292359765138652,0.08292359765138652,0.006876323047449035
CD01_CWM_WD,RIDGE,CWM_WD,19,TsP4,0.373076923076923,0.4787004352022118,0.10562351212528881,0.10562351212528881,0.011156326313681032
CD01_CWM_WD,RIDGE,CWM_WD,19,TuP5,0.4609999999999999,0.41074869523065005,-0.05025130476934986,0.05025130476934986,0.0025251936310220838
CD01_CWM_WD,RIDGE,CWM_WD,20,CsP4,0.5895238095238097,0.5941096548412925,0.004585845317482851,0.004585845317482851,2.1029977275879387e-05
CD01_CWM_WD,RIDGE,CWM_WD,20,CsP8,0.618235294117647,0.5037704389240423,-0.11446485519360472,0.11446485519360472,0.013102203074492898
CD01_CWM_WD,RIDGE,CWM_WD,20,CuP4,0.6173076923076923,0.5850942529958513,-0.03221343931184106,0.03221343931184106,0.0010377056722976673
CD01_CWM_WD,RIDGE,CWM_WD,20,CuP5,0.6655172413793102,0.6218913079598443,-0.04362593341946597,0.04362593341946597,0.0019032220667196775
CD01_CWM_WD,RIDGE,CWM_WD,20,BmP3,0.6069565217391304,0.5798536908132547,-0.02710283092587573,0.02710283092587573,0.000734563444196606
CD01_CWM_WD,RIDGE,CWM_WD,20,BmP5,0.4599999999999999,0.4442265746068583,-0.015773425393141582,0.015773425393141582,0.00024880094863300367
CD01_CWM_WD,RIDGE,CWM_WD,20,BmP6,0.555,0.6208370222745637,0.06583702227456367,0.06583702227456367,0.004334513501981393
CD01_CWM_WD,RIDGE,CWM_WD,20,BmP8,0.636470588235294,0.5145138415493795,-0.1219567466859145,0.1219567466859145,0.014873448062212316
CD01_CWM_WD,RIDGE,CWM_WD,20,BsP1,0.5485185185185185,0.5562891804358251,0.007770661917306576,0.007770661917306576,6.038318663307871e-05
CD01_CWM_WD,RIDGE,CWM_WD,20,BuP4,0.6058823529411765,0.6000239321185046,-0.005858420822671961,0.005858420822671961,3.4321094535516424e-05
CD01_CWM_WD,RIDGE,CWM_WD,20,TmP1,0.5588888888888889,0.47475964794678044,-0.08412924094210844,0.08412924094210844,0.007077729181495335
CD01_CWM_WD,RIDGE,CWM_WD,20,TmP6,0.5377777777777778,0.6078976221919505,0.07011984441417274,0.07011984441417274,0.004916792580667792
CD01_CWM_WD,RIDGE,CWM_WD,20,TmP8,0.4641666666666666,0.4927338917947545,0.028567225128087903,0.028567225128087903,0.0008160863515188569
CD01_CWM_WD,RIDGE,CWM_WD,20,TsP2,0.4023076923076922,0.5007258741987215,0.0984181818910293,0.0984181818910293,0.009686138526735728
CD01_CWM_WD,RIDGE,CWM_WD,20,TsP5,0.3566666666666667,0.4885784815412448,0.1319118148745781,0.1319118148745781,0.017400726903504964
CD01_CWM_WD,RIDGE,CWM_WD,20,TsP6,0.4085714285714286,0.55959602342129,0.15102459484986142,0.15102459484986142,0.022808428249564788
CD01_CWM_WD,RIDGE,CWM_WD,20,TuP4,0.3975,0.4945493186613653,0.09704931866136529,0.09704931866136529,0.009418570252635225
CD01_CWM_WD,RIDGE,CWM_WD,20,TuP10,0.4157142857142856,0.45953682432017673,0.04382253860589114,0.04382253860589114,0.001920414889864819
CD01_CWM_WD,RIDGE,CWM_WD,21,CmP3,0.6368181818181818,0.5721380702190713,-0.06468011159911058,0.06468011159911058,0.004183516836473399
CD01_CWM_WD,RIDGE,CWM_WD,21,CmP10,0.6696875,0.6163293158411134,-0.0533581841588866,0.0533581841588866,0.002847095816733657
CD01_CWM_WD,RIDGE,CWM_WD,21,CsP1,0.53,0.5415107599230944,0.01151075992309436,0.01151075992309436,0.00013249759400711528
CD01_CWM_WD,RIDGE,CWM_WD,21,CsP8,0.618235294117647,0.5050623497735335,-0.11317294434411351,0.11317294434411351,0.012808115331515815
CD01_CWM_WD,RIDGE,CWM_WD,21,CuP9,0.6696,0.6352635784422062,-0.03433642155779382,0.03433642155779382,0.001178989845394528
CD01_CWM_WD,RIDGE,CWM_WD,21,BmP4,0.5711111111111111,0.5518006418945923,-0.0193104692165188,0.0193104692165188,0.0003728942213621202
CD01_CWM_WD,RIDGE,CWM_WD,21,BmP8,0.636470588235294,0.513239008495333,-0.12323157973996102,0.12323157973996102,0.015186022245206371
CD01_CWM_WD,RIDGE,CWM_WD,21,BsP1,0.5485185185185185,0.5696079730492931,0.0210894545307746,0.0210894545307746,0.0004447650924056092
CD01_CWM_WD,RIDGE,CWM_WD,21,BsP6,0.531,0.548318151579985,0.017318151579984953,0.017318151579984953,0.00029991837414733533
CD01_CWM_WD,RIDGE,CWM_WD,21,BsP8,0.5526315789473684,0.6230858595102883,0.07045428056291991,0.07045428056291991,0.0049638056496386345
CD01_CWM_WD,RIDGE,CWM_WD,21,TmP8,0.4641666666666666,0.491498414447468,0.027331747780801385,0.027331747780801385,0.0007470244367533415
CD01_CWM_WD,RIDGE,CWM_WD,21,TmP9,0.553076923076923,0.5069162880754764,-0.046160635001446626,0.046160635001446626,0.002130804223736779
CD01_CWM_WD,RIDGE,CWM_WD,21,TsP4,0.373076923076923,0.5081279661680611,0.13505104309113813,0.13505104309113813,0.018238784240004448
CD01_CWM_WD,RIDGE,CWM_WD,21,TsP8,0.3642307692307692,0.4842741488704978,0.12004337963972861,0.12004337963972861,0.014410412995328008
CD01_CWM_WD,RIDGE,CWM_WD,21,TsP9,0.3686666666666666,0.5448187119361391,0.17615204526947248,0.17615204526947248,0.03102954305261828
CD01_CWM_WD,RIDGE,CWM_WD,21,TuP2,0.422,0.458307108323236,0.036307108323236026,0.036307108323236026,0.0013182061147951948
CD01_CWM_WD,RIDGE,CWM_WD,21,TuP5,0.4609999999999999,0.42418035838341334,-0.036819641616586574,0.036819641616586574,0.001355686008773874
CD01_CWM_WD,RIDGE,CWM_WD,21,TuP7,0.462,0.5004020800248185,0.03840208002481843,0.03840208002481843,0.0014747197502325588
CD01_CWM_WD,RIDGE,CWM_WD,22,CmP1,0.6200000000000001,0.5796663348486158,-0.04033366515138426,0.04033366515138426,0.0016268045445439888
CD01_CWM_WD,RIDGE,CWM_WD,22,CmP2,0.6736363636363637,0.6470029466993344,-0.026633416937029253,0.026633416937029253,0.0007093388977416367
CD01_CWM_WD,RIDGE,CWM_WD,22,CmP9,0.6306666666666667,0.6093815913015029,-0.021285075365163775,0.021285075365163775,0.0004530544333007018
CD01_CWM_WD,RIDGE,CWM_WD,22,CsP2,0.6011764705882352,0.540884917881213,-0.060291552707022245,0.060291552707022245,0.003635071327823641
CD01_CWM_WD,RIDGE,CWM_WD,22,CsP7,0.6247368421052633,0.5253224125770972,-0.09941442952816604,0.09941442952816604,0.00988322879841069
CD01_CWM_WD,RIDGE,CWM_WD,22,CsP9,0.4708333333333334,0.4644821455159786,-0.006351187817354775,0.006351187817354775,4.033758669131572e-05
CD01_CWM_WD,RIDGE,CWM_WD,22,CuP1,0.69,0.5378333972566098,-0.1521666027433901,0.1521666027433901,0.0231546749904647
CD01_CWM_WD,RIDGE,CWM_WD,22,CuP3,0.6322222222222221,0.50742210386198,-0.12480011836024218,0.12480011836024218,0.015575069542730458
CD01_CWM_WD,RIDGE,CWM_WD,22,CuP7,0.6502608591225009,0.55967791530827,-0.09058294381423082,0.09058294381423082,0.008205269710052098
CD01_CWM_WD,RIDGE,CWM_WD,22,CuP8,0.6104166666666666,0.5854489624246143,-0.024967704242052302,0.024967704242052302,0.0006233862551185966
CD01_CWM_WD,RIDGE,CWM_WD,22,BmP1,0.54,0.5503974227516986,0.010397422751698526,0.010397422751698526,0.00010810639987753816
CD01_CWM_WD,RIDGE,CWM_WD,22,BsP7,0.5061111111111112,0.556679435499243,0.05056832438813186,0.05056832438813186,0.0025571554314233313
CD01_CWM_WD,RIDGE,CWM_WD,22,BuP3,0.6822727272727273,0.54388339769024,-0.13838932958248729,0.13838932958248729,0.01915160654229029
CD01_CWM_WD,RIDGE,CWM_WD,22,BuP5,0.5626666666666666,0.5886971348194142,0.026030468152747566,0.026030468152747566,0.0006775852722512053
CD01_CWM_WD,RIDGE,CWM_WD,22,TmP4,0.4611111111111111,0.4790812410207198,0.017970129909608723,0.017970129909608723,0.000322925568968214
CD01_CWM_WD,RIDGE,CWM_WD,22,TsP10,0.3947058823529412,0.5065117348781815,0.11180585252524028,0.11180585252524028,0.012500548658895778
CD01_CWM_WD,RIDGE,CWM_WD,22,TuP3,0.4644444444444444,0.3827430899307157,-0.08170135451372867,0.08170135451372867,0.006675111329377973
CD01_CWM_WD,RIDGE,CWM_WD,22,TuP8,0.4366666666666667,0.46796233022469286,0.031295663558026154,0.031295663558026154,0.0009794185575371663
CD01_CWM_WD,RIDGE,CWM_WD,23,CmP4,0.6514285714285714,0.5401230211922001,-0.11130555023637123,0.11130555023637123,0.01238892551342136
CD01_CWM_WD,RIDGE,CWM_WD,23,CmP5,0.7284615384615385,0.5184868134535865,-0.209974725007952,0.209974725007952,0.044089385142165066
CD01_CWM_WD,RIDGE,CWM_WD,23,CuP10,0.6372400642635879,0.6145350433937822,-0.022705020869805748,0.022705020869805748,0.0005155179726983145
CD01_CWM_WD,RIDGE,CWM_WD,23,BmP3,0.6069565217391304,0.5792204783431147,-0.027736043396015653,0.027736043396015653,0.0007692881032656635
CD01_CWM_WD,RIDGE,CWM_WD,23,BmP5,0.4599999999999999,0.4431780765052008,-0.016821923494799107,0.016821923494799107,0.0002829771100648742
CD01_CWM_WD,RIDGE,CWM_WD,23,BmP7,0.5614285714285715,0.534350666485313,-0.027077904943258457,0.027077904943258457,0.0007332129361161408
CD01_CWM_WD,RIDGE,CWM_WD,23,BmP10,0.5690000000000001,0.5557908411108938,-0.013209158889106232,0.013209158889106232,0.00017448187855765418
CD01_CWM_WD,RIDGE,CWM_WD,23,BsP3,0.541111111111111,0.5328456075749847,-0.008265503536126317,0.008265503536126317,6.831854870571665e-05
CD01_CWM_WD,RIDGE,CWM_WD,23,BsP4,0.5199033743906257,0.6326767296154276,0.11277335522480192,0.11277335522480192,0.012717829648659359
CD01_CWM_WD,RIDGE,CWM_WD,23,BuP4,0.6058823529411765,0.6010729640191876,-0.0048093889219889,0.0048093889219889,2.313022180294955e-05
CD01_CWM_WD,RIDGE,CWM_WD,23,BuP6,0.6005555555555556,0.5783237635963111,-0.022231791959244518,0.022231791959244518,0.0004942525737191292
CD01_CWM_WD,RIDGE,CWM_WD,23,BuP9,0.5619999999999999,0.581550159354427,0.019550159354427055,0.019550159354427055,0.00038220873078349165
CD01_CWM_WD,RIDGE,CWM_WD,23,TsP1,0.42,0.5123021476962073,0.09230214769620732,0.09230214769620732,0.008519686469332469
CD01_CWM_WD,RIDGE,CWM_WD,23,TsP5,0.3566666666666667,0.49486114310833273,0.13819447644166605,0.13819447644166605,0.019097713318986194
CD01_CWM_WD,RIDGE,CWM_WD,23,TsP6,0.4085714285714286,0.5590893295148294,0.15051790094340078,0.15051790094340078,0.02265563850440741
CD01_CWM_WD,RIDGE,CWM_WD,23,TuP1,0.4285714285714285,0.4460642538586444,0.017492825287215907,0.017492825287215907,0.0003059989365290603
CD01_CWM_WD,RIDGE,CWM_WD,23,TuP4,0.3975,0.49588179832234947,0.09838179832234945,0.09838179832234945,0.00967897824113944
CD01_CWM_WD,RIDGE,CWM_WD,23,TuP10,0.4157142857142856,0.457949181677091,0.042234895962805385,0.042234895962805385,0.0017837864369889946
CD01_CWM_WD,RIDGE,CWM_WD,24,CmP6,0.6904545454545455,0.6176076788312486,-0.07284686662329698,0.07284686662329698,0.005306665976832419
CD01_CWM_WD,RIDGE,CWM_WD,24,CuP2,0.6658260739031261,0.5759484258647516,-0.0898776480383745,0.0898776480383745,0.008077991616909924
CD01_CWM_WD,RIDGE,CWM_WD,24,BmP2,0.6011764705882352,0.5455570953262114,-0.05561937526202376,0.05561937526202376,0.003093514904537821
CD01_CWM_WD,RIDGE,CWM_WD,24,BsP9,0.5617391304347826,0.6068440825988489,0.04510495216406629,0.04510495216406629,0.0020344567097227086
CD01_CWM_WD,RIDGE,CWM_WD,24,BuP1,0.4742857142857143,0.4744562409005038,0.00017052661478950126,0.00017052661478950126,2.907932635156695e-08
CD01_CWM_WD,RIDGE,CWM_WD,24,BuP2,0.6646666666666667,0.5420747553686704,-0.12259191129799629,0.12259191129799629,0.015028776715695791
CD01_CWM_WD,RIDGE,CWM_WD,24,BuP8,0.6592,0.6185144657359127,-0.040685534264087275,0.040685534264087275,0.0016553126983542197
CD01_CWM_WD,RIDGE,CWM_WD,24,TmP1,0.5588888888888889,0.47798152303271,-0.08090736585617886,0.08090736585617886,0.006546001849785576
CD01_CWM_WD,RIDGE,CWM_WD,24,TmP2,0.4175,0.4994657733228441,0.0819657733228441,0.0819657733228441,0.006718387996411862
CD01_CWM_WD,RIDGE,CWM_WD,24,TmP3,0.5196774193548387,0.5547378097597288,0.03506039040489006,0.03506039040489006,0.0012292309753433072
CD01_CWM_WD,RIDGE,CWM_WD,24,TmP6,0.5377777777777778,0.6055348349850779,0.06775705720730008,0.06775705720730008,0.004591018801393335
CD01_CWM_WD,RIDGE,CWM_WD,24,TmP7,0.5389999999999999,0.5126760960841249,-0.026323903915875024,0.026323903915875024,0.0006929479173722205
CD01_CWM_WD,RIDGE,CWM_WD,24,TmP10,0.5299999999999999,0.5373261099720236,0.007326109972023653,0.007326109972023653,5.367188732218441e-05
CD01_CWM_WD,RIDGE,CWM_WD,24,TsP2,0.4023076923076922,0.5016818078412792,0.09937411553358705,0.09937411553358705,0.009875214838082706
CD01_CWM_WD,RIDGE,CWM_WD,24,TsP3,0.4716666666666667,0.4994657733228441,0.027799106656177408,0.027799106656177408,0.0007727903308815271
CD01_CWM_WD,RIDGE,CWM_WD,24,TsP7,0.3945454545454545,0.5099127931954672,0.11536733865001275,0.11536733865001275,0.013309622827186725
CD01_CWM_WD,RIDGE,CWM_WD,24,TuP6,0.465,0.49119184579399094,0.02619184579399092,0.02619184579399092,0.0006860127860961998
CD01_CWM_WD,RIDGE,CWM_WD,24,TuP9,0.38625,0.4638214711920998,0.07757147119209984,0.07757147119209984,0.0060173331429067755
CD01_CWM_WD,RIDGE,CWM_WD,25,CmP7,0.6136666666666666,0.6743971343617787,0.060730467695112145,0.060730467695112145,0.00368818970646706
CD01_CWM_WD,RIDGE,CWM_WD,25,CmP8,0.6404166666666667,0.5823224591218545,-0.058094207544812204,0.058094207544812204,0.0033749369502597154
CD01_CWM_WD,RIDGE,CWM_WD,25,CsP3,0.6058333333333333,0.6024378328633251,-0.0033955004700082503,0.0033955004700082503,1.152942344182625e-05
CD01_CWM_WD,RIDGE,CWM_WD,25,CsP4,0.5895238095238097,0.6117129099338247,0.022189100410014984,0.022189100410014984,0.0004923561770057271
CD01_CWM_WD,RIDGE,CWM_WD,25,CsP5,0.4599999999999999,0.4439881652281187,-0.016011834771881228,0.016011834771881228,0.00025637885276202476
CD01_CWM_WD,RIDGE,CWM_WD,25,CsP6,0.5632,0.6491804445398515,0.08598044453985143,0.08598044453985143,0.0073926368432704675
CD01_CWM_WD,RIDGE,CWM_WD,25,CsP10,0.615,0.547328246812385,-0.06767175318761498,0.06767175318761498,0.0045794661794854785
CD01_CWM_WD,RIDGE,CWM_WD,25,CuP4,0.6173076923076923,0.5751729304182119,-0.0421347618894804,0.0421347618894804,0.0017753381594832098
CD01_CWM_WD,RIDGE,CWM_WD,25,CuP5,0.6655172413793102,0.627229413011881,-0.03828782836742928,0.03828782836742928,0.0014659578010937221
CD01_CWM_WD,RIDGE,CWM_WD,25,CuP6,0.6885714285714285,0.618166890778067,-0.07040453779336153,0.07040453779336153,0.004956798941896872
CD01_CWM_WD,RIDGE,CWM_WD,25,BmP6,0.555,0.6371421545924376,0.08214215459243757,0.08214215459243757,0.006747333561087912
CD01_CWM_WD,RIDGE,CWM_WD,25,BmP9,0.5781250000000001,0.626301857921467,0.048176857921466865,0.048176857921466865,0.0023210096391852045
CD01_CWM_WD,RIDGE,CWM_WD,25,BsP2,0.5675000000000001,0.5271549897215713,-0.04034501027842885,0.04034501027842885,0.0016277198543665295
CD01_CWM_WD,RIDGE,CWM_WD,25,BsP5,0.47,0.5881966588053831,0.1181966588053831,0.1181966588053831,0.013970450152756147
CD01_CWM_WD,RIDGE,CWM_WD,25,BsP10,0.4529166666666667,0.6271520772682098,0.17423541060154307,0.17423541060154307,0.03035797830748831
CD01_CWM_WD,RIDGE,CWM_WD,25,BuP7,0.5858823529411764,0.605123709996568,0.01924135705539154,0.01924135705539154,0.00037022982133306576
CD01_CWM_WD,RIDGE,CWM_WD,25,BuP10,0.61375,0.684174656849321,0.07042465684932098,0.07042465684932098,0.004959632292344612
CD01_CWM_WD,RIDGE,CWM_WD,25,TmP5,0.4525,0.4438529461351041,-0.008647053864895893,0.008647053864895893,7.4771540542411e-05
CD01_CWM_WD,RIDGE,CWM_WD,26,CmP5,0.7284615384615385,0.510527188410348,-0.21793435005119044,0.21793435005119044,0.04749538093223481
CD01_CWM_WD,RIDGE,CWM_WD,26,CmP6,0.6904545454545455,0.6179685576032641,-0.07248598785128146,0.07248598785128146,0.005254218434776124
CD01_CWM_WD,RIDGE,CWM_WD,26,CsP4,0.5895238095238097,0.5907603971190524,0.0012365875952426997,0.0012365875952426997,1.529148880708123e-06
CD01_CWM_WD,RIDGE,CWM_WD,26,CsP5,0.4599999999999999,0.44213078674149286,-0.017869213258507044,0.017869213258507044,0.0003193087824780039
CD01_CWM_WD,RIDGE,CWM_WD,26,CuP2,0.6658260739031261,0.57432496948244,-0.09150110442068604,0.09150110442068604,0.00837245211020529
CD01_CWM_WD,RIDGE,CWM_WD,26,CuP8,0.6104166666666666,0.5979422190174519,-0.012474447649214682,0.012474447649214682,0.0001556118441529977
CD01_CWM_WD,RIDGE,CWM_WD,26,BmP6,0.555,0.6163930659491911,0.06139306594919103,0.06139306594919103,0.003769108546641719
CD01_CWM_WD,RIDGE,CWM_WD,26,BmP8,0.636470588235294,0.5102953096196928,-0.12617527861560118,0.12617527861560118,0.015920200933724586
CD01_CWM_WD,RIDGE,CWM_WD,26,BsP2,0.5675000000000001,0.5444534132116491,-0.02304658678835103,0.02304658678835103,0.0005311451625929963
CD01_CWM_WD,RIDGE,CWM_WD,26,BsP9,0.5617391304347826,0.6065478482642123,0.044808717829429634,0.044808717829429634,0.002007821193517445
CD01_CWM_WD,RIDGE,CWM_WD,26,BuP6,0.6005555555555556,0.5768843408438199,-0.023671214711735722,0.023671214711735722,0.0005603264059290937
CD01_CWM_WD,RIDGE,CWM_WD,26,TmP3,0.5196774193548387,0.5518194540201908,0.03214203466535215,0.03214203466535215,0.0010331103924286992
CD01_CWM_WD,RIDGE,CWM_WD,26,TmP4,0.4611111111111111,0.49587530127820734,0.034764190167096254,0.034764190167096254,0.001208548917974032
CD01_CWM_WD,RIDGE,CWM_WD,26,TmP8,0.4641666666666666,0.4890293825956622,0.024862715928995582,0.024862715928995582,0.0006181546433659306
CD01_CWM_WD,RIDGE,CWM_WD,26,TsP5,0.3566666666666667,0.47719257555581307,0.12052590888914638,0.12052590888914638,0.014526494713554815
CD01_CWM_WD,RIDGE,CWM_WD,26,TuP1,0.4285714285714285,0.4444821092524741,0.01591068068104562,0.01591068068104562,0.0002531497597341983
CD01_CWM_WD,RIDGE,CWM_WD,26,TuP6,0.465,0.4847666652147535,0.019766665214753454,0.019766665214753454,0.00039072105371214423
CD01_CWM_WD,RIDGE,CWM_WD,26,TuP7,0.462,0.48411868872330105,0.022118688723301028,0.022118688723301028,0.000489236390838284
CD01_CWM_WD,RIDGE,CWM_WD,27,CmP7,0.6136666666666666,0.6541638169643041,0.04049715029763756,0.04049715029763756,0.001640019182229446
CD01_CWM_WD,RIDGE,CWM_WD,27,CmP8,0.6404166666666667,0.5743007014975254,-0.06611596516914131,0.06611596516914131,0.004371320850247107
CD01_CWM_WD,RIDGE,CWM_WD,27,CmP9,0.6306666666666667,0.6148597211249067,-0.015806945541759987,0.015806945541759987,0.0002498595273601659
CD01_CWM_WD,RIDGE,CWM_WD,27,CsP1,0.53,0.5568464763677472,0.026846476367747174,0.026846476367747174,0.0007207332933640076
CD01_CWM_WD,RIDGE,CWM_WD,27,CsP8,0.618235294117647,0.49930297495060727,-0.11893231916703972,0.11893231916703972,0.014144896542450604
CD01_CWM_WD,RIDGE,CWM_WD,27,CuP1,0.69,0.5433837008503591,-0.1466162991496408,0.1466162991496408,0.021496339176336962
CD01_CWM_WD,RIDGE,CWM_WD,27,CuP5,0.6655172413793102,0.6148597211249067,-0.05065752025440351,0.05065752025440351,0.0025661843583253017
CD01_CWM_WD,RIDGE,CWM_WD,27,CuP10,0.6372400642635879,0.6112328691498878,-0.026007195113700088,0.026007195113700088,0.0006763741976820657
CD01_CWM_WD,RIDGE,CWM_WD,27,BsP1,0.5485185185185185,0.5305845732351449,-0.017933945283373665,0.017933945283373665,0.0003216263934270405
CD01_CWM_WD,RIDGE,CWM_WD,27,BsP5,0.47,0.5768993079329992,0.10689930793299918,0.10689930793299918,0.011427462036554181
CD01_CWM_WD,RIDGE,CWM_WD,27,BsP6,0.531,0.5302363624409158,-0.0007636375590842626,0.0007636375590842626,5.831423216441706e-07
CD01_CWM_WD,RIDGE,CWM_WD,27,BuP4,0.6058823529411765,0.5867680051616527,-0.01911434777952381,0.01911434777952381,0.00036535829103658685
CD01_CWM_WD,RIDGE,CWM_WD,27,BuP10,0.61375,0.6645910163924833,0.050841016392483285,0.050841016392483285,0.0025848089478207542
CD01_CWM_WD,RIDGE,CWM_WD,27,TmP5,0.4525,0.4522918186642948,-0.00020818133570521535,0.00020818133570521535,4.333946853600757e-08
CD01_CWM_WD,RIDGE,CWM_WD,27,TmP10,0.5299999999999999,0.5411005315228301,0.011100531522830193,0.011100531522830193,0.0001232218000893468
CD01_CWM_WD,RIDGE,CWM_WD,27,TsP3,0.4716666666666667,0.4959028012240271,0.0242361345573604,0.0242361345573604,0.000587390218282479
CD01_CWM_WD,RIDGE,CWM_WD,27,TuP2,0.422,0.4567038510872779,0.034703851087277915,0.034703851087277915,0.0012043572802879605
CD01_CWM_WD,RIDGE,CWM_WD,27,TuP4,0.3975,0.48627716908695434,0.08877716908695432,0.08877716908695432,0.007881385751093678
CD01_CWM_WD,RIDGE,CWM_WD,28,CmP3,0.6368181818181818,0.5763682389076065,-0.06044994291057537,0.06044994291057537,0.003654195597891822
CD01_CWM_WD,RIDGE,CWM_WD,28,CsP3,0.6058333333333333,0.5964300057792288,-0.009403327554104557,0.009403327554104557,8.842256908978199e-05
CD01_CWM_WD,RIDGE,CWM_WD,28,CsP7,0.6247368421052633,0.5312956851471561,-0.09344115695810717,0.09344115695810717,0.008731249813669621
CD01_CWM_WD,RIDGE,CWM_WD,28,CuP6,0.6885714285714285,0.6287032829205343,-0.059868145650894156,0.059868145650894156,0.003584194863676677
CD01_CWM_WD,RIDGE,CWM_WD,28,BmP1,0.54,0.5618750078155931,0.02187500781559304,0.02187500781559304,0.00047851596693225653
CD01_CWM_WD,RIDGE,CWM_WD,28,BmP7,0.5614285714285715,0.5335268589752572,-0.027901712453314298,0.027901712453314298,0.0007785055578274342
CD01_CWM_WD,RIDGE,CWM_WD,28,BmP10,0.5690000000000001,0.5562053780475259,-0.012794621952474161,0.012794621952474161,0.0001637023509067337
CD01_CWM_WD,RIDGE,CWM_WD,28,BsP4,0.5199033743906257,0.6352957104163794,0.11539233602575372,0.11539233602575372,0.013315391213480458
CD01_CWM_WD,RIDGE,CWM_WD,28,BuP3,0.6822727272727273,0.566185714489108,-0.11608701278361921,0.11608701278361921,0.01347619453702417
CD01_CWM_WD,RIDGE,CWM_WD,28,BuP5,0.5626666666666666,0.6173134763901709,0.05464680972350422,0.05464680972350422,0.0029862738129568752
CD01_CWM_WD,RIDGE,CWM_WD,28,BuP7,0.5858823529411764,0.5777271620021588,-0.00815519093901762,0.00815519093901762,6.65071392518351e-05
CD01_CWM_WD,RIDGE,CWM_WD,28,BuP9,0.5619999999999999,0.581216164936354,0.01921616493635403,0.01921616493635403,0.0003692609948611621
CD01_CWM_WD,RIDGE,CWM_WD,28,TmP1,0.5588888888888889,0.47313937038347376,-0.08574951850541512,0.08574951850541512,0.0073529799239105305
CD01_CWM_WD,RIDGE,CWM_WD,28,TmP6,0.5377777777777778,0.6043813563696262,0.0666035785918484,0.0666035785918484,0.004436036681240527
CD01_CWM_WD,RIDGE,CWM_WD,28,TsP1,0.42,0.5124412003873988,0.09244120038739884,0.09244120038739884,0.008545375529063226
CD01_CWM_WD,RIDGE,CWM_WD,28,TsP4,0.373076923076923,0.5005141745018027,0.12743725142487972,0.12743725142487972,0.016240253050728008
CD01_CWM_WD,RIDGE,CWM_WD,28,TsP9,0.3686666666666666,0.5407893492277347,0.1721226825610681,0.1721226825610681,0.02962621785201822
CD01_CWM_WD,RIDGE,CWM_WD,28,TuP10,0.4157142857142856,0.45569435571249783,0.03998006999821224,0.03998006999821224,0.0015984059970619506
CD01_CWM_WD,RIDGE,CWM_WD,29,CmP1,0.6200000000000001,0.581417343671164,-0.03858265632883606,0.03858265632883606,0.0014886213693890735
CD01_CWM_WD,RIDGE,CWM_WD,29,CmP2,0.6736363636363637,0.6560032608411503,-0.01763310279521335,0.01763310279521335,0.0003109263141865609
CD01_CWM_WD,RIDGE,CWM_WD,29,CmP4,0.6514285714285714,0.5376044570221414,-0.11382411440642992,0.11382411440642992,0.012955929020408048
CD01_CWM_WD,RIDGE,CWM_WD,29,CsP2,0.6011764705882352,0.5412234722043667,-0.05995299838386847,0.05995299838386847,0.0035943620152161355
CD01_CWM_WD,RIDGE,CWM_WD,29,CsP10,0.615,0.5310902296941358,-0.08390977030586422,0.08390977030586422,0.0070408495527828924
CD01_CWM_WD,RIDGE,CWM_WD,29,CuP4,0.6173076923076923,0.578499328581288,-0.03880836372640428,0.03880836372640428,0.0015060890951208916
CD01_CWM_WD,RIDGE,CWM_WD,29,CuP7,0.6502608591225009,0.5705374951803923,-0.07972336394210855,0.07972336394210855,0.006355814758245894
CD01_CWM_WD,RIDGE,CWM_WD,29,BmP2,0.6011764705882352,0.5412234722043667,-0.05995299838386847,0.05995299838386847,0.0035943620152161355
CD01_CWM_WD,RIDGE,CWM_WD,29,BmP5,0.4599999999999999,0.4376626306324819,-0.022337369367518012,0.022337369367518012,0.000498958070260932
CD01_CWM_WD,RIDGE,CWM_WD,29,BsP3,0.541111111111111,0.5252770024584794,-0.015834108652631573,0.015834108652631573,0.00025071899682334206
CD01_CWM_WD,RIDGE,CWM_WD,29,BsP10,0.4529166666666667,0.6009828285992769,0.14806616193261019,0.14806616193261019,0.021923588309453942
CD01_CWM_WD,RIDGE,CWM_WD,29,BuP1,0.4742857142857143,0.46301853985215513,-0.01126717443355918,0.01126717443355918,0.00012694921971624962
CD01_CWM_WD,RIDGE,CWM_WD,29,BuP8,0.6592,0.6205255105832939,-0.03867448941670615,0.03867448941670615,0.0014957161316429158
CD01_CWM_WD,RIDGE,CWM_WD,29,TmP7,0.5389999999999999,0.5046600173918426,-0.03433998260815729,0.03433998260815729,0.0011792344055285453
CD01_CWM_WD,RIDGE,CWM_WD,29,TsP2,0.4023076923076922,0.49414207041929337,0.09183437811160117,0.09183437811160117,0.008433553003144531
CD01_CWM_WD,RIDGE,CWM_WD,29,TsP7,0.3945454545454545,0.5035515098930793,0.10900605534762481,0.10900605534762481,0.011882320102449443
CD01_CWM_WD,RIDGE,CWM_WD,29,TsP10,0.3947058823529412,0.5079057295837976,0.11319984723085647,0.11319984723085647,0.012814205413089242
CD01_CWM_WD,RIDGE,CWM_WD,29,TuP3,0.4644444444444444,0.3757432666002844,-0.08870117784415998,0.08870117784415998,0.007867898950941298
CD01_CWM_WD,RIDGE,CWM_WD,30,CmP10,0.6696875,0.6180020785467694,-0.05168542145323063,0.05168542145323063,0.0026713827907980728
CD01_CWM_WD,RIDGE,CWM_WD,30,CsP6,0.5632,0.6290389137465197,0.06583891374651962,0.06583891374651962,0.00433476256332165
CD01_CWM_WD,RIDGE,CWM_WD,30,CsP9,0.4708333333333334,0.47204688489929003,0.0012135515659566498,0.0012135515659566498,1.472707403235837e-06
CD01_CWM_WD,RIDGE,CWM_WD,30,CuP3,0.6322222222222221,0.5226423360874737,-0.10957988613474845,0.10957988613474845,0.012007751445304436
CD01_CWM_WD,RIDGE,CWM_WD,30,CuP9,0.6696,0.6373195880614329,-0.03228041193856712,0.03228041193856712,0.0010420249949235868
CD01_CWM_WD,RIDGE,CWM_WD,30,BmP3,0.6069565217391304,0.5793670595174425,-0.0275894622216879,0.0275894622216879,0.0007611784256819438
CD01_CWM_WD,RIDGE,CWM_WD,30,BmP4,0.5711111111111111,0.5618882097587107,-0.009222901352400448,0.009222901352400448,8.506190935611e-05
CD01_CWM_WD,RIDGE,CWM_WD,30,BmP9,0.5781250000000001,0.6075748788228892,0.029449878822889075,0.029449878822889075,0.0008672953626828505
CD01_CWM_WD,RIDGE,CWM_WD,30,BsP7,0.5061111111111112,0.5631147957066919,0.057003684595580695,0.057003684595580695,0.0032494200574724437
CD01_CWM_WD,RIDGE,CWM_WD,30,BsP8,0.5526315789473684,0.6431434329822631,0.0905118540348947,0.0905118540348947,0.008192395720834085
CD01_CWM_WD,RIDGE,CWM_WD,30,BuP2,0.6646666666666667,0.5450238721400096,-0.11964279452665716,0.11964279452665716,0.014314398282147905
CD01_CWM_WD,RIDGE,CWM_WD,30,TmP2,0.4175,0.4990305565888358,0.08153055658883585,0.08153055658883585,0.0066472316576853645
CD01_CWM_WD,RIDGE,CWM_WD,30,TmP9,0.553076923076923,0.5186534934244543,-0.034423429652468696,0.034423429652468696,0.001184972509038461
CD01_CWM_WD,RIDGE,CWM_WD,30,TsP6,0.4085714285714286,0.5594362570287885,0.15086482845735993,0.15086482845735993,0.02276019646546864
CD01_CWM_WD,RIDGE,CWM_WD,30,TsP8,0.3642307692307692,0.4692895048484128,0.10505873561764362,0.10505873561764362,0.01103733792957794
CD01_CWM_WD,RIDGE,CWM_WD,30,TuP5,0.4609999999999999,0.42298710447816334,-0.038012895521836565,0.038012895521836565,0.0014449802259540623
CD01_CWM_WD,RIDGE,CWM_WD,30,TuP8,0.4366666666666667,0.47664658220421946,0.03997991553755276,0.03997991553755276,0.0015983936463898523
CD01_CWM_WD,RIDGE,CWM_WD,30,TuP9,0.38625,0.4597834637515586,0.07353346375155861,0.07353346375155861,0.005407170291301785
CD01_CWM_WD,RIDGE,CWM_WD,31,CmP3,0.6368181818181818,0.5811688291296653,-0.05564935268851656,0.05564935268851656,0.0030968504546509054
CD01_CWM_WD,RIDGE,CWM_WD,31,CsP5,0.4599999999999999,0.44182273483647583,-0.01817726516352408,0.01817726516352408,0.00033041296882506616
CD01_CWM_WD,RIDGE,CWM_WD,31,CuP1,0.69,0.5505384326954376,-0.13946156730456238,0.13946156730456238,0.019449528755044982
CD01_CWM_WD,RIDGE,CWM_WD,31,CuP4,0.6173076923076923,0.5760277670033461,-0.04127992530434621,0.04127992530434621,0.0017040322331324026
CD01_CWM_WD,RIDGE,CWM_WD,31,CuP6,0.6885714285714285,0.6165571285759075,-0.072014299995521,0.072014299995521,0.005186059403844897
CD01_CWM_WD,RIDGE,CWM_WD,31,BmP2,0.6011764705882352,0.5456528099786548,-0.05552366060958036,0.05552366060958036,0.0030828768874878658
CD01_CWM_WD,RIDGE,CWM_WD,31,BmP3,0.6069565217391304,0.5769763343418862,-0.029980187397244173,0.029980187397244173,0.0008988116363738784
CD01_CWM_WD,RIDGE,CWM_WD,31,BmP6,0.555,0.6237625081699242,0.06876250816992413,0.06876250816992413,0.004728282529818883
CD01_CWM_WD,RIDGE,CWM_WD,31,BmP7,0.5614285714285715,0.5385751500894065,-0.022853421339165014,0.022853421339165014,0.0005222788669054029
CD01_CWM_WD,RIDGE,CWM_WD,31,BsP10,0.4529166666666667,0.6099020908868127,0.156985424220146,0.156985424220146,0.024644423417579202
CD01_CWM_WD,RIDGE,CWM_WD,31,BuP4,0.6058823529411765,0.5926061665973099,-0.013276186343866625,0.013276186343866625,0.00017625712383707067
CD01_CWM_WD,RIDGE,CWM_WD,31,BuP10,0.61375,0.6698950171548073,0.05614501715480724,0.05614501715480724,0.0031522629513135994
CD01_CWM_WD,RIDGE,CWM_WD,31,TmP4,0.4611111111111111,0.48900713409813207,0.027896022987020985,0.027896022987020985,0.0007781880984924032
CD01_CWM_WD,RIDGE,CWM_WD,31,TsP4,0.373076923076923,0.47537775945802174,0.10230083638109877,0.10230083638109877,0.010465461124272341
CD01_CWM_WD,RIDGE,CWM_WD,31,TuP1,0.4285714285714285,0.4438870523041733,0.01531562373274481,0.01531562373274481,0.00023456833032301606
CD01_CWM_WD,RIDGE,CWM_WD,31,TuP3,0.4644444444444444,0.3797016312483996,-0.08474281319604476,0.08474281319604476,0.007181344388379738
CD01_CWM_WD,RIDGE,CWM_WD,31,TuP6,0.465,0.4889038111598991,0.02390381115989909,0.02390381115989909,0.0005713921879681163
CD01_CWM_WD,RIDGE,CWM_WD,31,TuP8,0.4366666666666667,0.470492136741239,0.03382547007457232,0.03382547007457232,0.0011441624257657874
CD01_CWM_WD,RIDGE,CWM_WD,32,CmP1,0.6200000000000001,0.5768116097846698,-0.043188390215330275,0.043188390215330275,0.0018652370493916358
CD01_CWM_WD,RIDGE,CWM_WD,32,CmP4,0.6514285714285714,0.5347989923738105,-0.1166295790547609,0.1166295790547609,0.013602458710490723
CD01_CWM_WD,RIDGE,CWM_WD,32,CmP6,0.6904545454545455,0.6216561883806111,-0.06879835707393445,0.06879835707393445,0.004733213936072586
CD01_CWM_WD,RIDGE,CWM_WD,32,CmP8,0.6404166666666667,0.5761305627753605,-0.06428610389130629,0.06428610389130629,0.004132703153523825
CD01_CWM_WD,RIDGE,CWM_WD,32,CsP10,0.615,0.5257655427310903,-0.08923445726890966,0.08923445726890966,0.007962788364076864
CD01_CWM_WD,RIDGE,CWM_WD,32,CuP2,0.6658260739031261,0.5879959736031626,-0.07783010029996351,0.07783010029996351,0.0060575245127023804
CD01_CWM_WD,RIDGE,CWM_WD,32,BmP4,0.5711111111111111,0.5485283555337156,-0.02258275557739553,0.02258275557739553,0.0005099808494683889
CD01_CWM_WD,RIDGE,CWM_WD,32,BmP10,0.5690000000000001,0.5538696082862197,-0.015130391713780389,0.015130391713780389,0.00022892875341243426
CD01_CWM_WD,RIDGE,CWM_WD,32,BsP1,0.5485185185185185,0.5759156663055455,0.027397147787026954,0.027397147787026954,0.0007506037068641959
CD01_CWM_WD,RIDGE,CWM_WD,32,BsP8,0.5526315789473684,0.6146658797658189,0.062034300818450516,0.062034300818450516,0.0038482544780340106
CD01_CWM_WD,RIDGE,CWM_WD,32,BuP1,0.4742857142857143,0.45948453757715224,-0.01480117670856207,0.01480117670856207,0.0002190748319580803
CD01_CWM_WD,RIDGE,CWM_WD,32,BuP5,0.5626666666666666,0.619792236048508,0.057125569381841323,0.057125569381841323,0.003263330677199567
CD01_CWM_WD,RIDGE,CWM_WD,32,BuP6,0.6005555555555556,0.5707893100228564,-0.029766245532699243,0.029766245532699243,0.0008860293731129377
CD01_CWM_WD,RIDGE,CWM_WD,32,TmP5,0.4525,0.4750064375211802,0.0225064375211802,0.0225064375211802,0.0005065397298947879
CD01_CWM_WD,RIDGE,CWM_WD,32,TmP8,0.4641666666666666,0.4921053279536417,0.027938661286975086,0.027938661286975086,0.0007805687945083204
CD01_CWM_WD,RIDGE,CWM_WD,32,TsP5,0.3566666666666667,0.516481488844565,0.15981482217789833,0.15981482217789833,0.025540777387753264
CD01_CWM_WD,RIDGE,CWM_WD,32,TsP8,0.3642307692307692,0.4905640452391983,0.12633327600842909,0.12633327600842909,0.015960096627021924
CD01_CWM_WD,RIDGE,CWM_WD,32,TsP9,0.3686666666666666,0.5493171756908695,0.18065050902420288,0.18065050902420288,0.03263460641070361
CD01_CWM_WD,RIDGE,CWM_WD,33,CmP2,0.6736363636363637,0.6629560441366522,-0.010680319499711488,0.010680319499711488,0.00011406922461591745
CD01_CWM_WD,RIDGE,CWM_WD,33,CmP7,0.6136666666666666,0.6577243664788284,0.04405769981216179,0.04405769981216179,0.001941080912738561
CD01_CWM_WD,RIDGE,CWM_WD,33,CmP10,0.6696875,0.6198817758531967,-0.04980572414680329,0.04980572414680329,0.002480610157787464
CD01_CWM_WD,RIDGE,CWM_WD,33,CsP1,0.53,0.5510682654547877,0.021068265454787682,0.021068265454787682,0.0004438718092734
CD01_CWM_WD,RIDGE,CWM_WD,33,CsP8,0.618235294117647,0.496493199215553,-0.12174209490209398,0.12174209490209398,0.014821137671150456
CD01_CWM_WD,RIDGE,CWM_WD,33,CuP7,0.6502608591225009,0.5720866782764498,-0.0781741808460511,0.0781741808460511,0.006111202550951103
CD01_CWM_WD,RIDGE,CWM_WD,33,CuP9,0.6696,0.6407325302051924,-0.028867469794807588,0.028867469794807588,0.0008333308123541284
CD01_CWM_WD,RIDGE,CWM_WD,33,BmP5,0.4599999999999999,0.4362594361887952,-0.023740563811204707,0.023740563811204707,0.0005636143700738826
CD01_CWM_WD,RIDGE,CWM_WD,33,BmP8,0.636470588235294,0.5094505859856295,-0.12702000224966448,0.12702000224966448,0.016134080971504768
CD01_CWM_WD,RIDGE,CWM_WD,33,BsP3,0.541111111111111,0.5252373211494678,-0.015873789961643237,0.015873789961643237,0.0002519772077463656
CD01_CWM_WD,RIDGE,CWM_WD,33,BsP4,0.5199033743906257,0.6322366120683744,0.11233323767774872,0.11233323767774872,0.012618756287165585
CD01_CWM_WD,RIDGE,CWM_WD,33,BsP6,0.531,0.5351898281005831,0.004189828100583104,0.004189828100583104,1.755465951243582e-05
CD01_CWM_WD,RIDGE,CWM_WD,33,BsP7,0.5061111111111112,0.559991202721305,0.0538800916101938,0.0538800916101938,0.0029030642719228765
CD01_CWM_WD,RIDGE,CWM_WD,33,TmP6,0.5377777777777778,0.6132773386159087,0.07549956083813092,0.07549956083813092,0.005700183686750632
CD01_CWM_WD,RIDGE,CWM_WD,33,TmP10,0.5299999999999999,0.5353653595257828,0.005365359525782876,0.005365359525782876,2.8787082840909043e-05
CD01_CWM_WD,RIDGE,CWM_WD,33,TsP7,0.3945454545454545,0.5026706173231419,0.10812516277768741,0.10812516277768741,0.0116910508257014
CD01_CWM_WD,RIDGE,CWM_WD,33,TuP5,0.4609999999999999,0.40931509296404384,-0.051684907035956074,0.051684907035956074,0.0026713296153154215
CD01_CWM_WD,RIDGE,CWM_WD,33,TuP7,0.462,0.479158173047051,0.017158173047050973,0.017158173047050973,0.0002944029023125465
CD01_CWM_WD,RIDGE,CWM_WD,34,CmP5,0.7284615384615385,0.5090065243826991,-0.21945501407883938,0.21945501407883938,0.04816050320434359
CD01_CWM_WD,RIDGE,CWM_WD,34,CsP4,0.5895238095238097,0.5998252413919852,0.010301431868175559,0.010301431868175559,0.00010611949853466299
CD01_CWM_WD,RIDGE,CWM_WD,34,CsP6,0.5632,0.6323424230190158,0.06914242301901574,0.06914242301901574,0.004780674660940518
CD01_CWM_WD,RIDGE,CWM_WD,34,CuP5,0.6655172413793102,0.6162084558800449,-0.04930878549926532,0.04930878549926532,0.0024313563274125575
CD01_CWM_WD,RIDGE,CWM_WD,34,BmP1,0.54,0.5578945106211083,0.01789451062110825,0.01789451062110825,0.000320213510368956
CD01_CWM_WD,RIDGE,CWM_WD,34,BmP9,0.5781250000000001,0.611707494088827,0.03358249408882685,0.03358249408882685,0.0011277839092260905
CD01_CWM_WD,RIDGE,CWM_WD,34,BsP2,0.5675000000000001,0.5316737115511104,-0.03582628844888969,0.03582628844888969,0.0012835229440230466
CD01_CWM_WD,RIDGE,CWM_WD,34,BsP5,0.47,0.578517029674616,0.10851702967461607,0.10851702967461607,0.011775945729401506
CD01_CWM_WD,RIDGE,CWM_WD,34,BuP3,0.6822727272727273,0.5511740926259839,-0.13109863464674332,0.13109863464674332,0.01718685200624029
CD01_CWM_WD,RIDGE,CWM_WD,34,BuP7,0.5858823529411764,0.592867985924453,0.006985632983276591,0.006985632983276591,4.87990681770418e-05
CD01_CWM_WD,RIDGE,CWM_WD,34,BuP8,0.6592,0.624724294640984,-0.03447570535901601,0.03447570535901601,0.001188574260001685
CD01_CWM_WD,RIDGE,CWM_WD,34,TmP3,0.5196774193548387,0.5552013794723861,0.03552396011754744,0.03552396011754744,0.001261951742433101
CD01_CWM_WD,RIDGE,CWM_WD,34,TmP7,0.5389999999999999,0.519305374032772,-0.01969462596722793,0.01969462596722793,0.0003878782919890087
CD01_CWM_WD,RIDGE,CWM_WD,34,TmP9,0.553076923076923,0.5219985051814942,-0.031078417895428867,0.031078417895428867,0.0009658680588829132
CD01_CWM_WD,RIDGE,CWM_WD,34,TsP2,0.4023076923076922,0.49935613776644483,0.09704844545875263,0.09704844545875263,0.009418400765960485
CD01_CWM_WD,RIDGE,CWM_WD,34,TsP3,0.4716666666666667,0.4977851445963569,0.026118477929690243,0.026118477929690243,0.0006821748893637163
CD01_CWM_WD,RIDGE,CWM_WD,34,TsP10,0.3947058823529412,0.5146048043991892,0.11989892204624802,0.11989892204624802,0.014375751507852261
CD01_CWM_WD,RIDGE,CWM_WD,34,TuP9,0.38625,0.454283420655392,0.06803342065539203,0.06803342065539203,0.004628546326073523
CD01_CWM_WD,RIDGE,CWM_WD,35,CmP9,0.6306666666666667,0.6171443697186263,-0.013522296948040413,0.013522296948040413,0.00018285251475098308
CD01_CWM_WD,RIDGE,CWM_WD,35,CsP2,0.6011764705882352,0.544815805753499,-0.05636066483473623,0.05636066483473623,0.003176524540613473
CD01_CWM_WD,RIDGE,CWM_WD,35,CsP3,0.6058333333333333,0.592815139082152,-0.013018194251181336,0.013018194251181336,0.0001694733815614908
CD01_CWM_WD,RIDGE,CWM_WD,35,CsP7,0.6247368421052633,0.5310326222257511,-0.09370421987951216,0.09370421987951216,0.008780480823227962
CD01_CWM_WD,RIDGE,CWM_WD,35,CsP9,0.4708333333333334,0.469579669341498,-0.0012536639918354076,0.0012536639918354076,1.5716734044246888e-06
CD01_CWM_WD,RIDGE,CWM_WD,35,CuP3,0.6322222222222221,0.5222514015826745,-0.10997082063954766,0.10997082063954766,0.012093581392135563
CD01_CWM_WD,RIDGE,CWM_WD,35,CuP8,0.6104166666666666,0.5997944857997094,-0.01062218086695721,0.01062218086695721,0.00011283072637035181
CD01_CWM_WD,RIDGE,CWM_WD,35,CuP10,0.6372400642635879,0.6118713461642631,-0.02536871809932484,0.02536871809932484,0.0006435718580030116
CD01_CWM_WD,RIDGE,CWM_WD,35,BsP9,0.5617391304347826,0.608575706442786,0.046836576008003394,0.046836576008003394,0.002193664852153479
CD01_CWM_WD,RIDGE,CWM_WD,35,BuP2,0.6646666666666667,0.5411906020598742,-0.1234760646067925,0.1234760646067925,0.015246338530780796
CD01_CWM_WD,RIDGE,CWM_WD,35,BuP9,0.5619999999999999,0.585506228392447,0.023506228392447093,0.023506228392447093,0.0005525427732378859
CD01_CWM_WD,RIDGE,CWM_WD,35,TmP1,0.5588888888888889,0.47452312892371346,-0.08436575996517542,0.08436575996517542,0.0071175814545015965
CD01_CWM_WD,RIDGE,CWM_WD,35,TmP2,0.4175,0.4968749757273015,0.07937497572730151,0.07937497572730151,0.006300386771709704
CD01_CWM_WD,RIDGE,CWM_WD,35,TsP1,0.42,0.508409714752471,0.088409714752471,0.088409714752471,0.007816277662613289
CD01_CWM_WD,RIDGE,CWM_WD,35,TsP6,0.4085714285714286,0.5566801087508162,0.1481086801793876,0.1481086801793876,0.021936181144480125
CD01_CWM_WD,RIDGE,CWM_WD,35,TuP2,0.422,0.4574443056744886,0.03544430567448864,0.03544430567448864,0.0012562988047465876
CD01_CWM_WD,RIDGE,CWM_WD,35,TuP4,0.3975,0.4916604554753939,0.09416045547539387,0.09416045547539387,0.008866191375333631
CD01_CWM_WD,RIDGE,CWM_WD,35,TuP10,0.4157142857142856,0.46134057003780543,0.04562628432351984,0.04562628432351984,0.0020817578211706723
CD01_CWM_WD,RIDGE,CWM_WD,36,CmP4,0.6514285714285714,0.5466216621566227,-0.10480690927194869,0.10480690927194869,0.010984488231138484
CD01_CWM_WD,RIDGE,CWM_WD,36,CmP7,0.6136666666666666,0.6693307301845465,0.05566406351787989,0.05566406351787989,0.003098487967322567
CD01_CWM_WD,RIDGE,CWM_WD,36,CuP2,0.6658260739031261,0.5780724124196523,-0.08775366148347374,0.08775366148347374,0.007700705103756103
CD01_CWM_WD,RIDGE,CWM_WD,36,CuP10,0.6372400642635879,0.6234048661109387,-0.01383519815264922,0.01383519815264922,0.00019141270792306838
CD01_CWM_WD,RIDGE,CWM_WD,36,BmP4,0.5711111111111111,0.5655896475388067,-0.00552146357230443,0.00552146357230443,3.04865599802848e-05
CD01_CWM_WD,RIDGE,CWM_WD,36,BmP5,0.4599999999999999,0.4381332964523123,-0.021866703547687605,0.021866703547687605,0.0004781527240424537
CD01_CWM_WD,RIDGE,CWM_WD,36,BmP9,0.5781250000000001,0.6186364362002702,0.04051143620027009,0.04051143620027009,0.0016411764630085539
CD01_CWM_WD,RIDGE,CWM_WD,36,BsP2,0.5675000000000001,0.5377839469780971,-0.029716053021903055,0.029716053021903055,0.0008830438072005537
CD01_CWM_WD,RIDGE,CWM_WD,36,BsP3,0.541111111111111,0.5258945924795727,-0.015216518631538278,0.015216518631538278,0.00023154243926395155
CD01_CWM_WD,RIDGE,CWM_WD,36,BsP8,0.5526315789473684,0.6589460484939235,0.1063144695465551,0.1063144695465551,0.011302766434965392
CD01_CWM_WD,RIDGE,CWM_WD,36,BsP10,0.4529166666666667,0.6198232569649128,0.16690659029824612,0.16690659029824612,0.027857809884986585
CD01_CWM_WD,RIDGE,CWM_WD,36,TmP4,0.4611111111111111,0.4856061270380174,0.02449501592690634,0.02449501592690634,0.0006000058052593952
CD01_CWM_WD,RIDGE,CWM_WD,36,TmP5,0.4525,0.4461654834657481,-0.006334516534251933,0.006334516534251933,4.0126099722711115e-05
CD01_CWM_WD,RIDGE,CWM_WD,36,TmP8,0.4641666666666666,0.4888275904365886,0.02466092376992196,0.02466092376992196,0.0006081611611859019
CD01_CWM_WD,RIDGE,CWM_WD,36,TsP6,0.4085714285714286,0.5602701009500128,0.15169867237858425,0.15169867237858425,0.02301248720142504
CD01_CWM_WD,RIDGE,CWM_WD,36,TuP3,0.4644444444444444,0.37143806899745857,-0.09300637544698581,0.09300637544698581,0.008650185873785686
CD01_CWM_WD,RIDGE,CWM_WD,36,TuP7,0.462,0.4752214453473944,0.01322144534739439,0.01322144534739439,0.00017480661707413675
CD01_CWM_WD,RIDGE,CWM_WD,36,TuP8,0.4366666666666667,0.46837607909860124,0.031709412431934536,0.031709412431934536,0.0010054868367785246
CD01_CWM_WD,RIDGE,CWM_WD,37,CmP2,0.6736363636363637,0.6507508061053369,-0.022885557531026834,0.022885557531026834,0.0005237487435059391
CD01_CWM_WD,RIDGE,CWM_WD,37,CmP5,0.7284615384615385,0.5141492238525885,-0.21431231460894995,0.21431231460894995,0.04592976819304554
CD01_CWM_WD,RIDGE,CWM_WD,37,CmP9,0.6306666666666667,0.614919992753357,-0.01574667391330975,0.01574667391330975,0.0002479577393321098
CD01_CWM_WD,RIDGE,CWM_WD,37,CsP3,0.6058333333333333,0.5909550820377127,-0.014878251295620593,0.014878251295620593,0.00022136236161563583
CD01_CWM_WD,RIDGE,CWM_WD,37,CsP7,0.6247368421052633,0.5304871908545713,-0.09424965125069196,0.09424965125069196,0.00888299676087706
CD01_CWM_WD,RIDGE,CWM_WD,37,CuP9,0.6696,0.6308188980827955,-0.03878110191720452,0.03878110191720452,0.001503973865912604
CD01_CWM_WD,RIDGE,CWM_WD,37,BmP10,0.5690000000000001,0.5531077673391813,-0.01589223266081874,0.01589223266081874,0.0002525630589455939
CD01_CWM_WD,RIDGE,CWM_WD,37,BuP2,0.6646666666666667,0.5400005085865971,-0.12466615808006964,0.12466615808006964,0.015541650970444914
CD01_CWM_WD,RIDGE,CWM_WD,37,BuP10,0.61375,0.6592558731640868,0.04550587316408683,0.04550587316408683,0.002070784492425958
CD01_CWM_WD,RIDGE,CWM_WD,37,TmP6,0.5377777777777778,0.6039322134621098,0.06615443568433199,0.06615443568433199,0.004376409360712418
CD01_CWM_WD,RIDGE,CWM_WD,37,TmP7,0.5389999999999999,0.50965001027354,-0.02934998972645997,0.02934998972645997,0.0008614218969433057
CD01_CWM_WD,RIDGE,CWM_WD,37,TmP10,0.5299999999999999,0.5349592552202185,0.004959255220218561,0.004959255220218561,2.4594212339265053e-05
CD01_CWM_WD,RIDGE,CWM_WD,37,TsP2,0.4023076923076922,0.49969763086897,0.09738993856127781,0.09738993856127781,0.009484800132969467
CD01_CWM_WD,RIDGE,CWM_WD,37,TsP3,0.4716666666666667,0.49734504596466,0.025678379297993326,0.025678379297993326,0.0006593791633716122
CD01_CWM_WD,RIDGE,CWM_WD,37,TsP8,0.3642307692307692,0.4725020119039272,0.10827124267315802,0.10827124267315802,0.011722661989989874
CD01_CWM_WD,RIDGE,CWM_WD,37,TuP4,0.3975,0.4928729815990129,0.09537298159901286,0.09537298159901286,0.009096005619085646
CD01_CWM_WD,RIDGE,CWM_WD,37,TuP6,0.465,0.4877016009044471,0.02270160090444706,0.02270160090444706,0.0005153626836247917
CD01_CWM_WD,RIDGE,CWM_WD,37,TuP9,0.38625,0.46208342161341154,0.07583342161341156,0.07583342161341156,0.005750707833597435
CD01_CWM_WD,RIDGE,CWM_WD,38,CmP8,0.6404166666666667,0.5760121492530036,-0.06440451741366315,0.06440451741366315,0.00414794186328684
CD01_CWM_WD,RIDGE,CWM_WD,38,CmP10,0.6696875,0.6134278025383897,-0.0562596974616103,0.0562596974616103,0.0031651535584719206
CD01_CWM_WD,RIDGE,CWM_WD,38,CuP4,0.6173076923076923,0.5841038278561594,-0.033203864451532894,0.033203864451532894,0.0011024966145157698
CD01_CWM_WD,RIDGE,CWM_WD,38,CuP6,0.6885714285714285,0.6211253707702831,-0.06744605780114543,0.06744605780114543,0.004548970712915451
CD01_CWM_WD,RIDGE,CWM_WD,38,CuP7,0.6502608591225009,0.5754333996883848,-0.07482745943411606,0.07482745943411606,0.005599148685364284
CD01_CWM_WD,RIDGE,CWM_WD,38,CuP8,0.6104166666666666,0.604782206355165,-0.00563446031150161,0.00563446031150161,3.174714300188682e-05
CD01_CWM_WD,RIDGE,CWM_WD,38,BmP7,0.5614285714285715,0.534051810705824,-0.02737676072274753,0.02737676072274753,0.0007494870276705717
CD01_CWM_WD,RIDGE,CWM_WD,38,BsP1,0.5485185185185185,0.5599032880003415,0.011384769481822987,0.011384769481822987,0.00012961297615424804
CD01_CWM_WD,RIDGE,CWM_WD,38,BsP6,0.531,0.5443235123431984,0.013323512343198396,0.013323512343198396,0.00017751598115936
CD01_CWM_WD,RIDGE,CWM_WD,38,BuP1,0.4742857142857143,0.4684696818674452,-0.0058160324182691125,0.0058160324182691125,3.382623309035726e-05
CD01_CWM_WD,RIDGE,CWM_WD,38,BuP5,0.5626666666666666,0.6102997515528397,0.047633084886173016,0.047633084886173016,0.0022689107757733642
CD01_CWM_WD,RIDGE,CWM_WD,38,BuP9,0.5619999999999999,0.578746089867291,0.016746089867291092,0.016746089867291092,0.0002804315258433894
CD01_CWM_WD,RIDGE,CWM_WD,38,TmP9,0.553076923076923,0.5117969907217685,-0.04127993235515448,0.04127993235515448,0.0017040328152461298
CD01_CWM_WD,RIDGE,CWM_WD,38,TsP4,0.373076923076923,0.501021035473425,0.12794411239650205,0.12794411239650205,0.01636969589692875
CD01_CWM_WD,RIDGE,CWM_WD,38,TsP9,0.3686666666666666,0.5390154383234299,0.17034877165676332,0.17034877165676332,0.02901870400496809
CD01_CWM_WD,RIDGE,CWM_WD,38,TsP10,0.3947058823529412,0.5139770137559871,0.11927113140304596,0.11927113140304596,0.014225602786162656
CD01_CWM_WD,RIDGE,CWM_WD,38,TuP2,0.422,0.4614005271692703,0.03940052716927034,0.03940052716927034,0.0015524015412164101
CD01_CWM_WD,RIDGE,CWM_WD,38,TuP5,0.4609999999999999,0.4279259775965091,-0.03307402240349083,0.03307402240349083,0.0010938909579466134
CD01_CWM_WD,RIDGE,CWM_WD,39,CmP1,0.6200000000000001,0.5820558290261904,-0.037944170973809754,0.037944170973809754,0.0014397601108897067
CD01_CWM_WD,RIDGE,CWM_WD,39,CmP3,0.6368181818181818,0.576911430850525,-0.05990675096765685,0.05990675096765685,0.0035888188115008554
CD01_CWM_WD,RIDGE,CWM_WD,39,CsP1,0.53,0.5498195770880672,0.019819577088067142,0.019819577088067142,0.000392815635949836
CD01_CWM_WD,RIDGE,CWM_WD,39,CsP2,0.6011764705882352,0.5427000927134871,-0.05847637787474813,0.05847637787474813,0.003419486769350333
CD01_CWM_WD,RIDGE,CWM_WD,39,CsP4,0.5895238095238097,0.5931092649468677,0.0035854554230579927,0.0035854554230579927,1.285549059073597e-05
CD01_CWM_WD,RIDGE,CWM_WD,39,CsP5,0.4599999999999999,0.441738552843896,-0.018261447156103894,0.018261447156103894,0.00033348045223517497
CD01_CWM_WD,RIDGE,CWM_WD,39,CsP6,0.5632,0.6245970981673767,0.06139709816737671,0.06139709816737671,0.0037696036633744923
CD01_CWM_WD,RIDGE,CWM_WD,39,CsP8,0.618235294117647,0.49713270699837986,-0.12110258711926714,0.12110258711926714,0.014665836606979687
CD01_CWM_WD,RIDGE,CWM_WD,39,CsP10,0.615,0.5342269663065087,-0.08077303369349131,0.08077303369349131,0.0065242829720498835
CD01_CWM_WD,RIDGE,CWM_WD,39,CuP3,0.6322222222222221,0.5158946297566892,-0.11632759246553293,0.11632759246553293,0.013532108768827112
CD01_CWM_WD,RIDGE,CWM_WD,39,BmP1,0.54,0.5551071706665626,0.01510717066656253,0.01510717066656253,0.00022822660554864738
CD01_CWM_WD,RIDGE,CWM_WD,39,BsP9,0.5617391304347826,0.6073320128442956,0.04559288240951298,0.04559288240951298,0.002078710926407678
CD01_CWM_WD,RIDGE,CWM_WD,39,BuP3,0.6822727272727273,0.5522242494954717,-0.1300484777772556,0.1300484777772556,0.01691260657218134
CD01_CWM_WD,RIDGE,CWM_WD,39,BuP4,0.6058823529411765,0.5897643158638225,-0.01611803707735404,0.01611803707735404,0.0002597911192269596
CD01_CWM_WD,RIDGE,CWM_WD,39,BuP7,0.5858823529411764,0.583728303567713,-0.002154049373463418,0.002154049373463418,4.639928703318144e-06
CD01_CWM_WD,RIDGE,CWM_WD,39,TsP1,0.42,0.5031849401462216,0.08318494014622163,0.08318494014622163,0.006919734267130475
CD01_CWM_WD,RIDGE,CWM_WD,39,TsP7,0.3945454545454545,0.5025797168314374,0.10803426228598295,0.10803426228598295,0.011671401827676559
CD01_CWM_WD,RIDGE,CWM_WD,39,TuP10,0.4157142857142856,0.4579363869402387,0.0422221012259531,0.0422221012259531,0.0017827058319346304
CD01_CWM_WD,RIDGE,CWM_WD,40,CmP6,0.6904545454545455,0.6205078049710151,-0.06994674048353045,0.06994674048353045,0.004892546504270357
CD01_CWM_WD,RIDGE,CWM_WD,40,CsP9,0.4708333333333334,0.46733174931880267,-0.003501584014530712,0.003501584014530712,1.2261090610817018e-05
CD01_CWM_WD,RIDGE,CWM_WD,40,CuP1,0.69,0.5564815317387014,-0.13351846826129854,0.13351846826129854,0.017827181366843387
CD01_CWM_WD,RIDGE,CWM_WD,40,CuP5,0.6655172413793102,0.6178268229825352,-0.047690418396775014,0.047690418396775014,0.002274376006859457
CD01_CWM_WD,RIDGE,CWM_WD,40,BmP2,0.6011764705882352,0.5440891213449245,-0.057087349243310714,0.057087349243310714,0.0032589654436277283
CD01_CWM_WD,RIDGE,CWM_WD,40,BmP3,0.6069565217391304,0.5762644708581544,-0.03069205088097604,0.03069205088097604,0.0009420019872804222
CD01_CWM_WD,RIDGE,CWM_WD,40,BmP6,0.555,0.6191708796282464,0.0641708796282463,0.0641708796282463,0.004117901792262876
CD01_CWM_WD,RIDGE,CWM_WD,40,BmP8,0.636470588235294,0.5119102061802233,-0.1245603820550707,0.1245603820550707,0.015515288777705178
CD01_CWM_WD,RIDGE,CWM_WD,40,BsP4,0.5199033743906257,0.6272102599422148,0.10730688555158907,0.10730688555158907,0.011514767686781835
CD01_CWM_WD,RIDGE,CWM_WD,40,BsP5,0.47,0.5705709497841058,0.10057094978410586,0.10057094978410586,0.010114515940477142
CD01_CWM_WD,RIDGE,CWM_WD,40,BsP7,0.5061111111111112,0.5585029651844752,0.052391854073364,0.052391854073364,0.0027449063732446675
CD01_CWM_WD,RIDGE,CWM_WD,40,BuP6,0.6005555555555556,0.5792841412466655,-0.021271414308890124,0.021271414308890124,0.00045247306670045555
CD01_CWM_WD,RIDGE,CWM_WD,40,BuP8,0.6592,0.6215167388681663,-0.037683261131833734,0.037683261131833734,0.001420028169529971
CD01_CWM_WD,RIDGE,CWM_WD,40,TmP1,0.5588888888888889,0.4723585905472024,-0.08653029834168646,0.08653029834168646,0.007487492531101267
CD01_CWM_WD,RIDGE,CWM_WD,40,TmP2,0.4175,0.49515050310075276,0.07765050310075278,0.07765050310075278,0.006029600631800016
CD01_CWM_WD,RIDGE,CWM_WD,40,TmP3,0.5196774193548387,0.553807681053164,0.03413026169832534,0.03413026169832534,0.0011648747635961735
CD01_CWM_WD,RIDGE,CWM_WD,40,TsP5,0.3566666666666667,0.4777098575697485,0.1210431909030818,0.1210431909030818,0.014651454063999904
CD01_CWM_WD,RIDGE,CWM_WD,40,TuP1,0.4285714285714285,0.4455452050109323,0.016973776439503818,0.016973776439503818,0.00028810908661825493
CD01_CWM_WD,RIDGE,CWM_WD,41,CmP7,0.6136666666666666,0.6625942324886948,0.048927565822028174,0.048927565822028174,0.0023939066972688996
CD01_CWM_WD,RIDGE,CWM_WD,41,CmP9,0.6306666666666667,0.6242386675794249,-0.006427999087241787,0.006427999087241787,4.1319172265581244e-05
CD01_CWM_WD,RIDGE,CWM_WD,41,CsP3,0.6058333333333333,0.5990778260395481,-0.006755507293785268,0.006755507293785268,4.563687879638595e-05
CD01_CWM_WD,RIDGE,CWM_WD,41,CsP6,0.5632,0.6368532822033435,0.07365328220334344,0.07365328220334344,0.005424805979325348
CD01_CWM_WD,RIDGE,CWM_WD,41,CuP2,0.6658260739031261,0.5771814714880393,-0.08864460241508676,0.08864460241508676,0.007857865537328805
CD01_CWM_WD,RIDGE,CWM_WD,41,CuP9,0.6696,0.6424382041736092,-0.027161795826390778,0.027161795826390778,0.0007377631525145395
CD01_CWM_WD,RIDGE,CWM_WD,41,BmP5,0.4599999999999999,0.4435457957247507,-0.016454204275249185,0.016454204275249185,0.00027074083833162856
CD01_CWM_WD,RIDGE,CWM_WD,41,BmP6,0.555,0.6290957030276982,0.07409570302769819,0.07409570302769819,0.005490173207168843
CD01_CWM_WD,RIDGE,CWM_WD,41,BmP10,0.5690000000000001,0.5574577741419101,-0.01154222585808995,0.01154222585808995,0.00013322297775916026
CD01_CWM_WD,RIDGE,CWM_WD,41,BsP2,0.5675000000000001,0.5396960696969811,-0.027803930303018976,0.027803930303018976,0.0007730585402951368
CD01_CWM_WD,RIDGE,CWM_WD,41,BsP3,0.541111111111111,0.5274398971537599,-0.013671213957351047,0.013671213957351047,0.00018690209106767008
CD01_CWM_WD,RIDGE,CWM_WD,41,BuP10,0.61375,0.6759367336346056,0.062186733634605584,0.062186733634605584,0.0038671898401413853
CD01_CWM_WD,RIDGE,CWM_WD,41,TmP4,0.4611111111111111,0.4899544953627018,0.02884338425159072,0.02884338425159072,0.0008319408150849115
CD01_CWM_WD,RIDGE,CWM_WD,41,TmP6,0.5377777777777778,0.6192338543546336,0.08145607657685583,0.08145607657685583,0.006635092411294601
CD01_CWM_WD,RIDGE,CWM_WD,41,TmP8,0.4641666666666666,0.49183709819534405,0.02767043152867743,0.02767043152867743,0.000765652780983226
CD01_CWM_WD,RIDGE,CWM_WD,41,TuP2,0.422,0.4536976987705525,0.03169769877055251,0.03169769877055251,0.0010047441073486858
CD01_CWM_WD,RIDGE,CWM_WD,41,TuP5,0.4609999999999999,0.4149781906002865,-0.0460218093997134,0.0460218093997134,0.0021180069404235485
CD01_CWM_WD,RIDGE,CWM_WD,41,TuP9,0.38625,0.45203126142238836,0.06578126142238838,0.06578126142238838,0.004327174354320602
CD01_CWM_WD,RIDGE,CWM_WD,42,CmP10,0.6696875,0.6114744463663796,-0.05821305363362039,0.05821305363362039,0.0033887596133507646
CD01_CWM_WD,RIDGE,CWM_WD,42,CsP8,0.618235294117647,0.49917335655384426,-0.11906193756380273,0.11906193756380273,0.01417574497644686
CD01_CWM_WD,RIDGE,CWM_WD,42,CsP9,0.4708333333333334,0.467823772153153,-0.0030095611801803646,0.0030095611801803646,9.05745849724863e-06
CD01_CWM_WD,RIDGE,CWM_WD,42,CsP10,0.615,0.534131842127355,-0.08086815787264501,0.08086815787264501,0.006539658957715037
CD01_CWM_WD,RIDGE,CWM_WD,42,CuP4,0.6173076923076923,0.5746597220191968,-0.04264797028849554,0.04264797028849554,0.0018188493697283983
CD01_CWM_WD,RIDGE,CWM_WD,42,CuP5,0.6655172413793102,0.6139494313979424,-0.051567809981367785,0.051567809981367785,0.002659239026274455
CD01_CWM_WD,RIDGE,CWM_WD,42,CuP7,0.6502608591225009,0.5678535131823989,-0.08240734594010202,0.08240734594010202,0.006790970664891648
CD01_CWM_WD,RIDGE,CWM_WD,42,BsP1,0.5485185185185185,0.5418668483483036,-0.006651670170214952,0.006651670170214952,4.42447160533274e-05
CD01_CWM_WD,RIDGE,CWM_WD,42,BsP6,0.531,0.5342354185018798,0.0032354185018798054,0.0032354185018798054,1.0467932882306165e-05
CD01_CWM_WD,RIDGE,CWM_WD,42,BsP7,0.5061111111111112,0.5571283520465217,0.05101724093541049,0.05101724093541049,0.002602758872661724
CD01_CWM_WD,RIDGE,CWM_WD,42,BsP8,0.5526315789473684,0.6352954992978573,0.08266392035048897,0.08266392035048897,0.006833323727711985
CD01_CWM_WD,RIDGE,CWM_WD,42,BuP2,0.6646666666666667,0.5393911853194261,-0.12527548134724065,0.12527548134724065,0.01569394622678284
CD01_CWM_WD,RIDGE,CWM_WD,42,BuP6,0.6005555555555556,0.5773405038051801,-0.023215051750375526,0.023215051750375526,0.0005389386277726138
CD01_CWM_WD,RIDGE,CWM_WD,42,TmP3,0.5196774193548387,0.5517661104772403,0.03208869112240165,0.03208869112240165,0.0010296840979488982
CD01_CWM_WD,RIDGE,CWM_WD,42,TmP10,0.5299999999999999,0.5347505883852457,0.00475058838524578,0.00475058838524578,2.2568090006032105e-05
CD01_CWM_WD,RIDGE,CWM_WD,42,TsP1,0.42,0.5053608191327514,0.08536081913275145,0.08536081913275145,0.007286469443014307
CD01_CWM_WD,RIDGE,CWM_WD,42,TuP4,0.3975,0.48855177179249193,0.09105177179249191,0.09105177179249191,0.008290425146552025
CD01_CWM_WD,RIDGE,CWM_WD,42,TuP8,0.4366666666666667,0.47246436908733336,0.035797702420666655,0.035797702420666655,0.0012814754985986034
CD01_CWM_WD,RIDGE,CWM_WD,43,CmP2,0.6736363636363637,0.6715494622352363,-0.002086901401127439,0.002086901401127439,4.355157458027668e-06
CD01_CWM_WD,RIDGE,CWM_WD,43,CsP1,0.53,0.5540889931391817,0.02408899313918167,0.02408899313918167,0.0005802795904595416
CD01_CWM_WD,RIDGE,CWM_WD,43,CsP2,0.6011764705882352,0.5483218321741077,-0.05285463841412752,0.05285463841412752,0.0027936128018881644
CD01_CWM_WD,RIDGE,CWM_WD,43,CsP4,0.5895238095238097,0.6023100163755355,0.012786206851725823,0.012786206851725823,0.0001634870856551204
CD01_CWM_WD,RIDGE,CWM_WD,43,CsP5,0.4599999999999999,0.4369409494097747,-0.023059050590225227,0.023059050590225227,0.0005317198141225664
CD01_CWM_WD,RIDGE,CWM_WD,43,CuP10,0.6372400642635879,0.6240927452760952,-0.013147318987492773,0.013147318987492773,0.000172851996558888
CD01_CWM_WD,RIDGE,CWM_WD,43,BmP8,0.636470588235294,0.5130940156503685,-0.12337657258492551,0.12337657258492551,0.015221778662803394
CD01_CWM_WD,RIDGE,CWM_WD,43,BsP4,0.5199033743906257,0.6409074833747728,0.12100410898414704,0.12100410898414704,0.014641994391047335
CD01_CWM_WD,RIDGE,CWM_WD,43,BsP10,0.4529166666666667,0.6130451681424914,0.16012850147582475,0.16012850147582475,0.025641136984893207
CD01_CWM_WD,RIDGE,CWM_WD,43,BuP9,0.5619999999999999,0.5935204941875902,0.03152049418759029,0.03152049418759029,0.000993541553829913
CD01_CWM_WD,RIDGE,CWM_WD,43,TmP1,0.5588888888888889,0.4694588300772904,-0.08943005881159849,0.08943005881159849,0.007997735419045965
CD01_CWM_WD,RIDGE,CWM_WD,43,TsP2,0.4023076923076922,0.4973908730815304,0.0950831807738382,0.0950831807738382,0.009040811266070396
CD01_CWM_WD,RIDGE,CWM_WD,43,TsP3,0.4716666666666667,0.4947158011112862,0.023049134444619535,0.023049134444619535,0.0005312625986461467
CD01_CWM_WD,RIDGE,CWM_WD,43,TsP6,0.4085714285714286,0.5620793451639349,0.1535079165925063,0.1535079165925063,0.023564680456571868
CD01_CWM_WD,RIDGE,CWM_WD,43,TsP8,0.3642307692307692,0.4655675709192687,0.10133680168849951,0.10133680168849951,0.010269147376454277
CD01_CWM_WD,RIDGE,CWM_WD,43,TuP3,0.4644444444444444,0.37034171163433866,-0.09410273281010573,0.09410273281010573,0.008855324322330148
CD01_CWM_WD,RIDGE,CWM_WD,43,TuP6,0.465,0.48405037711628884,0.01905037711628882,0.01905037711628882,0.0003629168682728207
CD01_CWM_WD,RIDGE,CWM_WD,43,TuP10,0.4157142857142856,0.454172704533038,0.03845841881875239,0.03845841881875239,0.0014790499780385682
CD01_CWM_WD,RIDGE,CWM_WD,44,CmP4,0.6514285714285714,0.5417877150353382,-0.10964085639323318,0.10964085639323318,0.012021117390641581
CD01_CWM_WD,RIDGE,CWM_WD,44,CmP8,0.6404166666666667,0.5736624249247333,-0.06675424174193345,0.06675424174193345,0.00445612879054049
CD01_CWM_WD,RIDGE,CWM_WD,44,CuP6,0.6885714285714285,0.6119823174644592,-0.07658911110696931,0.07658911110696931,0.00586589194015569
CD01_CWM_WD,RIDGE,CWM_WD,44,CuP8,0.6104166666666666,0.5950487128099216,-0.015367953856745054,0.015367953856745054,0.00023617400574304516
CD01_CWM_WD,RIDGE,CWM_WD,44,BmP1,0.54,0.5567288202701958,0.016728820270195732,0.016728820270195732,0.0002798534276325116
CD01_CWM_WD,RIDGE,CWM_WD,44,BmP2,0.6011764705882352,0.5447173435127612,-0.05645912707547396,0.05645912707547396,0.0031876330301245166
CD01_CWM_WD,RIDGE,CWM_WD,44,BmP4,0.5711111111111111,0.5575494682989065,-0.013561642812204622,0.013561642812204622,0.00018391815576582129
CD01_CWM_WD,RIDGE,CWM_WD,44,BmP9,0.5781250000000001,0.6010262110689616,0.02290121106896148,0.02290121106896148,0.0005244654684251238
CD01_CWM_WD,RIDGE,CWM_WD,44,BsP5,0.47,0.5706745559327941,0.10067455593279417,0.10067455593279417,0.010135366212265302
CD01_CWM_WD,RIDGE,CWM_WD,44,BuP1,0.4742857142857143,0.4745809815981564,0.0002952673124421157,0.0002952673124421157,8.718278579678997e-08
CD01_CWM_WD,RIDGE,CWM_WD,44,BuP4,0.6058823529411765,0.5897753815505601,-0.016106971390616454,0.016106971390616454,0.00025943452737813694
CD01_CWM_WD,RIDGE,CWM_WD,44,BuP7,0.5858823529411764,0.5829207550234549,-0.002961597917721548,0.002961597917721548,8.771062226252608e-06
CD01_CWM_WD,RIDGE,CWM_WD,44,BuP8,0.6592,0.6180180562380153,-0.041181943761984696,0.041181943761984696,0.0016959524920152702
CD01_CWM_WD,RIDGE,CWM_WD,44,TmP2,0.4175,0.4977250465697985,0.08022504656979851,0.08022504656979851,0.00643605809712634
CD01_CWM_WD,RIDGE,CWM_WD,44,TmP5,0.4525,0.46040052360233186,0.007900523602331844,0.007900523602331844,6.241827319100253e-05
CD01_CWM_WD,RIDGE,CWM_WD,44,TmP7,0.5389999999999999,0.5128426336233661,-0.026157366376633795,0.026157366376633795,0.0006842078157614521
CD01_CWM_WD,RIDGE,CWM_WD,44,TsP10,0.3947058823529412,0.5131938369856245,0.1184879546326833,0.1184879546326833,0.014039395393036816
CD01_CWM_WD,RIDGE,CWM_WD,44,TuP7,0.462,0.4861230136891386,0.02412301368913855,0.02412301368913855,0.0005819197894463659
CD01_CWM_WD,RIDGE,CWM_WD,45,CmP1,0.6200000000000001,0.5753319776679752,-0.04466802233202494,0.04466802233202494,0.0019952322190542786
CD01_CWM_WD,RIDGE,CWM_WD,45,CmP3,0.6368181818181818,0.5685636456062678,-0.06825453621191402,0.06825453621191402,0.0046586817135034824
CD01_CWM_WD,RIDGE,CWM_WD,45,CmP5,0.7284615384615385,0.5139275259380169,-0.21453401252352156,0.21453401252352156,0.04602484252944251
CD01_CWM_WD,RIDGE,CWM_WD,45,CmP6,0.6904545454545455,0.6148454511328367,-0.07560909432170881,0.07560909432170881,0.0057167351441490604
CD01_CWM_WD,RIDGE,CWM_WD,45,CsP7,0.6247368421052633,0.5260674266108666,-0.09866941549439667,0.09866941549439667,0.009735653554005887
CD01_CWM_WD,RIDGE,CWM_WD,45,CuP1,0.69,0.562200017365088,-0.127799982634912,0.127799982634912,0.016332835561483808
CD01_CWM_WD,RIDGE,CWM_WD,45,CuP3,0.6322222222222221,0.5246772298007287,-0.1075449924214934,0.1075449924214934,0.011565925394939074
CD01_CWM_WD,RIDGE,CWM_WD,45,BmP3,0.6069565217391304,0.5716508504121529,-0.035305671326977484,0.035305671326977484,0.00124649042784856
CD01_CWM_WD,RIDGE,CWM_WD,45,BmP7,0.5614285714285715,0.5285541423263875,-0.032874429102183966,0.032874429102183966,0.0010807280887945201
CD01_CWM_WD,RIDGE,CWM_WD,45,BsP9,0.5617391304347826,0.6013087870094218,0.03956965657463918,0.03956965657463918,0.0015657577214348854
CD01_CWM_WD,RIDGE,CWM_WD,45,BuP3,0.6822727272727273,0.5579184010189016,-0.1243543262538257,0.1243543262538257,0.015463998458042923
CD01_CWM_WD,RIDGE,CWM_WD,45,BuP5,0.5626666666666666,0.60549251072069,0.04282584405402334,0.04282584405402334,0.0018340529189395265
CD01_CWM_WD,RIDGE,CWM_WD,45,TmP9,0.553076923076923,0.5061605676058448,-0.0469163554710782,0.0469163554710782,0.002201144410688569
CD01_CWM_WD,RIDGE,CWM_WD,45,TsP4,0.373076923076923,0.4957176749287423,0.12264075185181933,0.12264075185181933,0.015040754014779526
CD01_CWM_WD,RIDGE,CWM_WD,45,TsP5,0.3566666666666667,0.4920365476729201,0.1353698810062534,0.1353698810062534,0.018325004683647207
CD01_CWM_WD,RIDGE,CWM_WD,45,TsP7,0.3945454545454545,0.5071591938763095,0.112613739330855,0.112613739330855,0.012681854286077758
CD01_CWM_WD,RIDGE,CWM_WD,45,TsP9,0.3686666666666666,0.5338343849430387,0.1651677182763721,0.1651677182763721,0.027280375160623024
CD01_CWM_WD,RIDGE,CWM_WD,45,TuP1,0.4285714285714285,0.4444558713307044,0.01588444275927592,0.01588444275927592,0.00025231552177271317
CD01_CWM_WD,RIDGE,CWM_WD,46,CmP10,0.6696875,0.6187419780547316,-0.05094552194526836,0.05094552194526836,0.0025954462062758197
CD01_CWM_WD,RIDGE,CWM_WD,46,CsP8,0.618235294117647,0.5091635830500487,-0.10907171106759828,0.10907171106759828,0.01189663815521364
CD01_CWM_WD,RIDGE,CWM_WD,46,CsP10,0.615,0.5347161161149101,-0.08028388388508989,0.08028388388508989,0.006445502011674596
CD01_CWM_WD,RIDGE,CWM_WD,46,CuP9,0.6696,0.6373607210717832,-0.032239278928216764,0.032239278928216764,0.0010393711058113615
CD01_CWM_WD,RIDGE,CWM_WD,46,BmP3,0.6069565217391304,0.5815044920206286,-0.0254520297185018,0.0254520297185018,0.0006478058167914989
CD01_CWM_WD,RIDGE,CWM_WD,46,BmP10,0.5690000000000001,0.5586176228083245,-0.010382377191675562,0.010382377191675562,0.00010779375615022494
CD01_CWM_WD,RIDGE,CWM_WD,46,BsP4,0.5199033743906257,0.6341072323576409,0.11420385796701515,0.11420385796701515,0.01304252117455017
CD01_CWM_WD,RIDGE,CWM_WD,46,BuP7,0.5858823529411764,0.5777679665803068,-0.008114386360869585,0.008114386360869585,6.584326601346635e-05
CD01_CWM_WD,RIDGE,CWM_WD,46,BuP8,0.6592,0.6207150289102981,-0.03848497108970195,0.03848497108970195,0.0014810929997751947
CD01_CWM_WD,RIDGE,CWM_WD,46,BuP10,0.61375,0.6635010789982295,0.0497510789982295,0.0497510789982295,0.002475169861488073
CD01_CWM_WD,RIDGE,CWM_WD,46,TmP2,0.4175,0.5027613937571699,0.0852613937571699,0.0852613937571699,0.007269505265415171
CD01_CWM_WD,RIDGE,CWM_WD,46,TmP4,0.4611111111111111,0.517168234685623,0.056057123574511925,0.056057123574511925,0.0031424011034481007
CD01_CWM_WD,RIDGE,CWM_WD,46,TmP5,0.4525,0.4729407344970561,0.02044073449705608,0.02044073449705608,0.0004178236267791384
CD01_CWM_WD,RIDGE,CWM_WD,46,TsP2,0.4023076923076922,0.5057490820938467,0.10344138978615453,0.10344138978615453,0.010700121120891153
CD01_CWM_WD,RIDGE,CWM_WD,46,TsP7,0.3945454545454545,0.5168462102015035,0.12230075565604898,0.12230075565604898,0.014957474834040595
CD01_CWM_WD,RIDGE,CWM_WD,46,TsP9,0.3686666666666666,0.5454426557096957,0.17677598904302916,0.17677598904302916,0.031249750302141166
CD01_CWM_WD,RIDGE,CWM_WD,46,TuP1,0.4285714285714285,0.4518659038982586,0.0232944753268301,0.0232944753268301,0.0005426325807522963
CD01_CWM_WD,RIDGE,CWM_WD,46,TuP4,0.3975,0.5020687807601792,0.10456878076017923,0.10456878076017923,0.010934629909670429
CD01_CWM_WD,RIDGE,CWM_WD,47,CmP2,0.6736363636363637,0.6509955175100972,-0.02264084612626649,0.02264084612626649,0.0005126079133132763
CD01_CWM_WD,RIDGE,CWM_WD,47,CmP3,0.6368181818181818,0.5742602727219993,-0.06255790909618253,0.06255790909618253,0.003913491990486237
CD01_CWM_WD,RIDGE,CWM_WD,47,CmP7,0.6136666666666666,0.6459095396701732,0.03224287300350659,0.03224287300350659,0.001039602859520254
CD01_CWM_WD,RIDGE,CWM_WD,47,CsP1,0.53,0.5468591491315217,0.016859149131521645,0.016859149131521645,0.000284230909438887
CD01_CWM_WD,RIDGE,CWM_WD,47,CsP3,0.6058333333333333,0.5890563783239644,-0.016776955009368932,0.016776955009368932,0.00028146621938638934
CD01_CWM_WD,RIDGE,CWM_WD,47,CuP4,0.6173076923076923,0.5738176309047855,-0.04349006140290679,0.04349006140290679,0.0018913854408286028
CD01_CWM_WD,RIDGE,CWM_WD,47,CuP8,0.6104166666666666,0.5951073195727125,-0.015309347093954151,0.015309347093954151,0.00023437610844316242
CD01_CWM_WD,RIDGE,CWM_WD,47,BmP1,0.54,0.5538750537890934,0.013875053789093372,0.013875053789093372,0.00019251711765023435
CD01_CWM_WD,RIDGE,CWM_WD,47,BmP7,0.5614285714285715,0.5329675132645774,-0.028461058163994135,0.028461058163994135,0.0008100318318142572
CD01_CWM_WD,RIDGE,CWM_WD,47,BmP8,0.636470588235294,0.5084007862267683,-0.1280698020085257,0.1280698020085257,0.01640187418650297
CD01_CWM_WD,RIDGE,CWM_WD,47,BmP9,0.5781250000000001,0.5991486542294163,0.02102365422941621,0.02102365422941621,0.00044199403715805015
CD01_CWM_WD,RIDGE,CWM_WD,47,BuP2,0.6646666666666667,0.5371490213694806,-0.12751764529718612,0.12751764529718612,0.016260749862138973
CD01_CWM_WD,RIDGE,CWM_WD,47,BuP3,0.6822727272727273,0.5522062877672508,-0.13006643950547647,0.13006643950547647,0.01691727868563177
CD01_CWM_WD,RIDGE,CWM_WD,47,TmP8,0.4641666666666666,0.48711109755884147,0.02294443089217485,0.02294443089217485,0.0005264469089657876
CD01_CWM_WD,RIDGE,CWM_WD,47,TsP1,0.42,0.5028721665696305,0.08287216656963053,0.08287216656963053,0.006867795991944588
CD01_CWM_WD,RIDGE,CWM_WD,47,TuP5,0.4609999999999999,0.4154618306106676,-0.045538169389332306,0.045538169389332306,0.002073724871331522
CD01_CWM_WD,RIDGE,CWM_WD,47,TuP7,0.462,0.480557020819077,0.018557020819076953,0.018557020819076953,0.00034436302167965545
CD01_CWM_WD,RIDGE,CWM_WD,47,TuP8,0.4366666666666667,0.469037953586994,0.032371286920327313,0.032371286920327313,0.0010479002168781542
CD01_CWM_WD,RIDGE,CWM_WD,48,CmP9,0.6306666666666667,0.632991941049943,0.0023252743832763434,0.0023252743832763434,5.406900957521179e-06
CD01_CWM_WD,RIDGE,CWM_WD,48,CsP5,0.4599999999999999,0.44131951963885196,-0.018680480361147944,0.018680480361147944,0.00034896034652323404
CD01_CWM_WD,RIDGE,CWM_WD,48,CsP7,0.6247368421052633,0.5366564145703568,-0.08808042753490641,0.08808042753490641,0.0077581617147319
CD01_CWM_WD,RIDGE,CWM_WD,48,CuP10,0.6372400642635879,0.6276659061268428,-0.009574158136745115,0.009574158136745115,9.166450402740268e-05
CD01_CWM_WD,RIDGE,CWM_WD,48,BmP5,0.4599999999999999,0.44131951963885196,-0.018680480361147944,0.018680480361147944,0.00034896034652323404
CD01_CWM_WD,RIDGE,CWM_WD,48,BmP6,0.555,0.6366038759341732,0.08160387593417318,0.08160387593417318,0.006659192567479928
CD01_CWM_WD,RIDGE,CWM_WD,48,BsP5,0.47,0.5837758321366674,0.11377583213666742,0.11377583213666742,0.012944939978391122
CD01_CWM_WD,RIDGE,CWM_WD,48,BsP7,0.5061111111111112,0.5695118274062368,0.06340071629512567,0.06340071629512567,0.004019650826735013
CD01_CWM_WD,RIDGE,CWM_WD,48,BsP8,0.5526315789473684,0.6594729732892403,0.1068413943418719,0.1068413943418719,0.011415083544915376
CD01_CWM_WD,RIDGE,CWM_WD,48,BuP4,0.6058823529411765,0.6047968087717759,-0.001085544169400654,0.001085544169400654,1.1784061437197558e-06
CD01_CWM_WD,RIDGE,CWM_WD,48,BuP9,0.5619999999999999,0.6010357315113417,0.039035731511341765,0.039035731511341765,0.0015237883346255604
CD01_CWM_WD,RIDGE,CWM_WD,48,TmP3,0.5196774193548387,0.5625711206950691,0.042893701340230406,0.042893701340230406,0.0018398696146648837
CD01_CWM_WD,RIDGE,CWM_WD,48,TmP6,0.5377777777777778,0.6252860517225852,0.08750827394480742,0.08750827394480742,0.007657698008799462
CD01_CWM_WD,RIDGE,CWM_WD,48,TsP4,0.373076923076923,0.4803158641394237,0.1072389410625007,0.1072389410625007,0.0115001904802065
CD01_CWM_WD,RIDGE,CWM_WD,48,TsP6,0.4085714285714286,0.5649012609739255,0.15632983240249687,0.15632983240249687,0.02443901649899276
CD01_CWM_WD,RIDGE,CWM_WD,48,TuP3,0.4644444444444444,0.3745603482936094,-0.08988409615083498,0.08988409615083498,0.008079150740852548
CD01_CWM_WD,RIDGE,CWM_WD,48,TuP6,0.465,0.4911019546667125,0.0261019546667125,0.0261019546667125,0.0006813120374231145
CD01_CWM_WD,RIDGE,CWM_WD,48,TuP10,0.4157142857142856,0.45924517337891385,0.04353088766462826,0.04353088766462826,0.0018949381808704847
CD01_CWM_WD,RIDGE,CWM_WD,49,CmP1,0.6200000000000001,0.5770519214032214,-0.04294807859677874,0.04294807859677874,0.001844537455155084
CD01_CWM_WD,RIDGE,CWM_WD,49,CmP5,0.7284615384615385,0.49657717555292147,-0.23188436290861703,0.23188436290861703,0.0537703577615352
CD01_CWM_WD,RIDGE,CWM_WD,49,CmP6,0.6904545454545455,0.6037769414913924,-0.08667760396315316,0.08667760396315316,0.007513007028793224
CD01_CWM_WD,RIDGE,CWM_WD,49,CsP2,0.6011764705882352,0.5399199725485411,-0.06125649803969413,0.06125649803969413,0.003752358552087051
CD01_CWM_WD,RIDGE,CWM_WD,49,CsP4,0.5895238095238097,0.591188699614682,0.0016648900908723396,0.0016648900908723396,2.7718590146849073e-06
CD01_CWM_WD,RIDGE,CWM_WD,49,CsP9,0.4708333333333334,0.46643312680687854,-0.004400206526454842,0.004400206526454842,1.9361817475455783e-05
CD01_CWM_WD,RIDGE,CWM_WD,49,CuP1,0.69,0.5267212242989644,-0.16327877570103555,0.16327877570103555,0.026659958594429076
CD01_CWM_WD,RIDGE,CWM_WD,49,CuP2,0.6658260739031261,0.554839370328346,-0.11098670357478013,0.11098670357478013,0.012318048370396113
CD01_CWM_WD,RIDGE,CWM_WD,49,CuP6,0.6885714285714285,0.5930591919378038,-0.09551223663362474,0.09551223663362474,0.009122587346757527
CD01_CWM_WD,RIDGE,CWM_WD,49,BmP4,0.5711111111111111,0.5554554443018583,-0.01565566680925279,0.01565566680925279,0.0002450999032423394
CD01_CWM_WD,RIDGE,CWM_WD,49,BsP1,0.5485185185185185,0.5125844460875039,-0.03593407243101465,0.03593407243101465,0.0012912575614774072
CD01_CWM_WD,RIDGE,CWM_WD,49,BsP2,0.5675000000000001,0.5122736253004245,-0.05522637469957559,0.05522637469957559,0.0030499524624579225
CD01_CWM_WD,RIDGE,CWM_WD,49,BsP6,0.531,0.5177074214736657,-0.013292578526334364,0.013292578526334364,0.00017669264387876546
CD01_CWM_WD,RIDGE,CWM_WD,49,BsP9,0.5617391304347826,0.5984929881110448,0.03675385767626216,0.03675385767626216,0.0013508460540869347
CD01_CWM_WD,RIDGE,CWM_WD,49,BuP1,0.4742857142857143,0.47652923478630865,0.0022435205005943426,0.0022435205005943426,5.0333842365870895e-06
CD01_CWM_WD,RIDGE,CWM_WD,49,TmP9,0.553076923076923,0.5161477499376231,-0.03692917313929989,0.03692917313929989,0.0013637638287523882
CD01_CWM_WD,RIDGE,CWM_WD,49,TmP10,0.5299999999999999,0.5358793023165106,0.005879302316510682,0.005879302316510682,3.456619572892787e-05
CD01_CWM_WD,RIDGE,CWM_WD,49,TsP3,0.4716666666666667,0.48880665587593974,0.017139989209273065,0.017139989209273065,0.0002937792300939971
CD01_CWM_WD,RIDGE,CWM_WD,50,CmP4,0.6514285714285714,0.5403321206585514,-0.11109645077001995,0.11109645077001995,0.012342421373695466
CD01_CWM_WD,RIDGE,CWM_WD,50,CmP8,0.6404166666666667,0.5765057066058383,-0.06391096006082841,0.06391096006082841,0.004084610815896805
CD01_CWM_WD,RIDGE,CWM_WD,50,CsP6,0.5632,0.6182841822545224,0.055084182254522385,0.055084182254522385,0.003034267134649439
CD01_CWM_WD,RIDGE,CWM_WD,50,CuP3,0.6322222222222221,0.5275382548738131,-0.10468396734840901,0.10468396734840901,0.010958733019802764
CD01_CWM_WD,RIDGE,CWM_WD,50,CuP5,0.6655172413793102,0.6178267711933606,-0.04769047018594963,0.04769047018594963,0.0022743809465569503
CD01_CWM_WD,RIDGE,CWM_WD,50,CuP7,0.6502608591225009,0.574763532426133,-0.07549732669636788,0.07549732669636788,0.005699846338298103
CD01_CWM_WD,RIDGE,CWM_WD,50,BmP2,0.6011764705882352,0.5441157922813625,-0.05706067830687267,0.05706067830687267,0.0032559210088404095
CD01_CWM_WD,RIDGE,CWM_WD,50,BsP3,0.541111111111111,0.5315506320272051,-0.009560479083905893,0.009560479083905893,9.140276031380206e-05
CD01_CWM_WD,RIDGE,CWM_WD,50,BsP10,0.4529166666666667,0.5983803842853235,0.14546371761865678,0.14546371761865678,0.02115969314344032
CD01_CWM_WD,RIDGE,CWM_WD,50,BuP5,0.5626666666666666,0.6094236497242954,0.046756983057628765,0.046756983057628765,0.0021862154646513834
CD01_CWM_WD,RIDGE,CWM_WD,50,BuP6,0.6005555555555556,0.5774911464609814,-0.02306440909457419,0.02306440909457419,0.0005319669668818766
CD01_CWM_WD,RIDGE,CWM_WD,50,TmP1,0.5588888888888889,0.4758516152730004,-0.08303727361588847,0.08303727361588847,0.006895188809559928
CD01_CWM_WD,RIDGE,CWM_WD,50,TmP7,0.5389999999999999,0.5079422063340757,-0.031057793665924205,0.031057793665924205,0.0009645865473951217
CD01_CWM_WD,RIDGE,CWM_WD,50,TsP5,0.3566666666666667,0.4914352866593458,0.13476861999267914,0.13476861999267914,0.018162580934731155
CD01_CWM_WD,RIDGE,CWM_WD,50,TsP8,0.3642307692307692,0.4769076728609632,0.112676903630194,0.112676903630194,0.012696084611688026
CD01_CWM_WD,RIDGE,CWM_WD,50,TsP10,0.3947058823529412,0.5133890082377115,0.11868312588477031,0.11868312588477031,0.014085684369780237
CD01_CWM_WD,RIDGE,CWM_WD,50,TuP2,0.422,0.4593531217643316,0.03735312176433159,0.03735312176433159,0.0013952557055409822
CD01_CWM_WD,RIDGE,CWM_WD,50,TuP9,0.38625,0.4651782908302486,0.0789282908302486,0.0789282908302486,0.006229675093384306
CD01_CWM_WD,RIDGE,CWM_WD,51,CmP7,0.6136666666666666,0.6597789115041982,0.046112244837531624,0.046112244837531624,0.002126339123956462
CD01_CWM_WD,RIDGE,CWM_WD,51,CsP6,0.5632,0.635415614552783,0.07221561455278291,0.07221561455278291,0.005215094985236111
CD01_CWM_WD,RIDGE,CWM_WD,51,CuP3,0.6322222222222221,0.5261651012002526,-0.10605712102196951,0.10605712102196951,0.011248112919468688
CD01_CWM_WD,RIDGE,CWM_WD,51,CuP9,0.6696,0.6417859824649873,-0.02781401753501267,0.02781401753501267,0.0007736195714379922
CD01_CWM_WD,RIDGE,CWM_WD,51,BmP2,0.6011764705882352,0.5540082076719474,-0.04716826291628784,0.04716826291628784,0.0022248450265400545
CD01_CWM_WD,RIDGE,CWM_WD,51,BmP9,0.5781250000000001,0.6141825982819216,0.036057598281921455,0.036057598281921455,0.001300150393860425
CD01_CWM_WD,RIDGE,CWM_WD,51,BsP10,0.4529166666666667,0.6153208821657594,0.16240421549909273,0.16240421549909273,0.02637512921187575
CD01_CWM_WD,RIDGE,CWM_WD,51,BuP7,0.5858823529411764,0.5952261497787358,0.00934379683755937,0.00934379683755937,8.730653934158449e-05
CD01_CWM_WD,RIDGE,CWM_WD,51,TmP9,0.553076923076923,0.5250917751851811,-0.02798514789174189,0.02798514789174189,0.0007831685025226656
CD01_CWM_WD,RIDGE,CWM_WD,51,TsP2,0.4023076923076922,0.5062451332330918,0.10393744092539964,0.10393744092539964,0.01080299162612094
CD01_CWM_WD,RIDGE,CWM_WD,51,TsP3,0.4716666666666667,0.5042531364363757,0.032586469769709026,0.032586469769709026,0.00106187801205216
CD01_CWM_WD,RIDGE,CWM_WD,51,TsP7,0.3945454545454545,0.5136439784780373,0.11909852393258286,0.11909852393258286,0.014184458402920012
CD01_CWM_WD,RIDGE,CWM_WD,51,TsP9,0.3686666666666666,0.5327102335323198,0.16404356686565325,0.16404356686565325,0.026910291830006046
CD01_CWM_WD,RIDGE,CWM_WD,51,TuP5,0.4609999999999999,0.42842734242363234,-0.03257265757636757,0.03257265757636757,0.0010609780215872957
CD01_CWM_WD,RIDGE,CWM_WD,51,TuP6,0.465,0.4995901943499281,0.03459019434992805,0.03459019434992805,0.0011964815451657943
CD01_CWM_WD,RIDGE,CWM_WD,51,TuP8,0.4366666666666667,0.48216640725263604,0.04549974058596934,0.04549974058596934,0.0020702263933905056
CD01_CWM_WD,RIDGE,CWM_WD,51,TuP9,0.38625,0.4638889072424657,0.0776389072424657,0.0776389072424657,0.0060277999178041915
CD01_CWM_WD,RIDGE,CWM_WD,51,TuP10,0.4157142857142856,0.47078356841425845,0.055069282699972855,0.055069282699972855,0.0030326258970895296
CD01_CWM_WD,RIDGE,CWM_WD,52,CmP1,0.6200000000000001,0.5859932448591266,-0.03400675514087348,0.03400675514087348,0.001156459395211325
CD01_CWM_WD,RIDGE,CWM_WD,52,CmP5,0.7284615384615385,0.5095962115643449,-0.21886532689719362,0.21886532689719362,0.047902031317815424
CD01_CWM_WD,RIDGE,CWM_WD,52,CsP2,0.6011764705882352,0.543642972611585,-0.057533497976650194,0.057533497976650194,0.003310103389429212
CD01_CWM_WD,RIDGE,CWM_WD,52,CsP4,0.5895238095238097,0.596600564017664,0.007076754493854365,0.007076754493854365,5.0080454166287946e-05
CD01_CWM_WD,RIDGE,CWM_WD,52,CsP7,0.6247368421052633,0.5285860463097914,-0.09615079579547181,0.09615079579547181,0.009244975532102519
CD01_CWM_WD,RIDGE,CWM_WD,52,CsP9,0.4708333333333334,0.46079643109285845,-0.010036902240474932,0.010036902240474932,0.0001007394065848507
CD01_CWM_WD,RIDGE,CWM_WD,52,CuP7,0.6502608591225009,0.5736778208285643,-0.07658303829393653,0.07658303829393653,0.0058649617543305495
CD01_CWM_WD,RIDGE,CWM_WD,52,BmP5,0.4599999999999999,0.4346154869329244,-0.02538451306707551,0.02538451306707551,0.0006443735036525273
CD01_CWM_WD,RIDGE,CWM_WD,52,BsP4,0.5199033743906257,0.6340514241400704,0.1141480497494447,0.1141480497494447,0.013029777261601703
CD01_CWM_WD,RIDGE,CWM_WD,52,BsP6,0.531,0.5368895575100929,0.005889557510092902,0.005889557510092902,3.46868876646917e-05
CD01_CWM_WD,RIDGE,CWM_WD,52,BsP7,0.5061111111111112,0.55907069950865,0.05295958839753878,0.05295958839753878,0.002804718003236724
CD01_CWM_WD,RIDGE,CWM_WD,52,BuP4,0.6058823529411765,0.598375562607413,-0.007506790333763558,0.007506790333763558,5.635190111508599e-05
CD01_CWM_WD,RIDGE,CWM_WD,52,TsP1,0.42,0.5040342026352745,0.08403420263527456,0.08403420263527456,0.007061747212546385
CD01_CWM_WD,RIDGE,CWM_WD,52,TsP6,0.4085714285714286,0.5569917940413536,0.148420365469925,0.148420365469925,0.0220286048862261
CD01_CWM_WD,RIDGE,CWM_WD,52,TsP10,0.3947058823529412,0.508337911674199,0.11363202932125777,0.11363202932125777,0.012912238087667186
CD01_CWM_WD,RIDGE,CWM_WD,52,TuP2,0.422,0.4475935077674216,0.025593507767421586,0.025593507767421586,0.0006550276398410691
CD01_CWM_WD,RIDGE,CWM_WD,52,TuP3,0.4644444444444444,0.3694214758828908,-0.09502296856155357,0.09502296856155357,0.009029364554249998
CD01_CWM_WD,RIDGE,CWM_WD,52,TuP7,0.462,0.4809655613418431,0.018965561341843074,0.018965561341843074,0.00035969251701121243
CD01_CWM_WD,RIDGE,CWM_WD,53,CmP2,0.6736363636363637,0.6675093301541842,-0.006127033482179467,0.006127033482179467,3.7540539291748245e-05
CD01_CWM_WD,RIDGE,CWM_WD,53,CsP1,0.53,0.5548811751848431,0.02488117518484312,0.02488117518484312,0.000619072878578853
CD01_CWM_WD,RIDGE,CWM_WD,53,CsP5,0.4599999999999999,0.4381462379652732,-0.02185376203472672,0.02185376203472672,0.000477586915070463
CD01_CWM_WD,RIDGE,CWM_WD,53,CsP10,0.615,0.5381286426830413,-0.07687135731695871,0.07687135731695871,0.005909205575751542
CD01_CWM_WD,RIDGE,CWM_WD,53,CuP8,0.6104166666666666,0.6055678695872138,-0.004848797079452849,0.004848797079452849,2.3510833117710477e-05
CD01_CWM_WD,RIDGE,CWM_WD,53,BmP6,0.555,0.6294683860033867,0.07446838600338668,0.07446838600338668,0.005545540513949397
CD01_CWM_WD,RIDGE,CWM_WD,53,BmP7,0.5614285714285715,0.5394802878671044,-0.021948283561467052,0.021948283561467052,0.0004817271512945648
CD01_CWM_WD,RIDGE,CWM_WD,53,BmP8,0.636470588235294,0.5120576261917851,-0.12441296204350893,0.12441296204350893,0.015478585124439595
CD01_CWM_WD,RIDGE,CWM_WD,53,BsP3,0.541111111111111,0.5276015458085122,-0.013509565302598836,0.013509565302598836,0.00018250835466518238
CD01_CWM_WD,RIDGE,CWM_WD,53,BsP5,0.47,0.5773781997189137,0.10737819971891371,0.10737819971891371,0.01153007777487492
CD01_CWM_WD,RIDGE,CWM_WD,53,BsP8,0.5526315789473684,0.6511465556464374,0.09851497669906906,0.09851497669906906,0.00970520063401812
CD01_CWM_WD,RIDGE,CWM_WD,53,BsP9,0.5617391304347826,0.6177845229418218,0.056045392507039216,0.056045392507039216,0.0031410860212680875
CD01_CWM_WD,RIDGE,CWM_WD,53,BuP8,0.6592,0.6318337650754973,-0.02736623492450274,0.02736623492450274,0.0007489108139430735
CD01_CWM_WD,RIDGE,CWM_WD,53,TmP1,0.5588888888888889,0.4690910448997388,-0.08979784398915008,0.08979784398915008,0.008063652785099738
CD01_CWM_WD,RIDGE,CWM_WD,53,TmP3,0.5196774193548387,0.5573895865559421,0.037712167201103375,0.037712167201103375,0.0014222075550039772
CD01_CWM_WD,RIDGE,CWM_WD,53,TmP6,0.5377777777777778,0.6179794019388494,0.08020162416107157,0.08020162416107157,0.006432300518073779
CD01_CWM_WD,RIDGE,CWM_WD,53,TsP8,0.3642307692307692,0.46126723839333617,0.09703646916256697,0.09703646916256697,0.009416076347537812
CD01_CWM_WD,RIDGE,CWM_WD,53,TuP1,0.4285714285714285,0.44051161703738384,0.011940188465955348,0.011940188465955348,0.00014256810060253312
CD01_CWM_WD,RIDGE,CWM_WD,54,CmP3,0.6368181818181818,0.5710033567584512,-0.06581482505973069,0.06581482505973069,0.004331591197642954
CD01_CWM_WD,RIDGE,CWM_WD,54,CmP4,0.6514285714285714,0.5371592013456733,-0.11426937008289806,0.11426937008289806,0.013057488939142319
CD01_CWM_WD,RIDGE,CWM_WD,54,CmP9,0.6306666666666667,0.6108038983161175,-0.01986276835054923,0.01986276835054923,0.00039452956654758024
CD01_CWM_WD,RIDGE,CWM_WD,54,CuP1,0.69,0.558575335542904,-0.131424664457096,0.131424664457096,0.01727244242766027
CD01_CWM_WD,RIDGE,CWM_WD,54,CuP2,0.6658260739031261,0.5744686962416027,-0.09135737766152341,0.09135737766152341,0.008346170453190216
CD01_CWM_WD,RIDGE,CWM_WD,54,CuP4,0.6173076923076923,0.5769325308102018,-0.04037516149749054,0.04037516149749054,0.0016301536659484427
CD01_CWM_WD,RIDGE,CWM_WD,54,CuP10,0.6372400642635879,0.6051722764450338,-0.03206778781855413,0.03206778781855413,0.0010283430155758086
CD01_CWM_WD,RIDGE,CWM_WD,54,BmP1,0.54,0.5551099960597525,0.015109996059752495,0.015109996059752495,0.00022831198092573593
CD01_CWM_WD,RIDGE,CWM_WD,54,BmP3,0.6069565217391304,0.5720320737661414,-0.03492444797298899,0.03492444797298899,0.001219717066218015
CD01_CWM_WD,RIDGE,CWM_WD,54,BuP1,0.4742857142857143,0.46879414987937007,-0.00549156440634424,0.00549156440634424,3.0157279629026968e-05
CD01_CWM_WD,RIDGE,CWM_WD,54,BuP3,0.6822727272727273,0.5564906894343855,-0.12578203783834174,0.12578203783834174,0.015821121042766034
CD01_CWM_WD,RIDGE,CWM_WD,54,BuP5,0.5626666666666666,0.6019500649562735,0.03928339828960681,0.03928339828960681,0.001543185381179883
CD01_CWM_WD,RIDGE,CWM_WD,54,BuP10,0.61375,0.6527707222617161,0.039020722261716045,0.039020722261716045,0.0015226167658259821
CD01_CWM_WD,RIDGE,CWM_WD,54,TmP2,0.4175,0.49660028286784563,0.07910028286784565,0.07910028286784565,0.006256854749773196
CD01_CWM_WD,RIDGE,CWM_WD,54,TmP5,0.4525,0.4641368208297008,0.0116368208297008,0.0116368208297008,0.00013541559902255842
CD01_CWM_WD,RIDGE,CWM_WD,54,TmP10,0.5299999999999999,0.5315275794745896,0.001527579474589702,0.001527579474589702,2.33349905118775e-06
CD01_CWM_WD,RIDGE,CWM_WD,54,TsP4,0.373076923076923,0.4929988829190046,0.11992195984208165,0.11992195984208165,0.014381276452365843
CD01_CWM_WD,RIDGE,CWM_WD,54,TsP5,0.3566666666666667,0.48804400168866846,0.13137733502200177,0.13137733502200177,0.017260004157483293
CD01_CWM_WD,RIDGE,CWM_WD,55,CmP6,0.6904545454545455,0.6074982130159089,-0.08295633243863665,0.08295633243863665,0.006881753091669599
CD01_CWM_WD,RIDGE,CWM_WD,55,CmP8,0.6404166666666667,0.5664446610527839,-0.07397200561388284,0.07397200561388284,0.005471857614540315
CD01_CWM_WD,RIDGE,CWM_WD,55,CmP10,0.6696875,0.6027669040877728,-0.06692059591222721,0.06692059591222721,0.004478366157247601
CD01_CWM_WD,RIDGE,CWM_WD,55,CsP3,0.6058333333333333,0.5825358349142188,-0.02329749841911455,0.02329749841911455,0.0005427734325886449
CD01_CWM_WD,RIDGE,CWM_WD,55,CsP8,0.618235294117647,0.49705294987089965,-0.12118234424674734,0.12118234424674734,0.01468516055713718
CD01_CWM_WD,RIDGE,CWM_WD,55,CuP5,0.6655172413793102,0.6051325585518408,-0.06038468282746945,0.06038468282746945,0.003646309920174084
CD01_CWM_WD,RIDGE,CWM_WD,55,CuP6,0.6885714285714285,0.6044181387068482,-0.08415328986458026,0.08415328986458026,0.007081776195032067
CD01_CWM_WD,RIDGE,CWM_WD,55,BmP4,0.5711111111111111,0.5501807866123161,-0.02093032449879506,0.02093032449879506,0.0004380784836248607
CD01_CWM_WD,RIDGE,CWM_WD,55,BmP10,0.5690000000000001,0.5462135918792299,-0.022786408120770152,0.022786408120770152,0.0005192203950463
CD01_CWM_WD,RIDGE,CWM_WD,55,BsP1,0.5485185185185185,0.5378604893760736,-0.010658029142444958,0.010658029142444958,0.00011359358520120601
CD01_CWM_WD,RIDGE,CWM_WD,55,BsP2,0.5675000000000001,0.5372690757600566,-0.030230924239943557,0.030230924239943557,0.0009139087804012069
CD01_CWM_WD,RIDGE,CWM_WD,55,BuP2,0.6646666666666667,0.5346810263668982,-0.12998564029976856,0.12998564029976856,0.016896266684140817
CD01_CWM_WD,RIDGE,CWM_WD,55,BuP6,0.6005555555555556,0.57041185578587,-0.030143699769685672,0.030143699769685672,0.0009086426358049481
CD01_CWM_WD,RIDGE,CWM_WD,55,BuP9,0.5619999999999999,0.5767447049830242,0.01474470498302427,0.01474470498302427,0.00021740632503642075
CD01_CWM_WD,RIDGE,CWM_WD,55,TmP4,0.4611111111111111,0.4926670421008295,0.03155593098971843,0.03155593098971843,0.0009957767806278719
CD01_CWM_WD,RIDGE,CWM_WD,55,TmP7,0.5389999999999999,0.5064658733771145,-0.03253412662288546,0.03253412662288546,0.0010584693951139446
CD01_CWM_WD,RIDGE,CWM_WD,55,TmP8,0.4641666666666666,0.488477452438653,0.024310785771986365,0.024310785771986365,0.0005910143048514147
CD01_CWM_WD,RIDGE,CWM_WD,55,TuP4,0.3975,0.48717161897764344,0.08967161897764342,0.08967161897764342,0.00804099925007166
CD01_CWM_WD,RIDGE,CWM_WD,56,CmP10,0.6696875,0.6118538610931159,-0.05783363890688409,0.05783363890688409,0.003344729789211857
CD01_CWM_WD,RIDGE,CWM_WD,56,CsP2,0.6011764705882352,0.5420799344884035,-0.059096536099831676,0.059096536099831676,0.0034924005789987085
CD01_CWM_WD,RIDGE,CWM_WD,56,CsP3,0.6058333333333333,0.5902091366273085,-0.015624196706024884,0.015624196706024884,0.00024411552270855885
CD01_CWM_WD,RIDGE,CWM_WD,56,CsP6,0.5632,0.6184994643123917,0.05529946431239163,0.05529946431239163,0.0030580307532374756
CD01_CWM_WD,RIDGE,CWM_WD,56,CsP10,0.615,0.5324004280738234,-0.08259957192617662,0.08259957192617662,0.006822689282387624
CD01_CWM_WD,RIDGE,CWM_WD,56,CuP8,0.6104166666666666,0.5986400213782321,-0.011776645288434473,0.011776645288434473,0.00013868937424960586
CD01_CWM_WD,RIDGE,CWM_WD,56,CuP9,0.6696,0.6307330122976147,-0.03886698770238528,0.03886698770238528,0.0015106427330573687
CD01_CWM_WD,RIDGE,CWM_WD,56,BmP1,0.54,0.5562534974526101,0.016253497452610066,0.016253497452610066,0.0002641761794420019
CD01_CWM_WD,RIDGE,CWM_WD,56,BsP7,0.5061111111111112,0.5557736358279487,0.04966252471683752,0.04966252471683752,0.0024663663612504976
CD01_CWM_WD,RIDGE,CWM_WD,56,BuP2,0.6646666666666667,0.5382772712541042,-0.12638939541256256,0.12638939541256256,0.01597427927275309
CD01_CWM_WD,RIDGE,CWM_WD,56,BuP3,0.6822727272727273,0.5563876624196079,-0.12588506485311934,0.12588506485311934,0.015847049553074064
CD01_CWM_WD,RIDGE,CWM_WD,56,BuP6,0.6005555555555556,0.5760355736631018,-0.024519981892453857,0.024519981892453857,0.0006012295120062651
CD01_CWM_WD,RIDGE,CWM_WD,56,TmP1,0.5588888888888889,0.47278586950835255,-0.08610301938053633,0.08610301938053633,0.007413729946445014
CD01_CWM_WD,RIDGE,CWM_WD,56,TmP6,0.5377777777777778,0.6030772796845286,0.06529950190675082,0.06529950190675082,0.004264024949269755
CD01_CWM_WD,RIDGE,CWM_WD,56,TsP1,0.42,0.5072213703077123,0.08722137030771232,0.08722137030771232,0.0076075674383550805
CD01_CWM_WD,RIDGE,CWM_WD,56,TsP4,0.373076923076923,0.487919155721882,0.11484223264495902,0.11484223264495902,0.01318873839887889
CD01_CWM_WD,RIDGE,CWM_WD,56,TuP8,0.4366666666666667,0.47278586950835255,0.03611920284168585,0.03611920284168585,0.0013045968139188471
CD01_CWM_WD,RIDGE,CWM_WD,56,TuP10,0.4157142857142856,0.4589580032018096,0.04324371748752398,0.04324371748752398,0.0018700191021407873
CD01_CWM_WD,RIDGE,CWM_WD,57,CmP2,0.6736363636363637,0.6737419690132792,0.00010560537691550742,0.00010560537691550742,1.1152495633466388e-08
CD01_CWM_WD,RIDGE,CWM_WD,57,CmP3,0.6368181818181818,0.5878731852411052,-0.04894499657707663,0.04894499657707663,0.002395612689930043
CD01_CWM_WD,RIDGE,CWM_WD,57,CmP6,0.6904545454545455,0.6346682751597903,-0.05578627029475525,0.05578627029475525,0.0031121079533994915
CD01_CWM_WD,RIDGE,CWM_WD,57,CmP7,0.6136666666666666,0.6681725395000782,0.05450587283341157,0.05450587283341157,0.0029708901733320335
CD01_CWM_WD,RIDGE,CWM_WD,57,CuP7,0.6502608591225009,0.57928568420755,-0.07097517491495087,0.07097517491495087,0.0050374754542078706
CD01_CWM_WD,RIDGE,CWM_WD,57,BmP6,0.555,0.6341201009345784,0.07912010093457833,0.07912010093457833,0.006259990371897862
CD01_CWM_WD,RIDGE,CWM_WD,57,BsP3,0.541111111111111,0.5305281408700822,-0.010582970241028833,0.010582970241028833,0.00011199925912250187
CD01_CWM_WD,RIDGE,CWM_WD,57,BsP4,0.5199033743906257,0.6418414969997748,0.12193812260914905,0.12193812260914905,0.014868905745443866
CD01_CWM_WD,RIDGE,CWM_WD,57,BsP8,0.5526315789473684,0.6556194012801055,0.10298782233273718,0.10298782233273718,0.010606491548839438
CD01_CWM_WD,RIDGE,CWM_WD,57,BuP5,0.5626666666666666,0.616038263550257,0.05337159688359039,0.05337159688359039,0.002848527353904475
CD01_CWM_WD,RIDGE,CWM_WD,57,BuP7,0.5858823529411764,0.5944982328558777,0.008615879914701252,0.008615879914701252,7.423338670455246e-05
CD01_CWM_WD,RIDGE,CWM_WD,57,BuP8,0.6592,0.636630728578573,-0.022569271421427062,0.022569271421427062,0.0005093720124940443
CD01_CWM_WD,RIDGE,CWM_WD,57,BuP9,0.5619999999999999,0.5973675215918715,0.03536752159187151,0.03536752159187151,0.0012508615835514973
CD01_CWM_WD,RIDGE,CWM_WD,57,TmP8,0.4641666666666666,0.490188950607383,0.026022283940716373,0.026022283940716373,0.0006771592614912653
CD01_CWM_WD,RIDGE,CWM_WD,57,TsP6,0.4085714285714286,0.5631459350675851,0.15457450649615656,0.15457450649615656,0.023893278058530348
CD01_CWM_WD,RIDGE,CWM_WD,57,TsP10,0.3947058823529412,0.5133124084541196,0.11860652610117844,0.11860652610117844,0.014067508033789524
CD01_CWM_WD,RIDGE,CWM_WD,57,TuP3,0.4644444444444444,0.37062638936170844,-0.09381805508273594,0.09381805508273594,0.008801827459507276
CD01_CWM_WD,RIDGE,CWM_WD,57,TuP7,0.462,0.48267743284982556,0.02067743284982554,0.02067743284982554,0.0004275562292590443
CD01_CWM_WD,RIDGE,CWM_WD,58,CmP4,0.6514285714285714,0.5393902402698403,-0.11203833115873107,0.11203833115873107,0.012552587648833491
CD01_CWM_WD,RIDGE,CWM_WD,58,CmP8,0.6404166666666667,0.5700825337901331,-0.07033413287653367,0.07033413287653367,0.004946890247493895
CD01_CWM_WD,RIDGE,CWM_WD,58,CsP8,0.618235294117647,0.49873009449085237,-0.11950519962679462,0.11950519962679462,0.014281492737840034
CD01_CWM_WD,RIDGE,CWM_WD,58,CuP3,0.6322222222222221,0.515420343477644,-0.11680187874457815,0.11680187874457815,0.013642678878263136
CD01_CWM_WD,RIDGE,CWM_WD,58,CuP5,0.6655172413793102,0.6093929205578652,-0.05612432082144503,0.05612432082144503,0.003149939387668488
CD01_CWM_WD,RIDGE,CWM_WD,58,CuP6,0.6885714285714285,0.6066971737250939,-0.0818742548463346,0.0818742548463346,0.006703393606642544
CD01_CWM_WD,RIDGE,CWM_WD,58,BmP2,0.6011764705882352,0.5420822159128712,-0.059094254675364,0.059094254675364,0.00349213093563678
CD01_CWM_WD,RIDGE,CWM_WD,58,BmP3,0.6069565217391304,0.5706209289187393,-0.036335592820391116,0.036335592820391116,0.0013202753056092585
CD01_CWM_WD,RIDGE,CWM_WD,58,BmP9,0.5781250000000001,0.5994363818683912,0.0213113818683911,0.0213113818683911,0.00045417499714038893
CD01_CWM_WD,RIDGE,CWM_WD,58,BsP2,0.5675000000000001,0.5353409632360728,-0.032159036763927284,0.032159036763927284,0.0010342036455836267
CD01_CWM_WD,RIDGE,CWM_WD,58,BsP5,0.47,0.568740317158358,0.09874031715835807,0.09874031715835807,0.00974965023253314
CD01_CWM_WD,RIDGE,CWM_WD,58,BsP6,0.531,0.5310375733969637,3.757339696364159e-05,3.757339696364159e-05,1.4117601593873913e-09
CD01_CWM_WD,RIDGE,CWM_WD,58,BuP1,0.4742857142857143,0.4734255234463618,-0.0008601908393525148,0.0008601908393525148,7.39928280105984e-07
CD01_CWM_WD,RIDGE,CWM_WD,58,BuP4,0.6058823529411765,0.5848883998268032,-0.020993953114373354,0.020993953114373354,0.00044074606736850666
CD01_CWM_WD,RIDGE,CWM_WD,58,TmP10,0.5299999999999999,0.5350830792409909,0.00508307924099094,0.00508307924099094,2.5837694570193027e-05
CD01_CWM_WD,RIDGE,CWM_WD,58,TsP8,0.3642307692307692,0.4645306902551386,0.10029992102436941,0.10029992102436941,0.01006007415749474
CD01_CWM_WD,RIDGE,CWM_WD,58,TuP2,0.422,0.4569969296443924,0.03499692964439244,0.03499692964439244,0.0012247850845345542
CD01_CWM_WD,RIDGE,CWM_WD,58,TuP4,0.3975,0.4876892231646852,0.0901892231646852,0.0901892231646852,0.00813409597504939
CD01_CWM_WD,RIDGE,CWM_WD,59,CmP1,0.6200000000000001,0.5811037412797712,-0.03889625872022895,0.03889625872022895,0.0015129189424309866
CD01_CWM_WD,RIDGE,CWM_WD,59,CmP5,0.7284615384615385,0.5130273547112901,-0.21543418375024836,0.21543418375024836,0.04641188752813578
CD01_CWM_WD,RIDGE,CWM_WD,59,CsP1,0.53,0.5507095458923902,0.020709545892390158,0.020709545892390158,0.00042888529106901405
CD01_CWM_WD,RIDGE,CWM_WD,59,CsP4,0.5895238095238097,0.5910358414553415,0.001512031931531821,0.001512031931531821,2.286240561971849e-06
CD01_CWM_WD,RIDGE,CWM_WD,59,CsP9,0.4708333333333334,0.4729867430097698,0.002153409676436402,0.002153409676436402,4.637173234569929e-06
CD01_CWM_WD,RIDGE,CWM_WD,59,CuP1,0.69,0.5530679664128105,-0.13693203358718942,0.13693203358718942,0.01875038182232317
CD01_CWM_WD,RIDGE,CWM_WD,59,CuP2,0.6658260739031261,0.572639851118068,-0.09318622278505806,0.09318622278505806,0.008683672116946473
CD01_CWM_WD,RIDGE,CWM_WD,59,CuP10,0.6372400642635879,0.6076978332706731,-0.029542230992914864,0.029542230992914864,0.0008727434120387395
CD01_CWM_WD,RIDGE,CWM_WD,59,BmP7,0.5614285714285715,0.5375619736121068,-0.02386659781646472,0.02386659781646472,0.0005696144913328784
CD01_CWM_WD,RIDGE,CWM_WD,59,BmP10,0.5690000000000001,0.5527623871980233,-0.016237612801976775,0.016237612801976775,0.00026366006950692006
CD01_CWM_WD,RIDGE,CWM_WD,59,BsP1,0.5485185185185185,0.5431358662372403,-0.005382652281278211,0.005382652281278211,2.8972945581149527e-05
CD01_CWM_WD,RIDGE,CWM_WD,59,TmP4,0.4611111111111111,0.49754788904839475,0.03643677793728367,0.03643677793728367,0.001327638786450922
CD01_CWM_WD,RIDGE,CWM_WD,59,TmP7,0.5389999999999999,0.5130140911423859,-0.025985908857613982,0.025985908857613982,0.0006752674591562208
CD01_CWM_WD,RIDGE,CWM_WD,59,TsP2,0.4023076923076922,0.5004577819383207,0.09815008963062849,0.09815008963062849,0.009633440094500406
CD01_CWM_WD,RIDGE,CWM_WD,59,TsP7,0.3945454545454545,0.5080579887312789,0.11351253418582447,0.11351253418582447,0.012885095417287967
CD01_CWM_WD,RIDGE,CWM_WD,59,TsP9,0.3686666666666666,0.5276431370054407,0.15897647033877416,0.15897647033877416,0.025273518121375137
CD01_CWM_WD,RIDGE,CWM_WD,59,TuP1,0.4285714285714285,0.45282359522829413,0.024252166656865637,0.024252166656865637,0.0005881675875523853
CD01_CWM_WD,RIDGE,CWM_WD,59,TuP9,0.38625,0.46189201203511954,0.07564201203511955,0.07564201203511955,0.005721713984721172
CD01_CWM_WD,RIDGE,CWM_WD,60,CmP9,0.6306666666666667,0.6257220282765349,-0.004944638390131817,0.004944638390131817,2.4449448809165365e-05
CD01_CWM_WD,RIDGE,CWM_WD,60,CsP5,0.4599999999999999,0.43603136806177123,-0.02396863193822868,0.02396863193822868,0.0005744953169902759
CD01_CWM_WD,RIDGE,CWM_WD,60,CsP7,0.6247368421052633,0.5302828800702253,-0.09445396203503797,0.09445396203503797,0.008921550944116395
CD01_CWM_WD,RIDGE,CWM_WD,60,CuP4,0.6173076923076923,0.5856150263649742,-0.031692665942718135,0.031692665942718135,0.001004425074556726
CD01_CWM_WD,RIDGE,CWM_WD,60,BmP4,0.5711111111111111,0.5582085175424547,-0.012902593568656417,0.012902593568656417,0.00016647692079793395
CD01_CWM_WD,RIDGE,CWM_WD,60,BmP5,0.4599999999999999,0.43603136806177123,-0.02396863193822868,0.02396863193822868,0.0005744953169902759
CD01_CWM_WD,RIDGE,CWM_WD,60,BmP8,0.636470588235294,0.5109756984437608,-0.12549488979153323,0.12549488979153323,0.01574896736378907
CD01_CWM_WD,RIDGE,CWM_WD,60,BsP9,0.5617391304347826,0.6154291812284537,0.05369005079367106,0.05369005079367106,0.0028826215542269787
CD01_CWM_WD,RIDGE,CWM_WD,60,BsP10,0.4529166666666667,0.6066289728390042,0.1537123061723375,0.1537123061723375,0.023627473068818426
CD01_CWM_WD,RIDGE,CWM_WD,60,BuP10,0.61375,0.6749342410383213,0.06118424103832132,0.06118424103832132,0.0037435113514354026
CD01_CWM_WD,RIDGE,CWM_WD,60,TmP2,0.4175,0.4932520317477702,0.07575203174777023,0.07575203174777023,0.005738370313915189
CD01_CWM_WD,RIDGE,CWM_WD,60,TmP3,0.5196774193548387,0.5563200001512045,0.03664258079636584,0.03664258079636584,0.0013426787274181987
CD01_CWM_WD,RIDGE,CWM_WD,60,TmP5,0.4525,0.4547285447666835,0.0022285447666834934,0.0022285447666834934,4.966411777112386e-06
CD01_CWM_WD,RIDGE,CWM_WD,60,TmP9,0.553076923076923,0.5104889434392998,-0.042587979637623175,0.042587979637623175,0.0018137360096146062
CD01_CWM_WD,RIDGE,CWM_WD,60,TsP3,0.4716666666666667,0.4932520317477702,0.021585365081103536,0.021585365081103536,0.00046592798568452384
CD01_CWM_WD,RIDGE,CWM_WD,60,TsP5,0.3566666666666667,0.48094741739134744,0.12428075072468076,0.12428075072468076,0.015445705000690237
CD01_CWM_WD,RIDGE,CWM_WD,60,TuP5,0.4609999999999999,0.4112727604504899,-0.04972723954951003,0.04972723954951003,0.002472798353214354
CD01_CWM_WD,RIDGE,CWM_WD,60,TuP6,0.465,0.4808889147647541,0.01588891476475407,0.01588891476475407,0.00025245761240161985
CD01_CWM_WD,RIDGE,CWM_WD,61,CmP3,0.6368181818181818,0.5868205157440092,-0.049997666074172664,0.049997666074172664,0.0024997666128644762
CD01_CWM_WD,RIDGE,CWM_WD,61,CmP7,0.6136666666666666,0.6631540490548007,0.049487382388134105,0.049487382388134105,0.0024490010156294055
CD01_CWM_WD,RIDGE,CWM_WD,61,CsP6,0.5632,0.6363402457184173,0.07314024571841726,0.07314024571841726,0.0053494955437504545
CD01_CWM_WD,RIDGE,CWM_WD,61,CsP7,0.6247368421052633,0.5359264888791679,-0.08881035322609532,0.08881035322609532,0.007887278840143818
CD01_CWM_WD,RIDGE,CWM_WD,61,CuP4,0.6173076923076923,0.5864469135755206,-0.030860778732171745,0.030860778732171745,0.0009523876639560639
CD01_CWM_WD,RIDGE,CWM_WD,61,CuP10,0.6372400642635879,0.6232543973134236,-0.013985666950164344,0.013985666950164344,0.0001955988800409192
CD01_CWM_WD,RIDGE,CWM_WD,61,BmP5,0.4599999999999999,0.44413211555100524,-0.015867884448994674,0.015867884448994674,0.000251789756886647
CD01_CWM_WD,RIDGE,CWM_WD,61,BsP1,0.5485185185185185,0.5513573009506588,0.0028387824321403077,0.0028387824321403077,8.05868569702844e-06
CD01_CWM_WD,RIDGE,CWM_WD,61,BsP2,0.5675000000000001,0.5506701525054424,-0.016829847494557737,0.016829847494557737,0.0002832437666900713
CD01_CWM_WD,RIDGE,CWM_WD,61,BsP4,0.5199033743906257,0.6383716631081865,0.11846828871756077,0.11846828871756077,0.014034735431667335
CD01_CWM_WD,RIDGE,CWM_WD,61,BsP8,0.5526315789473684,0.6511289512635121,0.09849737231614375,0.09849737231614375,0.009701732353185041
CD01_CWM_WD,RIDGE,CWM_WD,61,BuP7,0.5858823529411764,0.5930198657238978,0.007137512782721345,0.007137512782721345,5.094408872351059e-05
CD01_CWM_WD,RIDGE,CWM_WD,61,BuP10,0.61375,0.6789584632947802,0.06520846329478014,0.06520846329478014,0.004252143685266689
CD01_CWM_WD,RIDGE,CWM_WD,61,TmP2,0.4175,0.4987904448915969,0.08129044489159692,0.08129044489159692,0.006608136430673757
CD01_CWM_WD,RIDGE,CWM_WD,61,TmP4,0.4611111111111111,0.4991039911683249,0.037992880057213796,0.037992880057213796,0.0014434589350418338
CD01_CWM_WD,RIDGE,CWM_WD,61,TmP10,0.5299999999999999,0.5421258388590566,0.012125838859056715,0.012125838859056715,0.00014703596803580985
CD01_CWM_WD,RIDGE,CWM_WD,61,TsP8,0.3642307692307692,0.4685108713832507,0.10428010215248151,0.10428010215248151,0.01087433970493198
CD01_CWM_WD,RIDGE,CWM_WD,61,TsP10,0.3947058823529412,0.5159841699949494,0.12127828764200826,0.12127828764200826,0.014708423053377695
CD01_CWM_WD,RIDGE,CWM_WD,62,CmP1,0.6200000000000001,0.5814229557650834,-0.0385770442349167,0.0385770442349167,0.00148818834190272
CD01_CWM_WD,RIDGE,CWM_WD,62,CmP9,0.6306666666666667,0.6140179783572202,-0.016648688309446547,0.016648688309446547,0.0002771788224251021
CD01_CWM_WD,RIDGE,CWM_WD,62,CsP4,0.5895238095238097,0.5928140106385149,0.003290201114705238,0.003290201114705238,1.082542337520759e-05
CD01_CWM_WD,RIDGE,CWM_WD,62,CsP9,0.4708333333333334,0.4648593848627809,-0.0059739484705524926,0.0059739484705524926,3.568806032881647e-05
CD01_CWM_WD,RIDGE,CWM_WD,62,CuP1,0.69,0.5474773487199629,-0.14252265128003705,0.14252265128003705,0.020312706127891045
CD01_CWM_WD,RIDGE,CWM_WD,62,CuP2,0.6658260739031261,0.5699689931556108,-0.09585708074751531,0.09585708074751531,0.009188579929435671
CD01_CWM_WD,RIDGE,CWM_WD,62,CuP8,0.6104166666666666,0.5932691257888631,-0.017147540877803458,0.017147540877803458,0.0002940381581559406
CD01_CWM_WD,RIDGE,CWM_WD,62,BmP2,0.6011764705882352,0.5420843232789573,-0.05909214730927792,0.05909214730927792,0.003491881873621402
CD01_CWM_WD,RIDGE,CWM_WD,62,BmP4,0.5711111111111111,0.5560895659533251,-0.015021545157785976,0.015021545157785976,0.0002256468189274033
CD01_CWM_WD,RIDGE,CWM_WD,62,BmP9,0.5781250000000001,0.6030432042670859,0.024918204267085797,0.024918204267085797,0.0006209169038962129
CD01_CWM_WD,RIDGE,CWM_WD,62,BsP9,0.5617391304347826,0.6064658802656265,0.044726749830843904,0.044726749830843904,0.002000482150430895
CD01_CWM_WD,RIDGE,CWM_WD,62,BuP1,0.4742857142857143,0.46869834164461877,-0.005587372641095545,0.005587372641095545,3.1218733030463e-05
CD01_CWM_WD,RIDGE,CWM_WD,62,BuP5,0.5626666666666666,0.597335640145875,0.03466897347920839,0.03466897347920839,0.0012019377221020545
CD01_CWM_WD,RIDGE,CWM_WD,62,BuP8,0.6592,0.619890192317564,-0.03930980768243597,0.03930980768243597,0.0015452609800301021
CD01_CWM_WD,RIDGE,CWM_WD,62,TmP1,0.5588888888888889,0.46921636453100796,-0.08967252435788092,0.08967252435788092,0.008041161624714747
CD01_CWM_WD,RIDGE,CWM_WD,62,TsP1,0.42,0.5018113871231448,0.08181138712314479,0.08181138712314479,0.006693103063013061
CD01_CWM_WD,RIDGE,CWM_WD,62,TuP2,0.422,0.45143507281084333,0.029435072810843343,0.029435072810843343,0.0008664235113796491
CD01_CWM_WD,RIDGE,CWM_WD,62,TuP5,0.4609999999999999,0.4147106281256535,-0.0462893718743464,0.0462893718743464,0.0021427059485215312
CD01_CWM_WD,RIDGE,CWM_WD,63,CmP4,0.6514285714285714,0.5372557870914877,-0.11417278433708367,0.11417278433708367,0.013035424683282218
CD01_CWM_WD,RIDGE,CWM_WD,63,CsP2,0.6011764705882352,0.5410191905481772,-0.06015728004005805,0.06015728004005805,0.0036188983418179665
CD01_CWM_WD,RIDGE,CWM_WD,63,CsP8,0.618235294117647,0.4948598244052311,-0.12337546971241592,0.12337546971241592,0.015221506526759259
CD01_CWM_WD,RIDGE,CWM_WD,63,CuP5,0.6655172413793102,0.6206728474556598,-0.04484439392365047,0.04484439392365047,0.0020110196663795394
CD01_CWM_WD,RIDGE,CWM_WD,63,BmP3,0.6069565217391304,0.5761007906858342,-0.030855731053296198,0.030855731053296198,0.0009520761388333473
CD01_CWM_WD,RIDGE,CWM_WD,63,BmP7,0.5614285714285715,0.5319870222521224,-0.029441549176449144,0.029441549176449144,0.0008668048179092733
CD01_CWM_WD,RIDGE,CWM_WD,63,BsP6,0.531,0.5352101893822534,0.004210189382253371,0.004210189382253371,1.772569463443902e-05
CD01_CWM_WD,RIDGE,CWM_WD,63,BsP10,0.4529166666666667,0.6034431395453328,0.1505264728786661,0.1505264728786661,0.022658219037291802
CD01_CWM_WD,RIDGE,CWM_WD,63,BuP3,0.6822727272727273,0.5563671967301593,-0.12590553054256792,0.12590553054256792,0.015852202621205503
CD01_CWM_WD,RIDGE,CWM_WD,63,BuP4,0.6058823529411765,0.5960468290062886,-0.009835523934887958,0.009835523934887958,9.67375310737539e-05
CD01_CWM_WD,RIDGE,CWM_WD,63,BuP9,0.5619999999999999,0.5845441742714406,0.02254417427144062,0.02254417427144062,0.0005082397935810852
CD01_CWM_WD,RIDGE,CWM_WD,63,TmP3,0.5196774193548387,0.5519330605725767,0.03225564121773805,0.03225564121773805,0.0010404263903674418
CD01_CWM_WD,RIDGE,CWM_WD,63,TmP5,0.4525,0.44982947929929185,-0.0026705207007081677,0.0026705207007081677,7.1316808129108434e-06
CD01_CWM_WD,RIDGE,CWM_WD,63,TmP7,0.5389999999999999,0.5029268676451685,-0.03607313235483145,0.03607313235483145,0.0013012708778891875
CD01_CWM_WD,RIDGE,CWM_WD,63,TsP3,0.4716666666666667,0.4892147192201968,0.017548052553530147,0.017548052553530147,0.0003079341484214559
CD01_CWM_WD,RIDGE,CWM_WD,63,TsP9,0.3686666666666666,0.5268487537870918,0.15818208712042525,0.15818208712042525,0.025021572685773805
CD01_CWM_WD,RIDGE,CWM_WD,63,TuP3,0.4644444444444444,0.3683760686539092,-0.09606837579053518,0.09606837579053518,0.009229132827031486
CD01_CWM_WD,RIDGE,CWM_WD,63,TuP8,0.4366666666666667,0.46467064876127034,0.02800398209460364,0.02800398209460364,0.0007842230131548813
CD01_CWM_WD,RIDGE,CWM_WD,64,CmP2,0.6736363636363637,0.6497206790454559,-0.02391568459090776,0.02391568459090776,0.0005719599694517829
CD01_CWM_WD,RIDGE,CWM_WD,64,CmP6,0.6904545454545455,0.6176979456212439,-0.07275659983330163,0.07275659983330163,0.005293522819303186
CD01_CWM_WD,RIDGE,CWM_WD,64,CsP1,0.53,0.5527631703978564,0.022763170397856358,0.022763170397856358,0.000518161926561844
CD01_CWM_WD,RIDGE,CWM_WD,64,CsP10,0.615,0.538904927915603,-0.07609507208439703,0.07609507208439703,0.00579045999552958
CD01_CWM_WD,RIDGE,CWM_WD,64,CuP3,0.6322222222222221,0.5262435829840059,-0.10597863923821627,0.10597863923821627,0.011231471974783993
CD01_CWM_WD,RIDGE,CWM_WD,64,CuP6,0.6885714285714285,0.6152205026396398,-0.07335092593178871,0.07335092593178871,0.005380358335050754
CD01_CWM_WD,RIDGE,CWM_WD,64,CuP7,0.6502608591225009,0.5724321480661647,-0.07782871105633615,0.07782871105633615,0.006057308264690662
CD01_CWM_WD,RIDGE,CWM_WD,64,BmP6,0.555,0.6164843184945292,0.06148431849452918,0.06148431849452918,0.0037803214207367025
CD01_CWM_WD,RIDGE,CWM_WD,64,BmP10,0.5690000000000001,0.5561299217544237,-0.0128700782455764,0.0128700782455764,0.0001656389140472589
CD01_CWM_WD,RIDGE,CWM_WD,64,BsP3,0.541111111111111,0.5321045068982354,-0.00900660421287558,0.00900660421287558,8.111891944738814e-05
CD01_CWM_WD,RIDGE,CWM_WD,64,BsP5,0.47,0.5718504288668947,0.10185042886689477,0.10185042886689477,0.010373509860370392
CD01_CWM_WD,RIDGE,CWM_WD,64,TmP9,0.553076923076923,0.5192024910951781,-0.03387443198174489,0.03387443198174489,0.0011474771420858611
CD01_CWM_WD,RIDGE,CWM_WD,64,TsP2,0.4023076923076922,0.5047123406854799,0.10240464837778768,0.10240464837778768,0.010486712009378332
CD01_CWM_WD,RIDGE,CWM_WD,64,TsP5,0.3566666666666667,0.48649766101534647,0.12983099434867978,0.12983099434867978,0.016856087093566924
CD01_CWM_WD,RIDGE,CWM_WD,64,TsP6,0.4085714285714286,0.5585906351599694,0.15001920658854084,0.15001920658854084,0.022505762345455295
CD01_CWM_WD,RIDGE,CWM_WD,64,TuP4,0.3975,0.49762106006847745,0.10012106006847743,0.10012106006847743,0.010024226669235666
CD01_CWM_WD,RIDGE,CWM_WD,64,TuP7,0.462,0.49329808203271397,0.03129808203271395,0.03129808203271395,0.0009795699389264917
CD01_CWM_WD,RIDGE,CWM_WD,64,TuP10,0.4157142857142856,0.4693228559047006,0.053608570190414984,0.053608570190414984,0.00287387879786065
CD01_CWM_WD,RIDGE,CWM_WD,65,CmP5,0.7284615384615385,0.5127184380886811,-0.21574310037285738,0.21574310037285738,0.04654508535849281
CD01_CWM_WD,RIDGE,CWM_WD,65,CmP8,0.6404166666666667,0.5725861498518457,-0.067830516814821,0.067830516814821,0.004600979011365714
CD01_CWM_WD,RIDGE,CWM_WD,65,CmP10,0.6696875,0.6105070316188879,-0.05918046838111213,0.05918046838111213,0.0035023278378078122
CD01_CWM_WD,RIDGE,CWM_WD,65,CsP3,0.6058333333333333,0.5891157567702269,-0.016717576563106462,0.016717576563106462,0.00027947736614332647
CD01_CWM_WD,RIDGE,CWM_WD,65,CsP5,0.4599999999999999,0.44458576275490014,-0.015414237245099771,0.015414237245099771,0.00023759870984822097
CD01_CWM_WD,RIDGE,CWM_WD,65,CuP9,0.6696,0.6291202105073889,-0.04047978949261111,0.04047978949261111,0.0016386133573661086
CD01_CWM_WD,RIDGE,CWM_WD,65,BmP1,0.54,0.5557092809384446,0.015709280938444592,0.015709280938444592,0.0002467815076029786
CD01_CWM_WD,RIDGE,CWM_WD,65,BmP8,0.636470588235294,0.5111904212660229,-0.12528016696927113,0.12528016696927113,0.015695120235848455
CD01_CWM_WD,RIDGE,CWM_WD,65,BsP7,0.5061111111111112,0.5548757881058264,0.048764676994715206,0.048764676994715206,0.0023779937223989064
CD01_CWM_WD,RIDGE,CWM_WD,65,BuP2,0.6646666666666667,0.5376516571974054,-0.12701500946926136,0.12701500946926136,0.016132812630476553
CD01_CWM_WD,RIDGE,CWM_WD,65,BuP6,0.6005555555555556,0.5748780149744074,-0.02567754058114824,0.02567754058114824,0.0006593360902965147
CD01_CWM_WD,RIDGE,CWM_WD,65,TmP6,0.5377777777777778,0.6013392509057899,0.06356147312801208,0.06356147312801208,0.0040400608662030015
CD01_CWM_WD,RIDGE,CWM_WD,65,TmP8,0.4641666666666666,0.4904936704074019,0.026327003740735266,0.026327003740735266,0.0006931111259646887
CD01_CWM_WD,RIDGE,CWM_WD,65,TsP4,0.373076923076923,0.48917426696003685,0.11609734388311388,0.11609734388311388,0.013478593256714
CD01_CWM_WD,RIDGE,CWM_WD,65,TsP7,0.3945454545454545,0.5068149841733413,0.11226952962788678,0.11226952962788678,0.012604447282866946
CD01_CWM_WD,RIDGE,CWM_WD,65,TuP1,0.4285714285714285,0.44701659672004,0.018445168148611524,0.018445168148611524,0.00034022422803055307
CD01_CWM_WD,RIDGE,CWM_WD,65,TuP6,0.465,0.4847985096445038,0.019798509644503748,0.019798509644503748,0.0003919809841435079
CD01_CWM_WD,RIDGE,CWM_WD,65,TuP9,0.38625,0.46069878336839787,0.07444878336839789,0.07444878336839789,0.005542621345034637
CD01_CWM_WD,RIDGE,CWM_WD,66,CmP5,0.7284615384615385,0.5141462993284847,-0.21431523913305384,0.21431523913305384,0.04593102172465805
CD01_CWM_WD,RIDGE,CWM_WD,66,CmP6,0.6904545454545455,0.6237127213140458,-0.06674182414049978,0.06674182414049978,0.0044544710896014
CD01_CWM_WD,RIDGE,CWM_WD,66,CmP9,0.6306666666666667,0.6210201692056596,-0.009646497461007097,0.009646497461007097,9.305491326521637e-05
CD01_CWM_WD,RIDGE,CWM_WD,66,CsP1,0.53,0.55252397225672,0.022523972256719982,0.022523972256719982,0.0005073293262214914
CD01_CWM_WD,RIDGE,CWM_WD,66,CsP2,0.6011764705882352,0.5467159554270792,-0.05446051516115602,0.05446051516115602,0.0029659477116185046
CD01_CWM_WD,RIDGE,CWM_WD,66,CsP5,0.4599999999999999,0.4449769643524485,-0.01502303564755142,0.01502303564755142,0.0002256916000676007
CD01_CWM_WD,RIDGE,CWM_WD,66,CuP1,0.69,0.558996321729725,-0.13100367827027493,0.13100367827027493,0.017161963720341702
CD01_CWM_WD,RIDGE,CWM_WD,66,CuP7,0.6502608591225009,0.5739780455244893,-0.07628281359801159,0.07628281359801159,0.005819067650428982
CD01_CWM_WD,RIDGE,CWM_WD,66,BmP5,0.4599999999999999,0.4449769643524485,-0.01502303564755142,0.01502303564755142,0.0002256916000676007
CD01_CWM_WD,RIDGE,CWM_WD,66,BsP4,0.5199033743906257,0.6304441015850112,0.11054072719438546,0.11054072719438546,0.01221925236866355
CD01_CWM_WD,RIDGE,CWM_WD,66,BsP10,0.4529166666666667,0.606634045222404,0.15371737855573736,0.15371737855573736,0.023629032470047863
CD01_CWM_WD,RIDGE,CWM_WD,66,BuP5,0.5626666666666666,0.6077212904786367,0.04505462381197001,0.04505462381197001,0.002029919126838135
CD01_CWM_WD,RIDGE,CWM_WD,66,TmP5,0.4525,0.45902651932215577,0.006526519322155755,0.006526519322155755,4.2595454462472417e-05
CD01_CWM_WD,RIDGE,CWM_WD,66,TmP9,0.553076923076923,0.515665262581318,-0.03741166049560507,0.03741166049560507,0.001399632341038417
CD01_CWM_WD,RIDGE,CWM_WD,66,TsP7,0.3945454545454545,0.508424626098164,0.11387917155270949,0.11387917155270949,0.012968465713531439
CD01_CWM_WD,RIDGE,CWM_WD,66,TsP8,0.3642307692307692,0.46946015874215224,0.10522938951138305,0.10522938951138305,0.011073224416938374
CD01_CWM_WD,RIDGE,CWM_WD,66,TsP9,0.3686666666666666,0.5309747500058983,0.16230808333923175,0.16230808333923175,0.026343913917254998
CD01_CWM_WD,RIDGE,CWM_WD,66,TuP4,0.3975,0.4918464008349785,0.09434640083497847,0.09434640083497847,0.008901243350514426
CD01_CWM_WD,RIDGE,CWM_WD,67,CmP3,0.6368181818181818,0.572281943346215,-0.06453623847196688,0.06453623847196688,0.004164926076110578
CD01_CWM_WD,RIDGE,CWM_WD,67,CmP4,0.6514285714285714,0.5352545109160005,-0.11617406051257084,0.11617406051257084,0.013496412335978472
CD01_CWM_WD,RIDGE,CWM_WD,67,CmP8,0.6404166666666667,0.5730112669318775,-0.0674053997347892,0.0674053997347892,0.004543487913406721
CD01_CWM_WD,RIDGE,CWM_WD,67,CmP10,0.6696875,0.6131804201458911,-0.056507079854108855,0.056507079854108855,0.003193050073638635
CD01_CWM_WD,RIDGE,CWM_WD,67,BmP1,0.54,0.5552829809127201,0.015282980912720068,0.015282980912720068,0.00023356950557856592
CD01_CWM_WD,RIDGE,CWM_WD,67,BmP6,0.555,0.6148073871480779,0.05980738714807787,0.05980738714807787,0.0035769235574800704
CD01_CWM_WD,RIDGE,CWM_WD,67,BmP7,0.5614285714285715,0.529756499544352,-0.0316720718842195,0.0316720718842195,0.0010031201374391674
CD01_CWM_WD,RIDGE,CWM_WD,67,BmP9,0.5781250000000001,0.5947789171513584,0.016653917151358333,0.016653917151358333,0.00027735295648430725
CD01_CWM_WD,RIDGE,CWM_WD,67,BsP1,0.5485185185185185,0.5511875101021094,0.0026689915835909073,0.0026689915835909073,7.123516073279099e-06
CD01_CWM_WD,RIDGE,CWM_WD,67,BsP2,0.5675000000000001,0.5504020799061596,-0.01709792009384048,0.01709792009384048,0.00029233887153535404
CD01_CWM_WD,RIDGE,CWM_WD,67,BsP6,0.531,0.5371058731853006,0.006105873185300537,0.006105873185300537,3.728168735497212e-05
CD01_CWM_WD,RIDGE,CWM_WD,67,BsP7,0.5061111111111112,0.552982796935158,0.04687168582404677,0.04687168582404677,0.002196954931988147
CD01_CWM_WD,RIDGE,CWM_WD,67,BuP3,0.6822727272727273,0.5571904497923074,-0.1250822774804199,0.1250822774804199,0.01564557613968876
CD01_CWM_WD,RIDGE,CWM_WD,67,BuP8,0.6592,0.6175563928339022,-0.04164360716609783,0.04164360716609783,0.0017341900178042744
CD01_CWM_WD,RIDGE,CWM_WD,67,TsP4,0.373076923076923,0.4881847745952647,0.11510785151834174,0.11510785151834174,0.013249817481168609
CD01_CWM_WD,RIDGE,CWM_WD,67,TuP3,0.4644444444444444,0.37497061315792096,-0.08947383128652342,0.08947383128652342,0.008005566485089257
CD01_CWM_WD,RIDGE,CWM_WD,67,TuP5,0.4609999999999999,0.4139055144677226,-0.0470944855322773,0.0470944855322773,0.0022178905675498757
CD01_CWM_WD,RIDGE,CWM_WD,67,TuP9,0.38625,0.45598213656132347,0.06973213656132349,0.06973213656132349,0.004862570869407068
CD01_CWM_WD,RIDGE,CWM_WD,68,CsP4,0.5895238095238097,0.6100384444854245,0.020514634961614875,0.020514634961614875,0.00042085024760831136
CD01_CWM_WD,RIDGE,CWM_WD,68,CsP6,0.5632,0.6449309388567352,0.08173093885673521,0.08173093885673521,0.00667994636640339
CD01_CWM_WD,RIDGE,CWM_WD,68,CsP8,0.618235294117647,0.5041616772228386,-0.11407361689480844,0.11407361689480844,0.013012790071463526
CD01_CWM_WD,RIDGE,CWM_WD,68,CsP9,0.4708333333333334,0.47412294647631514,0.003289613142981762,0.003289613142981762,1.0821554630478346e-05
CD01_CWM_WD,RIDGE,CWM_WD,68,CuP3,0.6322222222222221,0.5190328006661495,-0.11318942155607259,0.11318942155607259,0.01281184515219831
CD01_CWM_WD,RIDGE,CWM_WD,68,CuP10,0.6372400642635879,0.6237102837800814,-0.013529780483506504,0.013529780483506504,0.00018305495993187348
CD01_CWM_WD,RIDGE,CWM_WD,68,BsP5,0.47,0.5871954186308258,0.11719541863082583,0.11719541863082583,0.013734766148054519
CD01_CWM_WD,RIDGE,CWM_WD,68,BsP8,0.5526315789473684,0.6612978303086018,0.10866625136123342,0.10866625136123342,0.011808354184902765
CD01_CWM_WD,RIDGE,CWM_WD,68,BuP6,0.6005555555555556,0.5934316962038271,-0.007123859351728545,0.007123859351728545,5.074937206321025e-05
CD01_CWM_WD,RIDGE,CWM_WD,68,BuP7,0.5858823529411764,0.602602882763769,0.016720529822592645,0.016720529822592645,0.00027957611754821
CD01_CWM_WD,RIDGE,CWM_WD,68,BuP10,0.61375,0.6807262335167984,0.06697623351679838,0.06697623351679838,0.004485815856096706
CD01_CWM_WD,RIDGE,CWM_WD,68,TmP2,0.4175,0.5005638247768762,0.08306382477687624,0.08306382477687624,0.006899598986563599
CD01_CWM_WD,RIDGE,CWM_WD,68,TmP4,0.4611111111111111,0.4886975860597246,0.027586474948613493,0.027586474948613493,0.0007610136000904799
CD01_CWM_WD,RIDGE,CWM_WD,68,TsP2,0.4023076923076922,0.502242822584992,0.09993513027729978,0.09993513027729978,0.00998703026354088
CD01_CWM_WD,RIDGE,CWM_WD,68,TsP6,0.4085714285714286,0.5638160520865946,0.155244623515166,0.155244623515166,0.02410089313036563
CD01_CWM_WD,RIDGE,CWM_WD,68,TuP1,0.4285714285714285,0.4519994911109088,0.02342806253948032,0.02342806253948032,0.0005488741143538011
CD01_CWM_WD,RIDGE,CWM_WD,68,TuP6,0.465,0.5008603086367778,0.03586030863677775,0.03586030863677775,0.0012859617355249569
CD01_CWM_WD,RIDGE,CWM_WD,68,TuP8,0.4366666666666667,0.4777207989222775,0.041054132255610776,0.041054132255610776,0.0016854417752611812
CD01_CWM_WD,RIDGE,CWM_WD,69,CmP1,0.6200000000000001,0.5804786616495538,-0.039521338350446356,0.039521338350446356,0.001561936185010462
CD01_CWM_WD,RIDGE,CWM_WD,69,CsP3,0.6058333333333333,0.5886279828848705,-0.01720535044846283,0.01720535044846283,0.00029602408405442015
CD01_CWM_WD,RIDGE,CWM_WD,69,CsP10,0.615,0.5353988063568519,-0.0796011936431481,0.0796011936431481,0.006336350029413962
CD01_CWM_WD,RIDGE,CWM_WD,69,CuP2,0.6658260739031261,0.5702441799147582,-0.09558189398836792,0.09558189398836792,0.009135898458403603
CD01_CWM_WD,RIDGE,CWM_WD,69,CuP6,0.6885714285714285,0.6094228025887825,-0.07914862598264605,0.07914862598264605,0.006264504994940793
CD01_CWM_WD,RIDGE,CWM_WD,69,CuP8,0.6104166666666666,0.5923625909454893,-0.018054075721177343,0.018054075721177343,0.0003259496501460052
CD01_CWM_WD,RIDGE,CWM_WD,69,CuP9,0.6696,0.6278066055588947,-0.0417933944411053,0.0417933944411053,0.0017466878189098115
CD01_CWM_WD,RIDGE,CWM_WD,69,BmP2,0.6011764705882352,0.5432671165150887,-0.05790935407314646,0.05790935407314646,0.003353493289169044
CD01_CWM_WD,RIDGE,CWM_WD,69,BmP10,0.5690000000000001,0.5511354266733257,-0.01786457332667435,0.01786457332667435,0.0003191429801441246
CD01_CWM_WD,RIDGE,CWM_WD,69,TmP1,0.5588888888888889,0.47446424778775664,-0.08442464110113224,0.08442464110113224,0.007127520025054987
CD01_CWM_WD,RIDGE,CWM_WD,69,TmP3,0.5196774193548387,0.5514164377504056,0.03173901839556692,0.03173901839556692,0.0010073652887141354
CD01_CWM_WD,RIDGE,CWM_WD,69,TmP6,0.5377777777777778,0.6053257193925036,0.06754794161472577,0.06754794161472577,0.004562724416386402
CD01_CWM_WD,RIDGE,CWM_WD,69,TmP7,0.5389999999999999,0.5118753399407213,-0.027124660059278605,0.027124660059278605,0.000735747183331424
CD01_CWM_WD,RIDGE,CWM_WD,69,TmP8,0.4641666666666666,0.4918054705081296,0.027638803841463,0.027638803841463,0.0007639034777868699
CD01_CWM_WD,RIDGE,CWM_WD,69,TsP3,0.4716666666666667,0.4957396255872481,0.024072958920581422,0.024072958920581422,0.0005795073511920007
CD01_CWM_WD,RIDGE,CWM_WD,69,TsP10,0.3947058823529412,0.5113947818451418,0.11668889949220057,0.11668889949220057,0.013616299264700886
CD01_CWM_WD,RIDGE,CWM_WD,69,TuP7,0.462,0.4829760441587336,0.020976044158733553,0.020976044158733553,0.00043999442854914
CD01_CWM_WD,RIDGE,CWM_WD,69,TuP10,0.4157142857142856,0.4632238047045611,0.0475095189902755,0.0475095189902755,0.0022571543946873483
CD01_CWM_WD,RIDGE,CWM_WD,70,CmP2,0.6736363636363637,0.6516165223529108,-0.022019841283452912,0.022019841283452912,0.0004848734101484572
CD01_CWM_WD,RIDGE,CWM_WD,70,CmP7,0.6136666666666666,0.6399309515940363,0.026264284927369763,0.026264284927369763,0.0006898126627460625
CD01_CWM_WD,RIDGE,CWM_WD,70,CsP7,0.6247368421052633,0.5271493192471501,-0.09758752285811312,0.09758752285811312,0.00952332461758275
CD01_CWM_WD,RIDGE,CWM_WD,70,CuP4,0.6173076923076923,0.5812659109538736,-0.03604178135381875,0.03604178135381875,0.0012990100031564768
CD01_CWM_WD,RIDGE,CWM_WD,70,CuP5,0.6655172413793102,0.6152409151288898,-0.050276326250420444,0.050276326250420444,0.0025277089812387158
CD01_CWM_WD,RIDGE,CWM_WD,70,BmP3,0.6069565217391304,0.5740209769258063,-0.03293554481332406,0.03293554481332406,0.0010847501121504773
CD01_CWM_WD,RIDGE,CWM_WD,70,BmP4,0.5711111111111111,0.5510104047752599,-0.02010070633585126,0.02010070633585126,0.000404038395200131
CD01_CWM_WD,RIDGE,CWM_WD,70,BmP8,0.636470588235294,0.50976890413165,-0.12670168410364402,0.12670168410364402,0.0160533167546996
CD01_CWM_WD,RIDGE,CWM_WD,70,BsP3,0.541111111111111,0.5283388395513893,-0.012772271559721715,0.012772271559721715,0.00016313092079527617
CD01_CWM_WD,RIDGE,CWM_WD,70,BsP9,0.5617391304347826,0.6047448646742545,0.04300573423947185,0.04300573423947185,0.0018494931774760814
CD01_CWM_WD,RIDGE,CWM_WD,70,BuP1,0.4742857142857143,0.46211142039700986,-0.012174293888704446,0.012174293888704446,0.0001482134316885464
CD01_CWM_WD,RIDGE,CWM_WD,70,BuP2,0.6646666666666667,0.5352447666527806,-0.1294219000138861,0.1294219000138861,0.01675002820320433
CD01_CWM_WD,RIDGE,CWM_WD,70,BuP4,0.6058823529411765,0.5954167720833321,-0.010465580857844436,0.010465580857844436,0.00010952838269207989
CD01_CWM_WD,RIDGE,CWM_WD,70,BuP9,0.5619999999999999,0.5764862672963904,0.014486267296390465,0.014486267296390465,0.0002098519401824719
CD01_CWM_WD,RIDGE,CWM_WD,70,TmP10,0.5299999999999999,0.5291893529289526,-0.0008106470710472768,0.0008106470710472768,6.571486737975287e-07
CD01_CWM_WD,RIDGE,CWM_WD,70,TsP1,0.42,0.5081325646981029,0.08813256469810288,0.08813256469810288,0.0077673489602652895
CD01_CWM_WD,RIDGE,CWM_WD,70,TsP5,0.3566666666666667,0.49068746226102344,0.13402079559435676,0.13402079559435676,0.017961573651744354
CD01_CWM_WD,RIDGE,CWM_WD,70,TuP2,0.422,0.45439810479910814,0.03239810479910815,0.03239810479910815,0.0010496371945739947
CD01_CWM_WD,RIDGE,CWM_WD,71,CmP3,0.6368181818181818,0.5807433519876205,-0.056074829830561335,0.056074829830561335,0.0031443865405264113
CD01_CWM_WD,RIDGE,CWM_WD,71,CmP8,0.6404166666666667,0.5809604951341801,-0.05945617153248661,0.05945617153248661,0.0035350363333004715
CD01_CWM_WD,RIDGE,CWM_WD,71,CsP3,0.6058333333333333,0.5987935773478386,-0.007039755985494778,0.007039755985494778,4.955816433530955e-05
CD01_CWM_WD,RIDGE,CWM_WD,71,CsP5,0.4599999999999999,0.44139311696314076,-0.018606883036859145,0.018606883036859145,0.0003462160963473566
CD01_CWM_WD,RIDGE,CWM_WD,71,CsP6,0.5632,0.6271794669659017,0.06397946696590162,0.06397946696590162,0.004093372193240897
CD01_CWM_WD,RIDGE,CWM_WD,71,CuP7,0.6502608591225009,0.5784308648563588,-0.07182999426614212,0.07182999426614212,0.00515954807627401
CD01_CWM_WD,RIDGE,CWM_WD,71,CuP8,0.6104166666666666,0.6096054179884393,-0.0008112486782273498,0.0008112486782273498,6.581244179256221e-07
CD01_CWM_WD,RIDGE,CWM_WD,71,BmP1,0.54,0.5627350167170387,0.022735016717038703,0.022735016717038703,0.0005168809851240293
CD01_CWM_WD,RIDGE,CWM_WD,71,BsP2,0.5675000000000001,0.5563233144940237,-0.011176685505976391,0.011176685505976391,0.00012491829889950274
CD01_CWM_WD,RIDGE,CWM_WD,71,BuP4,0.6058823529411765,0.6025422863257452,-0.003340066615431292,0.003340066615431292,1.1156044995518646e-05
CD01_CWM_WD,RIDGE,CWM_WD,71,BuP7,0.5858823529411764,0.5844501708758909,-0.0014321820652855033,0.0014321820652855033,2.0511454681254497e-06
CD01_CWM_WD,RIDGE,CWM_WD,71,TmP4,0.4611111111111111,0.5041765095204209,0.04306539840930984,0.04306539840930984,0.0018546285401525866
CD01_CWM_WD,RIDGE,CWM_WD,71,TmP6,0.5377777777777778,0.6109159695661753,0.07313819178839753,0.07313819178839753,0.00534919509807642
CD01_CWM_WD,RIDGE,CWM_WD,71,TsP6,0.4085714285714286,0.5607730356996238,0.1522016071281952,0.1522016071281952,0.023165329212405477
CD01_CWM_WD,RIDGE,CWM_WD,71,TsP9,0.3686666666666666,0.5363111081163907,0.16764444144972412,0.16764444144972412,0.02810465874898998
CD01_CWM_WD,RIDGE,CWM_WD,71,TuP3,0.4644444444444444,0.37847636143857355,-0.08596808300587083,0.08596808300587083,0.007390511295704298
CD01_CWM_WD,RIDGE,CWM_WD,71,TuP4,0.3975,0.4933646688798202,0.0958646688798202,0.0958646688798202,0.009190034739437568
CD01_CWM_WD,RIDGE,CWM_WD,71,TuP6,0.465,0.4842976661100749,0.019297666110074885,0.019297666110074885,0.0003723999172959327
CD01_CWM_WD,RIDGE,CWM_WD,72,CmP4,0.6514285714285714,0.5474299032823987,-0.10399866814617265,0.10399866814617265,0.010815722976177744
CD01_CWM_WD,RIDGE,CWM_WD,72,CmP6,0.6904545454545455,0.6164148926542619,-0.07403965280028368,0.07403965280028368,0.005481870186786556
CD01_CWM_WD,RIDGE,CWM_WD,72,CsP8,0.618235294117647,0.5026052798814734,-0.11563001423617358,0.11563001423617358,0.013370300192257706
CD01_CWM_WD,RIDGE,CWM_WD,72,CuP1,0.69,0.5439098414335458,-0.14609015856645413,0.14609015856645413,0.021342334429971712
CD01_CWM_WD,RIDGE,CWM_WD,72,CuP6,0.6885714285714285,0.6081501478145829,-0.08042128075684563,0.08042128075684563,0.006467582398571389
CD01_CWM_WD,RIDGE,CWM_WD,72,BsP1,0.5485185185185185,0.5311021217959128,-0.017416396722605754,0.017416396722605754,0.00030333087479919243
CD01_CWM_WD,RIDGE,CWM_WD,72,BsP5,0.47,0.5790338093367862,0.10903380933678619,0.10903380933678619,0.011888371578490644
CD01_CWM_WD,RIDGE,CWM_WD,72,BsP10,0.4529166666666667,0.6124962050812457,0.159579538414579,0.159579538414579,0.025465629080610095
CD01_CWM_WD,RIDGE,CWM_WD,72,BuP1,0.4742857142857143,0.48319438756294225,0.008908673277227941,0.008908673277227941,7.936445956039523e-05
CD01_CWM_WD,RIDGE,CWM_WD,72,BuP9,0.5619999999999999,0.5949390117912061,0.032939011791206174,0.032939011791206174,0.0010849784977812194
CD01_CWM_WD,RIDGE,CWM_WD,72,TmP3,0.5196774193548387,0.5554833586060447,0.03580593925120601,0.03580593925120601,0.0012820652856610551
CD01_CWM_WD,RIDGE,CWM_WD,72,TmP5,0.4525,0.45633516449938083,0.0038351644993808165,0.0038351644993808165,1.4708486737310908e-05
CD01_CWM_WD,RIDGE,CWM_WD,72,TmP8,0.4641666666666666,0.49661681310235206,0.032450146435685445,0.032450146435685445,0.0010530120036974287
CD01_CWM_WD,RIDGE,CWM_WD,72,TmP10,0.5299999999999999,0.5441259216111594,0.014125921611159442,0.014125921611159442,0.00019954166136462137
CD01_CWM_WD,RIDGE,CWM_WD,72,TsP3,0.4716666666666667,0.4995077970646865,0.02784113039801983,0.02784113039801983,0.0007751285418395439
CD01_CWM_WD,RIDGE,CWM_WD,72,TsP7,0.3945454545454545,0.5063222592616177,0.11177680471616319,0.11177680471616319,0.012494054072555282
CD01_CWM_WD,RIDGE,CWM_WD,72,TsP8,0.3642307692307692,0.4627366289874071,0.09850585975663789,0.09850585975663789,0.009703404406394413
CD01_CWM_WD,RIDGE,CWM_WD,72,TuP7,0.462,0.4800873234229942,0.018087323422994184,0.018087323422994184,0.00032715126860799405
CD01_CWM_WD,RIDGE,CWM_WD,73,CmP10,0.6696875,0.6096272353733788,-0.060060264626621174,0.060060264626621174,0.0036072353870197625
CD01_CWM_WD,RIDGE,CWM_WD,73,CsP7,0.6247368421052633,0.5302510442122839,-0.0944857978929794,0.0944857978929794,0.008927566003472949
CD01_CWM_WD,RIDGE,CWM_WD,73,CuP4,0.6173076923076923,0.5755605056409758,-0.04174718666671651,0.04174718666671651,0.0017428275945856725
CD01_CWM_WD,RIDGE,CWM_WD,73,CuP5,0.6655172413793102,0.6121269078777635,-0.05339033350154676,0.05339033350154676,0.0028505277114063863
CD01_CWM_WD,RIDGE,CWM_WD,73,BmP2,0.6011764705882352,0.543377222147024,-0.057799248441211204,0.057799248441211204,0.0033407531203688556
CD01_CWM_WD,RIDGE,CWM_WD,73,BmP9,0.5781250000000001,0.5974442292012248,0.01931922920122464,0.01931922920122464,0.0003732326169294509
CD01_CWM_WD,RIDGE,CWM_WD,73,BmP10,0.5690000000000001,0.5521260759123701,-0.01687392408763,0.01687392408763,0.0002847293141150999
CD01_CWM_WD,RIDGE,CWM_WD,73,BsP3,0.541111111111111,0.5277484744211783,-0.01336263668993265,0.01336263668993265,0.0001785600593071342
CD01_CWM_WD,RIDGE,CWM_WD,73,BsP6,0.531,0.5368097872495725,0.0058097872495724845,0.0058097872495724845,3.375362788529501e-05
CD01_CWM_WD,RIDGE,CWM_WD,73,BsP9,0.5617391304347826,0.6040029722385135,0.042263841803730884,0.042263841803730884,0.0017862323240107902
CD01_CWM_WD,RIDGE,CWM_WD,73,BuP6,0.6005555555555556,0.5761912183405138,-0.02436433721504183,0.02436433721504183,0.0005936209279282723
CD01_CWM_WD,RIDGE,CWM_WD,73,BuP8,0.6592,0.6155668548580132,-0.043633145141986796,0.043633145141986796,0.001903851354981686
CD01_CWM_WD,RIDGE,CWM_WD,73,TmP1,0.5588888888888889,0.476499393507852,-0.0823894953810369,0.0823894953810369,0.006788028949141901
CD01_CWM_WD,RIDGE,CWM_WD,73,TmP2,0.4175,0.49774950708184207,0.08024950708184209,0.08024950708184209,0.006439983386878624
CD01_CWM_WD,RIDGE,CWM_WD,73,TsP2,0.4023076923076922,0.4999367205231786,0.09762902821548641,0.09762902821548641,0.009531427150300241
CD01_CWM_WD,RIDGE,CWM_WD,73,TuP1,0.4285714285714285,0.451499771177285,0.022928342605856522,0.022928342605856522,0.0005257088946515354
CD01_CWM_WD,RIDGE,CWM_WD,73,TuP8,0.4366666666666667,0.476499393507852,0.03983272684118527,0.03983272684118527,0.0015866461276044816
CD01_CWM_WD,RIDGE,CWM_WD,73,TuP9,0.38625,0.46243294109724675,0.07618294109724677,0.07618294109724677,0.005803840514226571
CD01_CWM_WD,RIDGE,CWM_WD,74,CmP5,0.7284615384615385,0.5063123492081227,-0.22214918925341576,0.22214918925341576,0.04935026228594993
CD01_CWM_WD,RIDGE,CWM_WD,74,CmP9,0.6306666666666667,0.6134414501548989,-0.017225216511767782,0.017225216511767782,0.00029670808387727743
CD01_CWM_WD,RIDGE,CWM_WD,74,CsP1,0.53,0.5345128936375552,0.004512893637555138,0.004512893637555138,2.036620898388564e-05
CD01_CWM_WD,RIDGE,CWM_WD,74,CsP2,0.6011764705882352,0.5324410387479755,-0.06873543184025965,0.06873543184025965,0.004724559590266981
CD01_CWM_WD,RIDGE,CWM_WD,74,CsP10,0.615,0.5200506499392823,-0.0949493500607177,0.0949493500607177,0.009015379076952712
CD01_CWM_WD,RIDGE,CWM_WD,74,CuP2,0.6658260739031261,0.5749223718063526,-0.09090370209677345,0.09090370209677345,0.008263483054898935
CD01_CWM_WD,RIDGE,CWM_WD,74,CuP10,0.6372400642635879,0.6063612279785027,-0.030878836285085254,0.030878836285085254,0.0009535025303210976
CD01_CWM_WD,RIDGE,CWM_WD,74,BmP4,0.5711111111111111,0.5442481991300999,-0.026862911981011206,0.026862911981011206,0.0007216160400995554
CD01_CWM_WD,RIDGE,CWM_WD,74,BmP5,0.4599999999999999,0.42649876491872946,-0.03350123508127045,0.03350123508127045,0.0011223327519705461
CD01_CWM_WD,RIDGE,CWM_WD,74,BmP7,0.5614285714285715,0.5218207054833813,-0.03960786594519017,0.03960786594519017,0.001568783044732155
CD01_CWM_WD,RIDGE,CWM_WD,74,BmP8,0.636470588235294,0.5008614680352813,-0.1356091202000127,0.1356091202000127,0.018389833481421494
CD01_CWM_WD,RIDGE,CWM_WD,74,BsP4,0.5199033743906257,0.6258318389635922,0.10592846457296645,0.10592846457296645,0.011220839606786208
CD01_CWM_WD,RIDGE,CWM_WD,74,BuP2,0.6646666666666667,0.5275733860017032,-0.1370932806649635,0.1370932806649635,0.01879456760348246
CD01_CWM_WD,RIDGE,CWM_WD,74,BuP3,0.6822727272727273,0.554707447589758,-0.12756527968296927,0.12756527968296927,0.016272900580594173
CD01_CWM_WD,RIDGE,CWM_WD,74,TmP7,0.5389999999999999,0.49187047577424187,-0.04712952422575806,0.04712952422575806,0.0022211920537463154
CD01_CWM_WD,RIDGE,CWM_WD,74,TmP9,0.553076923076923,0.497180642406539,-0.055896280670384046,0.055896280670384046,0.003124394192782349
CD01_CWM_WD,RIDGE,CWM_WD,74,TsP1,0.42,0.49967464091775127,0.07967464091775128,0.07967464091775128,0.006348048405372607
CD01_CWM_WD,RIDGE,CWM_WD,74,TsP5,0.3566666666666667,0.48297945752496263,0.12631279085829594,0.12631279085829594,0.01595492113441161
CD01_CWM_WD,RIDGE,CWM_WD,75,CmP1,0.6200000000000001,0.5925057423452017,-0.027494257654798404,0.027494257654798404,0.0007559342039884406
CD01_CWM_WD,RIDGE,CWM_WD,75,CmP2,0.6736363636363637,0.66700050539091,-0.006635858245453652,0.006635858245453652,4.403461465375522e-05
CD01_CWM_WD,RIDGE,CWM_WD,75,CmP7,0.6136666666666666,0.6635282446199227,0.049861577953256075,0.049861577953256075,0.0024861769559886325
CD01_CWM_WD,RIDGE,CWM_WD,75,CsP4,0.5895238095238097,0.6041849840917466,0.014661174567936919,0.014661174567936919,0.0002149500397115203
CD01_CWM_WD,RIDGE,CWM_WD,75,CsP9,0.4708333333333334,0.4700313456594664,-0.0008019876738669662,0.0008019876738669662,6.431842290345474e-07
CD01_CWM_WD,RIDGE,CWM_WD,75,CuP3,0.6322222222222221,0.5227459067243281,-0.10947631549789405,0.10947631549789405,0.011985063654994438
CD01_CWM_WD,RIDGE,CWM_WD,75,CuP9,0.6696,0.6452202619660103,-0.02437973803398963,0.02437973803398963,0.0005943716266059605
CD01_CWM_WD,RIDGE,CWM_WD,75,BmP3,0.6069565217391304,0.5836674073206941,-0.023289114418436285,0.023289114418436285,0.0005423828503950169
CD01_CWM_WD,RIDGE,CWM_WD,75,BmP6,0.555,0.6307000720533752,0.07570007205337514,0.07570007205337514,0.005730500908886189
CD01_CWM_WD,RIDGE,CWM_WD,75,BsP7,0.5061111111111112,0.5669376232909188,0.06082651217980761,0.06082651217980761,0.003699864583960284
CD01_CWM_WD,RIDGE,CWM_WD,75,BsP8,0.5526315789473684,0.6524802740342219,0.09984869508685357,0.09984869508685357,0.009969761910547456
CD01_CWM_WD,RIDGE,CWM_WD,75,BuP5,0.5626666666666666,0.6104981930288242,0.047831526362157595,0.047831526362157595,0.002287854914133777
CD01_CWM_WD,RIDGE,CWM_WD,75,BuP10,0.61375,0.6780484345325578,0.06429843453255779,0.06429843453255779,0.00413428868333762
CD01_CWM_WD,RIDGE,CWM_WD,75,TsP4,0.373076923076923,0.48202636804061877,0.1089494449636958,0.1089494449636958,0.01186998155789738
CD01_CWM_WD,RIDGE,CWM_WD,75,TsP10,0.3947058823529412,0.515801426626406,0.12109554427346486,0.12109554427346486,0.014664130842886688
CD01_CWM_WD,RIDGE,CWM_WD,75,TuP2,0.422,0.45614250979578136,0.03414250979578137,0.03414250979578137,0.001165710975155027
CD01_CWM_WD,RIDGE,CWM_WD,75,TuP5,0.4609999999999999,0.41763252378515925,-0.04336747621484066,0.04336747621484066,0.0018807379932447704
CD01_CWM_WD,RIDGE,CWM_WD,75,TuP10,0.4157142857142856,0.46213993809825166,0.046425652383966065,0.046425652383966065,0.002155341199276854
CD01_CWM_WD,RIDGE,CWM_WD,76,CmP2,0.6736363636363637,0.6667352105295354,-0.006901153106828262,0.006901153106828262,4.762591420388537e-05
CD01_CWM_WD,RIDGE,CWM_WD,76,CmP4,0.6514285714285714,0.5511869223725027,-0.1002416490560687,0.1002416490560687,0.010048388205480038
CD01_CWM_WD,RIDGE,CWM_WD,76,CmP7,0.6136666666666666,0.6582768590967581,0.044610192430091566,0.044610192430091566,0.0019900692686497987
CD01_CWM_WD,RIDGE,CWM_WD,76,CsP4,0.5895238095238097,0.602905038358231,0.013381228834421277,0.013381228834421277,0.0001790572851191474
CD01_CWM_WD,RIDGE,CWM_WD,76,CuP8,0.6104166666666666,0.613975813619307,0.0035591469526403685,0.0035591469526403685,1.2667527030489221e-05
CD01_CWM_WD,RIDGE,CWM_WD,76,BmP2,0.6011764705882352,0.5548406271253017,-0.04633584346293351,0.04633584346293351,0.002147010389421478
CD01_CWM_WD,RIDGE,CWM_WD,76,BsP7,0.5061111111111112,0.5686698746845987,0.06255876357348755,0.06255876357348755,0.003913598899843513
CD01_CWM_WD,RIDGE,CWM_WD,76,BsP8,0.5526315789473684,0.6454888924619615,0.09285731351459314,0.09285731351459314,0.008622480673147442
CD01_CWM_WD,RIDGE,CWM_WD,76,BsP9,0.5617391304347826,0.6200774506963864,0.05833832026160379,0.05833832026160379,0.0034033596109454517
CD01_CWM_WD,RIDGE,CWM_WD,76,TmP3,0.5196774193548387,0.5654363709084189,0.04575895155358023,0.04575895155358023,0.0020938816472829023
CD01_CWM_WD,RIDGE,CWM_WD,76,TmP6,0.5377777777777778,0.6167342859175279,0.07895650813975008,0.07895650813975008,0.006234130177622421
CD01_CWM_WD,RIDGE,CWM_WD,76,TmP8,0.4641666666666666,0.5020263997137338,0.037859733047067134,0.037859733047067134,0.0014333593863951873
CD01_CWM_WD,RIDGE,CWM_WD,76,TsP1,0.42,0.5199295530024491,0.09992955300244916,0.09992955300244916,0.009985915563269296
CD01_CWM_WD,RIDGE,CWM_WD,76,TsP2,0.4023076923076922,0.5096991796946118,0.10739148738691956,0.10739148738691956,0.011532931563174902
CD01_CWM_WD,RIDGE,CWM_WD,76,TsP5,0.3566666666666667,0.49566905316405324,0.13900238649738655,0.13900238649738655,0.019321663451968833
CD01_CWM_WD,RIDGE,CWM_WD,76,TsP6,0.4085714285714286,0.5679939642353783,0.1594225356639497,0.1594225356639497,0.025415544877523316
CD01_CWM_WD,RIDGE,CWM_WD,76,TsP10,0.3947058823529412,0.5227976863033489,0.1280918039504077,0.1280918039504077,0.01640751023926968
CD01_CWM_WD,RIDGE,CWM_WD,76,TuP4,0.3975,0.5031773416409129,0.10567734164091286,0.10567734164091286,0.011167700536290215
CD01_CWM_WD,RIDGE,CWM_WD,77,CmP5,0.7284615384615385,0.5012753374464503,-0.22718620101508824,0.22718620101508824,0.05161356993166808
CD01_CWM_WD,RIDGE,CWM_WD,77,CmP6,0.6904545454545455,0.6170585602501739,-0.07339598520437163,0.07339598520437163,0.005386970644120339
CD01_CWM_WD,RIDGE,CWM_WD,77,CmP9,0.6306666666666667,0.6145066360669718,-0.016160030599694952,0.016160030599694952,0.0002611465889830772
CD01_CWM_WD,RIDGE,CWM_WD,77,CsP3,0.6058333333333333,0.5888296218083457,-0.017003711524987586,0.017003711524987586,0.00028912620562499566
CD01_CWM_WD,RIDGE,CWM_WD,77,CsP5,0.4599999999999999,0.4317388491238827,-0.02826115087611719,0.02826115087611719,0.0007986926488426595
CD01_CWM_WD,RIDGE,CWM_WD,77,CsP8,0.618235294117647,0.4901106691449407,-0.12812462497270627,0.12812462497270627,0.016415919524396628
CD01_CWM_WD,RIDGE,CWM_WD,77,CuP3,0.6322222222222221,0.5098880815647576,-0.12233414065746451,0.12233414065746451,0.01496564197040031
CD01_CWM_WD,RIDGE,CWM_WD,77,CuP7,0.6502608591225009,0.5639518066918162,-0.08630905243068465,0.08630905243068465,0.007449252531482672
CD01_CWM_WD,RIDGE,CWM_WD,77,BmP1,0.54,0.5511921857758053,0.011192185775805275,0.011192185775805275,0.0001252650224401379
CD01_CWM_WD,RIDGE,CWM_WD,77,BsP1,0.5485185185185185,0.5341313613051781,-0.014387157213340385,0.014387157213340385,0.00020699029268137227
CD01_CWM_WD,RIDGE,CWM_WD,77,BuP7,0.5858823529411764,0.5813316216853436,-0.0045507312558328294,0.0045507312558328294,2.0709154962813843e-05
CD01_CWM_WD,RIDGE,CWM_WD,77,BuP8,0.6592,0.6200872473828807,-0.03911275261711933,0.03911275261711933,0.0015298074172879748
CD01_CWM_WD,RIDGE,CWM_WD,77,BuP10,0.61375,0.6653804559650276,0.05163045596502758,0.05163045596502758,0.0026657039831566517
CD01_CWM_WD,RIDGE,CWM_WD,77,TmP10,0.5299999999999999,0.5298198207414871,-0.00018017925851276928,0.00018017925851276928,3.246456519821134e-08
CD01_CWM_WD,RIDGE,CWM_WD,77,TsP3,0.4716666666666667,0.4853258113014367,0.013659144634770026,0.013659144634770026,0.0001865722321535668
CD01_CWM_WD,RIDGE,CWM_WD,77,TsP8,0.3642307692307692,0.4529534417315966,0.08872267250082738,0.08872267250082738,0.007871712615689072
CD01_CWM_WD,RIDGE,CWM_WD,77,TuP3,0.4644444444444444,0.368105408309816,-0.09633903613462841,0.09633903613462841,0.009281209883349238
CD01_CWM_WD,RIDGE,CWM_WD,77,TuP7,0.462,0.47161266448641664,0.009612664486416622,0.009612664486416622,9.240331852841534e-05
CD01_CWM_WD,RIDGE,CWM_WD,78,CmP3,0.6368181818181818,0.5782463044011814,-0.05857187741700043,0.05857187741700043,0.003430664824152125
CD01_CWM_WD,RIDGE,CWM_WD,78,CmP8,0.6404166666666667,0.5782590141248148,-0.062157652541851904,0.062157652541851904,0.0038635737695135886
CD01_CWM_WD,RIDGE,CWM_WD,78,CmP10,0.6696875,0.6194299676238608,-0.05025753237613917,0.05025753237613917,0.002525819560538677
CD01_CWM_WD,RIDGE,CWM_WD,78,CsP2,0.6011764705882352,0.5440709614024527,-0.0571055091857825,0.0571055091857825,0.0032610391793674895
CD01_CWM_WD,RIDGE,CWM_WD,78,CsP6,0.5632,0.6248455785657295,0.0616455785657295,0.0616455785657295,0.003800177356703528
CD01_CWM_WD,RIDGE,CWM_WD,78,CsP9,0.4708333333333334,0.4644495695989286,-0.0063837637344048015,0.0063837637344048015,4.075243941670194e-05
CD01_CWM_WD,RIDGE,CWM_WD,78,CuP10,0.6372400642635879,0.6163208074014975,-0.020919256862090396,0.020919256862090396,0.00043761530766211614
CD01_CWM_WD,RIDGE,CWM_WD,78,BmP4,0.5711111111111111,0.5568835375960676,-0.014227573515043557,0.014227573515043557,0.00020242384812596887
CD01_CWM_WD,RIDGE,CWM_WD,78,BmP7,0.5614285714285715,0.5347434807353629,-0.02668509069320857,0.02668509069320857,0.0007120940653047665
CD01_CWM_WD,RIDGE,CWM_WD,78,BmP8,0.636470588235294,0.5114501985149056,-0.12502038972038843,0.12502038972038843,0.015630097845837805
CD01_CWM_WD,RIDGE,CWM_WD,78,BsP4,0.5199033743906257,0.6334211886244954,0.11351781423386964,0.11351781423386964,0.012886294148435336
CD01_CWM_WD,RIDGE,CWM_WD,78,BsP5,0.47,0.5700847588174779,0.10008475881747791,0.10008475881747791,0.010016958947552723
CD01_CWM_WD,RIDGE,CWM_WD,78,BsP6,0.531,0.540598575599561,0.00959857559956101,0.00959857559956101,9.213265354048801e-05
CD01_CWM_WD,RIDGE,CWM_WD,78,BsP10,0.4529166666666667,0.6034828117606157,0.150566145093949,0.150566145093949,0.022670164048452103
CD01_CWM_WD,RIDGE,CWM_WD,78,BuP2,0.6646666666666667,0.5397958660967033,-0.12487080056996347,0.12487080056996347,0.015592716834983589
CD01_CWM_WD,RIDGE,CWM_WD,78,TmP4,0.4611111111111111,0.5009949119353301,0.039883800824218996,0.039883800824218996,0.0015907175681859718
CD01_CWM_WD,RIDGE,CWM_WD,78,TsP4,0.373076923076923,0.48934827082510146,0.11627134774817849,0.11627134774817849,0.01351902630717785
CD01_CWM_WD,RIDGE,CWM_WD,78,TuP8,0.4366666666666667,0.47027924501585966,0.033612578349192956,0.033612578349192956,0.0011298054232806352
CD01_CWM_WD,RIDGE,CWM_WD,79,CmP1,0.6200000000000001,0.5785692639665979,-0.04143073603340219,0.04143073603340219,0.001716505888269451
CD01_CWM_WD,RIDGE,CWM_WD,79,CsP7,0.6247368421052633,0.5271822447843131,-0.09755459732095018,0.09755459732095018,0.00951689945845274
CD01_CWM_WD,RIDGE,CWM_WD,79,CsP10,0.615,0.5271891516864784,-0.0878108483135216,0.0878108483135216,0.007710745081540299
CD01_CWM_WD,RIDGE,CWM_WD,79,CuP5,0.6655172413793102,0.617649679965731,-0.047867561413579285,0.047867561413579285,0.0022913034356827843
CD01_CWM_WD,RIDGE,CWM_WD,79,BmP3,0.6069565217391304,0.5754891597197274,-0.03146736201940303,0.03146736201940303,0.0009901948724601686
CD01_CWM_WD,RIDGE,CWM_WD,79,BmP5,0.4599999999999999,0.43803189417919763,-0.021968105820802275,0.021968105820802275,0.0004825976733539668
CD01_CWM_WD,RIDGE,CWM_WD,79,BsP2,0.5675000000000001,0.5600955453875399,-0.007404454612460198,0.007404454612460198,5.4825948107983105e-05
CD01_CWM_WD,RIDGE,CWM_WD,79,BsP3,0.541111111111111,0.5298095070347525,-0.011301604076358496,0.011301604076358496,0.00012772625469876297
CD01_CWM_WD,RIDGE,CWM_WD,79,BuP6,0.6005555555555556,0.5733009256613887,-0.027254629894166937,0.027254629894166937,0.0007428148506680181
CD01_CWM_WD,RIDGE,CWM_WD,79,TmP1,0.5588888888888889,0.47008785910471845,-0.08880102978417043,0.08880102978417043,0.007885622890729123
CD01_CWM_WD,RIDGE,CWM_WD,79,TmP2,0.4175,0.4938022883803248,0.07630228838032482,0.07630228838032482,0.0058220392120742525
CD01_CWM_WD,RIDGE,CWM_WD,79,TmP7,0.5389999999999999,0.4999624968740659,-0.039037503125934014,0.039037503125934014,0.0015239266503073079
CD01_CWM_WD,RIDGE,CWM_WD,79,TmP9,0.553076923076923,0.505230835179275,-0.04784608789764799,0.04784608789764799,0.0022892481271094577
CD01_CWM_WD,RIDGE,CWM_WD,79,TsP7,0.3945454545454545,0.50829021871965,0.11374476417419549,0.11374476417419549,0.012937871377043346
CD01_CWM_WD,RIDGE,CWM_WD,79,TsP9,0.3686666666666666,0.537705107590401,0.16903844092373443,0.16903844092373443,0.028573994509926856
CD01_CWM_WD,RIDGE,CWM_WD,79,TuP1,0.4285714285714285,0.441105091523903,0.01253366295247449,0.01253366295247449,0.00015709270700623153
CD01_CWM_WD,RIDGE,CWM_WD,79,TuP5,0.4609999999999999,0.41826181173033294,-0.042738188269666966,0.042738188269666966,0.001826552736573499
CD01_CWM_WD,RIDGE,CWM_WD,79,TuP9,0.38625,0.46261056603467515,0.07636056603467517,0.07636056603467517,0.005830936045135987
CD01_CWM_WD,RIDGE,CWM_WD,80,CsP1,0.53,0.5607120799621457,0.030712079962145644,0.030712079962145644,0.000943231855601228
CD01_CWM_WD,RIDGE,CWM_WD,80,CuP1,0.69,0.5275707230183956,-0.16242927698160436,0.16242927698160436,0.02638327002076675
CD01_CWM_WD,RIDGE,CWM_WD,80,CuP2,0.6658260739031261,0.55693444826537,-0.10889162563775612,0.10889162563775612,0.011857386134033225
CD01_CWM_WD,RIDGE,CWM_WD,80,CuP4,0.6173076923076923,0.5576379470348353,-0.05966974527285707,0.05966974527285707,0.003560478500927648
CD01_CWM_WD,RIDGE,CWM_WD,80,CuP6,0.6885714285714285,0.5928306620859504,-0.09574076648547813,0.09574076648547813,0.009166294367226853
CD01_CWM_WD,RIDGE,CWM_WD,80,CuP9,0.6696,0.6212898889150409,-0.048310111084959084,0.048310111084959084,0.0023338668330410866
CD01_CWM_WD,RIDGE,CWM_WD,80,BmP6,0.555,0.6166668970014121,0.061666897001412035,0.061666897001412035,0.003802806185782761
CD01_CWM_WD,RIDGE,CWM_WD,80,BmP9,0.5781250000000001,0.6115414059667366,0.03341640596673645,0.03341640596673645,0.0011166561877337395
CD01_CWM_WD,RIDGE,CWM_WD,80,BmP10,0.5690000000000001,0.5501004602191361,-0.018899539780864005,0.018899539780864005,0.00035719260392846105
CD01_CWM_WD,RIDGE,CWM_WD,80,BuP1,0.4742857142857143,0.4895226512662408,0.015236936980526472,0.015236936980526472,0.00023216424854853517
CD01_CWM_WD,RIDGE,CWM_WD,80,BuP3,0.6822727272727273,0.5393883406519171,-0.14288438662081016,0.14288438662081016,0.020415947940005154
CD01_CWM_WD,RIDGE,CWM_WD,80,BuP4,0.6058823529411765,0.5739780567577762,-0.031904296183400294,0.031904296183400294,0.0010178841149581306
CD01_CWM_WD,RIDGE,CWM_WD,80,BuP5,0.5626666666666666,0.5771940511324746,0.014527384465807924,0.014527384465807924,0.00021104489941739738
CD01_CWM_WD,RIDGE,CWM_WD,80,BuP9,0.5619999999999999,0.5948997967711676,0.03289979677116761,0.03289979677116761,0.0010823966275841307
CD01_CWM_WD,RIDGE,CWM_WD,80,TmP5,0.4525,0.45095430381518725,-0.0015456961848127615,0.0015456961848127615,2.3891766957447264e-06
CD01_CWM_WD,RIDGE,CWM_WD,80,TuP2,0.422,0.4619679228550342,0.0399679228550342,0.0399679228550342,0.001597434857345965
CD01_CWM_WD,RIDGE,CWM_WD,80,TuP6,0.465,0.5065662597586471,0.041566259758647084,0.041566259758647084,0.001727753950323324
CD01_CWM_WD,RIDGE,CWM_WD,80,TuP10,0.4157142857142856,0.47489103855485826,0.059176752840572666,0.059176752840572666,0.0035018880767542252
CD01_CWM_WD,RIDGE,CWM_WD,81,CmP2,0.6736363636363637,0.6510445396926334,-0.02259182394373027,0.02259182394373027,0.0005103905091045044
CD01_CWM_WD,RIDGE,CWM_WD,81,CmP6,0.6904545454545455,0.6155436689396283,-0.07491087651491724,0.07491087651491724,0.005611639420233179
CD01_CWM_WD,RIDGE,CWM_WD,81,CmP7,0.6136666666666666,0.6525800230676368,0.03891335640097027,0.03891335640097027,0.0015142493063889336
CD01_CWM_WD,RIDGE,CWM_WD,81,CmP8,0.6404166666666667,0.5730935330431235,-0.06732313362354325,0.06732313362354325,0.00453240432089346
CD01_CWM_WD,RIDGE,CWM_WD,81,CsP1,0.53,0.5552570858414745,0.025257085841474458,0.025257085841474458,0.0006379203852036095
CD01_CWM_WD,RIDGE,CWM_WD,81,CsP9,0.4708333333333334,0.4697478993592614,-0.0010854339740719587,0.0010854339740719587,1.1781669120696456e-06
CD01_CWM_WD,RIDGE,CWM_WD,81,CuP2,0.6658260739031261,0.5678517749249203,-0.09797429897820575,0.09797429897820575,0.009598963260270849
CD01_CWM_WD,RIDGE,CWM_WD,81,CuP3,0.6322222222222221,0.5125156892523627,-0.11970653296985945,0.11970653296985945,0.014329654035664047
CD01_CWM_WD,RIDGE,CWM_WD,81,CuP6,0.6885714285714285,0.6079854891069252,-0.08058593946450332,0.08058593946450332,0.006494093639376594
CD01_CWM_WD,RIDGE,CWM_WD,81,CuP7,0.6502608591225009,0.5643771423531705,-0.08588371676933038,0.08588371676933038,0.00737601280611456
CD01_CWM_WD,RIDGE,CWM_WD,81,CuP8,0.6104166666666666,0.5900034115589726,-0.020413255107693984,0.020413255107693984,0.00041670098409179454
CD01_CWM_WD,RIDGE,CWM_WD,81,BsP1,0.5485185185185185,0.5301204942825618,-0.01839802423595671,0.01839802423595671,0.0003384872957868505
CD01_CWM_WD,RIDGE,CWM_WD,81,BsP10,0.4529166666666667,0.6094349606567822,0.15651829399011546,0.15651829399011546,0.024497976353576215
CD01_CWM_WD,RIDGE,CWM_WD,81,TmP2,0.4175,0.49467924205071356,0.07717924205071358,0.07717924205071358,0.0059566354035226355
CD01_CWM_WD,RIDGE,CWM_WD,81,TmP10,0.5299999999999999,0.5395914300080218,0.009591430008021873,0.009591430008021873,9.199552959878246e-05
CD01_CWM_WD,RIDGE,CWM_WD,81,TsP9,0.3686666666666666,0.5178434591957124,0.1491767925290458,0.1491767925290458,0.022253715429253976
CD01_CWM_WD,RIDGE,CWM_WD,81,TuP1,0.4285714285714285,0.448986115753909,0.020414687182480518,0.020414687182480518,0.00041675945275853433
CD01_CWM_WD,RIDGE,CWM_WD,81,TuP3,0.4644444444444444,0.38855390230945164,-0.07589054213499274,0.07589054213499274,0.005759374385543109
CD01_CWM_WD,RIDGE,CWM_WD,82,CmP9,0.6306666666666667,0.617619474210878,-0.01304719245578867,0.01304719245578867,0.00017022923097838877
CD01_CWM_WD,RIDGE,CWM_WD,82,CsP2,0.6011764705882352,0.5444919294027473,-0.056684541185487936,0.056684541185487936,0.003213137209409278
CD01_CWM_WD,RIDGE,CWM_WD,82,CuP1,0.69,0.5664365409229647,-0.12356345907703525,0.12356345907703525,0.015267928419082167
CD01_CWM_WD,RIDGE,CWM_WD,82,BmP6,0.555,0.6153077869516415,0.06030778695164141,0.06030778695164141,0.0036370291670045694
CD01_CWM_WD,RIDGE,CWM_WD,82,BmP8,0.636470588235294,0.5152426626733648,-0.12122792556192918,0.12122792556192918,0.014696209936048643
CD01_CWM_WD,RIDGE,CWM_WD,82,BsP7,0.5061111111111112,0.5571919808783559,0.051080869767244685,0.051080869767244685,0.0026092552561782123
CD01_CWM_WD,RIDGE,CWM_WD,82,BuP6,0.6005555555555556,0.5772054435324786,-0.02335011202307702,0.02335011202307702,0.000545227731490246
CD01_CWM_WD,RIDGE,CWM_WD,82,BuP8,0.6592,0.6180022015963573,-0.04119779840364268,0.04119779840364268,0.0016972585933071836
CD01_CWM_WD,RIDGE,CWM_WD,82,TmP1,0.5588888888888889,0.47752523563201843,-0.08136365325687045,0.08136365325687045,0.006620044071304245
CD01_CWM_WD,RIDGE,CWM_WD,82,TmP4,0.4611111111111111,0.5094754839831286,0.0483643728720175,0.0483643728720175,0.0023391125633035427
CD01_CWM_WD,RIDGE,CWM_WD,82,TmP5,0.4525,0.46790670417127955,0.01540670417127954,0.01540670417127954,0.00023736653342132236
CD01_CWM_WD,RIDGE,CWM_WD,82,TsP3,0.4716666666666667,0.49984819655304047,0.02818152988637379,0.02818152988637379,0.0007941986267365792
CD01_CWM_WD,RIDGE,CWM_WD,82,TsP4,0.373076923076923,0.49946984715223586,0.12639292407531288,0.12639292407531288,0.015975171256307808
CD01_CWM_WD,RIDGE,CWM_WD,82,TsP7,0.3945454545454545,0.5125504370209863,0.11800498247553187,0.11800498247553187,0.013925175889050585
CD01_CWM_WD,RIDGE,CWM_WD,82,TsP8,0.3642307692307692,0.4798391118835923,0.1156083426528231,0.1156083426528231,0.013365288890932558
CD01_CWM_WD,RIDGE,CWM_WD,82,TuP4,0.3975,0.49754088727847856,0.10004088727847854,0.10004088727847854,0.01000817912746525
CD01_CWM_WD,RIDGE,CWM_WD,82,TuP5,0.4609999999999999,0.42749267349288,-0.033507326507119906,0.033507326507119906,0.0011227409296547402
CD01_CWM_WD,RIDGE,CWM_WD,82,TuP6,0.465,0.4859890179593077,0.020989017959307688,0.020989017959307688,0.00044053887489614064
CD01_CWM_WD,RIDGE,CWM_WD,83,CmP1,0.6200000000000001,0.5817640897673131,-0.03823591023268702,0.03823591023268702,0.0014619848313221
CD01_CWM_WD,RIDGE,CWM_WD,83,CmP5,0.7284615384615385,0.5120211969109936,-0.21644034155054492,0.21644034155054492,0.04684642145051654
CD01_CWM_WD,RIDGE,CWM_WD,83,CmP10,0.6696875,0.6154952130718365,-0.05419228692816347,0.05419228692816347,0.0029368039625043973
CD01_CWM_WD,RIDGE,CWM_WD,83,CsP10,0.615,0.5312906697421724,-0.08370933025782756,0.08370933025782756,0.007007251972214045
CD01_CWM_WD,RIDGE,CWM_WD,83,CuP9,0.6696,0.6352577456295927,-0.03434225437040728,0.03434225437040728,0.0011793904352417578
CD01_CWM_WD,RIDGE,CWM_WD,83,BsP4,0.5199033743906257,0.6290862743389614,0.10918289994833563,0.10918289994833563,0.01192090564112827
CD01_CWM_WD,RIDGE,CWM_WD,83,BsP6,0.531,0.5382017306226698,0.007201730622669822,0.007201730622669822,5.186492396150026e-05
CD01_CWM_WD,RIDGE,CWM_WD,83,BsP8,0.5526315789473684,0.634387156423373,0.08175557747600459,0.08175557747600459,0.006683974448434989
CD01_CWM_WD,RIDGE,CWM_WD,83,BsP9,0.5617391304347826,0.6086996824382741,0.046960552003491474,0.046960552003491474,0.002205293444472627
CD01_CWM_WD,RIDGE,CWM_WD,83,BuP1,0.4742857142857143,0.4633198940371297,-0.010965820248584612,0.010965820248584612,0.00012024921372426828
CD01_CWM_WD,RIDGE,CWM_WD,83,BuP2,0.6646666666666667,0.5377086708960925,-0.1269579957705742,0.1269579957705742,0.016118332690081137
CD01_CWM_WD,RIDGE,CWM_WD,83,BuP3,0.6822727272727273,0.5583417926600684,-0.1239309346126588,0.1239309346126588,0.015358876553967112
CD01_CWM_WD,RIDGE,CWM_WD,83,BuP4,0.6058823529411765,0.595979210377369,-0.009903142563807532,0.009903142563807532,9.807223263909641e-05
CD01_CWM_WD,RIDGE,CWM_WD,83,TmP3,0.5196774193548387,0.5528098500817867,0.03313243072694805,0.03313243072694805,0.001097757965876011
CD01_CWM_WD,RIDGE,CWM_WD,83,TmP9,0.553076923076923,0.5092629603065622,-0.04381396277036087,0.04381396277036087,0.0019196633336425685
CD01_CWM_WD,RIDGE,CWM_WD,83,TsP2,0.4023076923076922,0.49578742928637226,0.09347973697868006,0.09347973697868006,0.008738461225603204
CD01_CWM_WD,RIDGE,CWM_WD,83,TsP5,0.3566666666666667,0.4820498990334751,0.12538323236680843,0.12538323236680843,0.015720954958749075
CD01_CWM_WD,RIDGE,CWM_WD,83,TsP10,0.3947058823529412,0.5091319606902084,0.1144260783372672,0.1144260783372672,0.01309332740364641
CD01_CWM_WD,RIDGE,CWM_WD,84,CsP3,0.6058333333333333,0.5959518668214085,-0.009881466511924786,0.009881466511924786,9.764338042629099e-05
CD01_CWM_WD,RIDGE,CWM_WD,84,CsP6,0.5632,0.6287962208365634,0.06559622083656336,0.06559622083656336,0.004302864188039188
CD01_CWM_WD,RIDGE,CWM_WD,84,CuP5,0.6655172413793102,0.6196846928146572,-0.04583254856465302,0.04583254856465302,0.0021006225079312777
CD01_CWM_WD,RIDGE,CWM_WD,84,CuP10,0.6372400642635879,0.6149641852497845,-0.022275879013803457,0.022275879013803457,0.0004962147858376093
CD01_CWM_WD,RIDGE,CWM_WD,84,BmP2,0.6011764705882352,0.5490762782805202,-0.05210019230771501,0.05210019230771501,0.0027144300385008864
CD01_CWM_WD,RIDGE,CWM_WD,84,BmP3,0.6069565217391304,0.579299802175469,-0.027656719563661447,0.027656719563661447,0.0007648941370230138
CD01_CWM_WD,RIDGE,CWM_WD,84,BmP4,0.5711111111111111,0.5624829939756097,-0.008628117135501379,0.008628117135501379,7.444440530393251e-05
CD01_CWM_WD,RIDGE,CWM_WD,84,BmP5,0.4599999999999999,0.45076933718779055,-0.009230662812209356,0.009230662812209356,8.520513595270474e-05
CD01_CWM_WD,RIDGE,CWM_WD,84,BsP2,0.5675000000000001,0.5448500013774064,-0.02264999862259376,0.02264999862259376,0.0005130224376034991
CD01_CWM_WD,RIDGE,CWM_WD,84,BuP7,0.5858823529411764,0.5890013936429843,0.003119040701807907,0.003119040701807907,9.72841489953436e-06
CD01_CWM_WD,RIDGE,CWM_WD,84,TmP6,0.5377777777777778,0.612734219636233,0.07495644185845518,0.07495644185845518,0.0056184681760799715
CD01_CWM_WD,RIDGE,CWM_WD,84,TmP7,0.5389999999999999,0.5164925006031351,-0.022507499396864805,0.022507499396864805,0.0005065875290998696
CD01_CWM_WD,RIDGE,CWM_WD,84,TmP8,0.4641666666666666,0.4961697671146561,0.032003100447989485,0.032003100447989485,0.0010241984382841048
CD01_CWM_WD,RIDGE,CWM_WD,84,TsP1,0.42,0.5106263215320789,0.09062632153207889,0.09062632153207889,0.008213130154435746
CD01_CWM_WD,RIDGE,CWM_WD,84,TsP6,0.4085714285714286,0.559697420301484,0.15112599173005536,0.15112599173005536,0.022839065376392763
CD01_CWM_WD,RIDGE,CWM_WD,84,TuP7,0.462,0.48764830253835895,0.025648302538358925,0.025648302538358925,0.0006578354230991889
CD01_CWM_WD,RIDGE,CWM_WD,84,TuP8,0.4366666666666667,0.47833757557749834,0.04167090891083164,0.04167090891083164,0.0017364646494548277
CD01_CWM_WD,RIDGE,CWM_WD,84,TuP10,0.4157142857142856,0.4665363066653165,0.05082202095103089,0.05082202095103089,0.0025828778135470226
CD01_CWM_WD,RIDGE,CWM_WD,85,CmP3,0.6368181818181818,0.5773896179651795,-0.059428563853002325,0.059428563853002325,0.0035317542016303745
CD01_CWM_WD,RIDGE,CWM_WD,85,CmP4,0.6514285714285714,0.5390274393681481,-0.11240113206042324,0.11240113206042324,0.012634014488464705
CD01_CWM_WD,RIDGE,CWM_WD,85,CsP4,0.5895238095238097,0.5937104970773581,0.004186687553548452,0.004186687553548452,1.7528352671037517e-05
CD01_CWM_WD,RIDGE,CWM_WD,85,CsP5,0.4599999999999999,0.4374015725028959,-0.022598427497104,0.022598427497104,0.0005106889253418662
CD01_CWM_WD,RIDGE,CWM_WD,85,CsP7,0.6247368421052633,0.5280694543553514,-0.0966673877499119,0.0966673877499119,0.009344583854391818
CD01_CWM_WD,RIDGE,CWM_WD,85,CsP8,0.618235294117647,0.4972153274974546,-0.12101996662019238,0.12101996662019238,0.014645832320752478
CD01_CWM_WD,RIDGE,CWM_WD,85,CuP4,0.6173076923076923,0.5794279082501581,-0.03787978405753423,0.03787978405753423,0.0014348780402454243
CD01_CWM_WD,RIDGE,CWM_WD,85,BmP1,0.54,0.5572612793060464,0.017261279306046373,0.017261279306046373,0.0002979517632813448
CD01_CWM_WD,RIDGE,CWM_WD,85,BmP7,0.5614285714285715,0.5340220715420584,-0.027406499886513114,0.027406499886513114,0.0007511162360294433
CD01_CWM_WD,RIDGE,CWM_WD,85,BmP9,0.5781250000000001,0.6025233244504021,0.02439832445040202,0.02439832445040202,0.000595278235987085
CD01_CWM_WD,RIDGE,CWM_WD,85,BmP10,0.5690000000000001,0.5526134377532488,-0.01638656224675128,0.01638656224675128,0.00026851942226665436
CD01_CWM_WD,RIDGE,CWM_WD,85,BsP3,0.541111111111111,0.5256920999015655,-0.015419011209545475,0.015419011209545475,0.000237745906680089
CD01_CWM_WD,RIDGE,CWM_WD,85,BsP5,0.47,0.5698815662260449,0.09988156622604494,0.09988156622604494,0.009976327271767801
CD01_CWM_WD,RIDGE,CWM_WD,85,BuP5,0.5626666666666666,0.6068321018343925,0.044165435167725864,0.044165435167725864,0.0019505856635545966
CD01_CWM_WD,RIDGE,CWM_WD,85,BuP9,0.5619999999999999,0.5854873927916393,0.02348739279163936,0.02348739279163936,0.0005516576201487527
CD01_CWM_WD,RIDGE,CWM_WD,85,BuP10,0.61375,0.668415026090927,0.05466502609092694,0.05466502609092694,0.002988265077521723
CD01_CWM_WD,RIDGE,CWM_WD,85,TuP2,0.422,0.4499149920681202,0.027914992068120204,0.027914992068120204,0.0007792467821632139
CD01_CWM_WD,RIDGE,CWM_WD,85,TuP9,0.38625,0.45290053171371625,0.06665053171371627,0.06665053171371627,0.004442293377721097
CD01_CWM_WD,RIDGE,CWM_WD,86,CmP2,0.6736363636363637,0.6637131649229564,-0.0099231987134073,0.0099231987134073,9.846987270576828e-05
CD01_CWM_WD,RIDGE,CWM_WD,86,CmP4,0.6514285714285714,0.545670173348457,-0.10575839808011434,0.10575839808011434,0.011184838764471931
CD01_CWM_WD,RIDGE,CWM_WD,86,CmP7,0.6136666666666666,0.6547924149918842,0.04112574832521765,0.04112574832521765,0.0016913271753091423
CD01_CWM_WD,RIDGE,CWM_WD,86,CmP10,0.6696875,0.6228211193409845,-0.046866380659015494,0.046866380659015494,0.0021964576360757417
CD01_CWM_WD,RIDGE,CWM_WD,86,CuP2,0.6658260739031261,0.5855788644835616,-0.08024720941956454,0.08024720941956454,0.006439614619627447
CD01_CWM_WD,RIDGE,CWM_WD,86,CuP3,0.6322222222222221,0.5298882524033073,-0.10233396981891485,0.10233396981891485,0.010472241378898576
CD01_CWM_WD,RIDGE,CWM_WD,86,BmP3,0.6069565217391304,0.5834350621037336,-0.023521459635396758,0.023521459635396758,0.0005532590633795989
CD01_CWM_WD,RIDGE,CWM_WD,86,BmP6,0.555,0.6251952819953193,0.07019528199531921,0.07019528199531921,0.004927377614402386
CD01_CWM_WD,RIDGE,CWM_WD,86,BsP5,0.47,0.5748908092588417,0.10489080925884176,0.10489080925884176,0.011002081866974723
CD01_CWM_WD,RIDGE,CWM_WD,86,BuP5,0.5626666666666666,0.6154373144290533,0.0527706477623866,0.0527706477623866,0.0027847412652618783
CD01_CWM_WD,RIDGE,CWM_WD,86,BuP10,0.61375,0.6721112809561749,0.05836128095617488,0.05836128095617488,0.0034060391148455806
CD01_CWM_WD,RIDGE,CWM_WD,86,TmP6,0.5377777777777778,0.6123943810651915,0.07461660328741371,0.07461660328741371,0.005567637486151278
CD01_CWM_WD,RIDGE,CWM_WD,86,TmP9,0.553076923076923,0.516941214661506,-0.03613570841541702,0.03613570841541702,0.0013057894226840407
CD01_CWM_WD,RIDGE,CWM_WD,86,TsP5,0.3566666666666667,0.48989533780536926,0.13322867113870257,0.13322867113870257,0.017749878813384558
CD01_CWM_WD,RIDGE,CWM_WD,86,TsP6,0.4085714285714286,0.5629890393127477,0.1544176107413191,0.1544176107413191,0.02384479850705755
CD01_CWM_WD,RIDGE,CWM_WD,86,TsP8,0.3642307692307692,0.47645662284013435,0.11222585360936516,0.11222585360936516,0.012594642218350658
CD01_CWM_WD,RIDGE,CWM_WD,86,TsP10,0.3947058823529412,0.5168260345242526,0.12212015217131139,0.12212015217131139,0.014913331566344251
CD01_CWM_WD,RIDGE,CWM_WD,86,TuP7,0.462,0.49389066894167843,0.03189066894167841,0.03189066894167841,0.001017014765547732
CD01_CWM_WD,RIDGE,CWM_WD,87,CmP1,0.6200000000000001,0.5856992895797306,-0.0343007104202695,0.0343007104202695,0.0011765387353351844
CD01_CWM_WD,RIDGE,CWM_WD,87,CsP6,0.5632,0.6336695399036396,0.07046953990363958,0.07046953990363958,0.004965956054230651
CD01_CWM_WD,RIDGE,CWM_WD,87,CsP9,0.4708333333333334,0.46483355298314144,-0.005999780350191941,0.005999780350191941,3.5997364250549334e-05
CD01_CWM_WD,RIDGE,CWM_WD,87,CuP1,0.69,0.5412317685436859,-0.14876823145631402,0.14876823145631402,0.02213198669063942
CD01_CWM_WD,RIDGE,CWM_WD,87,CuP7,0.6502608591225009,0.5644241919828149,-0.08583666713968596,0.08583666713968596,0.007367933425649244
CD01_CWM_WD,RIDGE,CWM_WD,87,CuP10,0.6372400642635879,0.6128737737672771,-0.024366290496310783,0.024366290496310783,0.0005937161125506052
CD01_CWM_WD,RIDGE,CWM_WD,87,BmP1,0.54,0.554837562771749,0.014837562771748969,0.014837562771748969,0.00022015326900559095
CD01_CWM_WD,RIDGE,CWM_WD,87,BmP9,0.5781250000000001,0.6117677017821793,0.03364270178217921,0.03364270178217921,0.001131831383204644
CD01_CWM_WD,RIDGE,CWM_WD,87,BsP3,0.541111111111111,0.5203808500096176,-0.02073026110149334,0.02073026110149334,0.0004297437253360879
CD01_CWM_WD,RIDGE,CWM_WD,87,BsP4,0.5199033743906257,0.6234190658994496,0.10351569150882389,0.10351569150882389,0.010715498388549995
CD01_CWM_WD,RIDGE,CWM_WD,87,BsP6,0.531,0.5273311561876405,-0.0036688438123595457,0.0036688438123595457,1.3460414919488926e-05
CD01_CWM_WD,RIDGE,CWM_WD,87,BsP8,0.5526315789473684,0.6498194004984603,0.09718782155109196,0.09718782155109196,0.009445472657846895
CD01_CWM_WD,RIDGE,CWM_WD,87,BuP1,0.4742857142857143,0.4721157815577262,-0.0021699327279880998,0.0021699327279880998,4.708608043993877e-06
CD01_CWM_WD,RIDGE,CWM_WD,87,BuP2,0.6646666666666667,0.5423749447973634,-0.12229172186930337,0.12229172186930337,0.014955265237759053
CD01_CWM_WD,RIDGE,CWM_WD,87,BuP3,0.6822727272727273,0.5477949999274409,-0.1344777273452864,0.1344777273452864,0.01808425915195319
CD01_CWM_WD,RIDGE,CWM_WD,87,BuP8,0.6592,0.6256683141382248,-0.03353168586177524,0.03353168586177524,0.0011243739567327775
CD01_CWM_WD,RIDGE,CWM_WD,87,TmP3,0.5196774193548387,0.5519615740084293,0.03228415465359058,0.03228415465359058,0.0010422666416969543
CD01_CWM_WD,RIDGE,CWM_WD,87,TmP5,0.4525,0.44499644976788555,-0.007503550232114464,0.007503550232114464,5.630326608586503e-05
CD01_CWM_WD,RIDGE,CWM_WD,88,CmP8,0.6404166666666667,0.5731853329787127,-0.06723133368795409,0.06723133368795409,0.00452005222946103
CD01_CWM_WD,RIDGE,CWM_WD,88,CsP8,0.618235294117647,0.49529258496005324,-0.12294270915759375,0.12294270915759375,0.015114909735008687
CD01_CWM_WD,RIDGE,CWM_WD,88,CuP4,0.6173076923076923,0.5768659452960407,-0.040441747011651596,0.040441747011651596,0.0016355349013544309
CD01_CWM_WD,RIDGE,CWM_WD,88,CuP6,0.6885714285714285,0.6174091330517147,-0.07116229551971376,0.07116229551971376,0.005064072303635073
CD01_CWM_WD,RIDGE,CWM_WD,88,CuP8,0.6104166666666666,0.5990892004194097,-0.01132746624725689,0.01132746624725689,0.0001283114915827441
CD01_CWM_WD,RIDGE,CWM_WD,88,BmP7,0.5614285714285715,0.5318003128992116,-0.029628258529359908,0.029628258529359908,0.0008778337034825881
CD01_CWM_WD,RIDGE,CWM_WD,88,BmP8,0.636470588235294,0.5072252626069809,-0.12924532562831315,0.12924532562831315,0.0167043541967687
CD01_CWM_WD,RIDGE,CWM_WD,88,BuP9,0.5619999999999999,0.5828567883050627,0.020856788305062768,0.020856788305062768,0.00043500561840220306
CD01_CWM_WD,RIDGE,CWM_WD,88,TmP7,0.5389999999999999,0.5038994977888405,-0.03510050221115946,0.03510050221115946,0.0012320452554756098
CD01_CWM_WD,RIDGE,CWM_WD,88,TmP10,0.5299999999999999,0.5310906179008363,0.0010906179008364214,0.0010906179008364214,1.1894474056248423e-06
CD01_CWM_WD,RIDGE,CWM_WD,88,TsP1,0.42,0.5023895349438059,0.08238953494380591,0.08238953494380591,0.006788035468256615
CD01_CWM_WD,RIDGE,CWM_WD,88,TsP3,0.4716666666666667,0.4899698724722388,0.018303205805572098,0.018303205805572098,0.00033500734276112814
CD01_CWM_WD,RIDGE,CWM_WD,88,TsP7,0.3945454545454545,0.5016798399454306,0.10713438539997616,0.10713438539997616,0.011477776535030626
CD01_CWM_WD,RIDGE,CWM_WD,88,TuP1,0.4285714285714285,0.43842641224174816,0.009854983670319672,0.009854983670319672,9.71207031422674e-05
CD01_CWM_WD,RIDGE,CWM_WD,88,TuP2,0.422,0.44836214221900184,0.02636214221900185,0.02636214221900185,0.0006949625423748797
CD01_CWM_WD,RIDGE,CWM_WD,88,TuP3,0.4644444444444444,0.37353088436757936,-0.09091356007686502,0.09091356007686502,0.008265275405849745
CD01_CWM_WD,RIDGE,CWM_WD,88,TuP5,0.4609999999999999,0.41101258195601653,-0.04998741804398338,0.04998741804398338,0.002498741962703955
CD01_CWM_WD,RIDGE,CWM_WD,88,TuP8,0.4366666666666667,0.46632722735211923,0.02966056068545253,0.02966056068545253,0.0008797488601754123
CD01_CWM_WD,RIDGE,CWM_WD,89,CsP1,0.53,0.5469842189180916,0.016984218918091543,0.016984218918091543,0.0002884636922576587
CD01_CWM_WD,RIDGE,CWM_WD,89,CsP2,0.6011764705882352,0.5444382703685801,-0.056738200219655144,0.056738200219655144,0.003219223364165675
CD01_CWM_WD,RIDGE,CWM_WD,89,CsP3,0.6058333333333333,0.5916308302856587,-0.014202503047674675,0.014202503047674675,0.00020171109281920844
CD01_CWM_WD,RIDGE,CWM_WD,89,CsP4,0.5895238095238097,0.5881623984325908,-0.0013614110912189004,0.0013614110912189004,1.853440159293837e-06
CD01_CWM_WD,RIDGE,CWM_WD,89,CsP5,0.4599999999999999,0.45051439218620126,-0.009485607813798647,0.009485607813798647,8.997675559719794e-05
CD01_CWM_WD,RIDGE,CWM_WD,89,CuP5,0.6655172413793102,0.615603009019359,-0.04991423235995118,0.04991423235995118,0.0024914305920831978
CD01_CWM_WD,RIDGE,CWM_WD,89,CuP9,0.6696,0.6305536171491906,-0.039046382850809414,0.039046382850809414,0.0015246200137319834
CD01_CWM_WD,RIDGE,CWM_WD,89,BmP2,0.6011764705882352,0.5444382703685801,-0.056738200219655144,0.056738200219655144,0.003219223364165675
CD01_CWM_WD,RIDGE,CWM_WD,89,BmP4,0.5711111111111111,0.5552539919716383,-0.015857119139472853,0.015857119139472853,0.0002514482274034363
CD01_CWM_WD,RIDGE,CWM_WD,89,BmP10,0.5690000000000001,0.554963436073094,-0.01403656392690611,0.01403656392690611,0.00019702512687412186
CD01_CWM_WD,RIDGE,CWM_WD,89,BsP2,0.5675000000000001,0.5578507561290733,-0.009649243870926805,0.009649243870926805,9.31079072806185e-05
CD01_CWM_WD,RIDGE,CWM_WD,89,BuP6,0.6005555555555556,0.576218980504049,-0.02433657505150666,0.02433657505150666,0.0005922688852376164
CD01_CWM_WD,RIDGE,CWM_WD,89,TmP4,0.4611111111111111,0.5106581962119948,0.049547085100883737,0.049547085100883737,0.002454913641994215
CD01_CWM_WD,RIDGE,CWM_WD,89,TmP8,0.4641666666666666,0.4958274582274737,0.03166079156080709,0.03166079156080709,0.0010024057222568733
CD01_CWM_WD,RIDGE,CWM_WD,89,TsP2,0.4023076923076922,0.5037213325058592,0.10141364019816695,0.10141364019816695,0.010284726418243264
CD01_CWM_WD,RIDGE,CWM_WD,89,TsP9,0.3686666666666666,0.5386799185958516,0.17001325192918504,0.17001325192918504,0.02890450583153654
CD01_CWM_WD,RIDGE,CWM_WD,89,TuP6,0.465,0.4874723422973101,0.0224723422973101,0.0224723422973101,0.0005050061683274725
CD01_CWM_WD,RIDGE,CWM_WD,89,TuP9,0.38625,0.47014647137120114,0.08389647137120115,0.08389647137120115,0.007038617908538775
CD01_CWM_WD,RIDGE,CWM_WD,90,CmP3,0.6368181818181818,0.5776247515547538,-0.05919343026342805,0.05919343026342805,0.0035038621863513197
CD01_CWM_WD,RIDGE,CWM_WD,90,CmP5,0.7284615384615385,0.5107806121417972,-0.21768092631974134,0.21768092631974134,0.04738498568342066
CD01_CWM_WD,RIDGE,CWM_WD,90,CmP6,0.6904545454545455,0.6204016933763236,-0.07005285207822198,0.07005285207822198,0.00490740208429325
CD01_CWM_WD,RIDGE,CWM_WD,90,CmP9,0.6306666666666667,0.6177523137421813,-0.012914352924485395,0.012914352924485395,0.00016678051145816448
CD01_CWM_WD,RIDGE,CWM_WD,90,CsP7,0.6247368421052633,0.5294376600228461,-0.09529918208241717,0.09529918208241717,0.009081934105577701
CD01_CWM_WD,RIDGE,CWM_WD,90,CsP10,0.615,0.5344609420578895,-0.08053905794211047,0.08053905794211047,0.006486539854202627
CD01_CWM_WD,RIDGE,CWM_WD,90,BmP5,0.4599999999999999,0.44211652366631415,-0.017883476333685755,0.017883476333685755,0.0003198187257774985
CD01_CWM_WD,RIDGE,CWM_WD,90,BsP1,0.5485185185185185,0.544891374931378,-0.0036271435871405577,0.0036271435871405577,1.3156170601734873e-05
CD01_CWM_WD,RIDGE,CWM_WD,90,BsP7,0.5061111111111112,0.5583610539861961,0.05224994287508489,0.05224994287508489,0.002730056530449634
CD01_CWM_WD,RIDGE,CWM_WD,90,BsP9,0.5617391304347826,0.6091418299312192,0.04740269949643661,0.04740269949643661,0.0022470159195494715
CD01_CWM_WD,RIDGE,CWM_WD,90,BsP10,0.4529166666666667,0.6038987658839615,0.15098209921729483,0.15098209921729483,0.02279559428406106
CD01_CWM_WD,RIDGE,CWM_WD,90,BuP4,0.6058823529411765,0.5934653341385803,-0.012417018802596269,0.012417018802596269,0.0001541823559440293
CD01_CWM_WD,RIDGE,CWM_WD,90,BuP7,0.5858823529411764,0.5833103784983328,-0.0025719744428436275,0.0025719744428436275,6.6150525346407884e-06
CD01_CWM_WD,RIDGE,CWM_WD,90,TmP1,0.5588888888888889,0.47131539486290513,-0.08757349402598374,0.08757349402598374,0.00766911685591901
CD01_CWM_WD,RIDGE,CWM_WD,90,TmP2,0.4175,0.4942219894284084,0.07672198942840841,0.07672198942840841,0.005886263661852812
CD01_CWM_WD,RIDGE,CWM_WD,90,TsP4,0.373076923076923,0.4827950403202237,0.10971811724330072,0.10971811724330072,0.012038065251414681
CD01_CWM_WD,RIDGE,CWM_WD,90,TuP4,0.3975,0.48853636248482946,0.09103636248482944,0.09103636248482944,0.008287619294469261
CD01_CWM_WD,RIDGE,CWM_WD,90,TuP10,0.4157142857142856,0.4580684966921941,0.042354210977908535,0.042354210977908535,0.001793879187561188
CD01_CWM_WD,RIDGE,CWM_WD,91,CmP5,0.7284615384615385,0.4979549664553767,-0.23050657200616181,0.23050657200616181,0.05313327973803186
CD01_CWM_WD,RIDGE,CWM_WD,91,CmP8,0.6404166666666667,0.5658077372251896,-0.07460892944147712,0.07460892944147712,0.0055664923524033115
CD01_CWM_WD,RIDGE,CWM_WD,91,CsP6,0.5632,0.6232872846008068,0.06008728460080681,0.06008728460080681,0.0036104817706983554
CD01_CWM_WD,RIDGE,CWM_WD,91,CsP9,0.4708333333333334,0.4617111085411032,-0.009122224792230182,0.009122224792230182,8.321498515997899e-05
CD01_CWM_WD,RIDGE,CWM_WD,91,CuP1,0.69,0.5341988243696502,-0.1558011756303498,0.1558011756303498,0.0242740063277991
CD01_CWM_WD,RIDGE,CWM_WD,91,CuP4,0.6173076923076923,0.5615855689190854,-0.05572212338860694,0.05572212338860694,0.0031049550349351363
CD01_CWM_WD,RIDGE,CWM_WD,91,CuP5,0.6655172413793102,0.6067247731583584,-0.058792468220951855,0.058792468220951855,0.003456554319511634
CD01_CWM_WD,RIDGE,CWM_WD,91,BmP4,0.5711111111111111,0.5534049701234339,-0.0177061409876772,0.0177061409876772,0.0003135074286755025
CD01_CWM_WD,RIDGE,CWM_WD,91,BmP8,0.636470588235294,0.5042066784690409,-0.13226390976625313,0.13226390976625313,0.01749374182665555
CD01_CWM_WD,RIDGE,CWM_WD,91,BsP3,0.541111111111111,0.5145799018632365,-0.026531209247874443,0.026531209247874443,0.0007039050641544983
CD01_CWM_WD,RIDGE,CWM_WD,91,BuP2,0.6646666666666667,0.5358780152899918,-0.12878865137667495,0.12878865137667495,0.016586516723422717
CD01_CWM_WD,RIDGE,CWM_WD,91,BuP3,0.6822727272727273,0.5406760412397099,-0.14159668603301734,0.14159668603301734,0.020049621495532886
CD01_CWM_WD,RIDGE,CWM_WD,91,BuP5,0.5626666666666666,0.5854266597316032,0.02275999306493659,0.02275999306493659,0.0005180172843159617
CD01_CWM_WD,RIDGE,CWM_WD,91,TmP2,0.4175,0.48667972363559875,0.06917972363559877,0.06917972363559877,0.004785834162297823
CD01_CWM_WD,RIDGE,CWM_WD,91,TmP8,0.4641666666666666,0.48352265564606095,0.019355988979394334,0.019355988979394334,0.0003746543093704349
CD01_CWM_WD,RIDGE,CWM_WD,91,TmP9,0.553076923076923,0.5113604099082873,-0.04171651316863567,0.04171651316863567,0.0017402674709489534
CD01_CWM_WD,RIDGE,CWM_WD,91,TuP7,0.462,0.4674111539164036,0.005411153916403566,0.005411153916403566,2.928058670700965e-05
CD01_CWM_WD,RIDGE,CWM_WD,91,TuP8,0.4366666666666667,0.46509368138703655,0.028427014720369848,0.028427014720369848,0.000808095165912124
CD01_CWM_WD,RIDGE,CWM_WD,92,CmP3,0.6368181818181818,0.5798274315027852,-0.05699075031539669,0.05699075031539669,0.0032479456215118874
CD01_CWM_WD,RIDGE,CWM_WD,92,CmP9,0.6306666666666667,0.6238118243508401,-0.006854842315826559,0.006854842315826559,4.6988863174846424e-05
CD01_CWM_WD,RIDGE,CWM_WD,92,CuP3,0.6322222222222221,0.528274600530816,-0.10394762169140614,0.10394762169140614,0.01080510805529969
CD01_CWM_WD,RIDGE,CWM_WD,92,BmP10,0.5690000000000001,0.5574874494936249,-0.011512550506375119,0.011512550506375119,0.000132538819161838
CD01_CWM_WD,RIDGE,CWM_WD,92,BsP1,0.5485185185185185,0.5579638212463409,0.009445302727822402,0.009445302727822402,8.921374362020931e-05
CD01_CWM_WD,RIDGE,CWM_WD,92,BsP2,0.5675000000000001,0.5571825259643534,-0.010317474035646756,0.010317474035646756,0.00010645027047624497
CD01_CWM_WD,RIDGE,CWM_WD,92,BsP4,0.5199033743906257,0.6347499582986651,0.11484658390803937,0.11484658390803937,0.013189737835346327
CD01_CWM_WD,RIDGE,CWM_WD,92,BsP5,0.47,0.5716238310419164,0.10162383104191641,0.10162383104191641,0.010327403035635974
CD01_CWM_WD,RIDGE,CWM_WD,92,BsP9,0.5617391304347826,0.6136549856850027,0.05191585525022002,0.05191585525022002,0.0026952560263617978
CD01_CWM_WD,RIDGE,CWM_WD,92,BuP1,0.4742857142857143,0.4673335685357911,-0.0069521457499232,0.0069521457499232,4.833233052817521e-05
CD01_CWM_WD,RIDGE,CWM_WD,92,BuP6,0.6005555555555556,0.5817806697077539,-0.018774885847801737,0.018774885847801737,0.00035249633859798596
CD01_CWM_WD,RIDGE,CWM_WD,92,TmP1,0.5588888888888889,0.4745240166579172,-0.08436487223097167,0.08436487223097167,0.007117431666548174
CD01_CWM_WD,RIDGE,CWM_WD,92,TmP5,0.4525,0.4627315209555883,0.010231520955588269,0.010231520955588269,0.00010468402106464188
CD01_CWM_WD,RIDGE,CWM_WD,92,TmP7,0.5389999999999999,0.5088152849536449,-0.030184715046355004,0.030184715046355004,0.0009111170224296502
CD01_CWM_WD,RIDGE,CWM_WD,92,TsP2,0.4023076923076922,0.5009292656612535,0.09862157335356131,0.09862157335356131,0.009726214730731875
CD01_CWM_WD,RIDGE,CWM_WD,92,TsP5,0.3566666666666667,0.4894543511274018,0.13278768446073513,0.13278768446073513,0.01763256914444376
CD01_CWM_WD,RIDGE,CWM_WD,92,TsP10,0.3947058823529412,0.5140524948708023,0.1193466125178611,0.1193466125178611,0.01424361391948848
CD01_CWM_WD,RIDGE,CWM_WD,92,TuP6,0.465,0.4851445694372649,0.020144569437264892,0.020144569437264892,0.0004058036778127868
CD01_CWM_WD,RIDGE,CWM_WD,93,CmP1,0.6200000000000001,0.582188340874911,-0.0378116591250891,0.0378116591250891,0.001429721565791934
CD01_CWM_WD,RIDGE,CWM_WD,93,CmP6,0.6904545454545455,0.6197600589876345,-0.07069448646691101,0.07069448646691101,0.004997710416820264
CD01_CWM_WD,RIDGE,CWM_WD,93,CmP7,0.6136666666666666,0.6449955216486878,0.031328854982021204,0.031328854982021204,0.0009814971544845148
CD01_CWM_WD,RIDGE,CWM_WD,93,CsP1,0.53,0.548512479476553,0.01851247947655299,0.01851247947655299,0.00034271189636979566
CD01_CWM_WD,RIDGE,CWM_WD,93,CsP4,0.5895238095238097,0.5910723868182155,0.0015485772944058285,0.0015485772944058285,2.398091636749276e-06
CD01_CWM_WD,RIDGE,CWM_WD,93,CsP5,0.4599999999999999,0.4463329104910493,-0.013667089508950625,0.013667089508950625,0.00018678933564566824
CD01_CWM_WD,RIDGE,CWM_WD,93,CsP8,0.618235294117647,0.5030595695213137,-0.1151757245963333,0.1151757245963333,0.013265447536290415
CD01_CWM_WD,RIDGE,CWM_WD,93,CuP6,0.6885714285714285,0.6186677264730611,-0.06990370209836738,0.06990370209836738,0.0048865275670572925
CD01_CWM_WD,RIDGE,CWM_WD,93,CuP9,0.6696,0.6328941304375195,-0.03670586956248045,0.03670586956248045,0.001347320860337829
CD01_CWM_WD,RIDGE,CWM_WD,93,BmP3,0.6069565217391304,0.5764918140615419,-0.030464707677588465,0.030464707677588465,0.0009280984138809175
CD01_CWM_WD,RIDGE,CWM_WD,93,BsP7,0.5061111111111112,0.5577208680741443,0.05160975696303316,0.05160975696303316,0.00266356701378335
CD01_CWM_WD,RIDGE,CWM_WD,93,BsP8,0.5526315789473684,0.632599613921161,0.07996803497379268,0.07996803497379268,0.006394886617569729
CD01_CWM_WD,RIDGE,CWM_WD,93,BuP4,0.6058823529411765,0.5952627600489396,-0.010619592892236907,0.010619592892236907,0.00011277575319684863
CD01_CWM_WD,RIDGE,CWM_WD,93,BuP7,0.5858823529411764,0.580093154259549,-0.005789198681627417,0.005789198681627417,3.351482137535662e-05
CD01_CWM_WD,RIDGE,CWM_WD,93,BuP8,0.6592,0.6190815475411326,-0.04011845245886736,0.04011845245886736,0.0016094902276944005
CD01_CWM_WD,RIDGE,CWM_WD,93,TsP3,0.4716666666666667,0.4977470376380879,0.02608037097142124,0.02608037097142124,0.0006801857500069517
CD01_CWM_WD,RIDGE,CWM_WD,93,TsP4,0.373076923076923,0.4919908585488624,0.1189139354719394,0.1189139354719394,0.014140524049424568
CD01_CWM_WD,RIDGE,CWM_WD,93,TsP9,0.3686666666666666,0.533163916859593,0.16449725019292638,0.16449725019292638,0.02705934532103422
CD01_CWM_WD,RIDGE,CWM_WD,94,CmP4,0.6514285714285714,0.5427808948952413,-0.10864767653333007,0.10864767653333007,0.011804317616091122
CD01_CWM_WD,RIDGE,CWM_WD,94,CmP10,0.6696875,0.6214378078696858,-0.04824969213031416,0.04824969213031416,0.0023280327906701
CD01_CWM_WD,RIDGE,CWM_WD,94,CsP10,0.615,0.536538841125052,-0.07846115887494798,0.07846115887494798,0.0061561534519998275
CD01_CWM_WD,RIDGE,CWM_WD,94,CuP2,0.6658260739031261,0.5795396559863555,-0.08628641791677061,0.08628641791677061,0.0074453459169075914
CD01_CWM_WD,RIDGE,CWM_WD,94,CuP8,0.6104166666666666,0.6047182846828055,-0.005698381983861078,0.005698381983861078,3.247155723399252e-05
CD01_CWM_WD,RIDGE,CWM_WD,94,BmP2,0.6011764705882352,0.5462487025453463,-0.0549277680428889,0.0549277680428889,0.0030170597021734074
CD01_CWM_WD,RIDGE,CWM_WD,94,BmP6,0.555,0.6261563714305156,0.07115637143051556,0.07115637143051556,0.0050632291951574915
CD01_CWM_WD,RIDGE,CWM_WD,94,BmP7,0.5614285714285715,0.5379259641850941,-0.023502607243477414,0.023502607243477414,0.000552372547241157
CD01_CWM_WD,RIDGE,CWM_WD,94,BsP10,0.4529166666666667,0.6098576754750216,0.15694100880835488,0.15694100880835488,0.024630480245784122
CD01_CWM_WD,RIDGE,CWM_WD,94,BuP9,0.5619999999999999,0.5909211005487608,0.028921100548760847,0.028921100548760847,0.0008364300569515349
CD01_CWM_WD,RIDGE,CWM_WD,94,TmP3,0.5196774193548387,0.5563053447306512,0.0366279253758125,0.0366279253758125,0.0013416049173360892
CD01_CWM_WD,RIDGE,CWM_WD,94,TsP1,0.42,0.5060844544870686,0.08608445448706864,0.08608445448706864,0.007410533304336192
CD01_CWM_WD,RIDGE,CWM_WD,94,TsP6,0.4085714285714286,0.5587328100857247,0.15016138151429614,0.15016138151429614,0.022548440498282
CD01_CWM_WD,RIDGE,CWM_WD,94,TuP1,0.4285714285714285,0.44150918572873765,0.01293775715730916,0.01293775715730916,0.00016738556026150438
CD01_CWM_WD,RIDGE,CWM_WD,94,TuP3,0.4644444444444444,0.374989599529661,-0.0894548449147834,0.0894548449147834,0.008002169278727949
CD01_CWM_WD,RIDGE,CWM_WD,94,TuP4,0.3975,0.48784144109082883,0.09034144109082881,0.09034144109082881,0.008161575978367693
CD01_CWM_WD,RIDGE,CWM_WD,94,TuP5,0.4609999999999999,0.4126523357664894,-0.0483476642335105,0.0483476642335105,0.0023374966368362705
CD01_CWM_WD,RIDGE,CWM_WD,94,TuP10,0.4157142857142856,0.4559376107098617,0.040223324995576126,0.040223324995576126,0.0016179158736997392
CD01_CWM_WD,RIDGE,CWM_WD,95,CmP2,0.6736363636363637,0.6537699966847178,-0.019866366951645897,0.019866366951645897,0.0003946725358574483
CD01_CWM_WD,RIDGE,CWM_WD,95,CsP2,0.6011764705882352,0.5466312590449738,-0.05454521154326142,0.05454521154326142,0.002975180102299139
CD01_CWM_WD,RIDGE,CWM_WD,95,CsP3,0.6058333333333333,0.594152086414975,-0.011681246918358368,0.011681246918358368,0.00013645152956765687
CD01_CWM_WD,RIDGE,CWM_WD,95,CsP7,0.6247368421052633,0.5338273076127922,-0.09090953449247108,0.09090953449247108,0.008264543461637788
CD01_CWM_WD,RIDGE,CWM_WD,95,CuP7,0.6502608591225009,0.5752594346087911,-0.07500142451370972,0.07500142451370972,0.005625213679085698
CD01_CWM_WD,RIDGE,CWM_WD,95,CuP10,0.6372400642635879,0.612610986106676,-0.024629078156911954,0.024629078156911954,0.0006065914908592776
CD01_CWM_WD,RIDGE,CWM_WD,95,BmP1,0.54,0.5611220639599924,0.021122063959992388,0.021122063959992388,0.0004461415859300093
CD01_CWM_WD,RIDGE,CWM_WD,95,BmP5,0.4599999999999999,0.4504489836580489,-0.00955101634195099,0.00955101634195099,9.122191316421488e-05
CD01_CWM_WD,RIDGE,CWM_WD,95,BmP9,0.5781250000000001,0.5996142361048001,0.021489236104800025,0.021489236104800025,0.00046178726836784093
CD01_CWM_WD,RIDGE,CWM_WD,95,BsP6,0.531,0.5432897149524685,0.012289714952468445,0.012289714952468445,0.00015103709361292646
CD01_CWM_WD,RIDGE,CWM_WD,95,BuP10,0.61375,0.6616258683898198,0.04787586838981983,0.04787586838981983,0.00229209877407935
CD01_CWM_WD,RIDGE,CWM_WD,95,TmP4,0.4611111111111111,0.5069984662532435,0.045887355142132435,0.045887355142132435,0.002105649361940188
CD01_CWM_WD,RIDGE,CWM_WD,95,TmP6,0.5377777777777778,0.6056226186305396,0.06784484085276177,0.06784484085276177,0.004602922430336572
CD01_CWM_WD,RIDGE,CWM_WD,95,TmP10,0.5299999999999999,0.5374419681232547,0.007441968123254816,0.007441968123254816,5.538288954754081e-05
CD01_CWM_WD,RIDGE,CWM_WD,95,TsP7,0.3945454545454545,0.5128140502092886,0.11826859566383413,0.11826859566383413,0.013987460720295485
CD01_CWM_WD,RIDGE,CWM_WD,95,TsP8,0.3642307692307692,0.4782899728411634,0.11405920361039423,0.11405920361039423,0.013009501928237369
CD01_CWM_WD,RIDGE,CWM_WD,95,TuP2,0.422,0.4628191829757477,0.040819182975747714,0.040819182975747714,0.001666205698807572
CD01_CWM_WD,RIDGE,CWM_WD,95,TuP9,0.38625,0.46733351058834444,0.08108351058834445,0.08108351058834445,0.006574535689330167
CD01_CWM_WD,RIDGE,CWM_WD,96,CmP4,0.6514285714285714,0.5418583444041951,-0.10957022702437624,0.10957022702437624,0.01200563465017335
CD01_CWM_WD,RIDGE,CWM_WD,96,CmP5,0.7284615384615385,0.5037852617545591,-0.22467627670697943,0.22467627670697943,0.05047942931491119
CD01_CWM_WD,RIDGE,CWM_WD,96,CmP10,0.6696875,0.6132571937265178,-0.05643030627348222,0.05643030627348222,0.003184379466119007
CD01_CWM_WD,RIDGE,CWM_WD,96,CsP6,0.5632,0.6309612535634502,0.0677612535634502,0.0677612535634502,0.004591587484490192
CD01_CWM_WD,RIDGE,CWM_WD,96,CuP3,0.6322222222222221,0.5104014066086954,-0.12182081561352676,0.12182081561352676,0.014840311116744885
CD01_CWM_WD,RIDGE,CWM_WD,96,CuP6,0.6885714285714285,0.6095510542501575,-0.07902037432127096,0.07902037432127096,0.006244219557873779
CD01_CWM_WD,RIDGE,CWM_WD,96,CuP8,0.6104166666666666,0.5908973282514893,-0.01951933841517728,0.01951933841517728,0.00038100457216621545
CD01_CWM_WD,RIDGE,CWM_WD,96,BmP1,0.54,0.5543555069064526,0.014355506906452598,0.014355506906452598,0.00020608057854120822
CD01_CWM_WD,RIDGE,CWM_WD,96,BmP2,0.6011764705882352,0.5443087684242456,-0.05686770216398962,0.05686770216398962,0.0032339355494122295
CD01_CWM_WD,RIDGE,CWM_WD,96,BmP3,0.6069565217391304,0.5734993177091309,-0.03345720402999952,0.03345720402999952,0.0011193845015050163
CD01_CWM_WD,RIDGE,CWM_WD,96,BsP3,0.541111111111111,0.5207236909391919,-0.02038742017191908,0.02038742017191908,0.000415646901266373
CD01_CWM_WD,RIDGE,CWM_WD,96,BsP7,0.5061111111111112,0.5605120704028633,0.05440095929175215,0.05440095929175215,0.0029594643718628745
CD01_CWM_WD,RIDGE,CWM_WD,96,BsP8,0.5526315789473684,0.6466744707380578,0.09404289179068948,0.09404289179068948,0.00884406549635533
CD01_CWM_WD,RIDGE,CWM_WD,96,BsP9,0.5617391304347826,0.6088464304904269,0.04710730005564423,0.04710730005564423,0.002219097718532499
CD01_CWM_WD,RIDGE,CWM_WD,96,BuP1,0.4742857142857143,0.4721747918959078,-0.0021109223898065355,0.0021109223898065355,4.455993335786535e-06
CD01_CWM_WD,RIDGE,CWM_WD,96,BuP9,0.5619999999999999,0.5916934623500735,0.02969346235007353,0.02969346235007353,0.0008817017063352343
CD01_CWM_WD,RIDGE,CWM_WD,96,TmP8,0.4641666666666666,0.4881025480262359,0.02393588135956931,0.02393588135956931,0.0005729264164593776
CD01_CWM_WD,RIDGE,CWM_WD,96,TsP8,0.3642307692307692,0.45444022861269084,0.09020945938192165,0.09020945938192165,0.008137746561978573
CD01_CWM_WD,RIDGE,CWM_WD,97,CmP6,0.6904545454545455,0.6145832001361852,-0.07587134531836037,0.07587134531836037,0.005756461040417884
CD01_CWM_WD,RIDGE,CWM_WD,97,CsP9,0.4708333333333334,0.47807813645484565,0.007244803121512267,0.007244803121512267,5.248717226947388e-05
CD01_CWM_WD,RIDGE,CWM_WD,97,CuP1,0.69,0.5494886914853289,-0.14051130851467108,0.14051130851467108,0.019743427820505078
CD01_CWM_WD,RIDGE,CWM_WD,97,BmP7,0.5614285714285715,0.5426456085230061,-0.01878296290556536,0.01878296290556536,0.0003527996955118443
CD01_CWM_WD,RIDGE,CWM_WD,97,BmP9,0.5781250000000001,0.6052986184995995,0.027173618499599428,0.027173618499599428,0.0007384055423617723
CD01_CWM_WD,RIDGE,CWM_WD,97,BmP10,0.5690000000000001,0.5550896121181924,-0.013910387881807651,0.013910387881807651,0.00019349889102234115
CD01_CWM_WD,RIDGE,CWM_WD,97,BsP2,0.5675000000000001,0.5379534978761221,-0.029546502123877993,0.029546502123877993,0.0008729957877563267
CD01_CWM_WD,RIDGE,CWM_WD,97,BsP5,0.47,0.5750489984378093,0.10504899843780935,0.10504899843780935,0.01103529207278687
CD01_CWM_WD,RIDGE,CWM_WD,97,BuP2,0.6646666666666667,0.5457566094218027,-0.11891005724486403,0.11891005724486403,0.014139601713976841
CD01_CWM_WD,RIDGE,CWM_WD,97,BuP4,0.6058823529411765,0.5879231964960833,-0.01795915644509327,0.01795915644509327,0.0003225313002193352
CD01_CWM_WD,RIDGE,CWM_WD,97,BuP5,0.5626666666666666,0.5955810448623517,0.0329143781956851,0.0329143781956851,0.0010833562920085909
CD01_CWM_WD,RIDGE,CWM_WD,97,BuP6,0.6005555555555556,0.5812710002354025,-0.019284555320153163,0.019284555320153163,0.00037189407389604765
CD01_CWM_WD,RIDGE,CWM_WD,97,TmP2,0.4175,0.5018180258977928,0.0843180258977928,0.0843180258977928,0.0071095294913008575
CD01_CWM_WD,RIDGE,CWM_WD,97,TsP7,0.3945454545454545,0.5097151820255071,0.11516972748005266,0.11516972748005266,0.013264066127829597
CD01_CWM_WD,RIDGE,CWM_WD,97,TuP1,0.4285714285714285,0.45864578671792455,0.03007435814649606,0.03007435814649606,0.000904467017923714
CD01_CWM_WD,RIDGE,CWM_WD,97,TuP2,0.422,0.46534640403840943,0.04334640403840945,0.04334640403840945,0.0018789107430610388
CD01_CWM_WD,RIDGE,CWM_WD,97,TuP4,0.3975,0.49411175647172023,0.09661175647172021,0.09661175647172021,0.009333831488550973
CD01_CWM_WD,RIDGE,CWM_WD,97,TuP8,0.4366666666666667,0.48166775287653396,0.04500108620986726,0.04500108620986726,0.0020250977600679053
CD01_CWM_WD,RIDGE,CWM_WD,98,CmP2,0.6736363636363637,0.662173512919184,-0.011462850717179673,0.011462850717179673,0.00013139694656434656
CD01_CWM_WD,RIDGE,CWM_WD,98,CmP7,0.6136666666666666,0.6610847767455871,0.047418110078920495,0.047418110078920495,0.0022484771634566215
CD01_CWM_WD,RIDGE,CWM_WD,98,CmP9,0.6306666666666667,0.6233516353542963,-0.007315031312370435,0.007315031312370435,5.3509683100959924e-05
CD01_CWM_WD,RIDGE,CWM_WD,98,CsP1,0.53,0.5593206980461691,0.029320698046169102,0.029320698046169102,0.0008597033339146246
CD01_CWM_WD,RIDGE,CWM_WD,98,CsP3,0.6058333333333333,0.5989542891501127,-0.006879044183220606,0.006879044183220606,4.732124887470126e-05
CD01_CWM_WD,RIDGE,CWM_WD,98,CsP4,0.5895238095238097,0.6031289830327965,0.013605173508986823,0.013605173508986823,0.00018510074620963683
CD01_CWM_WD,RIDGE,CWM_WD,98,CuP2,0.6658260739031261,0.5773078149267727,-0.08851825897635335,0.08851825897635335,0.00783548217220476
CD01_CWM_WD,RIDGE,CWM_WD,98,CuP10,0.6372400642635879,0.6189192732016388,-0.01832079106194917,0.01832079106194917,0.0003356513851355966
CD01_CWM_WD,RIDGE,CWM_WD,98,BmP6,0.555,0.6283573971406033,0.0733573971406033,0.0733573971406033,0.005381307715244193
CD01_CWM_WD,RIDGE,CWM_WD,98,BsP1,0.5485185185185185,0.5409597867081873,-0.007558731810331176,0.007558731810331176,5.713442658051242e-05
CD01_CWM_WD,RIDGE,CWM_WD,98,BuP7,0.5858823529411764,0.5945412813620227,0.008658928420846257,0.008658928420846257,7.497704139733906e-05
CD01_CWM_WD,RIDGE,CWM_WD,98,TmP3,0.5196774193548387,0.5587472984125195,0.03906987905768078,0.03906987905768078,0.0015264554495818031
CD01_CWM_WD,RIDGE,CWM_WD,98,TmP6,0.5377777777777778,0.6189386275662062,0.08116084978842841,0.08116084978842841,0.00658708353837984
CD01_CWM_WD,RIDGE,CWM_WD,98,TsP1,0.42,0.5082711158323385,0.08827111583233854,0.08827111583233854,0.007791789890286128
CD01_CWM_WD,RIDGE,CWM_WD,98,TsP10,0.3947058823529412,0.5157700813295154,0.12106419897657422,0.12106419897657422,0.014656540273839554
CD01_CWM_WD,RIDGE,CWM_WD,98,TuP3,0.4644444444444444,0.38628438481142086,-0.07816005963302353,0.07816005963302353,0.006108994921837794
CD01_CWM_WD,RIDGE,CWM_WD,98,TuP6,0.465,0.4952704063734746,0.030270406373474557,0.030270406373474557,0.0009162975020152891
CD01_CWM_WD,RIDGE,CWM_WD,98,TuP10,0.4157142857142856,0.4647592078448196,0.04904492213053402,0.04904492213053402,0.0024054043867901454
CD01_CWM_WD,RIDGE,CWM_WD,99,CmP8,0.6404166666666667,0.584223880342308,-0.05619278632435876,0.05619278632435876,0.0031576292348950404
CD01_CWM_WD,RIDGE,CWM_WD,99,CsP7,0.6247368421052633,0.536088094658544,-0.08864874744671924,0.08864874744671924,0.007858600423872212
CD01_CWM_WD,RIDGE,CWM_WD,99,CsP10,0.615,0.5311034677460356,-0.08389653225396443,0.08389653225396443,0.007038628124240494
CD01_CWM_WD,RIDGE,CWM_WD,99,CuP9,0.6696,0.6413632893656772,-0.02823671063432276,0.02823671063432276,0.000797311827446476
CD01_CWM_WD,RIDGE,CWM_WD,99,BsP4,0.5199033743906257,0.6420438392775354,0.12214046488690966,0.12214046488690966,0.014918293162790412
CD01_CWM_WD,RIDGE,CWM_WD,99,BsP6,0.531,0.5599030584488983,0.02890305844889829,0.02890305844889829,0.0008353867877004307
CD01_CWM_WD,RIDGE,CWM_WD,99,BsP10,0.4529166666666667,0.5913283942331159,0.1384117275664492,0.1384117275664492,0.019157806327928954
CD01_CWM_WD,RIDGE,CWM_WD,99,BuP3,0.6822727272727273,0.5791288646650484,-0.10314386260767883,0.10314386260767883,0.010638656393631726
CD01_CWM_WD,RIDGE,CWM_WD,99,TmP5,0.4525,0.48192381433413484,0.029423814334134824,0.029423814334134824,0.0008657608499696379
CD01_CWM_WD,RIDGE,CWM_WD,99,TmP7,0.5389999999999999,0.5027314979035032,-0.03626850209649668,0.03626850209649668,0.001315404244323584
CD01_CWM_WD,RIDGE,CWM_WD,99,TmP10,0.5299999999999999,0.5321794869961982,0.0021794869961982988,0.0021794869961982988,4.7501635665974835e-06
CD01_CWM_WD,RIDGE,CWM_WD,99,TsP3,0.4716666666666667,0.5051686169773819,0.033501950310715234,0.033501950310715234,0.0011223806746216325
CD01_CWM_WD,RIDGE,CWM_WD,99,TsP4,0.373076923076923,0.5260406035908018,0.15296368051387887,0.15296368051387887,0.02339788755635201
CD01_CWM_WD,RIDGE,CWM_WD,99,TsP5,0.3566666666666667,0.5272591631277412,0.17059249646107455,0.17059249646107455,0.029101799848821733
CD01_CWM_WD,RIDGE,CWM_WD,99,TsP6,0.4085714285714286,0.5655360837512391,0.1569646551798105,0.1569646551798105,0.024637902975716813
CD01_CWM_WD,RIDGE,CWM_WD,99,TsP9,0.3686666666666666,0.5589695794855124,0.19030291281884582,0.19030291281884582,0.03621519862733723
CD01_CWM_WD,RIDGE,CWM_WD,99,TuP7,0.462,0.5140618515522364,0.05206185155223636,0.05206185155223636,0.0027104363870470954
CD01_CWM_WD,RIDGE,CWM_WD,99,TuP9,0.38625,0.48192381433413484,0.09567381433413485,0.09567381433413485,0.009153478749242508
CD01_CWM_WD,RIDGE,CWM_WD,100,CmP1,0.6200000000000001,0.5760760389718427,-0.04392396102815743,0.04392396102815743,0.001929314352403093
CD01_CWM_WD,RIDGE,CWM_WD,100,CmP3,0.6368181818181818,0.5693670951453903,-0.06745108667279154,0.06745108667279154,0.004549649093340436
CD01_CWM_WD,RIDGE,CWM_WD,100,CsP2,0.6011764705882352,0.5343381477248311,-0.06683832286340408,0.06683832286340408,0.004467361403192644
CD01_CWM_WD,RIDGE,CWM_WD,100,CsP5,0.4599999999999999,0.426638947694076,-0.0333610523059239,0.0333610523059239,0.0011129598109585904
CD01_CWM_WD,RIDGE,CWM_WD,100,CsP8,0.618235294117647,0.4892929579294393,-0.12894233618820772,0.12894233618820772,0.016626126061672783
CD01_CWM_WD,RIDGE,CWM_WD,100,CuP4,0.6173076923076923,0.574986454438043,-0.042321237869649364,0.042321237869649364,0.0017910871748194434
CD01_CWM_WD,RIDGE,CWM_WD,100,CuP5,0.6655172413793102,0.614506631670474,-0.051010609708836196,0.051010609708836196,0.0026020823028672134
CD01_CWM_WD,RIDGE,CWM_WD,100,CuP7,0.6502608591225009,0.5663042918391046,-0.08395656728339629,0.08395656728339629,0.007048705190011448
CD01_CWM_WD,RIDGE,CWM_WD,100,BmP4,0.5711111111111111,0.5475115401356415,-0.023599570975469608,0.023599570975469608,0.0005569397502262275
CD01_CWM_WD,RIDGE,CWM_WD,100,BmP5,0.4599999999999999,0.426638947694076,-0.0333610523059239,0.0333610523059239,0.0011129598109585904
CD01_CWM_WD,RIDGE,CWM_WD,100,BmP8,0.636470588235294,0.5008877753222608,-0.1355828129130332,0.1355828129130332,0.018382699157410563
CD01_CWM_WD,RIDGE,CWM_WD,100,BuP8,0.6592,0.6166299989553627,-0.04257000104463726,0.04257000104463726,0.0018122049889404176
CD01_CWM_WD,RIDGE,CWM_WD,100,BuP10,0.61375,0.6631036152563408,0.049353615256340744,0.049353615256340744,0.00243577933887091
CD01_CWM_WD,RIDGE,CWM_WD,100,TmP1,0.5588888888888889,0.45875524032075204,-0.10013364856813683,0.10013364856813683,0.010026747575567131
CD01_CWM_WD,RIDGE,CWM_WD,100,TmP4,0.4611111111111111,0.4897819484136284,0.028670837302517294,0.028670837302517294,0.0008220169116274171
CD01_CWM_WD,RIDGE,CWM_WD,100,TmP9,0.553076923076923,0.5002486363256691,-0.05282828675125395,0.05282828675125395,0.0027908278810727136
CD01_CWM_WD,RIDGE,CWM_WD,100,TsP2,0.4023076923076922,0.48613580789346167,0.08382811558576947,0.08382811558576947,0.007027152962661126
CD01_CWM_WD,RIDGE,CWM_WD,100,TuP5,0.4609999999999999,0.4022653816449413,-0.05873461835505861,0.05873461835505861,0.0034497553933143877
CD02_FDis,RANDOM_FOREST,FDis,1,CmP1,1.549648755865329,1.6240227927881241,0.0743740369227952,0.0743740369227952,0.005531497368193305
CD02_FDis,RANDOM_FOREST,FDis,1,CmP5,1.2468049033003985,1.5682645951961531,0.32145969189575463,0.32145969189575463,0.10333633351371349
CD02_FDis,RANDOM_FOREST,FDis,1,CsP1,1.8290436910347256,1.7929398340778895,-0.036103856956836156,0.036103856956836156,0.0013034884871596865
CD02_FDis,RANDOM_FOREST,FDis,1,CsP3,1.748173020862429,1.650625122611986,-0.09754789825044319,0.09754789825044319,0.009515592453078817
CD02_FDis,RANDOM_FOREST,FDis,1,CsP9,1.6651187370902774,1.6448624915570211,-0.020256245533256223,0.020256245533256223,0.0004103154831035627
CD02_FDis,RANDOM_FOREST,FDis,1,CuP3,1.7126218268341509,1.5096720276290296,-0.20294979920512124,0.20294979920512124,0.04118862099739903
CD02_FDis,RANDOM_FOREST,FDis,1,CuP7,1.785621373419769,1.5492235303041808,-0.2363978431155882,0.2363978431155882,0.05588394022970225
CD02_FDis,RANDOM_FOREST,FDis,1,CuP9,1.669960070235498,1.5243434528257331,-0.14561661740976484,0.14561661740976484,0.02120419926586183
CD02_FDis,RANDOM_FOREST,FDis,1,BmP6,1.7885764164145614,1.5788757942428195,-0.2097006221717419,0.2097006221717419,0.04397435093921565
CD02_FDis,RANDOM_FOREST,FDis,1,BmP10,1.6260271514830502,1.7317104921157591,0.1056833406327089,0.1056833406327089,0.011168968487289179
CD02_FDis,RANDOM_FOREST,FDis,1,BsP1,1.4615722971983691,1.3766314772413124,-0.08494081995705671,0.08494081995705671,0.007214942894977124
CD02_FDis,RANDOM_FOREST,FDis,1,BsP5,1.8642543387857864,1.707320303113501,-0.15693403567228548,0.15693403567228548,0.024628291552390172
CD02_FDis,RANDOM_FOREST,FDis,1,BuP6,1.667081330417253,1.6221063290749687,-0.04497500134228427,0.04497500134228427,0.002022750745738472
CD02_FDis,RANDOM_FOREST,FDis,1,BuP7,1.752807867226157,1.7319567455735672,-0.020851121652589732,0.020851121652589732,0.00043476927417109636
CD02_FDis,RANDOM_FOREST,FDis,1,TmP6,1.4951097983940702,1.6846432169929162,0.18953341859884598,0.18953341859884598,0.035922916765765374
CD02_FDis,RANDOM_FOREST,FDis,1,TsP1,2.071419731327252,1.5856159276173016,-0.4858038037099506,0.4858038037099506,0.23600533569905618
CD02_FDis,RANDOM_FOREST,FDis,1,TuP2,1.959219209608106,1.6521890904908159,-0.30703011911729017,0.30703011911729017,0.09426749404517738
CD02_FDis,RANDOM_FOREST,FDis,1,TuP7,1.6967334502757114,1.5162144518919938,-0.18051899838371765,0.18051899838371765,0.032587108777460655
CD02_FDis,RANDOM_FOREST,FDis,2,CmP6,1.4337041640080512,1.5437541822196745,0.1100500182116233,0.1100500182116233,0.012111006508378621
CD02_FDis,RANDOM_FOREST,FDis,2,CmP10,1.3742064055878451,1.6541553547621801,0.279948949174335,0.279948949174335,0.07837141414381439
CD02_FDis,RANDOM_FOREST,FDis,2,CsP2,1.585489648486885,1.583690648074208,-0.0017990004126771098,0.0017990004126771098,3.236402484812411e-06
CD02_FDis,RANDOM_FOREST,FDis,2,CsP7,1.4797042507397251,1.609103530190976,0.12939927945125085,0.12939927945125085,0.01674417352250291
CD02_FDis,RANDOM_FOREST,FDis,2,BmP1,1.6922096019465238,1.632264052453862,-0.05994554949266173,0.05994554949266173,0.0035934689039771573
CD02_FDis,RANDOM_FOREST,FDis,2,BmP2,1.585489648486885,1.583690648074208,-0.0017990004126771098,0.0017990004126771098,3.236402484812411e-06
CD02_FDis,RANDOM_FOREST,FDis,2,BmP4,1.7597126021974243,1.635508137148571,-0.12420446504885341,0.12420446504885341,0.015426749138071847
CD02_FDis,RANDOM_FOREST,FDis,2,BsP3,1.670383487840285,1.6181373755655448,-0.052246112274740186,0.052246112274740186,0.0027296562478247573
CD02_FDis,RANDOM_FOREST,FDis,2,BsP8,1.8390226503426368,1.733372433097207,-0.10565021724542989,0.10565021724542989,0.011161968404006531
CD02_FDis,RANDOM_FOREST,FDis,2,BsP10,1.7638322969338716,1.8254201915302242,0.06158789459635261,0.06158789459635261,0.003793068760811439
CD02_FDis,RANDOM_FOREST,FDis,2,TmP3,1.701411063049406,1.6172810824465216,-0.08412998060288435,0.08412998060288435,0.007077853636241697
CD02_FDis,RANDOM_FOREST,FDis,2,TmP7,1.7859883176606266,1.7393503318908379,-0.046637985769788726,0.046637985769788726,0.002175101716663016
CD02_FDis,RANDOM_FOREST,FDis,2,TmP8,1.3943505685635922,1.7915673350454624,0.3972167664818702,0.3972167664818702,0.1577811595743126
CD02_FDis,RANDOM_FOREST,FDis,2,TmP9,1.6330604151148294,1.769801282444509,0.13674086732967972,0.13674086732967972,0.01869806479807307
CD02_FDis,RANDOM_FOREST,FDis,2,TmP10,1.4665960823323403,1.7199445624038774,0.2533484800715371,0.2533484800715371,0.06418545235455803
CD02_FDis,RANDOM_FOREST,FDis,2,TsP4,1.039274247121184,1.2192960054182151,0.18002175829703115,0.18002175829703115,0.0324078334603547
CD02_FDis,RANDOM_FOREST,FDis,2,TsP6,1.967378855447456,1.6218499984428694,-0.3455288570045867,0.3455288570045867,0.11939019102289611
CD02_FDis,RANDOM_FOREST,FDis,2,TsP7,1.3625709657138958,1.810318674780172,0.44774770906627626,0.44774770906627626,0.20047801097409876
CD02_FDis,RANDOM_FOREST,FDis,3,CmP4,1.4629370108766342,1.541260706006087,0.07832369512945281,0.07832369512945281,0.0061346012187314695
CD02_FDis,RANDOM_FOREST,FDis,3,CmP7,1.610010364672139,1.6126576522270004,0.0026472875548613217,0.0026472875548613217,7.008131398123635e-06
CD02_FDis,RANDOM_FOREST,FDis,3,CmP8,1.5797608250239128,1.7117041572893401,0.13194333226542732,0.13194333226542732,0.017409042929304952
CD02_FDis,RANDOM_FOREST,FDis,3,CmP9,1.624104638859433,1.4911072337599098,-0.13299740509952307,0.13299740509952307,0.017688309763206646
CD02_FDis,RANDOM_FOREST,FDis,3,CsP4,1.703158438505631,1.6220934077284372,-0.08106503077719385,0.08106503077719385,0.006571539214907386
CD02_FDis,RANDOM_FOREST,FDis,3,CsP8,1.6478177671947116,1.8484283533972823,0.20061058620257066,0.20061058620257066,0.04024460729653903
CD02_FDis,RANDOM_FOREST,FDis,3,CsP10,1.580018149829522,1.7833257508232372,0.20330760099371514,0.20330760099371514,0.041333980621819685
CD02_FDis,RANDOM_FOREST,FDis,3,CuP5,1.652878151064698,1.4911072337599098,-0.1617709173047881,0.1617709173047881,0.026169829685632588
CD02_FDis,RANDOM_FOREST,FDis,3,CuP6,1.595432956136453,1.5032212048194924,-0.09221175131696069,0.09221175131696069,0.008503007080941002
CD02_FDis,RANDOM_FOREST,FDis,3,CuP8,1.7460953380476807,1.5206437879547847,-0.22545155009289597,0.22545155009289597,0.05082840143928958
CD02_FDis,RANDOM_FOREST,FDis,3,BmP5,1.9907648308977288,2.0112545708123237,0.020489739914594907,0.020489739914594907,0.0004198294417677437
CD02_FDis,RANDOM_FOREST,FDis,3,BmP9,1.6469926742285126,1.7680880116921778,0.12109533746366519,0.12109533746366519,0.014664080755438954
CD02_FDis,RANDOM_FOREST,FDis,3,BsP6,1.3482727092943954,1.5637899033656724,0.215517194071277,0.215517194071277,0.046447660940356475
CD02_FDis,RANDOM_FOREST,FDis,3,BuP4,1.6325721932941426,1.609510293893533,-0.023061899400609542,0.023061899400609542,0.0005318512039638348
CD02_FDis,RANDOM_FOREST,FDis,3,TmP5,1.297295647135223,1.4095565644116466,0.11226091727642351,0.11226091727642351,0.012602513547744002
CD02_FDis,RANDOM_FOREST,FDis,3,TsP9,1.79619465045184,1.474957033086608,-0.32123761736523204,0.32123761736523204,0.10319360681049124
CD02_FDis,RANDOM_FOREST,FDis,3,TuP5,0.8766009122519117,1.4672257410121943,0.5906248287602825,0.5906248287602825,0.3488376883481131
CD02_FDis,RANDOM_FOREST,FDis,3,TuP8,1.6714786505929893,1.6041881953054882,-0.0672904552875011,0.0672904552875011,0.0045280053727991855
CD02_FDis,RANDOM_FOREST,FDis,4,CsP6,1.748561221878778,1.681813370336256,-0.06674785154252194,0.06674785154252194,0.004455275685542549
CD02_FDis,RANDOM_FOREST,FDis,4,BmP3,1.6852035581350082,1.6668233627631526,-0.018380195371855645,0.018380195371855645,0.00033783158190758367
CD02_FDis,RANDOM_FOREST,FDis,4,BmP7,1.8275097408946472,1.5395427320901958,-0.2879670088044515,0.2879670088044515,0.08292499815978303
CD02_FDis,RANDOM_FOREST,FDis,4,BsP2,1.2376536979554675,1.4212223457166768,0.1835686477612093,0.1835686477612093,0.03369744844087893
CD02_FDis,RANDOM_FOREST,FDis,4,BsP4,1.3718923212641478,1.5720414148627744,0.20014909359862654,0.20014909359862654,0.04005965966835177
CD02_FDis,RANDOM_FOREST,FDis,4,BsP7,1.7537725052501962,1.5789961618460404,-0.17477634340415582,0.17477634340415582,0.0305467702137274
CD02_FDis,RANDOM_FOREST,FDis,4,BsP9,1.5589992381964568,1.7087364984329123,0.1497372602364555,0.1497372602364555,0.02242124710312
CD02_FDis,RANDOM_FOREST,FDis,4,BuP1,1.7323527466091853,1.6975680513067657,-0.034784695302419566,0.034784695302419566,0.0012099750272821699
CD02_FDis,RANDOM_FOREST,FDis,4,BuP5,1.52170317522943,1.4761251137906701,-0.045578061438759976,0.045578061438759976,0.0020773596845153793
CD02_FDis,RANDOM_FOREST,FDis,4,BuP8,1.4082109927912507,1.688588067210517,0.2803770744192662,0.2803770744192662,0.07861130385990672
CD02_FDis,RANDOM_FOREST,FDis,4,BuP9,1.8201912166460104,1.7784878092080207,-0.041703407437989615,0.041703407437989615,0.0017391741919389676
CD02_FDis,RANDOM_FOREST,FDis,4,TmP2,2.1676288473661294,1.6740466102873062,-0.4935822370788232,0.4935822370788232,0.24362342475973564
CD02_FDis,RANDOM_FOREST,FDis,4,TsP3,1.7986008371256086,1.6740466102873062,-0.12455422683830242,0.12455422683830242,0.015513755423287295
CD02_FDis,RANDOM_FOREST,FDis,4,TsP10,1.5791042214997209,1.5637560008525442,-0.015348220647176669,0.015348220647176669,0.00023556787703442022
CD02_FDis,RANDOM_FOREST,FDis,4,TuP1,2.924414402508278,1.759446783809295,-1.1649676186989828,1.1649676186989828,1.3571495526171786
CD02_FDis,RANDOM_FOREST,FDis,4,TuP6,2.0604414160492137,1.6735438921648358,-0.3868975238843779,0.3868975238843779,0.14968969398786278
CD02_FDis,RANDOM_FOREST,FDis,4,TuP9,1.638172594265633,1.2001246746415093,-0.4380479196241238,0.4380479196241238,0.19188597988702283
CD02_FDis,RANDOM_FOREST,FDis,4,TuP10,1.5315754549363598,1.719976658473807,0.18840120353744716,0.18840120353744716,0.035495013494358595
CD02_FDis,RANDOM_FOREST,FDis,5,CmP2,1.3721195030879645,1.5363333288771377,0.1642138257891732,0.1642138257891732,0.026966180580316926
CD02_FDis,RANDOM_FOREST,FDis,5,CmP3,1.6260822291125805,1.6531912121442693,0.02710898303168885,0.02710898303168885,0.000734896961012394
CD02_FDis,RANDOM_FOREST,FDis,5,CsP5,1.9907648308977288,2.0690924871566234,0.0783276562588946,0.0783276562588946,0.00613522173501155
CD02_FDis,RANDOM_FOREST,FDis,5,CuP1,1.5257145471226057,1.4657838569760435,-0.05993069014656216,0.05993069014656216,0.003591687621443243
CD02_FDis,RANDOM_FOREST,FDis,5,CuP2,1.6637583632724262,1.6502424003491885,-0.013515962923237756,0.013515962923237756,0.0001826812537423377
CD02_FDis,RANDOM_FOREST,FDis,5,CuP4,1.804689290327236,1.6572234800124468,-0.14746581031478923,0.14746581031478923,0.021746165211797397
CD02_FDis,RANDOM_FOREST,FDis,5,CuP10,1.7907681573185472,1.5809525094036296,-0.20981564791491758,0.20981564791491758,0.04402260610995666
CD02_FDis,RANDOM_FOREST,FDis,5,BmP8,1.5753154471664896,1.5944268232089067,0.019111376042417083,0.019111376042417083,0.00036524469423467363
CD02_FDis,RANDOM_FOREST,FDis,5,BuP2,1.3121914361187996,1.582325350211164,0.2701339140923644,0.2701339140923644,0.07297233154286092
CD02_FDis,RANDOM_FOREST,FDis,5,BuP3,1.4108311948002903,1.590084672271882,0.1792534774715917,0.1792534774715917,0.03213180918565844
CD02_FDis,RANDOM_FOREST,FDis,5,BuP10,1.5469708070808017,1.6171559545227383,0.0701851474419366,0.0701851474419366,0.00492595492144638
CD02_FDis,RANDOM_FOREST,FDis,5,TmP1,1.4718575945763408,1.672525075651325,0.20066748107498422,0.20066748107498422,0.040267437960979154
CD02_FDis,RANDOM_FOREST,FDis,5,TmP4,1.0027869076632236,1.697003535301464,0.6942166276382404,0.6942166276382404,0.48193672608941135
CD02_FDis,RANDOM_FOREST,FDis,5,TsP2,1.9856472167908747,1.7890632484112516,-0.1965839683796231,0.1965839683796231,0.03864525662388066
CD02_FDis,RANDOM_FOREST,FDis,5,TsP5,0.9417009797196452,1.2978535863229919,0.3561526066033467,0.3561526066033467,0.12684467919035822
CD02_FDis,RANDOM_FOREST,FDis,5,TsP8,1.060409863605516,1.3643960182784929,0.30398615467297696,0.30398615467297696,0.09240758223286308
CD02_FDis,RANDOM_FOREST,FDis,5,TuP3,1.0881658073888012,1.6676906087612626,0.5795248013724614,0.5795248013724614,0.3358489954057909
CD02_FDis,RANDOM_FOREST,FDis,5,TuP4,1.6212802726868671,1.6975163846056802,0.07623611191881308,0.07623611191881308,0.0058119447604977935
CD02_FDis,RANDOM_FOREST,FDis,6,CsP6,1.748561221878778,1.7308012594314883,-0.017759962447289723,0.017759962447289723,0.0003154162661291412
CD02_FDis,RANDOM_FOREST,FDis,6,CsP7,1.4797042507397251,1.6548679686581231,0.17516371791839802,0.17516371791839802,0.030682328074996112
CD02_FDis,RANDOM_FOREST,FDis,6,CsP8,1.6478177671947116,1.8718623727685626,0.22404460557385097,0.22404460557385097,0.050195985286742455
CD02_FDis,RANDOM_FOREST,FDis,6,CuP4,1.804689290327236,1.6337968626018335,-0.17089242772540247,0.17089242772540247,0.02920422185388191
CD02_FDis,RANDOM_FOREST,FDis,6,BmP1,1.6922096019465238,1.6663023827125836,-0.025907219233940237,0.025907219233940237,0.000671184008435443
CD02_FDis,RANDOM_FOREST,FDis,6,BmP8,1.5753154471664896,1.647640134457561,0.07232468729107144,0.07232468729107144,0.0052308603917512716
CD02_FDis,RANDOM_FOREST,FDis,6,BmP10,1.6260271514830502,1.6957173350033143,0.06969018352026413,0.06969018352026413,0.0048567216790880935
CD02_FDis,RANDOM_FOREST,FDis,6,BsP3,1.670383487840285,1.5481236704079808,-0.12225981743230419,0.12225981743230419,0.01494746295858035
CD02_FDis,RANDOM_FOREST,FDis,6,BsP9,1.5589992381964568,1.6990536717081,0.14005443351164315,0.14005443351164315,0.019615244346267272
CD02_FDis,RANDOM_FOREST,FDis,6,BuP2,1.3121914361187996,1.5937450594275446,0.281553623308745,0.281553623308745,0.07927244279828267
CD02_FDis,RANDOM_FOREST,FDis,6,BuP6,1.667081330417253,1.634343543163486,-0.03273778725376686,0.03273778725376686,0.0010717627142729
CD02_FDis,RANDOM_FOREST,FDis,6,BuP8,1.4082109927912507,1.725776221757831,0.31756522896658024,0.31756522896658024,0.10084767464859654
CD02_FDis,RANDOM_FOREST,FDis,6,BuP9,1.8201912166460104,1.823832667574681,0.003641450928670631,0.003641450928670631,1.32601648659162e-05
CD02_FDis,RANDOM_FOREST,FDis,6,BuP10,1.5469708070808017,1.6721793469796347,0.12520853989883296,0.12520853989883296,0.015677178463597646
CD02_FDis,RANDOM_FOREST,FDis,6,TsP5,0.9417009797196452,1.1651444760964202,0.22344349637677507,0.22344349637677507,0.0499269960730779
CD02_FDis,RANDOM_FOREST,FDis,6,TsP6,1.967378855447456,1.6779429607310974,-0.28943589471635867,0.28943589471635867,0.08377313715025905
CD02_FDis,RANDOM_FOREST,FDis,6,TsP9,1.79619465045184,1.4912935498715638,-0.3049011005802762,0.3049011005802762,0.0929646811350637
CD02_FDis,RANDOM_FOREST,FDis,6,TuP4,1.6212802726868671,1.6331743578203732,0.011894085133506094,0.011894085133506094,0.00014146926116309066
CD02_FDis,RANDOM_FOREST,FDis,7,CmP2,1.3721195030879645,1.567252795387072,0.19513329229910759,0.19513329229910759,0.03807700176348896
CD02_FDis,RANDOM_FOREST,FDis,7,CmP6,1.4337041640080512,1.5845085147930391,0.15080435078498788,0.15080435078498788,0.022741952215681677
CD02_FDis,RANDOM_FOREST,FDis,7,CmP10,1.3742064055878451,1.6334141624973775,0.25920775690953235,0.25920775690953235,0.06718866124207122
CD02_FDis,RANDOM_FOREST,FDis,7,CsP9,1.6651187370902774,1.6192873098027563,-0.0458314272875211,0.0458314272875211,0.0021005197272113336
CD02_FDis,RANDOM_FOREST,FDis,7,CsP10,1.580018149829522,1.8260061040065416,0.24598795417701957,0.24598795417701957,0.06051007360019548
CD02_FDis,RANDOM_FOREST,FDis,7,CuP1,1.5257145471226057,1.4835755522187535,-0.0421389949038522,0.0421389949038522,0.0017756948915068817
CD02_FDis,RANDOM_FOREST,FDis,7,CuP2,1.6637583632724262,1.703891212137445,0.04013284886501878,0.04013284886501878,0.001610645558022439
CD02_FDis,RANDOM_FOREST,FDis,7,CuP5,1.652878151064698,1.6036354627564124,-0.04924268830828549,0.04924268830828549,0.0024248423518269564
CD02_FDis,RANDOM_FOREST,FDis,7,BmP6,1.7885764164145614,1.5913606852475302,-0.19721573116703128,0.19721573116703128,0.038894044619746757
CD02_FDis,RANDOM_FOREST,FDis,7,BuP3,1.4108311948002903,1.5821634741130102,0.17133227931271988,0.17133227931271988,0.029354749934491862
CD02_FDis,RANDOM_FOREST,FDis,7,TmP4,1.0027869076632236,1.7006496833420757,0.697862775678852,0.697862775678852,0.48701245367819174
CD02_FDis,RANDOM_FOREST,FDis,7,TmP7,1.7859883176606266,1.6558029744360014,-0.13018534322462516,0.13018534322462516,0.016948223590513456
CD02_FDis,RANDOM_FOREST,FDis,7,TmP9,1.6330604151148294,1.7198026567525142,0.08674224163768485,0.08674224163768485,0.0075242164843305065
CD02_FDis,RANDOM_FOREST,FDis,7,TsP1,2.071419731327252,1.6751672858259055,-0.39625244550134675,0.39625244550134675,0.1570160005657978
CD02_FDis,RANDOM_FOREST,FDis,7,TsP4,1.039274247121184,1.3861817602909094,0.34690751316972546,0.34690751316972546,0.12034482269360323
CD02_FDis,RANDOM_FOREST,FDis,7,TsP7,1.3625709657138958,1.683681907701075,0.32111094198717915,0.32111094198717915,0.10311223706389354
CD02_FDis,RANDOM_FOREST,FDis,7,TsP8,1.060409863605516,1.4317075787106686,0.37129771510515264,0.37129771510515264,0.13786199324230708
CD02_FDis,RANDOM_FOREST,FDis,7,TuP6,2.0604414160492137,1.6624417151009376,-0.3979997009482761,0.3979997009482761,0.1584037619549172
CD02_FDis,RANDOM_FOREST,FDis,8,CmP4,1.4629370108766342,1.5660815623948692,0.10314455151823498,0.10314455151823498,0.010638798507897831
CD02_FDis,RANDOM_FOREST,FDis,8,CmP9,1.624104638859433,1.4933705016661385,-0.1307341371932944,0.1307341371932944,0.017091414627675123
CD02_FDis,RANDOM_FOREST,FDis,8,CsP3,1.748173020862429,1.622341235541482,-0.1258317853209472,0.1258317853209472,0.01583363819705694
CD02_FDis,RANDOM_FOREST,FDis,8,CsP5,1.9907648308977288,2.0365820401747574,0.04581720927702859,0.04581720927702859,0.002099216665935035
CD02_FDis,RANDOM_FOREST,FDis,8,CuP7,1.785621373419769,1.5788995655349904,-0.20672180788477856,0.20672180788477856,0.0427339058551513
CD02_FDis,RANDOM_FOREST,FDis,8,CuP9,1.669960070235498,1.4935629142804256,-0.17639715595507233,0.17639715595507233,0.03111595662903811
CD02_FDis,RANDOM_FOREST,FDis,8,CuP10,1.7907681573185472,1.5525337184765826,-0.2382344388419646,0.2382344388419646,0.05675564785034577
CD02_FDis,RANDOM_FOREST,FDis,8,BmP2,1.585489648486885,1.5744996021262605,-0.010990046360624506,0.010990046360624506,0.00012078111900867594
CD02_FDis,RANDOM_FOREST,FDis,8,BmP9,1.6469926742285126,1.762208066573551,0.1152153923450383,0.1152153923450383,0.01327458663322111
CD02_FDis,RANDOM_FOREST,FDis,8,BsP2,1.2376536979554675,1.46965881717691,0.2320051192214425,0.2320051192214425,0.053826375344955754
CD02_FDis,RANDOM_FOREST,FDis,8,BsP5,1.8642543387857864,1.737732593160479,-0.12652174562530738,0.12652174562530738,0.016007752116074987
CD02_FDis,RANDOM_FOREST,FDis,8,BsP6,1.3482727092943954,1.5234518258337113,0.17517911653931595,0.17517911653931595,0.030687722871495238
CD02_FDis,RANDOM_FOREST,FDis,8,BsP10,1.7638322969338716,1.8720990883148911,0.10826679138101958,0.10826679138101958,0.011721698115941216
CD02_FDis,RANDOM_FOREST,FDis,8,BuP1,1.7323527466091853,1.795605539283975,0.06325279267478967,0.06325279267478967,0.004000915781159926
CD02_FDis,RANDOM_FOREST,FDis,8,BuP4,1.6325721932941426,1.624715685814827,-0.007856507479315544,0.007856507479315544,6.172470977254108e-05
CD02_FDis,RANDOM_FOREST,FDis,8,BuP7,1.752807867226157,1.7544818426166564,0.0016739753904995158,0.0016739753904995158,2.8021936079980067e-06
CD02_FDis,RANDOM_FOREST,FDis,8,TmP10,1.4665960823323403,1.7206660358980093,0.25406995356566897,0.25406995356566897,0.06455154130486118
CD02_FDis,RANDOM_FOREST,FDis,8,TuP7,1.6967334502757114,1.51601846170344,-0.18071498857227142,0.18071498857227142,0.03265790709467619
CD02_FDis,RANDOM_FOREST,FDis,9,CmP3,1.6260822291125805,1.623241352615494,-0.0028408764970864198,0.0028408764970864198,8.070579271698006e-06
CD02_FDis,RANDOM_FOREST,FDis,9,CsP4,1.703158438505631,1.6095129943207453,-0.09364544418488574,0.09364544418488574,0.00876946921658455
CD02_FDis,RANDOM_FOREST,FDis,9,CuP3,1.7126218268341509,1.526228553381919,-0.18639327345223178,0.18639327345223178,0.03474245238823845
CD02_FDis,RANDOM_FOREST,FDis,9,CuP6,1.595432956136453,1.6613049447337995,0.06587198859734644,0.06587198859734644,0.004339118881768939
CD02_FDis,RANDOM_FOREST,FDis,9,BmP7,1.8275097408946472,1.5704787608367203,-0.2570309800579269,0.2570309800579269,0.06606492470953843
CD02_FDis,RANDOM_FOREST,FDis,9,BsP4,1.3718923212641478,1.561400115062557,0.1895077937984091,0.1895077937984091,0.03591320391034034
CD02_FDis,RANDOM_FOREST,FDis,9,BsP7,1.7537725052501962,1.5850374725359033,-0.1687350327142929,0.1687350327142929,0.028471511265093497
CD02_FDis,RANDOM_FOREST,FDis,9,BsP8,1.8390226503426368,1.695460042635196,-0.14356260770744078,0.14356260770744078,0.020610222331760537
CD02_FDis,RANDOM_FOREST,FDis,9,BuP5,1.52170317522943,1.501955174412692,-0.01974800081673811,0.01974800081673811,0.00038998353625788906
CD02_FDis,RANDOM_FOREST,FDis,9,TmP1,1.4718575945763408,1.65426294596263,0.1824053513862891,0.1824053513862891,0.0332717122143556
CD02_FDis,RANDOM_FOREST,FDis,9,TmP2,2.1676288473661294,1.7483017316015586,-0.4193271157645708,0.4193271157645708,0.17583523001543377
CD02_FDis,RANDOM_FOREST,FDis,9,TmP5,1.297295647135223,1.325835877709112,0.02854023057388888,0.02854023057388888,0.0008145447612107416
CD02_FDis,RANDOM_FOREST,FDis,9,TmP6,1.4951097983940702,1.6701758093608339,0.17506601096676366,0.17506601096676366,0.030648108195815014
CD02_FDis,RANDOM_FOREST,FDis,9,TmP8,1.3943505685635922,1.6981970337041128,0.3038464651405206,0.3038464651405206,0.0923226743783896
CD02_FDis,RANDOM_FOREST,FDis,9,TsP10,1.5791042214997209,1.6056006497509827,0.02649642825126186,0.02649642825126186,0.0007020607100742677
CD02_FDis,RANDOM_FOREST,FDis,9,TuP2,1.959219209608106,1.8163661988826745,-0.14285301072543155,0.14285301072543155,0.02040698267332026
CD02_FDis,RANDOM_FOREST,FDis,9,TuP5,0.8766009122519117,1.397258270941216,0.5206573586893043,0.5206573586893043,0.27108408515732285
CD02_FDis,RANDOM_FOREST,FDis,9,TuP9,1.638172594265633,1.325835877709112,-0.3123367165565212,0.3123367165565212,0.09755422450930865
CD02_FDis,RANDOM_FOREST,FDis,10,CmP1,1.549648755865329,1.6609405811189784,0.11129182525364945,0.11129182525364945,0.012385870368288844
CD02_FDis,RANDOM_FOREST,FDis,10,CmP5,1.2468049033003985,1.6934057579026471,0.44660085460224863,0.44660085460224863,0.19945232333145882
CD02_FDis,RANDOM_FOREST,FDis,10,CmP7,1.610010364672139,1.6002509627164931,-0.009759401955645952,0.009759401955645952,9.524592653186604e-05
CD02_FDis,RANDOM_FOREST,FDis,10,CmP8,1.5797608250239128,1.714535574859423,0.1347747498355103,0.1347747498355103,0.018164233193224383
CD02_FDis,RANDOM_FOREST,FDis,10,CsP1,1.8290436910347256,1.749135754188257,-0.07990793684646857,0.07990793684646857,0.00638527837105921
CD02_FDis,RANDOM_FOREST,FDis,10,CsP2,1.585489648486885,1.5760319189802585,-0.009457729506626489,0.009457729506626489,8.944864742051333e-05
CD02_FDis,RANDOM_FOREST,FDis,10,CuP8,1.7460953380476807,1.617674653237416,-0.1284206848102647,0.1284206848102647,0.01649187228713735
CD02_FDis,RANDOM_FOREST,FDis,10,BmP3,1.6852035581350082,1.7067162285800919,0.021512670445083648,0.021512670445083648,0.0004627949896787755
CD02_FDis,RANDOM_FOREST,FDis,10,BmP4,1.7597126021974243,1.6191243169101412,-0.14058828528728307,0.14058828528728307,0.019765065960018494
CD02_FDis,RANDOM_FOREST,FDis,10,BmP5,1.9907648308977288,1.8005083913087503,-0.19025643958897853,0.19025643958897853,0.03619751280507464
CD02_FDis,RANDOM_FOREST,FDis,10,BsP1,1.4615722971983691,1.3682742322406944,-0.09329806495767468,0.09329806495767468,0.008704528924846484
CD02_FDis,RANDOM_FOREST,FDis,10,TmP3,1.701411063049406,1.676397886051263,-0.025013176998142983,0.025013176998142983,0.0006256590235404292
CD02_FDis,RANDOM_FOREST,FDis,10,TsP2,1.9856472167908747,1.7671365521869746,-0.21851066460390012,0.21851066460390012,0.04774691054563813
CD02_FDis,RANDOM_FOREST,FDis,10,TsP3,1.7986008371256086,1.7765346351511517,-0.022066201974456856,0.022066201974456856,0.0004869172695775237
CD02_FDis,RANDOM_FOREST,FDis,10,TuP1,2.924414402508278,1.757752937678871,-1.166661464829407,1.166661464829407,1.3610989735178975
CD02_FDis,RANDOM_FOREST,FDis,10,TuP3,1.0881658073888012,1.4166015462264634,0.3284357388376622,0.3284357388376622,0.10787003454584104
CD02_FDis,RANDOM_FOREST,FDis,10,TuP8,1.6714786505929893,1.592897802059032,-0.07858084853395719,0.07858084853395719,0.006174949756316723
CD02_FDis,RANDOM_FOREST,FDis,10,TuP10,1.5315754549363598,1.767320927260782,0.2357454723244221,0.2357454723244221,0.05557592772146487
CD02_FDis,RANDOM_FOREST,FDis,11,CmP4,1.4629370108766342,1.5295841498122993,0.0666471389356651,0.0666471389356651,0.0044418411283098464
CD02_FDis,RANDOM_FOREST,FDis,11,CmP8,1.5797608250239128,1.7044228853202616,0.12466206029634885,0.12466206029634885,0.015540629277330516
CD02_FDis,RANDOM_FOREST,FDis,11,CsP3,1.748173020862429,1.676800124443311,-0.07137289641911804,0.07137289641911804,0.0050940903432541524
CD02_FDis,RANDOM_FOREST,FDis,11,CsP4,1.703158438505631,1.627243079079392,-0.07591535942623917,0.07591535942623917,0.00576314179681508
CD02_FDis,RANDOM_FOREST,FDis,11,CsP5,1.9907648308977288,1.6137148371782595,-0.37704999371946935,0.37704999371946935,0.14216669776385188
CD02_FDis,RANDOM_FOREST,FDis,11,CuP1,1.5257145471226057,1.360058353944399,-0.1656561931782068,0.1656561931782068,0.027441974338295365
CD02_FDis,RANDOM_FOREST,FDis,11,BmP1,1.6922096019465238,1.7330744270792864,0.04086482513276257,0.04086482513276257,0.0016699339331312636
CD02_FDis,RANDOM_FOREST,FDis,11,BmP5,1.9907648308977288,1.6137148371782595,-0.37704999371946935,0.37704999371946935,0.14216669776385188
CD02_FDis,RANDOM_FOREST,FDis,11,BmP7,1.8275097408946472,1.5276878623221937,-0.29982187857245357,0.29982187857245357,0.0898931588707151
CD02_FDis,RANDOM_FOREST,FDis,11,BsP1,1.4615722971983691,1.346672349492182,-0.11489994770618717,0.11489994770618717,0.013201997982884546
CD02_FDis,RANDOM_FOREST,FDis,11,BsP6,1.3482727092943954,1.5962680695204652,0.24799536022606983,0.24799536022606983,0.06150169869365814
CD02_FDis,RANDOM_FOREST,FDis,11,BsP9,1.5589992381964568,1.656435353478653,0.09743611528219609,0.09743611528219609,0.009493796561285406
CD02_FDis,RANDOM_FOREST,FDis,11,BuP7,1.752807867226157,1.7529923639049685,0.00018449667881159648,0.00018449667881159648,3.40390244925094e-08
CD02_FDis,RANDOM_FOREST,FDis,11,TsP3,1.7986008371256086,1.830810510418061,0.03220967329245239,0.03220967329245239,0.0010374630536065207
CD02_FDis,RANDOM_FOREST,FDis,11,TsP10,1.5791042214997209,1.6343027061527802,0.05519848465305932,0.05519848465305932,0.0030468727079940253
CD02_FDis,RANDOM_FOREST,FDis,11,TuP1,2.924414402508278,1.6021281603474884,-1.3222862421607895,1.3222862421607895,1.748440906207702
CD02_FDis,RANDOM_FOREST,FDis,11,TuP3,1.0881658073888012,1.339788124797455,0.2516223174086538,0.2516223174086538,0.06331379061810133
CD02_FDis,RANDOM_FOREST,FDis,11,TuP4,1.6212802726868671,1.6613482001666895,0.04006792747982235,0.04006792747982235,0.0016054388125283032
CD02_FDis,RANDOM_FOREST,FDis,12,CmP7,1.610010364672139,1.5983424219208253,-0.011667942751313776,0.011667942751313776,0.00013614088804793568
CD02_FDis,RANDOM_FOREST,FDis,12,CmP10,1.3742064055878451,1.6225182166061451,0.24831181101830002,0.24831181101830002,0.06165875549118795
CD02_FDis,RANDOM_FOREST,FDis,12,CsP8,1.6478177671947116,1.7871912277238768,0.13937346052916522,0.13937346052916522,0.019424961499874775
CD02_FDis,RANDOM_FOREST,FDis,12,CuP3,1.7126218268341509,1.4776040139542086,-0.23501781287994228,0.23501781287994228,0.055233372370871565
CD02_FDis,RANDOM_FOREST,FDis,12,CuP5,1.652878151064698,1.5620503935483108,-0.09082775751638716,0.09082775751638716,0.008249681535455624
CD02_FDis,RANDOM_FOREST,FDis,12,CuP7,1.785621373419769,1.5255130134258983,-0.2601083599938707,0.2601083599938707,0.06765635893870105
CD02_FDis,RANDOM_FOREST,FDis,12,CuP8,1.7460953380476807,1.6043061402175984,-0.14178919783008226,0.14178919783008226,0.020104176621298202
CD02_FDis,RANDOM_FOREST,FDis,12,CuP10,1.7907681573185472,1.608202159624226,-0.18256599769432125,0.18256599769432125,0.03333034351412291
CD02_FDis,RANDOM_FOREST,FDis,12,BmP10,1.6260271514830502,1.7220135000857804,0.09598634860273014,0.09598634860273014,0.009213379118084834
CD02_FDis,RANDOM_FOREST,FDis,12,BsP3,1.670383487840285,1.5962172833280355,-0.07416620451224953,0.07416620451224953,0.005500625891752823
CD02_FDis,RANDOM_FOREST,FDis,12,BsP7,1.7537725052501962,1.5682040458842965,-0.18556845936589972,0.18556845936589972,0.034435653111433574
CD02_FDis,RANDOM_FOREST,FDis,12,BsP10,1.7638322969338716,1.8264674735081925,0.06263517657432094,0.06263517657432094,0.003923165344496362
CD02_FDis,RANDOM_FOREST,FDis,12,BuP10,1.5469708070808017,1.6166722058164564,0.06970139873565473,0.06970139873565473,0.004858284985706731
CD02_FDis,RANDOM_FOREST,FDis,12,TmP1,1.4718575945763408,1.6544569574503962,0.18259936287405543,0.18259936287405543,0.03334252732201097
CD02_FDis,RANDOM_FOREST,FDis,12,TmP3,1.701411063049406,1.7220135000857804,0.020602437036374432,0.020602437036374432,0.0004244604118377729
CD02_FDis,RANDOM_FOREST,FDis,12,TmP9,1.6330604151148294,1.7595624947939814,0.12650207967915206,0.12650207967915206,0.016002776163150535
CD02_FDis,RANDOM_FOREST,FDis,12,TmP10,1.4665960823323403,1.748433543332307,0.28183746099996676,0.28183746099996676,0.07943235442290779
CD02_FDis,RANDOM_FOREST,FDis,12,TsP2,1.9856472167908747,1.7873261578134847,-0.19832105897739005,0.19832105897739005,0.03933124243391342
CD02_FDis,RANDOM_FOREST,FDis,13,CmP9,1.624104638859433,1.5138526314145282,-0.11025200744490471,0.11025200744490471,0.012155505145631323
CD02_FDis,RANDOM_FOREST,FDis,13,CsP6,1.748561221878778,1.7063230377254281,-0.0422381841533499,0.0422381841533499,0.0017840642005722987
CD02_FDis,RANDOM_FOREST,FDis,13,CsP10,1.580018149829522,1.8062137401647642,0.22619559033524217,0.22619559033524217,0.0511644450871087
CD02_FDis,RANDOM_FOREST,FDis,13,CuP2,1.6637583632724262,1.667918352222804,0.004159988950377835,0.004159988950377835,1.7305508067265686e-05
CD02_FDis,RANDOM_FOREST,FDis,13,CuP6,1.595432956136453,1.6471180239496328,0.05168506781317972,0.05168506781317972,0.0026713462348529862
CD02_FDis,RANDOM_FOREST,FDis,13,CuP9,1.669960070235498,1.5039306763901577,-0.16602939384534032,0.16602939384534032,0.02756575962065113
CD02_FDis,RANDOM_FOREST,FDis,13,BmP3,1.6852035581350082,1.6630164768641393,-0.02218708127086888,0.02218708127086888,0.0004922665753201407
CD02_FDis,RANDOM_FOREST,FDis,13,BmP6,1.7885764164145614,1.5844467271332296,-0.2041296892813318,0.2041296892813318,0.04166893004609307
CD02_FDis,RANDOM_FOREST,FDis,13,BsP2,1.2376536979554675,1.4773634339861,0.2397097360306324,0.2397097360306324,0.05746075754787546
CD02_FDis,RANDOM_FOREST,FDis,13,BsP5,1.8642543387857864,1.7628221085923275,-0.10143223019345893,0.10143223019345893,0.010288497322018841
CD02_FDis,RANDOM_FOREST,FDis,13,BsP8,1.8390226503426368,1.689121914751414,-0.14990073559122274,0.14990073559122274,0.022470230530789673
CD02_FDis,RANDOM_FOREST,FDis,13,BuP1,1.7323527466091853,1.796685918752041,0.06433317214285572,0.06433317214285572,0.004138757037962308
CD02_FDis,RANDOM_FOREST,FDis,13,TmP4,1.0027869076632236,1.7343362189231688,0.7315493112599452,0.7315493112599452,0.5351643948049001
CD02_FDis,RANDOM_FOREST,FDis,13,TmP5,1.297295647135223,1.395545221421919,0.098249574286696,0.098249574286696,0.009652978847516997
CD02_FDis,RANDOM_FOREST,FDis,13,TmP6,1.4951097983940702,1.7060353500904213,0.21092555169635108,0.21092555169635108,0.04448958835841007
CD02_FDis,RANDOM_FOREST,FDis,13,TmP8,1.3943505685635922,1.752217122713083,0.35786655414949076,0.35786655414949076,0.1280684705788304
CD02_FDis,RANDOM_FOREST,FDis,13,TsP1,2.071419731327252,1.5437778610347457,-0.5276418702925065,0.5276418702925065,0.2784059432857743
CD02_FDis,RANDOM_FOREST,FDis,13,TsP8,1.060409863605516,1.4022376293105447,0.3418277657050288,0.3418277657050288,0.11684622140689208
CD02_FDis,RANDOM_FOREST,FDis,14,CmP1,1.549648755865329,1.697040054629453,0.14739129876412416,0.14739129876412416,0.021724194951375307
CD02_FDis,RANDOM_FOREST,FDis,14,CmP5,1.2468049033003985,1.7516132770960966,0.5048083737956981,0.5048083737956981,0.2548314942542573
CD02_FDis,RANDOM_FOREST,FDis,14,CmP6,1.4337041640080512,1.5354972246372531,0.1017930606292019,0.1017930606292019,0.010361827192260375
CD02_FDis,RANDOM_FOREST,FDis,14,CsP1,1.8290436910347256,1.7796061252053637,-0.049437565829361985,0.049437565829361985,0.0024440729151324996
CD02_FDis,RANDOM_FOREST,FDis,14,CsP7,1.4797042507397251,1.6479480059581861,0.16824375521846102,0.16824375521846102,0.02830596117000943
CD02_FDis,RANDOM_FOREST,FDis,14,CsP9,1.6651187370902774,1.6117185279004071,-0.05340020918987021,0.05340020918987021,0.0028515823415218985
CD02_FDis,RANDOM_FOREST,FDis,14,BmP4,1.7597126021974243,1.6195119617745068,-0.14020064042291747,0.14020064042291747,0.0196562195749962
CD02_FDis,RANDOM_FOREST,FDis,14,BmP8,1.5753154471664896,1.6198116596719214,0.04449621250543179,0.04449621250543179,0.001979912927328544
CD02_FDis,RANDOM_FOREST,FDis,14,BuP3,1.4108311948002903,1.5731952176114816,0.16236402281119133,0.16236402281119133,0.02636207590343306
CD02_FDis,RANDOM_FOREST,FDis,14,BuP5,1.52170317522943,1.52477960665089,0.0030764314214599686,0.0030764314214599686,9.464430290946203e-06
CD02_FDis,RANDOM_FOREST,FDis,14,TmP7,1.7859883176606266,1.6791148660172488,-0.1068734516433778,0.1068734516433778,0.011421934666169413
CD02_FDis,RANDOM_FOREST,FDis,14,TsP4,1.039274247121184,1.1257845001696873,0.08651025304850335,0.08651025304850335,0.007484023882516083
CD02_FDis,RANDOM_FOREST,FDis,14,TsP6,1.967378855447456,1.6645647020448457,-0.3028141534026103,0.3028141534026103,0.09169641150093961
CD02_FDis,RANDOM_FOREST,FDis,14,TsP7,1.3625709657138958,1.827912672010109,0.4653417062962133,0.4653417062962133,0.21654290361867123
CD02_FDis,RANDOM_FOREST,FDis,14,TuP2,1.959219209608106,1.7000631584559895,-0.2591560511521165,0.2591560511521165,0.06716185884875842
CD02_FDis,RANDOM_FOREST,FDis,14,TuP6,2.0604414160492137,1.686861781161594,-0.3735796348876197,0.3735796348876197,0.13956174360276724
CD02_FDis,RANDOM_FOREST,FDis,14,TuP9,1.638172594265633,1.2007780916532156,-0.4373945026124175,0.4373945026124175,0.1913139509155641
CD02_FDis,RANDOM_FOREST,FDis,14,TuP10,1.5315754549363598,1.8524547202111676,0.3208792652748078,0.3208792652748078,0.10296350288330049
CD02_FDis,RANDOM_FOREST,FDis,15,CmP2,1.3721195030879645,1.5691043286538089,0.1969848255658444,0.1969848255658444,0.03880302150320614
CD02_FDis,RANDOM_FOREST,FDis,15,CmP3,1.6260822291125805,1.6468732803496773,0.02079105123709679,0.02079105123709679,0.00043226781154358403
CD02_FDis,RANDOM_FOREST,FDis,15,CsP2,1.585489648486885,1.580686965797197,-0.004802682689688087,0.004802682689688087,2.3065761017829598e-05
CD02_FDis,RANDOM_FOREST,FDis,15,CuP4,1.804689290327236,1.6500934861280632,-0.15459580419917285,0.15459580419917285,0.023899862675988988
CD02_FDis,RANDOM_FOREST,FDis,15,BmP2,1.585489648486885,1.580686965797197,-0.004802682689688087,0.004802682689688087,2.3065761017829598e-05
CD02_FDis,RANDOM_FOREST,FDis,15,BmP9,1.6469926742285126,1.7691271283572758,0.12213445412876323,0.12213445412876323,0.014916824885330969
CD02_FDis,RANDOM_FOREST,FDis,15,BsP4,1.3718923212641478,1.5688356104127061,0.1969432891485583,0.1969432891485583,0.03878665914065264
CD02_FDis,RANDOM_FOREST,FDis,15,BuP2,1.3121914361187996,1.5946063985647294,0.2824149624459298,0.2824149624459298,0.07975821101333593
CD02_FDis,RANDOM_FOREST,FDis,15,BuP4,1.6325721932941426,1.6306027826006781,-0.0019694106934644573,0.0019694106934644573,3.878578479532154e-06
CD02_FDis,RANDOM_FOREST,FDis,15,BuP6,1.667081330417253,1.638031010055385,-0.029050320361867943,0.029050320361867943,0.0008439211131271592
CD02_FDis,RANDOM_FOREST,FDis,15,BuP8,1.4082109927912507,1.6802263946301672,0.2720154018389165,0.2720154018389165,0.0739923788375872
CD02_FDis,RANDOM_FOREST,FDis,15,BuP9,1.8201912166460104,1.8337411883020898,0.013549971656079407,0.013549971656079407,0.0001836017318805553
CD02_FDis,RANDOM_FOREST,FDis,15,TmP2,2.1676288473661294,1.7305532020959018,-0.4370756452702276,0.4370756452702276,0.1910351196883858
CD02_FDis,RANDOM_FOREST,FDis,15,TsP5,0.9417009797196452,1.2172743104969237,0.2755733307772785,0.2755733307772785,0.07594066063568336
CD02_FDis,RANDOM_FOREST,FDis,15,TsP9,1.79619465045184,1.4641921685920247,-0.3320024818598153,0.3320024818598153,0.11022564796107698
CD02_FDis,RANDOM_FOREST,FDis,15,TuP5,0.8766009122519117,1.4926163750085804,0.6160154627566686,0.6160154627566686,0.3794750503553126
CD02_FDis,RANDOM_FOREST,FDis,15,TuP7,1.6967334502757114,1.4928428778571268,-0.20389057241858466,0.20389057241858466,0.041571365521178114
CD02_FDis,RANDOM_FOREST,FDis,15,TuP8,1.6714786505929893,1.5975429187864658,-0.07393573180652346,0.07393573180652346,0.005466492437766165
CD02_FDis,RANDOM_FOREST,FDis,16,CmP2,1.3721195030879645,1.5027922093790322,0.13067270629106775,0.13067270629106775,0.01707535616943166
CD02_FDis,RANDOM_FOREST,FDis,16,CmP9,1.624104638859433,1.5377937067289844,-0.08631093213044849,0.08631093213044849,0.0074495770052268855
CD02_FDis,RANDOM_FOREST,FDis,16,CsP1,1.8290436910347256,1.7986596410933984,-0.030384049941327262,0.030384049941327262,0.0009231904908370692
CD02_FDis,RANDOM_FOREST,FDis,16,CsP3,1.748173020862429,1.653016384118035,-0.09515663674439412,0.09515663674439412,0.009054785516504576
CD02_FDis,RANDOM_FOREST,FDis,16,CsP5,1.9907648308977288,2.070021670599661,0.07925683970193198,0.07925683970193198,0.0062816466395377414
CD02_FDis,RANDOM_FOREST,FDis,16,CsP6,1.748561221878778,1.7247478691848628,-0.02381335269391527,0.02381335269391527,0.0005670757665248015
CD02_FDis,RANDOM_FOREST,FDis,16,CuP6,1.595432956136453,1.6460107128129173,0.05057775667646425,0.05057775667646425,0.002558109470423624
CD02_FDis,RANDOM_FOREST,FDis,16,BmP1,1.6922096019465238,1.7282626431130725,0.03605304116654873,0.03605304116654873,0.001299821777356857
CD02_FDis,RANDOM_FOREST,FDis,16,BmP10,1.6260271514830502,1.7281162645370722,0.10208911305402202,0.10208911305402202,0.01042218700415689
CD02_FDis,RANDOM_FOREST,FDis,16,BsP2,1.2376536979554675,1.500481907277109,0.2628282093216414,0.2628282093216414,0.06907866761522055
CD02_FDis,RANDOM_FOREST,FDis,16,BsP3,1.670383487840285,1.5377605033583153,-0.13262298448196974,0.13262298448196974,0.01758885601290479
CD02_FDis,RANDOM_FOREST,FDis,16,BuP2,1.3121914361187996,1.588779233126944,0.2765877970081443,0.2765877970081443,0.07650080945381843
CD02_FDis,RANDOM_FOREST,FDis,16,TmP3,1.701411063049406,1.7274044850648396,0.025993422015433643,0.025993422015433643,0.0006756579880724304
CD02_FDis,RANDOM_FOREST,FDis,16,TmP4,1.0027869076632236,1.6796793635087879,0.6768924558455642,0.6768924558455642,0.45818339678063913
CD02_FDis,RANDOM_FOREST,FDis,16,TsP7,1.3625709657138958,1.826775688744351,0.4642047230304551,0.4642047230304551,0.21548602488378155
CD02_FDis,RANDOM_FOREST,FDis,16,TuP3,1.0881658073888012,1.5040757740428796,0.4159099666540784,0.4159099666540784,0.17298110036219663
CD02_FDis,RANDOM_FOREST,FDis,16,TuP6,2.0604414160492137,1.7154722993751623,-0.3449691166740514,0.3449691166740514,0.11900369145887528
CD02_FDis,RANDOM_FOREST,FDis,16,TuP8,1.6714786505929893,1.6005961179111379,-0.0708825326818514,0.0708825326818514,0.005024333439393733
CD02_FDis,RANDOM_FOREST,FDis,17,CmP1,1.549648755865329,1.67989343675983,0.13024468089450103,0.13024468089450103,0.016963676901310402
CD02_FDis,RANDOM_FOREST,FDis,17,CmP3,1.6260822291125805,1.6258933883248972,-0.0001888407876833309,0.0001888407876833309,3.566084309286086e-08
CD02_FDis,RANDOM_FOREST,FDis,17,CmP6,1.4337041640080512,1.53686549875817,0.1031613347501188,0.1031613347501188,0.010642260987426067
CD02_FDis,RANDOM_FOREST,FDis,17,CmP10,1.3742064055878451,1.6415006164021826,0.26729421081433746,0.26729421081433746,0.07144619513485947
CD02_FDis,RANDOM_FOREST,FDis,17,CuP3,1.7126218268341509,1.52541500576951,-0.18720682106464093,0.18720682106464093,0.03504639385312849
CD02_FDis,RANDOM_FOREST,FDis,17,CuP9,1.669960070235498,1.6078793208333584,-0.06208074940213959,0.06208074940213959,0.003854019446331255
CD02_FDis,RANDOM_FOREST,FDis,17,BmP2,1.585489648486885,1.5521221017654088,-0.03336754672147624,0.03336754672147624,0.0011133931742098996
CD02_FDis,RANDOM_FOREST,FDis,17,BmP7,1.8275097408946472,1.585761798887614,-0.2417479420070332,0.2417479420070332,0.058442067464635886
CD02_FDis,RANDOM_FOREST,FDis,17,BmP9,1.6469926742285126,1.7732413366837299,0.12624866245521726,0.12624866245521726,0.015938724771731385
CD02_FDis,RANDOM_FOREST,FDis,17,BsP7,1.7537725052501962,1.5829746934107114,-0.17079781183948484,0.17079781183948484,0.029171892529156068
CD02_FDis,RANDOM_FOREST,FDis,17,BsP9,1.5589992381964568,1.7168070718312782,0.15780783363482143,0.15780783363482143,0.024903312356515477
CD02_FDis,RANDOM_FOREST,FDis,17,BuP7,1.752807867226157,1.7637912425577007,0.01098337533154381,0.01098337533154381,0.0001206345336735651
CD02_FDis,RANDOM_FOREST,FDis,17,BuP8,1.4082109927912507,1.71328307914808,0.30507208635682925,0.30507208635682925,0.09306897787410869
CD02_FDis,RANDOM_FOREST,FDis,17,TmP10,1.4665960823323403,1.6669078450806678,0.20031176274832752,0.20031176274832752,0.04012480229534225
CD02_FDis,RANDOM_FOREST,FDis,17,TsP3,1.7986008371256086,1.8330212630081004,0.034420425882491834,0.034420425882491834,0.0011847657179321137
CD02_FDis,RANDOM_FOREST,FDis,17,TsP10,1.5791042214997209,1.5958256565651203,0.01672143506539947,0.01672143506539947,0.000279606390646371
CD02_FDis,RANDOM_FOREST,FDis,17,TuP2,1.959219209608106,1.6997405372377745,-0.2594786723703315,0.2594786723703315,0.06732918141506984
CD02_FDis,RANDOM_FOREST,FDis,17,TuP9,1.638172594265633,1.1685826888217734,-0.4695899054438597,0.4695899054438597,0.22051467929477309
CD02_FDis,RANDOM_FOREST,FDis,18,CmP4,1.4629370108766342,1.5638330928934652,0.10089608201683098,0.10089608201683098,0.010180019366347083
CD02_FDis,RANDOM_FOREST,FDis,18,CmP5,1.2468049033003985,1.6716125346233695,0.42480763132297095,0.42480763132297095,0.1804615236302332
CD02_FDis,RANDOM_FOREST,FDis,18,CsP9,1.6651187370902774,1.5783532149213657,-0.08676552216891165,0.08676552216891165,0.0075282558372438985
CD02_FDis,RANDOM_FOREST,FDis,18,CuP7,1.785621373419769,1.6195549918398657,-0.16606638157990328,0.16606638157990328,0.02757804309104204
CD02_FDis,RANDOM_FOREST,FDis,18,CuP8,1.7460953380476807,1.5754456912760928,-0.1706496467715879,0.1706496467715879,0.02912130194326772
CD02_FDis,RANDOM_FOREST,FDis,18,BmP4,1.7597126021974243,1.6241561774119446,-0.1355564247854797,0.1355564247854797,0.018375544300621414
CD02_FDis,RANDOM_FOREST,FDis,18,BsP4,1.3718923212641478,1.5465884550312843,0.17469613376713644,0.17469613376713644,0.030518739153185228
CD02_FDis,RANDOM_FOREST,FDis,18,BsP5,1.8642543387857864,1.6910230060766227,-0.1732313327091637,0.1732313327091637,0.030009094632192965
CD02_FDis,RANDOM_FOREST,FDis,18,BsP10,1.7638322969338716,1.7602679882163634,-0.0035643087175081245,0.0035643087175081245,1.2704296633704412e-05
CD02_FDis,RANDOM_FOREST,FDis,18,BuP3,1.4108311948002903,1.596446581521398,0.18561538672110767,0.18561538672110767,0.034453071787626355
CD02_FDis,RANDOM_FOREST,FDis,18,BuP6,1.667081330417253,1.6178838899872483,-0.049197440430004624,0.049197440430004624,0.0024203881448638534
CD02_FDis,RANDOM_FOREST,FDis,18,TmP2,2.1676288473661294,1.7264519248368497,-0.44117692252927965,0.44117692252927965,0.194637076972406
CD02_FDis,RANDOM_FOREST,FDis,18,TmP5,1.297295647135223,1.413549081891945,0.1162534347567219,0.1162534347567219,0.013514861092735395
CD02_FDis,RANDOM_FOREST,FDis,18,TmP9,1.6330604151148294,1.7512967483229394,0.11823633320811,0.11823633320811,0.013979830490499216
CD02_FDis,RANDOM_FOREST,FDis,18,TsP8,1.060409863605516,1.3916214392685125,0.3312115756629965,0.3312115756629965,0.10970110785316488
CD02_FDis,RANDOM_FOREST,FDis,18,TsP9,1.79619465045184,1.5953343120070234,-0.20086033844481666,0.20086033844481666,0.04034487556016629
CD02_FDis,RANDOM_FOREST,FDis,18,TuP1,2.924414402508278,1.760898733036804,-1.163515669471474,1.163515669471474,1.3537687131056522
CD02_FDis,RANDOM_FOREST,FDis,18,TuP7,1.6967334502757114,1.638165585451529,-0.058567864824182525,0.058567864824182525,0.003430194790063717
CD02_FDis,RANDOM_FOREST,FDis,19,CmP7,1.610010364672139,1.6046434186316345,-0.005366946040504583,0.005366946040504583,2.8804109801687823e-05
CD02_FDis,RANDOM_FOREST,FDis,19,CmP8,1.5797608250239128,1.7159382430142558,0.136177417990343,0.136177417990343,0.018544289170516592
CD02_FDis,RANDOM_FOREST,FDis,19,CsP2,1.585489648486885,1.5694981636545653,-0.015991484832319713,0.015991484832319713,0.00025572758714231147
CD02_FDis,RANDOM_FOREST,FDis,19,CsP7,1.4797042507397251,1.6066495684080937,0.12694531766836858,0.12694531766836858,0.016115113677923013
CD02_FDis,RANDOM_FOREST,FDis,19,CsP10,1.580018149829522,1.766778752563216,0.18676060273369388,0.18676060273369388,0.03487952273345263
CD02_FDis,RANDOM_FOREST,FDis,19,CuP1,1.5257145471226057,1.375692717584743,-0.15002182953786258,0.15002182953786258,0.0225065493378875
CD02_FDis,RANDOM_FOREST,FDis,19,CuP2,1.6637583632724262,1.6761617622659266,0.012403398993500403,0.012403398993500403,0.0001538443065919668
CD02_FDis,RANDOM_FOREST,FDis,19,CuP10,1.7907681573185472,1.5554094252906627,-0.2353587320278845,0.2353587320278845,0.05539373274177354
CD02_FDis,RANDOM_FOREST,FDis,19,BsP6,1.3482727092943954,1.5904262929383473,0.2421535836439519,0.2421535836439519,0.05863835807160841
CD02_FDis,RANDOM_FOREST,FDis,19,BsP8,1.8390226503426368,1.702701479373837,-0.1363211709687997,0.1363211709687997,0.018583461654304717
CD02_FDis,RANDOM_FOREST,FDis,19,BuP1,1.7323527466091853,1.7459949698251398,0.013642223215954541,0.013642223215954541,0.00018611025427392905
CD02_FDis,RANDOM_FOREST,FDis,19,BuP5,1.52170317522943,1.5017277810905203,-0.019975394138909808,0.019975394138909808,0.0003990163710047923
CD02_FDis,RANDOM_FOREST,FDis,19,BuP9,1.8201912166460104,1.7959206938751122,-0.02427052277089814,0.02427052277089814,0.0005890582755726852
CD02_FDis,RANDOM_FOREST,FDis,19,BuP10,1.5469708070808017,1.595352514355432,0.048381707274630203,0.048381707274630203,0.002340789598808005
CD02_FDis,RANDOM_FOREST,FDis,19,TmP7,1.7859883176606266,1.7139999792572318,-0.0719883384033948,0.0719883384033948,0.005182320866081687
CD02_FDis,RANDOM_FOREST,FDis,19,TsP1,2.071419731327252,1.5408164735075265,-0.5306032578197257,0.5306032578197257,0.2815398172089063
CD02_FDis,RANDOM_FOREST,FDis,19,TsP4,1.039274247121184,1.1914638174766692,0.1521895703554852,0.1521895703554852,0.023161665324987177
CD02_FDis,RANDOM_FOREST,FDis,19,TuP5,0.8766009122519117,1.423790495988189,0.5471895837362774,0.5471895837362774,0.29941644054948047
CD02_FDis,RANDOM_FOREST,FDis,20,CsP4,1.703158438505631,1.62460973495732,-0.078548703548311,0.078548703548311,0.006169898829120446
CD02_FDis,RANDOM_FOREST,FDis,20,CsP8,1.6478177671947116,1.8028439337658633,0.15502616657115165,0.15502616657115165,0.024033112321746455
CD02_FDis,RANDOM_FOREST,FDis,20,CuP4,1.804689290327236,1.6380924286311214,-0.16659686169611465,0.16659686169611465,0.027754514326994353
CD02_FDis,RANDOM_FOREST,FDis,20,CuP5,1.652878151064698,1.5433672163401904,-0.10951093472450757,0.10951093472450757,0.011992644824235357
CD02_FDis,RANDOM_FOREST,FDis,20,BmP3,1.6852035581350082,1.6511872034055641,-0.03401635472944409,0.03401635472944409,0.0011571123890793732
CD02_FDis,RANDOM_FOREST,FDis,20,BmP5,1.9907648308977288,2.062991282368687,0.07222645147095808,0.07222645147095808,0.005216660292086662
CD02_FDis,RANDOM_FOREST,FDis,20,BmP6,1.7885764164145614,1.5845611158384165,-0.20401530057614492,0.20401530057614492,0.04162224286917476
CD02_FDis,RANDOM_FOREST,FDis,20,BmP8,1.5753154471664896,1.6344218760385283,0.05910642887203865,0.05910642887203865,0.0034935699340053646
CD02_FDis,RANDOM_FOREST,FDis,20,BsP1,1.4615722971983691,1.4084524605610016,-0.053119836637367523,0.053119836637367523,0.002821717044380613
CD02_FDis,RANDOM_FOREST,FDis,20,BuP4,1.6325721932941426,1.6147491914552434,-0.017823001838899177,0.017823001838899177,0.00031765939454940343
CD02_FDis,RANDOM_FOREST,FDis,20,TmP1,1.4718575945763408,1.7372293735880286,0.26537177901168785,0.26537177901168785,0.0704221810958281
CD02_FDis,RANDOM_FOREST,FDis,20,TmP6,1.4951097983940702,1.696055707172853,0.20094590877878282,0.20094590877878282,0.040379258254930904
CD02_FDis,RANDOM_FOREST,FDis,20,TmP8,1.3943505685635922,1.7961274780875849,0.4017769095239927,0.4017769095239927,0.1614246850266506
CD02_FDis,RANDOM_FOREST,FDis,20,TsP2,1.9856472167908747,1.815986664728285,-0.1696605520625898,0.1696605520625898,0.02878470292618274
CD02_FDis,RANDOM_FOREST,FDis,20,TsP5,0.9417009797196452,1.1557748989469225,0.21407391922727736,0.21407391922727736,0.04582764289332687
CD02_FDis,RANDOM_FOREST,FDis,20,TsP6,1.967378855447456,1.6570116056477746,-0.31036724979968144,0.31036724979968144,0.09632782974821787
CD02_FDis,RANDOM_FOREST,FDis,20,TuP4,1.6212802726868671,1.6807974226217408,0.05951714993487367,0.05951714993487367,0.0035422911363702327
CD02_FDis,RANDOM_FOREST,FDis,20,TuP10,1.5315754549363598,1.9010646590846179,0.36948920414825803,0.36948920414825803,0.1365222719821131
CD02_FDis,RANDOM_FOREST,FDis,21,CmP3,1.6260822291125805,1.6473088690095268,0.021226639896946287,0.021226639896946287,0.00045057024131463187
CD02_FDis,RANDOM_FOREST,FDis,21,CmP10,1.3742064055878451,1.6357806540665194,0.2615742484786743,0.2615742484786743,0.06842108746718323
CD02_FDis,RANDOM_FOREST,FDis,21,CsP1,1.8290436910347256,1.7828795322881748,-0.04616415874655089,0.04616415874655089,0.002131129552776751
CD02_FDis,RANDOM_FOREST,FDis,21,CsP8,1.6478177671947116,1.8518597003934465,0.20404193319873487,0.20404193319873487,0.04163311050347698
CD02_FDis,RANDOM_FOREST,FDis,21,CuP9,1.669960070235498,1.5680472646326706,-0.10191280560282734,0.10191280560282734,0.010386219945839676
CD02_FDis,RANDOM_FOREST,FDis,21,BmP4,1.7597126021974243,1.6209492246405015,-0.1387633775569228,0.1387633775569228,0.019255274951005107
CD02_FDis,RANDOM_FOREST,FDis,21,BmP8,1.5753154471664896,1.6312298685082038,0.055914421341714204,0.055914421341714204,0.0031264225139787448
CD02_FDis,RANDOM_FOREST,FDis,21,BsP1,1.4615722971983691,1.35490034859627,-0.10667194860209905,0.10667194860209905,0.011378904618568862
CD02_FDis,RANDOM_FOREST,FDis,21,BsP6,1.3482727092943954,1.5604156288145992,0.2121429195202038,0.2121429195202038,0.04500461830255567
CD02_FDis,RANDOM_FOREST,FDis,21,BsP8,1.8390226503426368,1.7069688326233023,-0.13205381771933444,0.13205381771933444,0.017438210774251207
CD02_FDis,RANDOM_FOREST,FDis,21,TmP8,1.3943505685635922,1.7351592483377067,0.34080867977411455,0.34080867977411455,0.11615055620937496
CD02_FDis,RANDOM_FOREST,FDis,21,TmP9,1.6330604151148294,1.7383110488366929,0.1052506337218635,0.1052506337218635,0.01107769589885387
CD02_FDis,RANDOM_FOREST,FDis,21,TsP4,1.039274247121184,1.3040785893858637,0.26480434226467975,0.26480434226467975,0.07012133968222965
CD02_FDis,RANDOM_FOREST,FDis,21,TsP8,1.060409863605516,1.4122733895774302,0.3518635259719143,0.3518635259719143,0.123807940909388
CD02_FDis,RANDOM_FOREST,FDis,21,TsP9,1.79619465045184,1.529701886919048,-0.26649276353279205,0.26649276353279205,0.07101839301534463
CD02_FDis,RANDOM_FOREST,FDis,21,TuP2,1.959219209608106,1.7489172722751622,-0.21030193733294378,0.21030193733294378,0.044226904845989415
CD02_FDis,RANDOM_FOREST,FDis,21,TuP5,0.8766009122519117,1.4350376788343224,0.5584367665824107,0.5584367665824107,0.31185162227101787
CD02_FDis,RANDOM_FOREST,FDis,21,TuP7,1.6967334502757114,1.5897273091348205,-0.10700614114089091,0.10700614114089091,0.011450314241864266
CD02_FDis,RANDOM_FOREST,FDis,22,CmP1,1.549648755865329,1.688775771030313,0.13912701516498416,0.13912701516498416,0.019356326348717732
CD02_FDis,RANDOM_FOREST,FDis,22,CmP2,1.3721195030879645,1.4974570620987138,0.12533755901074928,0.12533755901074928,0.015709503698773056
CD02_FDis,RANDOM_FOREST,FDis,22,CmP9,1.624104638859433,1.5387342441544138,-0.08537039470501906,0.08537039470501906,0.007288104292090746
CD02_FDis,RANDOM_FOREST,FDis,22,CsP2,1.585489648486885,1.5727739843829307,-0.012715664103954305,0.012715664103954305,0.00016168811360459204
CD02_FDis,RANDOM_FOREST,FDis,22,CsP7,1.4797042507397251,1.6634536994603564,0.18374944872063126,0.18374944872063126,0.0337638599051359
CD02_FDis,RANDOM_FOREST,FDis,22,CsP9,1.6651187370902774,1.614570529095565,-0.05054820799471238,0.05054820799471238,0.0025551213314767046
CD02_FDis,RANDOM_FOREST,FDis,22,CuP1,1.5257145471226057,1.4242787658485077,-0.10143578127409802,0.10143578127409802,0.010289217722686655
CD02_FDis,RANDOM_FOREST,FDis,22,CuP3,1.7126218268341509,1.5124712553581687,-0.20015057147598214,0.20015057147598214,0.040060251262162234
CD02_FDis,RANDOM_FOREST,FDis,22,CuP7,1.785621373419769,1.5604618275949798,-0.22515954582478925,0.22515954582478925,0.05069682107602537
CD02_FDis,RANDOM_FOREST,FDis,22,CuP8,1.7460953380476807,1.631225608875561,-0.11486972917211968,0.11486972917211968,0.013195054680076123
CD02_FDis,RANDOM_FOREST,FDis,22,BmP1,1.6922096019465238,1.7107379371062643,0.018528335159740505,0.018528335159740505,0.0003432992037916762
CD02_FDis,RANDOM_FOREST,FDis,22,BsP7,1.7537725052501962,1.5871246347290608,-0.1666478705211354,0.1666478705211354,0.027771512749229104
CD02_FDis,RANDOM_FOREST,FDis,22,BuP3,1.4108311948002903,1.5392723956179886,0.12844120081769828,0.12844120081769828,0.016497142067492296
CD02_FDis,RANDOM_FOREST,FDis,22,BuP5,1.52170317522943,1.5391076227640084,0.01740444753457826,0.01740444753457826,0.00030291479398388726
CD02_FDis,RANDOM_FOREST,FDis,22,TmP4,1.0027869076632236,1.6621869309594612,0.6594000232962376,0.6594000232962376,0.4348083907230787
CD02_FDis,RANDOM_FOREST,FDis,22,TsP10,1.5791042214997209,1.6571234091524218,0.078019187652701,0.078019187652701,0.006086993641987371
CD02_FDis,RANDOM_FOREST,FDis,22,TuP3,1.0881658073888012,1.5265889493054228,0.4384231419166216,0.4384231419166216,0.1922148513680421
CD02_FDis,RANDOM_FOREST,FDis,22,TuP8,1.6714786505929893,1.5775394562104876,-0.09393919438250165,0.09393919438250165,0.008824572241233428
CD02_FDis,RANDOM_FOREST,FDis,23,CmP4,1.4629370108766342,1.5296523949963412,0.06671538411970701,0.06671538411970701,0.004450942478240055
CD02_FDis,RANDOM_FOREST,FDis,23,CmP5,1.2468049033003985,1.5865976984820522,0.33979279518165373,0.33979279518165373,0.11545914365736128
CD02_FDis,RANDOM_FOREST,FDis,23,CuP10,1.7907681573185472,1.5286620144508614,-0.26210614286768585,0.26210614286768585,0.06869963012897574
CD02_FDis,RANDOM_FOREST,FDis,23,BmP3,1.6852035581350082,1.6286403704811918,-0.056563187653816405,0.056563187653816405,0.0031993941975608487
CD02_FDis,RANDOM_FOREST,FDis,23,BmP5,1.9907648308977288,1.7672879967531394,-0.2234768341445894,0.2234768341445894,0.049941895399288325
CD02_FDis,RANDOM_FOREST,FDis,23,BmP7,1.8275097408946472,1.5430435171075003,-0.2844662237871469,0.2844662237871469,0.08092103247571915
CD02_FDis,RANDOM_FOREST,FDis,23,BmP10,1.6260271514830502,1.673402539477703,0.047375387994652796,0.047375387994652796,0.002244427387643892
CD02_FDis,RANDOM_FOREST,FDis,23,BsP3,1.670383487840285,1.5232440203675057,-0.14713946747277928,0.14713946747277928,0.02165002288817307
CD02_FDis,RANDOM_FOREST,FDis,23,BsP4,1.3718923212641478,1.572865878198044,0.20097355693389618,0.20097355693389618,0.04039037058666201
CD02_FDis,RANDOM_FOREST,FDis,23,BuP4,1.6325721932941426,1.6512874426680169,0.018715249373874254,0.018715249373874254,0.0003502605591263007
CD02_FDis,RANDOM_FOREST,FDis,23,BuP6,1.667081330417253,1.6253496401729932,-0.04173169024425971,0.04173169024425971,0.0017415339706428412
CD02_FDis,RANDOM_FOREST,FDis,23,BuP9,1.8201912166460104,1.758829375407367,-0.06136184123864341,0.06136184123864341,0.0037652755601964793
CD02_FDis,RANDOM_FOREST,FDis,23,TsP1,2.071419731327252,1.5817618180825284,-0.48965791324472385,0.48965791324472385,0.2397648720031775
CD02_FDis,RANDOM_FOREST,FDis,23,TsP5,0.9417009797196452,1.1604057104839325,0.21870473076428731,0.21870473076428731,0.0478317592586794
CD02_FDis,RANDOM_FOREST,FDis,23,TsP6,1.967378855447456,1.6637575361267218,-0.3036213193207342,0.3036213193207342,0.09218590554606325
CD02_FDis,RANDOM_FOREST,FDis,23,TuP1,2.924414402508278,1.7275566587895679,-1.19685774371871,1.19685774371871,1.4324684586994414
CD02_FDis,RANDOM_FOREST,FDis,23,TuP4,1.6212802726868671,1.5746199160815215,-0.04666035660534562,0.04666035660534562,0.0021771888785380206
CD02_FDis,RANDOM_FOREST,FDis,23,TuP10,1.5315754549363598,1.7401316230397843,0.20855616810342448,0.20855616810342448,0.04349567525398385
CD02_FDis,RANDOM_FOREST,FDis,24,CmP6,1.4337041640080512,1.5094191140008795,0.07571494999282824,0.07571494999282824,0.005732753652416481
CD02_FDis,RANDOM_FOREST,FDis,24,CuP2,1.6637583632724262,1.6684551607693887,0.0046967974969625015,0.0046967974969625015,2.205990672747322e-05
CD02_FDis,RANDOM_FOREST,FDis,24,BmP2,1.585489648486885,1.5993112810724315,0.013821632585546473,0.013821632585546473,0.00019103752732984008
CD02_FDis,RANDOM_FOREST,FDis,24,BsP9,1.5589992381964568,1.6992967044402707,0.1402974662438139,0.1402974662438139,0.0196833790344341
CD02_FDis,RANDOM_FOREST,FDis,24,BuP1,1.7323527466091853,1.6456598364358805,-0.08669291017330472,0.08669291017330472,0.00751566067431668
CD02_FDis,RANDOM_FOREST,FDis,24,BuP2,1.3121914361187996,1.6199865971310663,0.30779516101226667,0.30779516101226667,0.09473786114256716
CD02_FDis,RANDOM_FOREST,FDis,24,BuP8,1.4082109927912507,1.6918635739812455,0.2836525811899948,0.2836525811899948,0.0804587868157466
CD02_FDis,RANDOM_FOREST,FDis,24,TmP1,1.4718575945763408,1.6451246211106831,0.17326702653434234,0.17326702653434234,0.03002146248405249
CD02_FDis,RANDOM_FOREST,FDis,24,TmP2,2.1676288473661294,1.6257744496817288,-0.5418543976844006,0.5418543976844006,0.2936061882899245
CD02_FDis,RANDOM_FOREST,FDis,24,TmP3,1.701411063049406,1.6850195434344073,-0.01639151961499863,0.01639151961499863,0.0002686819152888848
CD02_FDis,RANDOM_FOREST,FDis,24,TmP6,1.4951097983940702,1.7605045063825486,0.2653947079884784,0.2653947079884784,0.07043435102828972
CD02_FDis,RANDOM_FOREST,FDis,24,TmP7,1.7859883176606266,1.61377068267921,-0.17221763498141662,0.17221763498141662,0.029658913798592455
CD02_FDis,RANDOM_FOREST,FDis,24,TmP10,1.4665960823323403,1.7275699077903972,0.2609738254580569,0.2609738254580569,0.06810733757421236
CD02_FDis,RANDOM_FOREST,FDis,24,TsP2,1.9856472167908747,1.6529039666832244,-0.3327432501076504,0.3327432501076504,0.11071807049220238
CD02_FDis,RANDOM_FOREST,FDis,24,TsP3,1.7986008371256086,1.6257744496817288,-0.1728263874438798,0.1728263874438798,0.02986896019690205
CD02_FDis,RANDOM_FOREST,FDis,24,TsP7,1.3625709657138958,1.737522512483106,0.37495154676921016,0.37495154676921016,0.1405886624246232
CD02_FDis,RANDOM_FOREST,FDis,24,TuP6,2.0604414160492137,1.617549234732128,-0.44289218131708563,0.44289218131708563,0.19615348427180626
CD02_FDis,RANDOM_FOREST,FDis,24,TuP9,1.638172594265633,1.1801106301178161,-0.45806196414781697,0.45806196414781697,0.20982076299895597
CD02_FDis,RANDOM_FOREST,FDis,25,CmP7,1.610010364672139,1.5546165581994411,-0.05539380647269798,0.05539380647269798,0.0030684737955347166
CD02_FDis,RANDOM_FOREST,FDis,25,CmP8,1.5797608250239128,1.7162916190499895,0.1365307940260767,0.1365307940260767,0.01864065771739098
CD02_FDis,RANDOM_FOREST,FDis,25,CsP3,1.748173020862429,1.6863760351501518,-0.06179698571227732,0.06179698571227732,0.003818867443123407
CD02_FDis,RANDOM_FOREST,FDis,25,CsP4,1.703158438505631,1.58739124502472,-0.11576719348091102,0.11576719348091102,0.013402043086446687
CD02_FDis,RANDOM_FOREST,FDis,25,CsP5,1.9907648308977288,2.046692942024092,0.05592811112636298,0.05592811112636298,0.0031279536141628063
CD02_FDis,RANDOM_FOREST,FDis,25,CsP6,1.748561221878778,1.678610290643723,-0.06995093123505502,0.06995093123505502,0.0048931327806513965
CD02_FDis,RANDOM_FOREST,FDis,25,CsP10,1.580018149829522,1.8313540878708854,0.25133593804136334,0.25133593804136334,0.06316975375113203
CD02_FDis,RANDOM_FOREST,FDis,25,CuP4,1.804689290327236,1.64500826938553,-0.1596810209417061,0.1596810209417061,0.025498028448985584
CD02_FDis,RANDOM_FOREST,FDis,25,CuP5,1.652878151064698,1.5383840358848104,-0.1144941151798875,0.1144941151798875,0.013108902410825346
CD02_FDis,RANDOM_FOREST,FDis,25,CuP6,1.595432956136453,1.6225424639180412,0.02710950778158816,0.02710950778158816,0.000734925412159989
CD02_FDis,RANDOM_FOREST,FDis,25,BmP6,1.7885764164145614,1.571533234921724,-0.21704318149283752,0.21704318149283752,0.047107742632532805
CD02_FDis,RANDOM_FOREST,FDis,25,BmP9,1.6469926742285126,1.7473308488285977,0.1003381746000851,0.1003381746000851,0.010067749282077161
CD02_FDis,RANDOM_FOREST,FDis,25,BsP2,1.2376536979554675,1.458724459301293,0.22107076134582537,0.22107076134582537,0.04887228152202288
CD02_FDis,RANDOM_FOREST,FDis,25,BsP5,1.8642543387857864,1.7325678419473476,-0.1316864968384388,0.1316864968384388,0.017341333449580155
CD02_FDis,RANDOM_FOREST,FDis,25,BsP10,1.7638322969338716,1.8491718632573213,0.08533956632344974,0.08533956632344974,0.007282841580274478
CD02_FDis,RANDOM_FOREST,FDis,25,BuP7,1.752807867226157,1.7451057522599491,-0.007702114966207763,0.007702114966207763,5.93225749526816e-05
CD02_FDis,RANDOM_FOREST,FDis,25,BuP10,1.5469708070808017,1.598979039830482,0.05200823274968025,0.05200823274968025,0.0027048562737449133
CD02_FDis,RANDOM_FOREST,FDis,25,TmP5,1.297295647135223,1.3437262125237404,0.04643056538851731,0.04643056538851731,0.0021557974022973813
CD02_FDis,RANDOM_FOREST,FDis,26,CmP5,1.2468049033003985,1.6606470683465018,0.41384216504610327,0.41384216504610327,0.1712653375700462
CD02_FDis,RANDOM_FOREST,FDis,26,CmP6,1.4337041640080512,1.5207269573251196,0.08702279331706841,0.08702279331706841,0.007572966556705207
CD02_FDis,RANDOM_FOREST,FDis,26,CsP4,1.703158438505631,1.6181654572653599,-0.08499298124027121,0.08499298124027121,0.007223806860109094
CD02_FDis,RANDOM_FOREST,FDis,26,CsP5,1.9907648308977288,1.745793358896126,-0.24497147200160274,0.24497147200160274,0.060011022094632036
CD02_FDis,RANDOM_FOREST,FDis,26,CuP2,1.6637583632724262,1.6466420738751344,-0.017116289397291817,0.017116289397291817,0.0002929673627318443
CD02_FDis,RANDOM_FOREST,FDis,26,CuP8,1.7460953380476807,1.6042823931250145,-0.14181294492266616,0.14181294492266616,0.020110911347639145
CD02_FDis,RANDOM_FOREST,FDis,26,BmP6,1.7885764164145614,1.5926209181339355,-0.19595549828062597,0.19595549828062597,0.038398557306408405
CD02_FDis,RANDOM_FOREST,FDis,26,BmP8,1.5753154471664896,1.610483458571174,0.035168011404684396,0.035168011404684396,0.0012367890261600117
CD02_FDis,RANDOM_FOREST,FDis,26,BsP2,1.2376536979554675,1.5657134261402361,0.3280597281847686,0.3280597281847686,0.10762318525666424
CD02_FDis,RANDOM_FOREST,FDis,26,BsP9,1.5589992381964568,1.6694443181361445,0.11044507993968766,0.11044507993968766,0.012198115682883998
CD02_FDis,RANDOM_FOREST,FDis,26,BuP6,1.667081330417253,1.632480658831879,-0.03460067158537394,0.03460067158537394,0.0011972064741589037
CD02_FDis,RANDOM_FOREST,FDis,26,TmP3,1.701411063049406,1.6932054961684648,-0.008205566880941095,0.008205566880941095,6.733132783759737e-05
CD02_FDis,RANDOM_FOREST,FDis,26,TmP4,1.0027869076632236,1.5404030936482462,0.5376161859850226,0.5376161859850226,0.2890311634330824
CD02_FDis,RANDOM_FOREST,FDis,26,TmP8,1.3943505685635922,1.781143062766437,0.3867924942028449,0.3867924942028449,0.1496084335716578
CD02_FDis,RANDOM_FOREST,FDis,26,TsP5,0.9417009797196452,1.2098340459897856,0.26813306627014044,0.26813306627014044,0.07189534122742752
CD02_FDis,RANDOM_FOREST,FDis,26,TuP1,2.924414402508278,1.7231608525691007,-1.2012535499391772,1.2012535499391772,1.4430100912414754
CD02_FDis,RANDOM_FOREST,FDis,26,TuP6,2.0604414160492137,1.6482953908267843,-0.4121460252224294,0.4121460252224294,0.16986434610664738
CD02_FDis,RANDOM_FOREST,FDis,26,TuP7,1.6967334502757114,1.5177128930745205,-0.17902055720119092,0.17902055720119092,0.03204835990062487
CD02_FDis,RANDOM_FOREST,FDis,27,CmP7,1.610010364672139,1.6111032787370776,0.0010929140649384994,0.0010929140649384994,1.1944611533403946e-06
CD02_FDis,RANDOM_FOREST,FDis,27,CmP8,1.5797608250239128,1.7165502283247223,0.13678940330080946,0.13678940330080946,0.018711340855391504
CD02_FDis,RANDOM_FOREST,FDis,27,CmP9,1.624104638859433,1.4766511190045173,-0.14745351985491562,0.14745351985491562,0.021742540517603992
CD02_FDis,RANDOM_FOREST,FDis,27,CsP1,1.8290436910347256,1.7869813374568826,-0.04206235357784305,0.04206235357784305,0.0017692415885074858
CD02_FDis,RANDOM_FOREST,FDis,27,CsP8,1.6478177671947116,1.829658164818349,0.18184039762363735,0.18184039762363735,0.033065930207922534
CD02_FDis,RANDOM_FOREST,FDis,27,CuP1,1.5257145471226057,1.365973223910273,-0.1597413232123326,0.1597413232123326,0.025517290341626905
CD02_FDis,RANDOM_FOREST,FDis,27,CuP5,1.652878151064698,1.4766511190045173,-0.17622703206018064,0.17622703206018064,0.031055966828739935
CD02_FDis,RANDOM_FOREST,FDis,27,CuP10,1.7907681573185472,1.5544563897754597,-0.23631176754308747,0.23631176754308747,0.05584325147933821
CD02_FDis,RANDOM_FOREST,FDis,27,BsP1,1.4615722971983691,1.3429096402551046,-0.1186626569432645,0.1186626569432645,0.014080826152834878
CD02_FDis,RANDOM_FOREST,FDis,27,BsP5,1.8642543387857864,1.7292635506658696,-0.13499078811991683,0.13499078811991683,0.018222512877236276
CD02_FDis,RANDOM_FOREST,FDis,27,BsP6,1.3482727092943954,1.591498415552368,0.24322570625797257,0.24322570625797257,0.05915874418468956
CD02_FDis,RANDOM_FOREST,FDis,27,BuP4,1.6325721932941426,1.6611790888286129,0.028606895534470267,0.028606895534470267,0.000818354472120095
CD02_FDis,RANDOM_FOREST,FDis,27,BuP10,1.5469708070808017,1.6055946151721479,0.05862380809134615,0.05862380809134615,0.0034367508751309826
CD02_FDis,RANDOM_FOREST,FDis,27,TmP5,1.297295647135223,1.3192130320540922,0.021917384918869187,0.021917384918869187,0.00048037176168187447
CD02_FDis,RANDOM_FOREST,FDis,27,TmP10,1.4665960823323403,1.705759007234718,0.23916292490237767,0.23916292490237767,0.057198904647860344
CD02_FDis,RANDOM_FOREST,FDis,27,TsP3,1.7986008371256086,1.8185299717904508,0.019929134664842252,0.019929134664842252,0.0003971704084894171
CD02_FDis,RANDOM_FOREST,FDis,27,TuP2,1.959219209608106,1.7330920958520095,-0.2261271137560965,0.2261271137560965,0.051133471575662615
CD02_FDis,RANDOM_FOREST,FDis,27,TuP4,1.6212802726868671,1.6608320077507017,0.03955173506383458,0.03955173506383458,0.0015643397465597618
CD02_FDis,RANDOM_FOREST,FDis,28,CmP3,1.6260822291125805,1.6323252431918223,0.006243014079241771,0.006243014079241771,3.897522479361098e-05
CD02_FDis,RANDOM_FOREST,FDis,28,CsP3,1.748173020862429,1.645572399327199,-0.1026006215352302,0.1026006215352302,0.010526887539415542
CD02_FDis,RANDOM_FOREST,FDis,28,CsP7,1.4797042507397251,1.6220877948133041,0.142383544073579,0.142383544073579,0.020273073622952813
CD02_FDis,RANDOM_FOREST,FDis,28,CuP6,1.595432956136453,1.6175357743283918,0.02210281819193871,0.02210281819193871,0.0004885345720258968
CD02_FDis,RANDOM_FOREST,FDis,28,BmP1,1.6922096019465238,1.7085082210357947,0.016298619089270883,0.016298619089270883,0.0002656449842171452
CD02_FDis,RANDOM_FOREST,FDis,28,BmP7,1.8275097408946472,1.5740874419508257,-0.2534222989438215,0.2534222989438215,0.06422286160197163
CD02_FDis,RANDOM_FOREST,FDis,28,BmP10,1.6260271514830502,1.73166933236108,0.10564218087802968,0.10564218087802968,0.01116027038066634
CD02_FDis,RANDOM_FOREST,FDis,28,BsP4,1.3718923212641478,1.5872942584119594,0.21540193714781153,0.21540193714781153,0.04639799452702975
CD02_FDis,RANDOM_FOREST,FDis,28,BuP3,1.4108311948002903,1.5823014625939549,0.1714702677936646,0.1714702677936646,0.02940205273723105
CD02_FDis,RANDOM_FOREST,FDis,28,BuP5,1.52170317522943,1.5440312226135506,0.02232804738412053,0.02232804738412053,0.0004985416999875317
CD02_FDis,RANDOM_FOREST,FDis,28,BuP7,1.752807867226157,1.7438796250337896,-0.00892824219236732,0.00892824219236732,7.9713508645568e-05
CD02_FDis,RANDOM_FOREST,FDis,28,BuP9,1.8201912166460104,1.8392029119004973,0.019011695254486982,0.019011695254486982,0.00036144455644948284
CD02_FDis,RANDOM_FOREST,FDis,28,TmP1,1.4718575945763408,1.6723748498491797,0.20051725527283892,0.20051725527283892,0.04020716966215285
CD02_FDis,RANDOM_FOREST,FDis,28,TmP6,1.4951097983940702,1.686832940109801,0.1917231417157308,0.1917231417157308,0.03675776306935019
CD02_FDis,RANDOM_FOREST,FDis,28,TsP1,2.071419731327252,1.5530507887993403,-0.5183689425279119,0.5183689425279119,0.26870636057750563
CD02_FDis,RANDOM_FOREST,FDis,28,TsP4,1.039274247121184,1.209105462512056,0.1698312153908721,0.1698312153908721,0.028842641721140788
CD02_FDis,RANDOM_FOREST,FDis,28,TsP9,1.79619465045184,1.5117731682345894,-0.2844214822172506,0.2844214822172506,0.08089557954665781
CD02_FDis,RANDOM_FOREST,FDis,28,TuP10,1.5315754549363598,1.8867516697734579,0.35517621483709805,0.35517621483709805,0.12615014358600843
CD02_FDis,RANDOM_FOREST,FDis,29,CmP1,1.549648755865329,1.6678544217158477,0.11820566585051884,0.11820566585051884,0.013972579439164516
CD02_FDis,RANDOM_FOREST,FDis,29,CmP2,1.3721195030879645,1.4903105658880635,0.11819106280009906,0.11819106280009906,0.013969127325816958
CD02_FDis,RANDOM_FOREST,FDis,29,CmP4,1.4629370108766342,1.5622681451193121,0.09933113424267792,0.09933113424267792,0.009866674229936902
CD02_FDis,RANDOM_FOREST,FDis,29,CsP2,1.585489648486885,1.5669962573514005,-0.018493391135484538,0.018493391135484538,0.0003420055156900181
CD02_FDis,RANDOM_FOREST,FDis,29,CsP10,1.580018149829522,1.7893146367765738,0.20929648694705172,0.20929648694705172,0.04380501944837739
CD02_FDis,RANDOM_FOREST,FDis,29,CuP4,1.804689290327236,1.6302532776914895,-0.17443601263574648,0.17443601263574648,0.03042792250425831
CD02_FDis,RANDOM_FOREST,FDis,29,CuP7,1.785621373419769,1.5156110269324925,-0.2700103464872765,0.2700103464872765,0.07290558721017912
CD02_FDis,RANDOM_FOREST,FDis,29,BmP2,1.585489648486885,1.5669962573514005,-0.018493391135484538,0.018493391135484538,0.0003420055156900181
CD02_FDis,RANDOM_FOREST,FDis,29,BmP5,1.9907648308977288,2.062826414281899,0.07206158338417001,0.07206158338417001,0.005192871799833688
CD02_FDis,RANDOM_FOREST,FDis,29,BsP3,1.670383487840285,1.5645193449629675,-0.10586414287731749,0.10586414287731749,0.011207216747149092
CD02_FDis,RANDOM_FOREST,FDis,29,BsP10,1.7638322969338716,1.8136025325574492,0.04977023562357763,0.04977023562357763,0.0024770763540264357
CD02_FDis,RANDOM_FOREST,FDis,29,BuP1,1.7323527466091853,1.8340345614290336,0.10168181481984839,0.10168181481984839,0.010339191465057941
CD02_FDis,RANDOM_FOREST,FDis,29,BuP8,1.4082109927912507,1.6872817561034166,0.27907076331216585,0.27907076331216585,0.07788049093563489
CD02_FDis,RANDOM_FOREST,FDis,29,TmP7,1.7859883176606266,1.7401772817754726,-0.045811035885154006,0.045811035885154006,0.002098651008870868
CD02_FDis,RANDOM_FOREST,FDis,29,TsP2,1.9856472167908747,1.840819058111407,-0.14482815867946774,0.14482815867946774,0.02097519554648509
CD02_FDis,RANDOM_FOREST,FDis,29,TsP7,1.3625709657138958,1.8101576554133958,0.4475866896995,0.4475866896995,0.20033384479615648
CD02_FDis,RANDOM_FOREST,FDis,29,TsP10,1.5791042214997209,1.6020043995671223,0.02290017806740141,0.02290017806740141,0.0005244181555186927
CD02_FDis,RANDOM_FOREST,FDis,29,TuP3,1.0881658073888012,1.5321215537316848,0.4439557463428836,0.4439557463428836,0.1970967047108668
CD02_FDis,RANDOM_FOREST,FDis,30,CmP10,1.3742064055878451,1.6330121972022298,0.25880579161438466,0.25880579161438466,0.0669804377731483
CD02_FDis,RANDOM_FOREST,FDis,30,CsP6,1.748561221878778,1.6922888596400356,-0.056272362238742435,0.056272362238742435,0.0031665787519282456
CD02_FDis,RANDOM_FOREST,FDis,30,CsP9,1.6651187370902774,1.617961836376118,-0.047156900714159455,0.047156900714159455,0.0022237732849650924
CD02_FDis,RANDOM_FOREST,FDis,30,CuP3,1.7126218268341509,1.5215002502701354,-0.19112157656401552,0.19112157656401552,0.03652745702831484
CD02_FDis,RANDOM_FOREST,FDis,30,CuP9,1.669960070235498,1.5754786664421514,-0.09448140379334657,0.09448140379334657,0.008926735662761405
CD02_FDis,RANDOM_FOREST,FDis,30,BmP3,1.6852035581350082,1.6499741281707412,-0.035229429964267034,0.035229429964267034,0.001241112735607196
CD02_FDis,RANDOM_FOREST,FDis,30,BmP4,1.7597126021974243,1.5994916818152758,-0.16022092038214852,0.16022092038214852,0.025670743328102777
CD02_FDis,RANDOM_FOREST,FDis,30,BmP9,1.6469926742285126,1.7806347678104626,0.13364209358195,0.13364209358195,0.017860209176966683
CD02_FDis,RANDOM_FOREST,FDis,30,BsP7,1.7537725052501962,1.5831250171630165,-0.17064748808717978,0.17064748808717978,0.029120565190464163
CD02_FDis,RANDOM_FOREST,FDis,30,BsP8,1.8390226503426368,1.7581146095727358,-0.08090804076990099,0.08090804076990099,0.006546111061223961
CD02_FDis,RANDOM_FOREST,FDis,30,BuP2,1.3121914361187996,1.5723343451259513,0.26014290900715165,0.26014290900715165,0.06767433310670318
CD02_FDis,RANDOM_FOREST,FDis,30,TmP2,2.1676288473661294,1.7103399653766735,-0.45728888198945583,0.45728888198945583,0.20911312159116646
CD02_FDis,RANDOM_FOREST,FDis,30,TmP9,1.6330604151148294,1.7888782929781577,0.15581787786332835,0.15581787786332835,0.02427921106183111
CD02_FDis,RANDOM_FOREST,FDis,30,TsP6,1.967378855447456,1.6618436453738574,-0.30553521007359863,0.30553521007359863,0.09335176459471804
CD02_FDis,RANDOM_FOREST,FDis,30,TsP8,1.060409863605516,1.3314746529470838,0.27106478934156786,0.27106478934156786,0.07347612002078856
CD02_FDis,RANDOM_FOREST,FDis,30,TuP5,0.8766009122519117,1.4133693525796547,0.536768440327743,0.536768440327743,0.28812035853187773
CD02_FDis,RANDOM_FOREST,FDis,30,TuP8,1.6714786505929893,1.6013544662689185,-0.07012418432407075,0.07012418432407075,0.0049174012271162495
CD02_FDis,RANDOM_FOREST,FDis,30,TuP9,1.638172594265633,1.3459141704720567,-0.29225842379357636,0.29225842379357636,0.08541498627830568
CD02_FDis,RANDOM_FOREST,FDis,31,CmP3,1.6260822291125805,1.6338324174054175,0.007750188292837024,0.007750188292837024,6.0065418574428056e-05
CD02_FDis,RANDOM_FOREST,FDis,31,CsP5,1.9907648308977288,1.7642417503535932,-0.2265230805441356,0.2265230805441356,0.05131270601920495
CD02_FDis,RANDOM_FOREST,FDis,31,CuP1,1.5257145471226057,1.488772339144376,-0.03694220797822978,0.03694220797822978,0.001364726730306784
CD02_FDis,RANDOM_FOREST,FDis,31,CuP4,1.804689290327236,1.6419002831633673,-0.16278900716386868,0.16278900716386868,0.02650026085339809
CD02_FDis,RANDOM_FOREST,FDis,31,CuP6,1.595432956136453,1.6126348212625337,0.017201865126080573,0.017201865126080573,0.000295904163815867
CD02_FDis,RANDOM_FOREST,FDis,31,BmP2,1.585489648486885,1.5500554208274193,-0.03543422765946569,0.03543422765946569,0.0012555844898228432
CD02_FDis,RANDOM_FOREST,FDis,31,BmP3,1.6852035581350082,1.6942162608468299,0.00901270271182164,0.00901270271182164,8.122881017167716e-05
CD02_FDis,RANDOM_FOREST,FDis,31,BmP6,1.7885764164145614,1.5986183420501658,-0.1899580743643956,0.1899580743643956,0.03608407001622925
CD02_FDis,RANDOM_FOREST,FDis,31,BmP7,1.8275097408946472,1.5355011086817074,-0.2920086322129398,0.2920086322129398,0.08526904128687196
CD02_FDis,RANDOM_FOREST,FDis,31,BsP10,1.7638322969338716,1.7443104438254946,-0.019521853108376952,0.019521853108376952,0.00038110274878504685
CD02_FDis,RANDOM_FOREST,FDis,31,BuP4,1.6325721932941426,1.611913335283943,-0.02065885801019962,0.02065885801019962,0.00042678841428558906
CD02_FDis,RANDOM_FOREST,FDis,31,BuP10,1.5469708070808017,1.6330129867519723,0.08604217967117056,0.08604217967117056,0.007403256682565996
CD02_FDis,RANDOM_FOREST,FDis,31,TmP4,1.0027869076632236,1.5847288766828516,0.5819419690196279,0.5819419690196279,0.33865645530644156
CD02_FDis,RANDOM_FOREST,FDis,31,TsP4,1.039274247121184,1.2705520426588925,0.23127779553770855,0.23127779553770855,0.05348941870878212
CD02_FDis,RANDOM_FOREST,FDis,31,TuP1,2.924414402508278,1.7285571557775148,-1.195857246730763,1.195857246730763,1.4300745545584812
CD02_FDis,RANDOM_FOREST,FDis,31,TuP3,1.0881658073888012,1.3910941290185252,0.30292832162972405,0.30292832162972405,0.09176556804540154
CD02_FDis,RANDOM_FOREST,FDis,31,TuP6,2.0604414160492137,1.6876455994674564,-0.3727958165817573,0.3727958165817573,0.13897672086085924
CD02_FDis,RANDOM_FOREST,FDis,31,TuP8,1.6714786505929893,1.57323387364114,-0.0982447769518493,0.0982447769518493,0.00965203619831862
CD02_FDis,RANDOM_FOREST,FDis,32,CmP1,1.549648755865329,1.6513800337420448,0.10173127787671588,0.10173127787671588,0.01034925289842958
CD02_FDis,RANDOM_FOREST,FDis,32,CmP4,1.4629370108766342,1.5634413323417649,0.10050432146513066,0.10050432146513066,0.010101118633166324
CD02_FDis,RANDOM_FOREST,FDis,32,CmP6,1.4337041640080512,1.504445202648134,0.07074103864008285,0.07074103864008285,0.005004294547877696
CD02_FDis,RANDOM_FOREST,FDis,32,CmP8,1.5797608250239128,1.722074578898794,0.1423137538748811,0.1423137538748811,0.020253204541960234
CD02_FDis,RANDOM_FOREST,FDis,32,CsP10,1.580018149829522,1.7827272597964892,0.20270910996696712,0.20270910996696712,0.041090983263599966
CD02_FDis,RANDOM_FOREST,FDis,32,CuP2,1.6637583632724262,1.6655674875384279,0.0018091242660016604,0.0018091242660016604,3.2729306098360465e-06
CD02_FDis,RANDOM_FOREST,FDis,32,BmP4,1.7597126021974243,1.6292018994134838,-0.1305107027839405,0.1305107027839405,0.017033043541158054
CD02_FDis,RANDOM_FOREST,FDis,32,BmP10,1.6260271514830502,1.7174335070988145,0.09140635561576427,0.09140635561576427,0.00835512184695556
CD02_FDis,RANDOM_FOREST,FDis,32,BsP1,1.4615722971983691,1.356138924563758,-0.10543337263461106,0.10543337263461106,0.011116196065108752
CD02_FDis,RANDOM_FOREST,FDis,32,BsP8,1.8390226503426368,1.6957023693513786,-0.14332028099125815,0.14332028099125815,0.020540702943413192
CD02_FDis,RANDOM_FOREST,FDis,32,BuP1,1.7323527466091853,1.8119085264080939,0.0795557797989086,0.0795557797989086,0.0063291220994124335
CD02_FDis,RANDOM_FOREST,FDis,32,BuP5,1.52170317522943,1.4800040349392969,-0.04169914029013322,0.04169914029013322,0.0017388183009362115
CD02_FDis,RANDOM_FOREST,FDis,32,BuP6,1.667081330417253,1.6476467403654198,-0.019434590051833123,0.019434590051833123,0.000377703290482811
CD02_FDis,RANDOM_FOREST,FDis,32,TmP5,1.297295647135223,1.4065646026231984,0.10926895548797533,0.10926895548797533,0.011939704633433133
CD02_FDis,RANDOM_FOREST,FDis,32,TmP8,1.3943505685635922,1.7561177119549922,0.36176714339140004,0.36176714339140004,0.1308754660375738
CD02_FDis,RANDOM_FOREST,FDis,32,TsP5,0.9417009797196452,1.1915148650130025,0.24981388529335735,0.24981388529335735,0.0624069772853627
CD02_FDis,RANDOM_FOREST,FDis,32,TsP8,1.060409863605516,1.3911693688242088,0.3307595052186929,0.3307595052186929,0.10940185029251454
CD02_FDis,RANDOM_FOREST,FDis,32,TsP9,1.79619465045184,1.5177326345766844,-0.2784620158751556,0.2784620158751556,0.07754109428525542
CD02_FDis,RANDOM_FOREST,FDis,33,CmP2,1.3721195030879645,1.554977261130483,0.18285775804251858,0.18285775804251858,0.03343695967633627
CD02_FDis,RANDOM_FOREST,FDis,33,CmP7,1.610010364672139,1.6245296468329167,0.01451928216077758,0.01451928216077758,0.0002108095544642741
CD02_FDis,RANDOM_FOREST,FDis,33,CmP10,1.3742064055878451,1.6341286636923555,0.2599222581045104,0.2599222581045104,0.06755958025814773
CD02_FDis,RANDOM_FOREST,FDis,33,CsP1,1.8290436910347256,1.7710267308911491,-0.05801696014357649,0.05801696014357649,0.003365967664301343
CD02_FDis,RANDOM_FOREST,FDis,33,CsP8,1.6478177671947116,1.8915628915229905,0.24374512432827888,0.24374512432827888,0.05941168563380813
CD02_FDis,RANDOM_FOREST,FDis,33,CuP7,1.785621373419769,1.6144923869987189,-0.17112898642105012,0.17112898642105012,0.029285129993495956
CD02_FDis,RANDOM_FOREST,FDis,33,CuP9,1.669960070235498,1.600010711374002,-0.06994935886149589,0.06994935886149589,0.0048929128051343335
CD02_FDis,RANDOM_FOREST,FDis,33,BmP5,1.9907648308977288,2.035789479612338,0.04502464871460932,0.04502464871460932,0.0020272189918739704
CD02_FDis,RANDOM_FOREST,FDis,33,BmP8,1.5753154471664896,1.6464018414059063,0.07108639423941665,0.07108639423941665,0.005053275445961769
CD02_FDis,RANDOM_FOREST,FDis,33,BsP3,1.670383487840285,1.64045934844671,-0.029924139393574967,0.029924139393574967,0.0008954541184461052
CD02_FDis,RANDOM_FOREST,FDis,33,BsP4,1.3718923212641478,1.571103342609677,0.19921102134552915,0.19921102134552915,0.03968503102552887
CD02_FDis,RANDOM_FOREST,FDis,33,BsP6,1.3482727092943954,1.572968063032766,0.22469535373837068,0.22469535373837068,0.050488001991611534
CD02_FDis,RANDOM_FOREST,FDis,33,BsP7,1.7537725052501962,1.5474167016401976,-0.2063558036099986,0.2063558036099986,0.042582717683528316
CD02_FDis,RANDOM_FOREST,FDis,33,TmP6,1.4951097983940702,1.7597188360200096,0.26460903762593935,0.26460903762593935,0.07001794279332578
CD02_FDis,RANDOM_FOREST,FDis,33,TmP10,1.4665960823323403,1.7340451555011027,0.26744907316876243,0.26744907316876243,0.07152900673883004
CD02_FDis,RANDOM_FOREST,FDis,33,TsP7,1.3625709657138958,1.8590992935118866,0.49652832779799083,0.49652832779799083,0.24654038030586903
CD02_FDis,RANDOM_FOREST,FDis,33,TuP5,0.8766009122519117,1.4162335934589558,0.5396326812070441,0.5396326812070441,0.2912034306267033
CD02_FDis,RANDOM_FOREST,FDis,33,TuP7,1.6967334502757114,1.6063347266242793,-0.09039872365143209,0.09039872365143209,0.008171929237807988
CD02_FDis,RANDOM_FOREST,FDis,34,CmP5,1.2468049033003985,1.6842887256383547,0.43748382233795624,0.43748382233795624,0.19139209480742847
CD02_FDis,RANDOM_FOREST,FDis,34,CsP4,1.703158438505631,1.6056054619258475,-0.09755297657978357,0.09755297657978357,0.0095165832395758
CD02_FDis,RANDOM_FOREST,FDis,34,CsP6,1.748561221878778,1.659468620280063,-0.08909260159871502,0.08909260159871502,0.007937491659627358
CD02_FDis,RANDOM_FOREST,FDis,34,CuP5,1.652878151064698,1.5372316424527719,-0.11564650861192605,0.11564650861192605,0.013374114954128285
CD02_FDis,RANDOM_FOREST,FDis,34,BmP1,1.6922096019465238,1.7175300785783223,0.025320476631798483,0.025320476631798483,0.0006411265368614531
CD02_FDis,RANDOM_FOREST,FDis,34,BmP9,1.6469926742285126,1.8108939241997999,0.1639012499712873,0.1639012499712873,0.026863619742150405
CD02_FDis,RANDOM_FOREST,FDis,34,BsP2,1.2376536979554675,1.464852329798358,0.22719863184289046,0.22719863184289046,0.05161921831128128
CD02_FDis,RANDOM_FOREST,FDis,34,BsP5,1.8642543387857864,1.6830569597084677,-0.1811973790773187,0.1811973790773187,0.032832490184489534
CD02_FDis,RANDOM_FOREST,FDis,34,BuP3,1.4108311948002903,1.5923341838862364,0.1815029890859461,0.1815029890859461,0.032943335047133065
CD02_FDis,RANDOM_FOREST,FDis,34,BuP7,1.752807867226157,1.7744604915043602,0.02165262427820336,0.02165262427820336,0.0004688361381330415
CD02_FDis,RANDOM_FOREST,FDis,34,BuP8,1.4082109927912507,1.6760075506676575,0.26779655787640677,0.26779655787640677,0.07171499641045168
CD02_FDis,RANDOM_FOREST,FDis,34,TmP3,1.701411063049406,1.700810741484902,-0.0006003215645038473,0.0006003215645038473,3.6038598080834693e-07
CD02_FDis,RANDOM_FOREST,FDis,34,TmP7,1.7859883176606266,1.7452070796099883,-0.04078123805063827,0.04078123805063827,0.0016631093769428266
CD02_FDis,RANDOM_FOREST,FDis,34,TmP9,1.6330604151148294,1.8027842625747164,0.169723847459887,0.169723847459887,0.02880618439658699
CD02_FDis,RANDOM_FOREST,FDis,34,TsP2,1.9856472167908747,1.79075728048077,-0.19488993631010465,0.19488993631010465,0.037982087274956645
CD02_FDis,RANDOM_FOREST,FDis,34,TsP3,1.7986008371256086,1.782334501622728,-0.01626633550288048,0.01626633550288048,0.00026459367069227
CD02_FDis,RANDOM_FOREST,FDis,34,TsP10,1.5791042214997209,1.582071746525255,0.0029675250255341012,0.0029675250255341012,8.806204777171169e-06
CD02_FDis,RANDOM_FOREST,FDis,34,TuP9,1.638172594265633,1.1913314772813914,-0.44684111698424167,0.44684111698424167,0.19966698382772474
CD02_FDis,RANDOM_FOREST,FDis,35,CmP9,1.624104638859433,1.5277608491993795,-0.09634378966005341,0.09634378966005341,0.009282125806060615
CD02_FDis,RANDOM_FOREST,FDis,35,CsP2,1.585489648486885,1.5880772675692554,0.0025876190823703737,0.0025876190823703737,6.695772515447295e-06
CD02_FDis,RANDOM_FOREST,FDis,35,CsP3,1.748173020862429,1.6214723057113463,-0.12670071515108283,0.12670071515108283,0.01605307121979583
CD02_FDis,RANDOM_FOREST,FDis,35,CsP7,1.4797042507397251,1.5957100325181524,0.11600578177842724,0.11600578177842724,0.013457341406024082
CD02_FDis,RANDOM_FOREST,FDis,35,CsP9,1.6651187370902774,1.7170248070652365,0.05190606997495917,0.05190606997495917,0.0026942401002453577
CD02_FDis,RANDOM_FOREST,FDis,35,CuP3,1.7126218268341509,1.4797989925972894,-0.23282283423686145,0.23282283423686145,0.054206472142085065
CD02_FDis,RANDOM_FOREST,FDis,35,CuP8,1.7460953380476807,1.6258315317474283,-0.12026380630025235,0.12026380630025235,0.014463383105824618
CD02_FDis,RANDOM_FOREST,FDis,35,CuP10,1.7907681573185472,1.520940772549497,-0.2698273847690502,0.2698273847690502,0.07280681757130507
CD02_FDis,RANDOM_FOREST,FDis,35,BsP9,1.5589992381964568,1.5676388509845824,0.008639612788125639,0.008639612788125639,7.464290912874408e-05
CD02_FDis,RANDOM_FOREST,FDis,35,BuP2,1.3121914361187996,1.604286058286352,0.29209462216755244,0.29209462216755244,0.08531926829920522
CD02_FDis,RANDOM_FOREST,FDis,35,BuP9,1.8201912166460104,1.8311247962853967,0.010933579639386348,0.010933579639386348,0.00011954316373080371
CD02_FDis,RANDOM_FOREST,FDis,35,TmP1,1.4718575945763408,1.6439131969441652,0.17205560236782436,0.17205560236782436,0.029603130306154884
CD02_FDis,RANDOM_FOREST,FDis,35,TmP2,2.1676288473661294,1.6992041724972686,-0.46842467486886075,0.46842467486886075,0.2194216760259979
CD02_FDis,RANDOM_FOREST,FDis,35,TsP1,2.071419731327252,1.5142998058264376,-0.5571199255008146,0.5571199255008146,0.3103826113900332
CD02_FDis,RANDOM_FOREST,FDis,35,TsP6,1.967378855447456,1.661253271146613,-0.306125584300843,0.306125584300843,0.09371287336353255
CD02_FDis,RANDOM_FOREST,FDis,35,TuP2,1.959219209608106,1.6859782701064439,-0.2732409395016622,0.2732409395016622,0.07466061101975101
CD02_FDis,RANDOM_FOREST,FDis,35,TuP4,1.6212802726868671,1.5506611174806442,-0.07061915520622297,0.07061915520622297,0.004987065082040609
CD02_FDis,RANDOM_FOREST,FDis,35,TuP10,1.5315754549363598,1.9302201742231428,0.398644719286783,0.398644719286783,0.15891761221523804
CD02_FDis,RANDOM_FOREST,FDis,36,CmP4,1.4629370108766342,1.544492113555576,0.08155510267894184,0.08155510267894184,0.006651234772972746
CD02_FDis,RANDOM_FOREST,FDis,36,CmP7,1.610010364672139,1.5839297129583398,-0.026080651713799252,0.026080651713799252,0.0006802003938164999
CD02_FDis,RANDOM_FOREST,FDis,36,CuP2,1.6637583632724262,1.6495098303438442,-0.01424853292858197,0.01424853292858197,0.0002030206906168847
CD02_FDis,RANDOM_FOREST,FDis,36,CuP10,1.7907681573185472,1.5607946382503246,-0.2299735190682226,0.2299735190682226,0.052887819472622145
CD02_FDis,RANDOM_FOREST,FDis,36,BmP4,1.7597126021974243,1.6292100358848285,-0.13050256631259582,0.13050256631259582,0.01703091981417347
CD02_FDis,RANDOM_FOREST,FDis,36,BmP5,1.9907648308977288,2.0701837514373356,0.07941892053960675,0.07941892053960675,0.006307364939676372
CD02_FDis,RANDOM_FOREST,FDis,36,BmP9,1.6469926742285126,1.75796825695021,0.11097558272169739,0.11097558272169739,0.012315579960420299
CD02_FDis,RANDOM_FOREST,FDis,36,BsP2,1.2376536979554675,1.4966469037589023,0.25899320580343477,0.25899320580343477,0.06707748065234032
CD02_FDis,RANDOM_FOREST,FDis,36,BsP3,1.670383487840285,1.5479227929603054,-0.12246069487997957,0.12246069487997957,0.014996621790487455
CD02_FDis,RANDOM_FOREST,FDis,36,BsP8,1.8390226503426368,1.752254032737704,-0.08676861760493271,0.08676861760493271,0.007528793001071038
CD02_FDis,RANDOM_FOREST,FDis,36,BsP10,1.7638322969338716,1.8496469607797543,0.08581466384588277,0.08581466384588277,0.0073641565309818585
CD02_FDis,RANDOM_FOREST,FDis,36,TmP4,1.0027869076632236,1.6469629438928743,0.6441760362296507,0.6441760362296507,0.41496276565254425
CD02_FDis,RANDOM_FOREST,FDis,36,TmP5,1.297295647135223,1.3147163982828975,0.017420751147674496,0.017420751147674496,0.0003034825705492023
CD02_FDis,RANDOM_FOREST,FDis,36,TmP8,1.3943505685635922,1.7866951267088986,0.39234455814530644,0.39234455814530644,0.15393425230623575
CD02_FDis,RANDOM_FOREST,FDis,36,TsP6,1.967378855447456,1.6611660192451627,-0.30621283620229334,0.30621283620229334,0.09376630105505253
CD02_FDis,RANDOM_FOREST,FDis,36,TuP3,1.0881658073888012,1.5654596828935465,0.47729387550474534,0.47729387550474534,0.22780944359433933
CD02_FDis,RANDOM_FOREST,FDis,36,TuP7,1.6967334502757114,1.6222088412209215,-0.07452460905478997,0.07452460905478997,0.005553917354769283
CD02_FDis,RANDOM_FOREST,FDis,36,TuP8,1.6714786505929893,1.6318985105670967,-0.03958014002589261,0.03958014002589261,0.001566587484469266
CD02_FDis,RANDOM_FOREST,FDis,37,CmP2,1.3721195030879645,1.5395634004892211,0.16744389740125665,0.16744389740125665,0.028037458776922562
CD02_FDis,RANDOM_FOREST,FDis,37,CmP5,1.2468049033003985,1.6824691501481366,0.4356642468477381,0.4356642468477381,0.18980333598140686
CD02_FDis,RANDOM_FOREST,FDis,37,CmP9,1.624104638859433,1.5297463958453983,-0.09435824301403462,0.09435824301403462,0.008903478024695613
CD02_FDis,RANDOM_FOREST,FDis,37,CsP3,1.748173020862429,1.6429974447890592,-0.10517557607336991,0.10517557607336991,0.011061901802365222
CD02_FDis,RANDOM_FOREST,FDis,37,CsP7,1.4797042507397251,1.5995594116541216,0.11985516091439652,0.11985516091439652,0.014365259597815884
CD02_FDis,RANDOM_FOREST,FDis,37,CuP9,1.669960070235498,1.5516326966407805,-0.11832737359471746,0.11832737359471746,0.014001367341823837
CD02_FDis,RANDOM_FOREST,FDis,37,BmP10,1.6260271514830502,1.724644839544609,0.0986176880615588,0.0986176880615588,0.009725448398606916
CD02_FDis,RANDOM_FOREST,FDis,37,BuP2,1.3121914361187996,1.606084120443091,0.2938926843242913,0.2938926843242913,0.08637290989933752
CD02_FDis,RANDOM_FOREST,FDis,37,BuP10,1.5469708070808017,1.6279408347803812,0.0809700276995795,0.0809700276995795,0.006556145385670673
CD02_FDis,RANDOM_FOREST,FDis,37,TmP6,1.4951097983940702,1.745063477553131,0.24995367915906086,0.24995367915906086,0.062476841725150736
CD02_FDis,RANDOM_FOREST,FDis,37,TmP7,1.7859883176606266,1.6336923470634621,-0.1522959705971645,0.1522959705971645,0.02319406266013239
CD02_FDis,RANDOM_FOREST,FDis,37,TmP10,1.4665960823323403,1.737475315867775,0.27087923353543464,0.27087923353543464,0.07337555916074454
CD02_FDis,RANDOM_FOREST,FDis,37,TsP2,1.9856472167908747,1.7602970322379254,-0.2253501845529493,0.2253501845529493,0.05078270567804831
CD02_FDis,RANDOM_FOREST,FDis,37,TsP3,1.7986008371256086,1.7753905927469993,-0.0232102443786093,0.0232102443786093,0.0005387154441147647
CD02_FDis,RANDOM_FOREST,FDis,37,TsP8,1.060409863605516,1.2496383819582373,0.18922851835272136,0.18922851835272136,0.0358074321579662
CD02_FDis,RANDOM_FOREST,FDis,37,TuP4,1.6212802726868671,1.686030217456945,0.0647499447700779,0.0647499447700779,0.004192555347728138
CD02_FDis,RANDOM_FOREST,FDis,37,TuP6,2.0604414160492137,1.6336737006437356,-0.4267677154054781,0.4267677154054781,0.18213068291241113
CD02_FDis,RANDOM_FOREST,FDis,37,TuP9,1.638172594265633,1.2468743638214133,-0.39129823044421985,0.39129823044421985,0.15311430514877777
CD02_FDis,RANDOM_FOREST,FDis,38,CmP8,1.5797608250239128,1.7061927279638267,0.1264319029399139,0.1264319029399139,0.01598502608100781
CD02_FDis,RANDOM_FOREST,FDis,38,CmP10,1.3742064055878451,1.6541628628175487,0.2799564572297035,0.2799564572297035,0.07837561794460682
CD02_FDis,RANDOM_FOREST,FDis,38,CuP4,1.804689290327236,1.5736422683542466,-0.23104702197298943,0.23104702197298943,0.05338272636258706
CD02_FDis,RANDOM_FOREST,FDis,38,CuP6,1.595432956136453,1.483187226687526,-0.11224572944892719,0.11224572944892719,0.01259910377952176
CD02_FDis,RANDOM_FOREST,FDis,38,CuP7,1.785621373419769,1.5312078616280893,-0.2544135117916797,0.2544135117916797,0.06472623498217514
CD02_FDis,RANDOM_FOREST,FDis,38,CuP8,1.7460953380476807,1.4916445966643683,-0.25445074138331236,0.25445074138331236,0.0647451797905173
CD02_FDis,RANDOM_FOREST,FDis,38,BmP7,1.8275097408946472,1.5343485761288715,-0.2931611647657757,0.2931611647657757,0.08594346852682629
CD02_FDis,RANDOM_FOREST,FDis,38,BsP1,1.4615722971983691,1.354800631164368,-0.10677166603400101,0.10677166603400101,0.011400188667676244
CD02_FDis,RANDOM_FOREST,FDis,38,BsP6,1.3482727092943954,1.5079962914663856,0.15972358217199023,0.15972358217199023,0.025511622701852515
CD02_FDis,RANDOM_FOREST,FDis,38,BuP1,1.7323527466091853,1.7757349458290133,0.043382199219828,0.043382199219828,0.001882015209148845
CD02_FDis,RANDOM_FOREST,FDis,38,BuP5,1.52170317522943,1.4733869962595452,-0.04831617896988494,0.04831617896988494,0.0023344531502499516
CD02_FDis,RANDOM_FOREST,FDis,38,BuP9,1.8201912166460104,1.832856944488214,0.012665727842203545,0.012665727842203545,0.00016042066177277006
CD02_FDis,RANDOM_FOREST,FDis,38,TmP9,1.6330604151148294,1.7357983690305723,0.10273795391574292,0.10273795391574292,0.010555087174793316
CD02_FDis,RANDOM_FOREST,FDis,38,TsP4,1.039274247121184,1.2000519526407685,0.16077770551958448,0.16077770551958448,0.025849470592142227
CD02_FDis,RANDOM_FOREST,FDis,38,TsP9,1.79619465045184,1.404903139599448,-0.391291510852392,0.391291510852392,0.1531090464651476
CD02_FDis,RANDOM_FOREST,FDis,38,TsP10,1.5791042214997209,1.6179982397886623,0.038894018288941457,0.038894018288941457,0.0015127446586605125
CD02_FDis,RANDOM_FOREST,FDis,38,TuP2,1.959219209608106,1.7760346085198104,-0.1831846010882956,0.1831846010882956,0.033556598075877984
CD02_FDis,RANDOM_FOREST,FDis,38,TuP5,0.8766009122519117,1.4371481879130152,0.5605472756611035,0.5605472756611035,0.31421324825108515
CD02_FDis,RANDOM_FOREST,FDis,39,CmP1,1.549648755865329,1.6710768020427886,0.12142804617745973,0.12142804617745973,0.014744770398475292
CD02_FDis,RANDOM_FOREST,FDis,39,CmP3,1.6260822291125805,1.6489282223860344,0.022845993273453935,0.022845993273453935,0.0005219394086507025
CD02_FDis,RANDOM_FOREST,FDis,39,CsP1,1.8290436910347256,1.8048060289231582,-0.024237662111567415,0.024237662111567415,0.0005874642646345106
CD02_FDis,RANDOM_FOREST,FDis,39,CsP2,1.585489648486885,1.5583809578465937,-0.02710869064029131,0.02710869064029131,0.0007348811082310177
CD02_FDis,RANDOM_FOREST,FDis,39,CsP4,1.703158438505631,1.6081817431894885,-0.09497669531614261,0.09497669531614261,0.009020572653175386
CD02_FDis,RANDOM_FOREST,FDis,39,CsP5,1.9907648308977288,2.0528507093952095,0.062085878497480707,0.062085878497480707,0.003854656308803937
CD02_FDis,RANDOM_FOREST,FDis,39,CsP6,1.748561221878778,1.803261495338402,0.05470027345962403,0.05470027345962403,0.002992119916557649
CD02_FDis,RANDOM_FOREST,FDis,39,CsP8,1.6478177671947116,1.8278169656619319,0.17999919846722023,0.17999919846722023,0.03239971144884174
CD02_FDis,RANDOM_FOREST,FDis,39,CsP10,1.580018149829522,1.8464716358568267,0.2664534860273047,0.2664534860273047,0.07099746021610305
CD02_FDis,RANDOM_FOREST,FDis,39,CuP3,1.7126218268341509,1.5455127894175766,-0.16710903741657424,0.16710903741657424,0.02792543038629401
CD02_FDis,RANDOM_FOREST,FDis,39,BmP1,1.6922096019465238,1.717343367197112,0.02513376525058808,0.02513376525058808,0.0006317061556716689
CD02_FDis,RANDOM_FOREST,FDis,39,BsP9,1.5589992381964568,1.6656604854114274,0.10666124721497061,0.10666124721497061,0.011376621657453076
CD02_FDis,RANDOM_FOREST,FDis,39,BuP3,1.4108311948002903,1.5485030028044497,0.13767180800415946,0.13767180800415946,0.018953526719134143
CD02_FDis,RANDOM_FOREST,FDis,39,BuP4,1.6325721932941426,1.6540467049111531,0.021474511617010528,0.021474511617010528,0.00046115464918912013
CD02_FDis,RANDOM_FOREST,FDis,39,BuP7,1.752807867226157,1.7662163392827113,0.013408472056554377,0.013408472056554377,0.00017978712289139955
CD02_FDis,RANDOM_FOREST,FDis,39,TsP1,2.071419731327252,1.7010128906589355,-0.37040684066831675,0.37040684066831675,0.13720122761388379
CD02_FDis,RANDOM_FOREST,FDis,39,TsP7,1.3625709657138958,1.715607800210942,0.35303683449704626,0.35303683449704626,0.12463500651169483
CD02_FDis,RANDOM_FOREST,FDis,39,TuP10,1.5315754549363598,1.8920359841229664,0.36046052918660654,0.36046052918660654,0.12993179310148842
CD02_FDis,RANDOM_FOREST,FDis,40,CmP6,1.4337041640080512,1.536708413516385,0.10300424950833387,0.10300424950833387,0.010609875416775098
CD02_FDis,RANDOM_FOREST,FDis,40,CsP9,1.6651187370902774,1.6456431832666083,-0.019475553823669056,0.019475553823669056,0.0003792971967386304
CD02_FDis,RANDOM_FOREST,FDis,40,CuP1,1.5257145471226057,1.3797157143822996,-0.14599883274030612,0.14599883274030612,0.021315659161531882
CD02_FDis,RANDOM_FOREST,FDis,40,CuP5,1.652878151064698,1.5656350532751186,-0.08724309778957928,0.08724309778957928,0.0076113581119220935
CD02_FDis,RANDOM_FOREST,FDis,40,BmP2,1.585489648486885,1.5575894921417381,-0.027900156345146865,0.027900156345146865,0.0007784187240836389
CD02_FDis,RANDOM_FOREST,FDis,40,BmP3,1.6852035581350082,1.6672715839583043,-0.01793197417670389,0.01793197417670389,0.0003215556978739752
CD02_FDis,RANDOM_FOREST,FDis,40,BmP6,1.7885764164145614,1.60678906382201,-0.18178735259255152,0.18178735259255152,0.03304664156260865
CD02_FDis,RANDOM_FOREST,FDis,40,BmP8,1.5753154471664896,1.5952205650732085,0.019905117906718894,0.019905117906718894,0.0003962137188803812
CD02_FDis,RANDOM_FOREST,FDis,40,BsP4,1.3718923212641478,1.5804390637842856,0.20854674252013772,0.20854674252013772,0.04349174381576062
CD02_FDis,RANDOM_FOREST,FDis,40,BsP5,1.8642543387857864,1.695131646333075,-0.1691226924527114,0.1691226924527114,0.0286024851024544
CD02_FDis,RANDOM_FOREST,FDis,40,BsP7,1.7537725052501962,1.5646845678086638,-0.1890879374415324,0.1890879374415324,0.03575424808589287
CD02_FDis,RANDOM_FOREST,FDis,40,BuP6,1.667081330417253,1.604250715767657,-0.06283061464959583,0.06283061464959583,0.003947686137246006
CD02_FDis,RANDOM_FOREST,FDis,40,BuP8,1.4082109927912507,1.6111052818676947,0.20289428907644402,0.20289428907644402,0.041166092539835636
CD02_FDis,RANDOM_FOREST,FDis,40,TmP1,1.4718575945763408,1.6536212278903648,0.181763633314024,0.181763633314024,0.03303801839551498
CD02_FDis,RANDOM_FOREST,FDis,40,TmP2,2.1676288473661294,1.7294553304240639,-0.4381735169420655,0.4381735169420655,0.1919960309493786
CD02_FDis,RANDOM_FOREST,FDis,40,TmP3,1.701411063049406,1.6745602187882576,-0.026850844261148366,0.026850844261148366,0.0007209678375364442
CD02_FDis,RANDOM_FOREST,FDis,40,TsP5,0.9417009797196452,1.1516229357934873,0.20992195607384212,0.20992195607384212,0.0440672276418681
CD02_FDis,RANDOM_FOREST,FDis,40,TuP1,2.924414402508278,1.7933260276201965,-1.1310883748880813,1.1310883748880813,1.2793609118069609
CD02_FDis,RANDOM_FOREST,FDis,41,CmP7,1.610010364672139,1.5930056961253445,-0.01700466854679461,0.01700466854679461,0.0002891587523863459
CD02_FDis,RANDOM_FOREST,FDis,41,CmP9,1.624104638859433,1.488050300411972,-0.13605433844746084,0.13605433844746084,0.01851078301037622
CD02_FDis,RANDOM_FOREST,FDis,41,CsP3,1.748173020862429,1.660856282158024,-0.08731673870440515,0.08731673870440515,0.007624212857973364
CD02_FDis,RANDOM_FOREST,FDis,41,CsP6,1.748561221878778,1.7396511861383832,-0.00891003574039484,0.00891003574039484,7.938873689511342e-05
CD02_FDis,RANDOM_FOREST,FDis,41,CuP2,1.6637583632724262,1.6644952690373542,0.0007369057649280197,0.0007369057649280197,5.430301063841498e-07
CD02_FDis,RANDOM_FOREST,FDis,41,CuP9,1.669960070235498,1.4783054327973235,-0.19165463743817446,0.19165463743817446,0.036731500051558105
CD02_FDis,RANDOM_FOREST,FDis,41,BmP5,1.9907648308977288,1.9695486027356421,-0.02121622816208668,0.02121622816208668,0.00045012833742572
CD02_FDis,RANDOM_FOREST,FDis,41,BmP6,1.7885764164145614,1.5962497531686495,-0.19232666324591197,0.19232666324591197,0.036989545395306425
CD02_FDis,RANDOM_FOREST,FDis,41,BmP10,1.6260271514830502,1.7114860652374067,0.08545891375435644,0.08545891375435644,0.007303225940074531
CD02_FDis,RANDOM_FOREST,FDis,41,BsP2,1.2376536979554675,1.5055239477380291,0.2678702497825616,0.2678702497825616,0.07175447071857192
CD02_FDis,RANDOM_FOREST,FDis,41,BsP3,1.670383487840285,1.4900284616769337,-0.1803550261633513,0.1803550261633513,0.03252793546238313
CD02_FDis,RANDOM_FOREST,FDis,41,BuP10,1.5469708070808017,1.6047916200527372,0.05782081297193553,0.05782081297193553,0.0033432464127355482
CD02_FDis,RANDOM_FOREST,FDis,41,TmP4,1.0027869076632236,1.6457544429666668,0.6429675353034432,0.6429675353034432,0.41340725145418444
CD02_FDis,RANDOM_FOREST,FDis,41,TmP6,1.4951097983940702,1.6963718889828785,0.20126209058880828,0.20126209058880828,0.04050642910817767
CD02_FDis,RANDOM_FOREST,FDis,41,TmP8,1.3943505685635922,1.7431236038070346,0.3487730352434424,0.3487730352434424,0.1216426301129235
CD02_FDis,RANDOM_FOREST,FDis,41,TuP2,1.959219209608106,1.7677252144933244,-0.1914939951147816,0.1914939951147816,0.03666995016502
CD02_FDis,RANDOM_FOREST,FDis,41,TuP5,0.8766009122519117,1.3736305098515182,0.4970295975996065,0.4970295975996065,0.24703842089002678
CD02_FDis,RANDOM_FOREST,FDis,41,TuP9,1.638172594265633,1.2212145434256636,-0.4169580508399695,0.4169580508399695,0.1738540161602666
CD02_FDis,RANDOM_FOREST,FDis,42,CmP10,1.3742064055878451,1.613359445873324,0.2391530402854789,0.2391530402854789,0.057194176677787895
CD02_FDis,RANDOM_FOREST,FDis,42,CsP8,1.6478177671947116,1.8041294179083662,0.1563116507136546,0.1563116507136546,0.024433332148827556
CD02_FDis,RANDOM_FOREST,FDis,42,CsP9,1.6651187370902774,1.6704659672391942,0.005347230148916804,0.005347230148916804,2.8592870265484825e-05
CD02_FDis,RANDOM_FOREST,FDis,42,CsP10,1.580018149829522,1.8384178314064141,0.2583996815768921,0.2583996815768921,0.06677039543903922
CD02_FDis,RANDOM_FOREST,FDis,42,CuP4,1.804689290327236,1.64541164878195,-0.15927764154528612,0.15927764154528612,0.025369367096228654
CD02_FDis,RANDOM_FOREST,FDis,42,CuP5,1.652878151064698,1.5696745161978507,-0.08320363486684723,0.08320363486684723,0.006922844855055637
CD02_FDis,RANDOM_FOREST,FDis,42,CuP7,1.785621373419769,1.5531021686535516,-0.23251920476621746,0.23251920476621746,0.05406518058511416
CD02_FDis,RANDOM_FOREST,FDis,42,BsP1,1.4615722971983691,1.3637743663374746,-0.0977979308608945,0.0977979308608945,0.009564435280672301
CD02_FDis,RANDOM_FOREST,FDis,42,BsP6,1.3482727092943954,1.5262206491983377,0.1779479399039423,0.1779479399039423,0.031665469316057064
CD02_FDis,RANDOM_FOREST,FDis,42,BsP7,1.7537725052501962,1.611815211338098,-0.14195729391209833,0.14195729391209833,0.020151873294845867
CD02_FDis,RANDOM_FOREST,FDis,42,BsP8,1.8390226503426368,1.6945269908703526,-0.14449565947228415,0.14449565947228415,0.020878995606330303
CD02_FDis,RANDOM_FOREST,FDis,42,BuP2,1.3121914361187996,1.5907433580232944,0.27855192190449474,0.27855192190449474,0.07759117319668773
CD02_FDis,RANDOM_FOREST,FDis,42,BuP6,1.667081330417253,1.61258704139445,-0.054494289022802844,0.054494289022802844,0.0029696275361007704
CD02_FDis,RANDOM_FOREST,FDis,42,TmP3,1.701411063049406,1.6879200412385933,-0.013491021810812631,0.013491021810812631,0.00018200766949982213
CD02_FDis,RANDOM_FOREST,FDis,42,TmP10,1.4665960823323403,1.8384178314064141,0.37182174907407384,0.37182174907407384,0.13825141308450353
CD02_FDis,RANDOM_FOREST,FDis,42,TsP1,2.071419731327252,1.5848744162615966,-0.48654531506565557,0.48654531506565557,0.23672634361233805
CD02_FDis,RANDOM_FOREST,FDis,42,TuP4,1.6212802726868671,1.5719242403306728,-0.049356032356194346,0.049356032356194346,0.0024360179299457033
CD02_FDis,RANDOM_FOREST,FDis,42,TuP8,1.6714786505929893,1.5996856254583465,-0.07179302513464281,0.07179302513464281,0.0051542384579834535
CD02_FDis,RANDOM_FOREST,FDis,43,CmP2,1.3721195030879645,1.5637693559864736,0.1916498528985091,0.1916498528985091,0.03672966611602018
CD02_FDis,RANDOM_FOREST,FDis,43,CsP1,1.8290436910347256,1.8415305579456809,0.012486866910955241,0.012486866910955241,0.00015592184525190888
CD02_FDis,RANDOM_FOREST,FDis,43,CsP2,1.585489648486885,1.5601468483620067,-0.02534280012487833,0.02534280012487833,0.000642257518169533
CD02_FDis,RANDOM_FOREST,FDis,43,CsP4,1.703158438505631,1.5839815170793505,-0.11917692142628056,0.11917692142628056,0.01420313860064585
CD02_FDis,RANDOM_FOREST,FDis,43,CsP5,1.9907648308977288,2.130938230711762,0.14017339981403332,0.14017339981403332,0.019648582015424836
CD02_FDis,RANDOM_FOREST,FDis,43,CuP10,1.7907681573185472,1.5444583520445412,-0.24630980527400603,0.24630980527400603,0.06066852017411877
CD02_FDis,RANDOM_FOREST,FDis,43,BmP8,1.5753154471664896,1.5829749066822554,0.007659459515765743,0.007659459515765743,5.866732007365439e-05
CD02_FDis,RANDOM_FOREST,FDis,43,BsP4,1.3718923212641478,1.586599121386292,0.21470680012214416,0.21470680012214416,0.046099010018690365
CD02_FDis,RANDOM_FOREST,FDis,43,BsP10,1.7638322969338716,1.8172638237372056,0.05343152680333407,0.05343152680333407,0.0028549280565354075
CD02_FDis,RANDOM_FOREST,FDis,43,BuP9,1.8201912166460104,1.820636429729405,0.0004452130833947354,0.0004452130833947354,1.9821468962584765e-07
CD02_FDis,RANDOM_FOREST,FDis,43,TmP1,1.4718575945763408,1.6780337969005188,0.206176202324178,0.206176202324178,0.04250862640482038
CD02_FDis,RANDOM_FOREST,FDis,43,TsP2,1.9856472167908747,1.748662433523068,-0.2369847832678067,0.2369847832678067,0.056161787500489314
CD02_FDis,RANDOM_FOREST,FDis,43,TsP3,1.7986008371256086,1.7653095727919885,-0.03329126433362006,0.03329126433362006,0.0011083082809309633
CD02_FDis,RANDOM_FOREST,FDis,43,TsP6,1.967378855447456,1.6645117091403652,-0.3028671463070909,0.3028671463070909,0.0917285083122008
CD02_FDis,RANDOM_FOREST,FDis,43,TsP8,1.060409863605516,1.362724606643065,0.302314743037549,0.302314743037549,0.09139420385785929
CD02_FDis,RANDOM_FOREST,FDis,43,TuP3,1.0881658073888012,1.550492551609788,0.46232674422098685,0.46232674422098685,0.2137460184219778
CD02_FDis,RANDOM_FOREST,FDis,43,TuP6,2.0604414160492137,1.7681773409150499,-0.29226407513416386,0.29226407513416386,0.08541828961402818
CD02_FDis,RANDOM_FOREST,FDis,43,TuP10,1.5315754549363598,1.896185026244655,0.3646095713082951,0.3646095713082951,0.13294013948961872
CD02_FDis,RANDOM_FOREST,FDis,44,CmP4,1.4629370108766342,1.56114588455133,0.09820887367469577,0.09820887367469577,0.009644982868452353
CD02_FDis,RANDOM_FOREST,FDis,44,CmP8,1.5797608250239128,1.7203642827772687,0.14060345775335592,0.14060345775335592,0.019769332332199744
CD02_FDis,RANDOM_FOREST,FDis,44,CuP6,1.595432956136453,1.5789308249100422,-0.016502131226410865,0.016502131226410865,0.0002723203350136846
CD02_FDis,RANDOM_FOREST,FDis,44,CuP8,1.7460953380476807,1.6133232602601917,-0.132772077787489,0.132772077787489,0.01762842464000703
CD02_FDis,RANDOM_FOREST,FDis,44,BmP1,1.6922096019465238,1.7350347687065366,0.0428251667600128,0.0428251667600128,0.0018339949080229052
CD02_FDis,RANDOM_FOREST,FDis,44,BmP2,1.585489648486885,1.5757168391930358,-0.00977280929384916,0.00977280929384916,9.550780149394453e-05
CD02_FDis,RANDOM_FOREST,FDis,44,BmP4,1.7597126021974243,1.6233562651491962,-0.13635633704822814,0.13635633704822814,0.018593050653209993
CD02_FDis,RANDOM_FOREST,FDis,44,BmP9,1.6469926742285126,1.7792272136704916,0.13223453944197905,0.13223453944197905,0.01748597342143231
CD02_FDis,RANDOM_FOREST,FDis,44,BsP5,1.8642543387857864,1.6819417286596245,-0.18231261012616184,0.18231261012616184,0.03323788781101389
CD02_FDis,RANDOM_FOREST,FDis,44,BuP1,1.7323527466091853,1.749385701350513,0.01703295474132771,0.01703295474132771,0.00029012154722011813
CD02_FDis,RANDOM_FOREST,FDis,44,BuP4,1.6325721932941426,1.626706807196018,-0.005865386098124592,0.005865386098124592,3.4402754080073226e-05
CD02_FDis,RANDOM_FOREST,FDis,44,BuP7,1.752807867226157,1.7643439587577494,0.011536091531592518,0.011536091531592518,0.0001330814078252806
CD02_FDis,RANDOM_FOREST,FDis,44,BuP8,1.4082109927912507,1.6821906490226666,0.27397965623141585,0.27397965623141585,0.0750648520286848
CD02_FDis,RANDOM_FOREST,FDis,44,TmP2,2.1676288473661294,1.7350278404462005,-0.43260100691992887,0.43260100691992887,0.18714363118813634
CD02_FDis,RANDOM_FOREST,FDis,44,TmP5,1.297295647135223,1.3332009810820982,0.03590533394687512,0.03590533394687512,0.0012891930058366227
CD02_FDis,RANDOM_FOREST,FDis,44,TmP7,1.7859883176606266,1.7220658175780859,-0.06392250008254075,0.06392250008254075,0.0040860860168024215
CD02_FDis,RANDOM_FOREST,FDis,44,TsP10,1.5791042214997209,1.5906252403953822,0.011521018895661372,0.011521018895661372,0.0001327338763941864
CD02_FDis,RANDOM_FOREST,FDis,44,TuP7,1.6967334502757114,1.5416610575341858,-0.15507239274152562,0.15507239274152562,0.024047446990581967
CD02_FDis,RANDOM_FOREST,FDis,45,CmP1,1.549648755865329,1.7125944878102384,0.16294573194490947,0.16294573194490947,0.02655131155906229
CD02_FDis,RANDOM_FOREST,FDis,45,CmP3,1.6260822291125805,1.6673537697325842,0.04127154062000371,0.04127154062000371,0.0017033400651486163
CD02_FDis,RANDOM_FOREST,FDis,45,CmP5,1.2468049033003985,1.685662755481131,0.4388578521807325,0.4388578521807325,0.19259621442068564
CD02_FDis,RANDOM_FOREST,FDis,45,CmP6,1.4337041640080512,1.537467292455194,0.10376312844714275,0.10376312844714275,0.010766786825138245
CD02_FDis,RANDOM_FOREST,FDis,45,CsP7,1.4797042507397251,1.6627588008924064,0.18305455015268124,0.18305455015268124,0.03350896833160049
CD02_FDis,RANDOM_FOREST,FDis,45,CuP1,1.5257145471226057,1.404741842709734,-0.12097270441287167,0.12097270441287167,0.014634395212964021
CD02_FDis,RANDOM_FOREST,FDis,45,CuP3,1.7126218268341509,1.5774379960185008,-0.1351838308156501,0.1351838308156501,0.01827466811399431
CD02_FDis,RANDOM_FOREST,FDis,45,BmP3,1.6852035581350082,1.6922766096500192,0.007073051515011031,0.007073051515011031,5.0028057733999835e-05
CD02_FDis,RANDOM_FOREST,FDis,45,BmP7,1.8275097408946472,1.5273699461556178,-0.3001397947390294,0.3001397947390294,0.09008389638598671
CD02_FDis,RANDOM_FOREST,FDis,45,BsP9,1.5589992381964568,1.6794439837148698,0.120444745518413,0.120444745518413,0.014506936722995268
CD02_FDis,RANDOM_FOREST,FDis,45,BuP3,1.4108311948002903,1.537802532217754,0.1269713374174637,0.1269713374174637,0.016121720525579416
CD02_FDis,RANDOM_FOREST,FDis,45,BuP5,1.52170317522943,1.5201615953025758,-0.0015415799268543307,0.0015415799268543307,2.3764686708802033e-06
CD02_FDis,RANDOM_FOREST,FDis,45,TmP9,1.6330604151148294,1.7537977940585756,0.12073737894374625,0.12073737894374625,0.014577514674205781
CD02_FDis,RANDOM_FOREST,FDis,45,TsP4,1.039274247121184,1.2547805339588305,0.2155062868376465,0.2155062868376465,0.04644295966654997
CD02_FDis,RANDOM_FOREST,FDis,45,TsP5,0.9417009797196452,1.2109480576892024,0.26924707796955727,0.26924707796955727,0.07249398899514485
CD02_FDis,RANDOM_FOREST,FDis,45,TsP7,1.3625709657138958,1.8168147780634623,0.45424381234956646,0.45424381234956646,0.20633744105786814
CD02_FDis,RANDOM_FOREST,FDis,45,TsP9,1.79619465045184,1.5555238010586492,-0.24067084939319083,0.24067084939319083,0.05792245774763995
CD02_FDis,RANDOM_FOREST,FDis,45,TuP1,2.924414402508278,1.7588509539637203,-1.1655634485445576,1.1655634485445576,1.3585381525830815
CD02_FDis,RANDOM_FOREST,FDis,46,CmP10,1.3742064055878451,1.6533081242528127,0.2791017186649676,0.2791017186649676,0.07789776936173871
CD02_FDis,RANDOM_FOREST,FDis,46,CsP8,1.6478177671947116,1.736869684557084,0.08905191736237228,0.08905191736237228,0.007930243985914782
CD02_FDis,RANDOM_FOREST,FDis,46,CsP10,1.580018149829522,1.7375766547510376,0.15755850492151557,0.15755850492151557,0.024824682473103248
CD02_FDis,RANDOM_FOREST,FDis,46,CuP9,1.669960070235498,1.6269686106287933,-0.042991459606704696,0.042991459606704696,0.0018482655991149215
CD02_FDis,RANDOM_FOREST,FDis,46,BmP3,1.6852035581350082,1.7010418596642178,0.01583830152920962,0.01583830152920962,0.0002508517953301638
CD02_FDis,RANDOM_FOREST,FDis,46,BmP10,1.6260271514830502,1.7224724507963618,0.09644529931331158,0.09644529931331158,0.00930169575963426
CD02_FDis,RANDOM_FOREST,FDis,46,BsP4,1.3718923212641478,1.5665714702340032,0.1946791489698554,0.1946791489698554,0.03789997104362715
CD02_FDis,RANDOM_FOREST,FDis,46,BuP7,1.752807867226157,1.7435089935277432,-0.009298873698413646,0.009298873698413646,8.646905205904908e-05
CD02_FDis,RANDOM_FOREST,FDis,46,BuP8,1.4082109927912507,1.6612638720405124,0.2530528792492617,0.2530528792492617,0.06403575969634141
CD02_FDis,RANDOM_FOREST,FDis,46,BuP10,1.5469708070808017,1.6525153367356002,0.10554452965479855,0.10554452965479855,0.01113964774005265
CD02_FDis,RANDOM_FOREST,FDis,46,TmP2,2.1676288473661294,1.7273569686831338,-0.44027187868299555,0.44027187868299555,0.19383932715905436
CD02_FDis,RANDOM_FOREST,FDis,46,TmP4,1.0027869076632236,1.6071995148857463,0.6044126072225227,0.6044126072225227,0.36531459976952746
CD02_FDis,RANDOM_FOREST,FDis,46,TmP5,1.297295647135223,1.3429534771633296,0.04565783002810653,0.04565783002810653,0.002084637442875466
CD02_FDis,RANDOM_FOREST,FDis,46,TsP2,1.9856472167908747,1.7326081846004995,-0.25303903219037527,0.25303903219037527,0.06402875181184177
CD02_FDis,RANDOM_FOREST,FDis,46,TsP7,1.3625709657138958,1.7604228900666725,0.3978519243527767,0.3978519243527767,0.15828615371120758
CD02_FDis,RANDOM_FOREST,FDis,46,TsP9,1.79619465045184,1.5497382555509835,-0.24645639490085647,0.24645639490085647,0.06074075458752691
CD02_FDis,RANDOM_FOREST,FDis,46,TuP1,2.924414402508278,1.8384211774864059,-1.085993225021872,1.085993225021872,1.1793812847934064
CD02_FDis,RANDOM_FOREST,FDis,46,TuP4,1.6212802726868671,1.7253919459290519,0.10411167324218473,0.10411167324218473,0.010839240505287444
CD02_FDis,RANDOM_FOREST,FDis,47,CmP2,1.3721195030879645,1.5279133469164248,0.1557938438284603,0.1557938438284603,0.024271721774846673
CD02_FDis,RANDOM_FOREST,FDis,47,CmP3,1.6260822291125805,1.6604477293955164,0.034365500282935946,0.034365500282935946,0.0011809876096964705
CD02_FDis,RANDOM_FOREST,FDis,47,CmP7,1.610010364672139,1.6437028206872062,0.033692456015067096,0.033692456015067096,0.001135181592327231
CD02_FDis,RANDOM_FOREST,FDis,47,CsP1,1.8290436910347256,1.7916858680644545,-0.037357822970271126,0.037357822970271126,0.001395606937078117
CD02_FDis,RANDOM_FOREST,FDis,47,CsP3,1.748173020862429,1.646232144197239,-0.10194087666519014,0.10194087666519014,0.010391942335267508
CD02_FDis,RANDOM_FOREST,FDis,47,CuP4,1.804689290327236,1.6448733168390322,-0.15981597348820387,0.15981597348820387,0.02554114538198228
CD02_FDis,RANDOM_FOREST,FDis,47,CuP8,1.7460953380476807,1.593296739779525,-0.15279859826815567,0.15279859826815567,0.023347411632713224
CD02_FDis,RANDOM_FOREST,FDis,47,BmP1,1.6922096019465238,1.6924887715600543,0.0002791696135304722,0.0002791696135304722,7.793567311875321e-08
CD02_FDis,RANDOM_FOREST,FDis,47,BmP7,1.8275097408946472,1.5661175243662888,-0.2613922165283584,0.2613922165283584,0.06832589086160822
CD02_FDis,RANDOM_FOREST,FDis,47,BmP8,1.5753154471664896,1.6493227383662243,0.0740072911997347,0.0740072911997347,0.00547707915072233
CD02_FDis,RANDOM_FOREST,FDis,47,BmP9,1.6469926742285126,1.7643493144622284,0.11735664023371584,0.11735664023371584,0.013772581006945811
CD02_FDis,RANDOM_FOREST,FDis,47,BuP2,1.3121914361187996,1.5652853315722999,0.25309389545350025,0.25309389545350025,0.06405651991582731
CD02_FDis,RANDOM_FOREST,FDis,47,BuP3,1.4108311948002903,1.5572539511155135,0.14642275631522317,0.14642275631522317,0.021439623566947227
CD02_FDis,RANDOM_FOREST,FDis,47,TmP8,1.3943505685635922,1.7623846106349312,0.36803404207133905,0.36803404207133905,0.13544905612336816
CD02_FDis,RANDOM_FOREST,FDis,47,TsP1,2.071419731327252,1.5584444031540468,-0.5129753281732055,0.5129753281732055,0.26314368731440785
CD02_FDis,RANDOM_FOREST,FDis,47,TuP5,0.8766009122519117,1.4517868805044962,0.5751859682525845,0.5751859682525845,0.33083889807466316
CD02_FDis,RANDOM_FOREST,FDis,47,TuP7,1.6967334502757114,1.5438176951686502,-0.15291575510706124,0.15291575510706124,0.023383228159962723
CD02_FDis,RANDOM_FOREST,FDis,47,TuP8,1.6714786505929893,1.6482315365975093,-0.023247113995479962,0.023247113995479962,0.0005404283091188404
CD02_FDis,RANDOM_FOREST,FDis,48,CmP9,1.624104638859433,1.5264723058302316,-0.09763233302920127,0.09763233302920127,0.009532072452724865
CD02_FDis,RANDOM_FOREST,FDis,48,CsP5,1.9907648308977288,2.001283482566967,0.010518651669238377,0.010518651669238377,0.00011064203293877129
CD02_FDis,RANDOM_FOREST,FDis,48,CsP7,1.4797042507397251,1.592273671041285,0.11256942030155992,0.11256942030155992,0.01267187438702925
CD02_FDis,RANDOM_FOREST,FDis,48,CuP10,1.7907681573185472,1.5599872416669633,-0.23078091565158387,0.23078091565158387,0.05325983102898347
CD02_FDis,RANDOM_FOREST,FDis,48,BmP5,1.9907648308977288,2.001283482566967,0.010518651669238377,0.010518651669238377,0.00011064203293877129
CD02_FDis,RANDOM_FOREST,FDis,48,BmP6,1.7885764164145614,1.584055487637802,-0.20452092877675954,0.20452092877675954,0.041828810307708346
CD02_FDis,RANDOM_FOREST,FDis,48,BsP5,1.8642543387857864,1.7003112383724102,-0.16394310041337623,0.16394310041337623,0.02687734017315036
CD02_FDis,RANDOM_FOREST,FDis,48,BsP7,1.7537725052501962,1.575504562524509,-0.17826794272568725,0.17826794272568725,0.03177945940364891
CD02_FDis,RANDOM_FOREST,FDis,48,BsP8,1.8390226503426368,1.7321288604651979,-0.10689378987743892,0.10689378987743892,0.011426282314362062
CD02_FDis,RANDOM_FOREST,FDis,48,BuP4,1.6325721932941426,1.6470418852641069,0.014469691969964282,0.014469691969964282,0.00020937198570564883
CD02_FDis,RANDOM_FOREST,FDis,48,BuP9,1.8201912166460104,1.8368179292655533,0.01662671261954296,0.01662671261954296,0.00027644757253286913
CD02_FDis,RANDOM_FOREST,FDis,48,TmP3,1.701411063049406,1.6322704202115201,-0.06914064283788579,0.06914064283788579,0.004780428492036088
CD02_FDis,RANDOM_FOREST,FDis,48,TmP6,1.4951097983940702,1.6792756236133632,0.18416582521929303,0.18416582521929303,0.03391705117870319
CD02_FDis,RANDOM_FOREST,FDis,48,TsP4,1.039274247121184,1.2196489254969773,0.18037467837579335,0.18037467837579335,0.032535024599170896
CD02_FDis,RANDOM_FOREST,FDis,48,TsP6,1.967378855447456,1.640276342152538,-0.32710251329491813,0.32710251329491813,0.1069960542038521
CD02_FDis,RANDOM_FOREST,FDis,48,TuP3,1.0881658073888012,1.5240987090763016,0.43593290168750043,0.43593290168750043,0.19003749477368392
CD02_FDis,RANDOM_FOREST,FDis,48,TuP6,2.0604414160492137,1.8195711299497934,-0.2408702860994203,0.2408702860994203,0.058018494725616584
CD02_FDis,RANDOM_FOREST,FDis,48,TuP10,1.5315754549363598,1.8366346290817686,0.30505917414540873,0.30505917414540873,0.0930610997302788
CD02_FDis,RANDOM_FOREST,FDis,49,CmP1,1.549648755865329,1.6632675938228156,0.11361883795748673,0.11361883795748673,0.012909240338809627
CD02_FDis,RANDOM_FOREST,FDis,49,CmP5,1.2468049033003985,1.7016839796543166,0.4548790763539181,0.4548790763539181,0.20691497410459367
CD02_FDis,RANDOM_FOREST,FDis,49,CmP6,1.4337041640080512,1.5230997735276386,0.08939560951958736,0.08939560951958736,0.007991575001378539
CD02_FDis,RANDOM_FOREST,FDis,49,CsP2,1.585489648486885,1.5658813986704896,-0.019608249816395418,0.019608249816395418,0.00038448346086217093
CD02_FDis,RANDOM_FOREST,FDis,49,CsP4,1.703158438505631,1.5894772626511837,-0.11368117585444737,0.11368117585444737,0.012923409743649788
CD02_FDis,RANDOM_FOREST,FDis,49,CsP9,1.6651187370902774,1.5964278961269096,-0.06869084096336775,0.06869084096336775,0.004718431632254681
CD02_FDis,RANDOM_FOREST,FDis,49,CuP1,1.5257145471226057,1.4341924003481543,-0.09152214677445136,0.09152214677445136,0.008376303350204218
CD02_FDis,RANDOM_FOREST,FDis,49,CuP2,1.6637583632724262,1.6666055780200302,0.0028472147476039655,0.0028472147476039655,8.106631818973513e-06
CD02_FDis,RANDOM_FOREST,FDis,49,CuP6,1.595432956136453,1.6391475047494894,0.043714548613036364,0.043714548613036364,0.0019109617604415195
CD02_FDis,RANDOM_FOREST,FDis,49,BmP4,1.7597126021974243,1.5714084309834946,-0.18830417121392973,0.18830417121392973,0.03545846089656496
CD02_FDis,RANDOM_FOREST,FDis,49,BsP1,1.4615722971983691,1.4545974039393035,-0.00697489325906564,0.00697489325906564,4.86491359753593e-05
CD02_FDis,RANDOM_FOREST,FDis,49,BsP2,1.2376536979554675,1.4545974039393035,0.21694370598383594,0.21694370598383594,0.04706457156600106
CD02_FDis,RANDOM_FOREST,FDis,49,BsP6,1.3482727092943954,1.6282663129170625,0.2799936036226671,0.2799936036226671,0.07839641806960723
CD02_FDis,RANDOM_FOREST,FDis,49,BsP9,1.5589992381964568,1.6613798065422445,0.10238056834578768,0.10238056834578768,0.010481780774806503
CD02_FDis,RANDOM_FOREST,FDis,49,BuP1,1.7323527466091853,1.786294545421396,0.05394179881221084,0.05394179881221084,0.002909717659097031
CD02_FDis,RANDOM_FOREST,FDis,49,TmP9,1.6330604151148294,1.7590213616414303,0.12596094652660095,0.12596094652660095,0.015866160049877225
CD02_FDis,RANDOM_FOREST,FDis,49,TmP10,1.4665960823323403,1.7488945742377577,0.28229849190541745,0.28229849190541745,0.07969243853207304
CD02_FDis,RANDOM_FOREST,FDis,49,TsP3,1.7986008371256086,1.8312336977308776,0.03263286060526904,0.03263286060526904,0.0010649035912829203
CD02_FDis,RANDOM_FOREST,FDis,50,CmP4,1.4629370108766342,1.559190874679299,0.09625386380266487,0.09625386380266487,0.00926480629694196
CD02_FDis,RANDOM_FOREST,FDis,50,CmP8,1.5797608250239128,1.717989663438663,0.1382288384147503,0.1382288384147503,0.01910721176949115
CD02_FDis,RANDOM_FOREST,FDis,50,CsP6,1.748561221878778,1.7137636544313872,-0.03479756744739082,0.03479756744739082,0.0012108707002557132
CD02_FDis,RANDOM_FOREST,FDis,50,CuP3,1.7126218268341509,1.5168925986860098,-0.1957292281481411,0.1957292281481411,0.03830993075146707
CD02_FDis,RANDOM_FOREST,FDis,50,CuP5,1.652878151064698,1.5103196789080446,-0.1425584721566533,0.1425584721566533,0.02032291798363929
CD02_FDis,RANDOM_FOREST,FDis,50,CuP7,1.785621373419769,1.5477412953803147,-0.23788007803945432,0.23788007803945432,0.056586931528056876
CD02_FDis,RANDOM_FOREST,FDis,50,BmP2,1.585489648486885,1.556722257934815,-0.028767390552070005,0.028767390552070005,0.0008275627591753266
CD02_FDis,RANDOM_FOREST,FDis,50,BsP3,1.670383487840285,1.5296640844499592,-0.14071940339032585,0.14071940339032585,0.01980195049052925
CD02_FDis,RANDOM_FOREST,FDis,50,BsP10,1.7638322969338716,1.8168006250828515,0.05296832814897989,0.05296832814897989,0.0028056437868980155
CD02_FDis,RANDOM_FOREST,FDis,50,BuP5,1.52170317522943,1.5234876899806553,0.001784514751225208,0.001784514751225208,3.184492897340366e-06
CD02_FDis,RANDOM_FOREST,FDis,50,BuP6,1.667081330417253,1.6220360584058915,-0.04504527201136144,0.04504527201136144,0.002029076530577542
CD02_FDis,RANDOM_FOREST,FDis,50,TmP1,1.4718575945763408,1.6068047753118446,0.13494718073550382,0.13494718073550382,0.018210741588460734
CD02_FDis,RANDOM_FOREST,FDis,50,TmP7,1.7859883176606266,1.6866058685305945,-0.09938244913003214,0.09938244913003214,0.009876871195083426
CD02_FDis,RANDOM_FOREST,FDis,50,TsP5,0.9417009797196452,1.1645561334501282,0.22285515373048304,0.22285515373048304,0.049664419544237226
CD02_FDis,RANDOM_FOREST,FDis,50,TsP8,1.060409863605516,1.2376651080934913,0.17725524448797536,0.17725524448797536,0.03141942169849192
CD02_FDis,RANDOM_FOREST,FDis,50,TsP10,1.5791042214997209,1.594074425217372,0.01497020371765112,0.01497020371765112,0.00022410699934797542
CD02_FDis,RANDOM_FOREST,FDis,50,TuP2,1.959219209608106,1.7169585707367758,-0.2422606388713302,0.2422606388713302,0.058690217146345064
CD02_FDis,RANDOM_FOREST,FDis,50,TuP9,1.638172594265633,1.2254112571121143,-0.4127613371535188,0.4127613371535188,0.17037192144876084
CD02_FDis,RANDOM_FOREST,FDis,51,CmP7,1.610010364672139,1.5846318935681947,-0.025378471103944422,0.025378471103944422,0.000644066795573742
CD02_FDis,RANDOM_FOREST,FDis,51,CsP6,1.748561221878778,1.7065514138806832,-0.04200980799809484,0.04200980799809484,0.001764823968036793
CD02_FDis,RANDOM_FOREST,FDis,51,CuP3,1.7126218268341509,1.4641617343100544,-0.2484600925240965,0.2484600925240965,0.0617324175770826
CD02_FDis,RANDOM_FOREST,FDis,51,CuP9,1.669960070235498,1.5245523746949539,-0.1454076955405441,0.1454076955405441,0.021143397922411572
CD02_FDis,RANDOM_FOREST,FDis,51,BmP2,1.585489648486885,1.5596149781664521,-0.02587467032043289,0.02587467032043289,0.0006694985641910907
CD02_FDis,RANDOM_FOREST,FDis,51,BmP9,1.6469926742285126,1.7920019513657617,0.1450092771372491,0.1450092771372491,0.021027690455867512
CD02_FDis,RANDOM_FOREST,FDis,51,BsP10,1.7638322969338716,1.8555553367217188,0.09172303978784724,0.09172303978784724,0.008413116027923008
CD02_FDis,RANDOM_FOREST,FDis,51,BuP7,1.752807867226157,1.8184893461217382,0.06568147889558129,0.06568147889558129,0.00431405666991069
CD02_FDis,RANDOM_FOREST,FDis,51,TmP9,1.6330604151148294,1.7771545148124088,0.14409409969757947,0.14409409969757947,0.020763109567655973
CD02_FDis,RANDOM_FOREST,FDis,51,TsP2,1.9856472167908747,1.7901608787868966,-0.1954863380039782,0.1954863380039782,0.038214908346205605
CD02_FDis,RANDOM_FOREST,FDis,51,TsP3,1.7986008371256086,1.7889974474933192,-0.00960338963228935,0.00960338963228935,9.222509242956257e-05
CD02_FDis,RANDOM_FOREST,FDis,51,TsP7,1.3625709657138958,1.7935171805924073,0.4309462148785115,0.4309462148785115,0.1857146401181162
CD02_FDis,RANDOM_FOREST,FDis,51,TsP9,1.79619465045184,1.4954185402862508,-0.30077611016558925,0.30077611016558925,0.09046626844634269
CD02_FDis,RANDOM_FOREST,FDis,51,TuP5,0.8766009122519117,1.3751539221183888,0.4985530098664771,0.4985530098664771,0.24855510364692363
CD02_FDis,RANDOM_FOREST,FDis,51,TuP6,2.0604414160492137,1.72845568551296,-0.3319857305362537,0.3319857305362537,0.11021452527969004
CD02_FDis,RANDOM_FOREST,FDis,51,TuP8,1.6714786505929893,1.6083971181250905,-0.06308153246789883,0.06308153246789883,0.0039792797384985736
CD02_FDis,RANDOM_FOREST,FDis,51,TuP9,1.638172594265633,1.2568185242869818,-0.3813540699786513,0.3813540699786513,0.14543092668928206
CD02_FDis,RANDOM_FOREST,FDis,51,TuP10,1.5315754549363598,1.8763138047237367,0.34473834978737683,0.34473834978737683,0.11884452981412377
CD02_FDis,RANDOM_FOREST,FDis,52,CmP1,1.549648755865329,1.686220640967056,0.13657188510172702,0.13657188510172702,0.018651879800239326
CD02_FDis,RANDOM_FOREST,FDis,52,CmP5,1.2468049033003985,1.6041961274521148,0.3573912241517163,0.3573912241517163,0.12772848710066234
CD02_FDis,RANDOM_FOREST,FDis,52,CsP2,1.585489648486885,1.5674993235778734,-0.017990324909011646,0.017990324909011646,0.0003236517903318049
CD02_FDis,RANDOM_FOREST,FDis,52,CsP4,1.703158438505631,1.5882459299074965,-0.11491250859813462,0.11491250859813462,0.013204884632316363
CD02_FDis,RANDOM_FOREST,FDis,52,CsP7,1.4797042507397251,1.6381722811854684,0.1584680304457433,0.1584680304457433,0.02511211667335303
CD02_FDis,RANDOM_FOREST,FDis,52,CsP9,1.6651187370902774,1.6078189944349175,-0.057299742655359864,0.057299742655359864,0.003283260508370467
CD02_FDis,RANDOM_FOREST,FDis,52,CuP7,1.785621373419769,1.5994824213356813,-0.1861389520840877,0.1861389520840877,0.0346477094829623
CD02_FDis,RANDOM_FOREST,FDis,52,BmP5,1.9907648308977288,2.0035626562017663,0.012797825304037502,0.012797825304037502,0.00016378433251266258
CD02_FDis,RANDOM_FOREST,FDis,52,BsP4,1.3718923212641478,1.541369899280106,0.16947757801595809,0.16947757801595809,0.02872264945015516
CD02_FDis,RANDOM_FOREST,FDis,52,BsP6,1.3482727092943954,1.5930516682285865,0.2447789589341911,0.2447789589341911,0.059916738736906415
CD02_FDis,RANDOM_FOREST,FDis,52,BsP7,1.7537725052501962,1.5690432529053007,-0.18472925234489557,0.18472925234489557,0.034124896671904104
CD02_FDis,RANDOM_FOREST,FDis,52,BuP4,1.6325721932941426,1.6296906986916042,-0.0028814946025383925,0.0028814946025383925,8.303011144457888e-06
CD02_FDis,RANDOM_FOREST,FDis,52,TsP1,2.071419731327252,1.5941737910888534,-0.47724594023839884,0.47724594023839884,0.22776368747403336
CD02_FDis,RANDOM_FOREST,FDis,52,TsP6,1.967378855447456,1.6548888949538787,-0.31248996049357736,0.31248996049357736,0.09764997540927754
CD02_FDis,RANDOM_FOREST,FDis,52,TsP10,1.5791042214997209,1.6661955560964097,0.08709133459668883,0.08709133459668883,0.007584900561832409
CD02_FDis,RANDOM_FOREST,FDis,52,TuP2,1.959219209608106,1.5827479143484768,-0.3764712952596292,0.3764712952596292,0.1417306361544629
CD02_FDis,RANDOM_FOREST,FDis,52,TuP3,1.0881658073888012,1.5347585206409877,0.4465927132521865,0.4465927132521865,0.1994450515299497
CD02_FDis,RANDOM_FOREST,FDis,52,TuP7,1.6967334502757114,1.49482823302233,-0.2019052172533815,0.2019052172533815,0.040765716754135185
CD02_FDis,RANDOM_FOREST,FDis,53,CmP2,1.3721195030879645,1.5355425989572538,0.16342309586928927,0.16342309586928927,0.02670710826350291
CD02_FDis,RANDOM_FOREST,FDis,53,CsP1,1.8290436910347256,1.7316760154449697,-0.0973676755897559,0.0973676755897559,0.009480464249751946
CD02_FDis,RANDOM_FOREST,FDis,53,CsP5,1.9907648308977288,1.7422268989700627,-0.24853793192766616,0.24853793192766616,0.06177110360688121
CD02_FDis,RANDOM_FOREST,FDis,53,CsP10,1.580018149829522,1.600618898456419,0.02060074862689687,0.02060074862689687,0.0004243908439885933
CD02_FDis,RANDOM_FOREST,FDis,53,CuP8,1.7460953380476807,1.608002409887945,-0.13809292815973562,0.13809292815973562,0.0190696568077299
CD02_FDis,RANDOM_FOREST,FDis,53,BmP6,1.7885764164145614,1.6900565309204254,-0.09851988549413604,0.09851988549413604,0.009706167837777677
CD02_FDis,RANDOM_FOREST,FDis,53,BmP7,1.8275097408946472,1.5548292768013827,-0.2726804640932645,0.2726804640932645,0.07435463549811812
CD02_FDis,RANDOM_FOREST,FDis,53,BmP8,1.5753154471664896,1.6212046494138148,0.04588920224732518,0.04588920224732518,0.002105818882895914
CD02_FDis,RANDOM_FOREST,FDis,53,BsP3,1.670383487840285,1.5357606853829444,-0.1346228024573406,0.1346228024573406,0.01812329894146815
CD02_FDis,RANDOM_FOREST,FDis,53,BsP5,1.8642543387857864,1.7089456123949278,-0.15530872639085858,0.15530872639085858,0.02412080049315057
CD02_FDis,RANDOM_FOREST,FDis,53,BsP8,1.8390226503426368,1.7023726334724811,-0.13665001687015566,0.13665001687015566,0.018673227110613824
CD02_FDis,RANDOM_FOREST,FDis,53,BsP9,1.5589992381964568,1.6885874453670664,0.1295882071706096,0.1295882071706096,0.01679310343769283
CD02_FDis,RANDOM_FOREST,FDis,53,BuP8,1.4082109927912507,1.691314705986728,0.2831037131954772,0.2831037131954772,0.08014771242506702
CD02_FDis,RANDOM_FOREST,FDis,53,TmP1,1.4718575945763408,1.6627928853101848,0.19093529073384397,0.19093529073384397,0.03645628524761752
CD02_FDis,RANDOM_FOREST,FDis,53,TmP3,1.701411063049406,1.7000753047257509,-0.0013357583236550674,0.0013357583236550674,1.7842502992137958e-06
CD02_FDis,RANDOM_FOREST,FDis,53,TmP6,1.4951097983940702,1.697035518964177,0.20192572057010683,0.20192572057010683,0.04077399662775686
CD02_FDis,RANDOM_FOREST,FDis,53,TsP8,1.060409863605516,1.376898899490808,0.3164890358852921,0.3164890358852921,0.1001653098356017
CD02_FDis,RANDOM_FOREST,FDis,53,TuP1,2.924414402508278,1.7277950103313855,-1.1966193921768924,1.1966193921768924,1.4318979697337955
CD02_FDis,RANDOM_FOREST,FDis,54,CmP3,1.6260822291125805,1.637518815641436,0.011436586528855486,0.011436586528855486,0.00013079551143199876
CD02_FDis,RANDOM_FOREST,FDis,54,CmP4,1.4629370108766342,1.5526986731863401,0.08976166230970595,0.08976166230970595,0.008057156020601685
CD02_FDis,RANDOM_FOREST,FDis,54,CmP9,1.624104638859433,1.5396092352373498,-0.08449540362208308,0.08449540362208308,0.0071394732332587295
CD02_FDis,RANDOM_FOREST,FDis,54,CuP1,1.5257145471226057,1.4201145481439514,-0.10559999897865424,0.10559999897865424,0.011151359784291777
CD02_FDis,RANDOM_FOREST,FDis,54,CuP2,1.6637583632724262,1.662839020715809,-0.0009193425566171864,0.0009193425566171864,8.451907364074247e-07
CD02_FDis,RANDOM_FOREST,FDis,54,CuP4,1.804689290327236,1.6716324519224197,-0.1330568384048163,0.1330568384048163,0.017704122246285398
CD02_FDis,RANDOM_FOREST,FDis,54,CuP10,1.7907681573185472,1.5702381323498367,-0.22053002496871055,0.22053002496871055,0.0486334919127001
CD02_FDis,RANDOM_FOREST,FDis,54,BmP1,1.6922096019465238,1.712127423433865,0.019917821487341225,0.019917821487341225,0.0003967196128015918
CD02_FDis,RANDOM_FOREST,FDis,54,BmP3,1.6852035581350082,1.6705719778904184,-0.01463158024458977,0.01463158024458977,0.00021408314045386965
CD02_FDis,RANDOM_FOREST,FDis,54,BuP1,1.7323527466091853,1.7770673877408083,0.044714641131623045,0.044714641131623045,0.0019993991315298354
CD02_FDis,RANDOM_FOREST,FDis,54,BuP3,1.4108311948002903,1.5719578200304865,0.16112662523019616,0.16112662523019616,0.02596178935807209
CD02_FDis,RANDOM_FOREST,FDis,54,BuP5,1.52170317522943,1.5358956255140932,0.014192450284663094,0.014192450284663094,0.00020142564508263353
CD02_FDis,RANDOM_FOREST,FDis,54,BuP10,1.5469708070808017,1.5880417734064256,0.0410709663256239,0.0410709663256239,0.0016868242749205327
CD02_FDis,RANDOM_FOREST,FDis,54,TmP2,2.1676288473661294,1.716531783831831,-0.45109706353429835,0.45109706353429835,0.2034885607292668
CD02_FDis,RANDOM_FOREST,FDis,54,TmP5,1.297295647135223,1.37013128214837,0.07283563501314694,0.07283563501314694,0.005305029727768356
CD02_FDis,RANDOM_FOREST,FDis,54,TmP10,1.4665960823323403,1.7345405252938255,0.26794444296148523,0.26794444296148523,0.07179422451394062
CD02_FDis,RANDOM_FOREST,FDis,54,TsP4,1.039274247121184,1.2756569715070827,0.2363827243858987,0.2363827243858987,0.05587679238809974
CD02_FDis,RANDOM_FOREST,FDis,54,TsP5,0.9417009797196452,1.2226720559898976,0.2809710762702524,0.2809710762702524,0.078944745700464
CD02_FDis,RANDOM_FOREST,FDis,55,CmP6,1.4337041640080512,1.5218816866807026,0.08817752267265133,0.08817752267265133,0.00777527550468594
CD02_FDis,RANDOM_FOREST,FDis,55,CmP8,1.5797608250239128,1.713538849349363,0.13377802432545027,0.13377802432545027,0.017896559792420764
CD02_FDis,RANDOM_FOREST,FDis,55,CmP10,1.3742064055878451,1.6543002461785186,0.28009384059067344,0.28009384059067344,0.07845255953683358
CD02_FDis,RANDOM_FOREST,FDis,55,CsP3,1.748173020862429,1.6929863986829325,-0.05518662217949655,0.05518662217949655,0.0030455632675825003
CD02_FDis,RANDOM_FOREST,FDis,55,CsP8,1.6478177671947116,1.8639747516818828,0.21615698448717113,0.21615698448717113,0.04672384194258714
CD02_FDis,RANDOM_FOREST,FDis,55,CuP5,1.652878151064698,1.5843539799026785,-0.06852417116201948,0.06852417116201948,0.004695562033441742
CD02_FDis,RANDOM_FOREST,FDis,55,CuP6,1.595432956136453,1.6419074942824818,0.046474538146028754,0.046474538146028754,0.0021598826958866817
CD02_FDis,RANDOM_FOREST,FDis,55,BmP4,1.7597126021974243,1.6598021902213196,-0.09991041197610473,0.09991041197610473,0.009982090421234971
CD02_FDis,RANDOM_FOREST,FDis,55,BmP10,1.6260271514830502,1.7197932666475355,0.0937661151644853,0.0937661151644853,0.00879208435303952
CD02_FDis,RANDOM_FOREST,FDis,55,BsP1,1.4615722971983691,1.5320552446072466,0.0704829474088775,0.0704829474088775,0.004967845875442592
CD02_FDis,RANDOM_FOREST,FDis,55,BsP2,1.2376536979554675,1.5320552446072466,0.2944015466517791,0.2944015466517791,0.08667227067095966
CD02_FDis,RANDOM_FOREST,FDis,55,BuP2,1.3121914361187996,1.5883198490989827,0.2761284129801831,0.2761284129801831,0.07624690045495455
CD02_FDis,RANDOM_FOREST,FDis,55,BuP6,1.667081330417253,1.6284604577832151,-0.038620872634037795,0.038620872634037795,0.0014915718030145695
CD02_FDis,RANDOM_FOREST,FDis,55,BuP9,1.8201912166460104,1.847174289415671,0.02698307276966072,0.02698307276966072,0.0007280862160928058
CD02_FDis,RANDOM_FOREST,FDis,55,TmP4,1.0027869076632236,1.7105093047164879,0.7077223970532642,0.7077223970532642,0.5008709912908181
CD02_FDis,RANDOM_FOREST,FDis,55,TmP7,1.7859883176606266,1.6963952057905527,-0.0895931118700739,0.0895931118700739,0.008026925694563578
CD02_FDis,RANDOM_FOREST,FDis,55,TmP8,1.3943505685635922,1.7551646357014699,0.36081406713787767,0.36081406713787767,0.1301867910445769
CD02_FDis,RANDOM_FOREST,FDis,55,TuP4,1.6212802726868671,1.6982899351102327,0.0770096624233656,0.0770096624233656,0.0059304881065607275
CD02_FDis,RANDOM_FOREST,FDis,56,CmP10,1.3742064055878451,1.609205702602019,0.23499929701417388,0.23499929701417388,0.05522466959715591
CD02_FDis,RANDOM_FOREST,FDis,56,CsP2,1.585489648486885,1.5772331918834672,-0.008256456603417783,0.008256456603417783,6.816907564412113e-05
CD02_FDis,RANDOM_FOREST,FDis,56,CsP3,1.748173020862429,1.6390194673388263,-0.10915355352360279,0.10915355352360279,0.011914498246830019
CD02_FDis,RANDOM_FOREST,FDis,56,CsP6,1.748561221878778,1.8159804107089113,0.0674191888301332,0.0674191888301332,0.004545347022513158
CD02_FDis,RANDOM_FOREST,FDis,56,CsP10,1.580018149829522,1.8636363165529533,0.2836181667234312,0.2836181667234312,0.08043926449556002
CD02_FDis,RANDOM_FOREST,FDis,56,CuP8,1.7460953380476807,1.6204202355221171,-0.12567510252556358,0.12567510252556358,0.015794231394810915
CD02_FDis,RANDOM_FOREST,FDis,56,CuP9,1.669960070235498,1.575098869809812,-0.09486120042568591,0.09486120042568591,0.008998647346202152
CD02_FDis,RANDOM_FOREST,FDis,56,BmP1,1.6922096019465238,1.7169490213614116,0.024739419414887776,0.024739419414887776,0.0006120388729857262
CD02_FDis,RANDOM_FOREST,FDis,56,BsP7,1.7537725052501962,1.6197225389375638,-0.13404996631263244,0.13404996631263244,0.01796939346841789
CD02_FDis,RANDOM_FOREST,FDis,56,BuP2,1.3121914361187996,1.5778068311845832,0.2656153950657836,0.2656153950657836,0.07055153809595228
CD02_FDis,RANDOM_FOREST,FDis,56,BuP3,1.4108311948002903,1.5838507414374743,0.173019546637184,0.173019546637184,0.029935763518536686
CD02_FDis,RANDOM_FOREST,FDis,56,BuP6,1.667081330417253,1.6153122757657215,-0.051769054651531476,0.051769054651531476,0.002680035019513253
CD02_FDis,RANDOM_FOREST,FDis,56,TmP1,1.4718575945763408,1.7043459156040706,0.23248832102772976,0.23248832102772976,0.05405081941429273
CD02_FDis,RANDOM_FOREST,FDis,56,TmP6,1.4951097983940702,1.7144708000589517,0.21936100166488148,0.21936100166488148,0.048119249051420135
CD02_FDis,RANDOM_FOREST,FDis,56,TsP1,2.071419731327252,1.5516673438563486,-0.5197523874709036,0.5197523874709036,0.2701425442817043
CD02_FDis,RANDOM_FOREST,FDis,56,TsP4,1.039274247121184,1.2298787713686186,0.19060452424743457,0.19060452424743457,0.036330084663590875
CD02_FDis,RANDOM_FOREST,FDis,56,TuP8,1.6714786505929893,1.7043459156040706,0.03286726501108128,0.03286726501108128,0.001080257109308648
CD02_FDis,RANDOM_FOREST,FDis,56,TuP10,1.5315754549363598,1.8959602506011168,0.364384795664757,0.364384795664757,0.13277627931164673
CD02_FDis,RANDOM_FOREST,FDis,57,CmP2,1.3721195030879645,1.5725759904061525,0.200456487318188,0.200456487318188,0.040182803307946866
CD02_FDis,RANDOM_FOREST,FDis,57,CmP3,1.6260822291125805,1.6503313669211344,0.024249137808553867,0.024249137808553867,0.0005880206844582366
CD02_FDis,RANDOM_FOREST,FDis,57,CmP6,1.4337041640080512,1.5751460053121304,0.14144184130407922,0.14144184130407922,0.02000579447148833
CD02_FDis,RANDOM_FOREST,FDis,57,CmP7,1.610010364672139,1.6086261243572395,-0.0013842403148995874,0.0013842403148995874,1.916121249393309e-06
CD02_FDis,RANDOM_FOREST,FDis,57,CuP7,1.785621373419769,1.571526547885631,-0.21409482553413794,0.21409482553413794,0.04583659432049297
CD02_FDis,RANDOM_FOREST,FDis,57,BmP6,1.7885764164145614,1.6399424268179128,-0.14863398959664864,0.14863398959664864,0.022092062863416657
CD02_FDis,RANDOM_FOREST,FDis,57,BsP3,1.670383487840285,1.5269139034576835,-0.1434695843826015,0.1434695843826015,0.020583521642916408
CD02_FDis,RANDOM_FOREST,FDis,57,BsP4,1.3718923212641478,1.5943031984153655,0.22241087715121766,0.22241087715121766,0.04946659827517403
CD02_FDis,RANDOM_FOREST,FDis,57,BsP8,1.8390226503426368,1.714723072623053,-0.12429957771958389,0.12429957771958389,0.015450385021266874
CD02_FDis,RANDOM_FOREST,FDis,57,BuP5,1.52170317522943,1.4857499553391333,-0.03595321989029676,0.03595321989029676,0.0012926340204800306
CD02_FDis,RANDOM_FOREST,FDis,57,BuP7,1.752807867226157,1.7270182481506209,-0.025789619075536008,0.025789619075536008,0.0006651044520612508
CD02_FDis,RANDOM_FOREST,FDis,57,BuP8,1.4082109927912507,1.637923872732748,0.22971287994149736,0.22971287994149736,0.05276800721101678
CD02_FDis,RANDOM_FOREST,FDis,57,BuP9,1.8201912166460104,1.8342471641223392,0.014055947476328878,0.014055947476328878,0.00019756965945731615
CD02_FDis,RANDOM_FOREST,FDis,57,TmP8,1.3943505685635922,1.7669817977462026,0.3726312291826104,0.3726312291826104,0.1388540329621431
CD02_FDis,RANDOM_FOREST,FDis,57,TsP6,1.967378855447456,1.6528961429196825,-0.3144827125277736,0.3144827125277736,0.0988993764788263
CD02_FDis,RANDOM_FOREST,FDis,57,TsP10,1.5791042214997209,1.6136530991038207,0.03454887760409986,0.03454887760409986,0.0011936249437030728
CD02_FDis,RANDOM_FOREST,FDis,57,TuP3,1.0881658073888012,1.4985024158403424,0.4103366084515412,0.4103366084515412,0.16837613223551343
CD02_FDis,RANDOM_FOREST,FDis,57,TuP7,1.6967334502757114,1.6008370651842876,-0.09589638509142384,0.09589638509142384,0.009196116673602657
CD02_FDis,RANDOM_FOREST,FDis,58,CmP4,1.4629370108766342,1.5567749373541226,0.09383792647748845,0.09383792647748845,0.008805556445594529
CD02_FDis,RANDOM_FOREST,FDis,58,CmP8,1.5797608250239128,1.7321565213203693,0.15239569629645655,0.15239569629645655,0.023224448249681822
CD02_FDis,RANDOM_FOREST,FDis,58,CsP8,1.6478177671947116,1.8491198423139894,0.20130207511927778,0.20130207511927778,0.04052252544732735
CD02_FDis,RANDOM_FOREST,FDis,58,CuP3,1.7126218268341509,1.576597515167573,-0.1360243116665778,0.1360243116665778,0.018502613364366295
CD02_FDis,RANDOM_FOREST,FDis,58,CuP5,1.652878151064698,1.5227436803909271,-0.13013447067377082,0.13013447067377082,0.016934980457542517
CD02_FDis,RANDOM_FOREST,FDis,58,CuP6,1.595432956136453,1.6344518814935345,0.0390189253570814,0.0390189253570814,0.00152247653602149
CD02_FDis,RANDOM_FOREST,FDis,58,BmP2,1.585489648486885,1.5543055086175888,-0.031184139869296246,0.031184139869296246,0.0009724505793878317
CD02_FDis,RANDOM_FOREST,FDis,58,BmP3,1.6852035581350082,1.7241962198522829,0.03899266171727467,0.03899266171727467,0.0015204276677978175
CD02_FDis,RANDOM_FOREST,FDis,58,BmP9,1.6469926742285126,1.7629045597706408,0.11591188554212817,0.11591188554212817,0.013435565209931421
CD02_FDis,RANDOM_FOREST,FDis,58,BsP2,1.2376536979554675,1.4331044126545558,0.19545071469908826,0.19545071469908826,0.0382009818763844
CD02_FDis,RANDOM_FOREST,FDis,58,BsP5,1.8642543387857864,1.7392662092600146,-0.12498812952577176,0.12498812952577176,0.015622032522351099
CD02_FDis,RANDOM_FOREST,FDis,58,BsP6,1.3482727092943954,1.5696800737041299,0.22140736440973452,0.22140736440973452,0.049021221014864974
CD02_FDis,RANDOM_FOREST,FDis,58,BuP1,1.7323527466091853,1.7987304064516845,0.06637765984249921,0.06637765984249921,0.004405993726166533
CD02_FDis,RANDOM_FOREST,FDis,58,BuP4,1.6325721932941426,1.6562341549281525,0.02366196163400991,0.02366196163400991,0.0005598884283693569
CD02_FDis,RANDOM_FOREST,FDis,58,TmP10,1.4665960823323403,1.7116315489119067,0.24503546657956643,0.24503546657956643,0.060042379881865816
CD02_FDis,RANDOM_FOREST,FDis,58,TsP8,1.060409863605516,1.3250063663133935,0.2645965027078776,0.2645965027078776,0.07001130924523988
CD02_FDis,RANDOM_FOREST,FDis,58,TuP2,1.959219209608106,1.6818950080492516,-0.2773242015588544,0.2773242015588544,0.0769087127702561
CD02_FDis,RANDOM_FOREST,FDis,58,TuP4,1.6212802726868671,1.6552544535988356,0.033974180911968466,0.033974180911968466,0.0011542449686391624
CD02_FDis,RANDOM_FOREST,FDis,59,CmP1,1.549648755865329,1.6585281492624553,0.10887939339712638,0.10887939339712638,0.011854722306526207
CD02_FDis,RANDOM_FOREST,FDis,59,CmP5,1.2468049033003985,1.6899388067193786,0.44313390341898007,0.44313390341898007,0.19636765635934195
CD02_FDis,RANDOM_FOREST,FDis,59,CsP1,1.8290436910347256,1.766217551789242,-0.06282613924548364,0.06282613924548364,0.003947123772492899
CD02_FDis,RANDOM_FOREST,FDis,59,CsP4,1.703158438505631,1.5959908960167357,-0.10716754248889537,0.10716754248889537,0.011484882163109195
CD02_FDis,RANDOM_FOREST,FDis,59,CsP9,1.6651187370902774,1.5841362822394536,-0.08098245485082378,0.08098245485082378,0.0065581579936657124
CD02_FDis,RANDOM_FOREST,FDis,59,CuP1,1.5257145471226057,1.3748222314818321,-0.15089231564077354,0.15089231564077354,0.022768490919434833
CD02_FDis,RANDOM_FOREST,FDis,59,CuP2,1.6637583632724262,1.6403018380582122,-0.02345652521421404,0.02345652521421404,0.0005502085751250591
CD02_FDis,RANDOM_FOREST,FDis,59,CuP10,1.7907681573185472,1.5818505285849376,-0.20891762873360964,0.20891762873360964,0.04364657559567436
CD02_FDis,RANDOM_FOREST,FDis,59,BmP7,1.8275097408946472,1.5218354072711129,-0.30567433362353436,0.30567433362353436,0.09343679823619179
CD02_FDis,RANDOM_FOREST,FDis,59,BmP10,1.6260271514830502,1.7301660250537172,0.10413887357066698,0.10413887357066698,0.01084490498856736
CD02_FDis,RANDOM_FOREST,FDis,59,BsP1,1.4615722971983691,1.382673733523437,-0.0788985636749322,0.0788985636749322,0.00622498334996733
CD02_FDis,RANDOM_FOREST,FDis,59,TmP4,1.0027869076632236,1.608799779168974,0.6060128715057505,0.6060128715057505,0.3672516004306452
CD02_FDis,RANDOM_FOREST,FDis,59,TmP7,1.7859883176606266,1.671186957663391,-0.11480135999723551,0.11480135999723551,0.013179352257214866
CD02_FDis,RANDOM_FOREST,FDis,59,TsP2,1.9856472167908747,1.8345807734526847,-0.15106644333819008,0.15106644333819008,0.022821070302850594
CD02_FDis,RANDOM_FOREST,FDis,59,TsP7,1.3625709657138958,1.8060700253752306,0.44349905966133485,0.44349905966133485,0.19669141592048825
CD02_FDis,RANDOM_FOREST,FDis,59,TsP9,1.79619465045184,1.6063746251529214,-0.18982002529891862,0.18982002529891862,0.036031642004482105
CD02_FDis,RANDOM_FOREST,FDis,59,TuP1,2.924414402508278,1.7907642509179678,-1.1336501515903101,1.1336501515903101,1.2851626662007332
CD02_FDis,RANDOM_FOREST,FDis,59,TuP9,1.638172594265633,1.1997430149750328,-0.43842957929060034,0.43842957929060034,0.1922204959969328
CD02_FDis,RANDOM_FOREST,FDis,60,CmP9,1.624104638859433,1.5566819965748355,-0.06742264228459738,0.06742264228459738,0.004545812692636778
CD02_FDis,RANDOM_FOREST,FDis,60,CsP5,1.9907648308977288,1.9505805739950242,-0.04018425690270466,0.04018425690270466,0.0016147745028225672
CD02_FDis,RANDOM_FOREST,FDis,60,CsP7,1.4797042507397251,1.5934986399024376,0.11379438916271245,0.11379438916271245,0.01294916300491485
CD02_FDis,RANDOM_FOREST,FDis,60,CuP4,1.804689290327236,1.6653889418824064,-0.13930034844482964,0.13930034844482964,0.01940458707685095
CD02_FDis,RANDOM_FOREST,FDis,60,BmP4,1.7597126021974243,1.6368016826779717,-0.12291091951945265,0.12291091951945265,0.015107094137117368
CD02_FDis,RANDOM_FOREST,FDis,60,BmP5,1.9907648308977288,1.9505805739950242,-0.04018425690270466,0.04018425690270466,0.0016147745028225672
CD02_FDis,RANDOM_FOREST,FDis,60,BmP8,1.5753154471664896,1.5897202409041002,0.01440479373761061,0.01440479373761061,0.00020749808262310586
CD02_FDis,RANDOM_FOREST,FDis,60,BsP9,1.5589992381964568,1.6849338650488637,0.12593462685240686,0.12593462685240686,0.015859530240454955
CD02_FDis,RANDOM_FOREST,FDis,60,BsP10,1.7638322969338716,1.8061409484180508,0.04230865148417928,0.04230865148417928,0.001790021990409746
CD02_FDis,RANDOM_FOREST,FDis,60,BuP10,1.5469708070808017,1.6390528016539028,0.09208199457310107,0.09208199457310107,0.008479093724560615
CD02_FDis,RANDOM_FOREST,FDis,60,TmP2,2.1676288473661294,1.66845752927586,-0.49917131809026927,0.49917131809026927,0.24917200480397678
CD02_FDis,RANDOM_FOREST,FDis,60,TmP3,1.701411063049406,1.6923395667289367,-0.009071496320469219,0.009071496320469219,8.229204549228658e-05
CD02_FDis,RANDOM_FOREST,FDis,60,TmP5,1.297295647135223,1.409222628707796,0.11192698157257297,0.11192698157257297,0.012527649203947088
CD02_FDis,RANDOM_FOREST,FDis,60,TmP9,1.6330604151148294,1.7255561851089298,0.09249576999410047,0.09249576999410047,0.008555467466801537
CD02_FDis,RANDOM_FOREST,FDis,60,TsP3,1.7986008371256086,1.66845752927586,-0.13014330784974848,0.13014330784974848,0.016937280578074403
CD02_FDis,RANDOM_FOREST,FDis,60,TsP5,0.9417009797196452,1.224913159681269,0.28321217996162384,0.28321217996162384,0.08020913887861521
CD02_FDis,RANDOM_FOREST,FDis,60,TuP5,0.8766009122519117,1.4762316226762695,0.5996307104243578,0.5996307104243578,0.35955698888402
CD02_FDis,RANDOM_FOREST,FDis,60,TuP6,2.0604414160492137,1.676669222465902,-0.3837721935833116,0.3837721935833116,0.1472810965677468
CD02_FDis,RANDOM_FOREST,FDis,61,CmP3,1.6260822291125805,1.6204672158068814,-0.005615013305699135,0.005615013305699135,3.152837442317832e-05
CD02_FDis,RANDOM_FOREST,FDis,61,CmP7,1.610010364672139,1.5820905234165366,-0.02791984125560254,0.02791984125560254,0.0007795175357380456
CD02_FDis,RANDOM_FOREST,FDis,61,CsP6,1.748561221878778,1.7379929220676633,-0.010568299811114734,0.010568299811114734,0.00011168896089760773
CD02_FDis,RANDOM_FOREST,FDis,61,CsP7,1.4797042507397251,1.5990133777783815,0.11930912703865637,0.11930912703865637,0.014234667794726244
CD02_FDis,RANDOM_FOREST,FDis,61,CuP4,1.804689290327236,1.661436322359749,-0.143252967967487,0.143252967967487,0.020521412831493852
CD02_FDis,RANDOM_FOREST,FDis,61,CuP10,1.7907681573185472,1.5741493206945634,-0.21661883662398385,0.21661883662398385,0.04692372038032821
CD02_FDis,RANDOM_FOREST,FDis,61,BmP5,1.9907648308977288,2.0513523845224446,0.060587553624715795,0.060587553624715795,0.0036708516542278123
CD02_FDis,RANDOM_FOREST,FDis,61,BsP1,1.4615722971983691,1.5015736648591136,0.04000136766074447,0.04000136766074447,0.0016001094147300534
CD02_FDis,RANDOM_FOREST,FDis,61,BsP2,1.2376536979554675,1.5015736648591136,0.26391996690364605,0.26391996690364605,0.06965374893042163
CD02_FDis,RANDOM_FOREST,FDis,61,BsP4,1.3718923212641478,1.541851767040187,0.16995944577603916,0.16995944577603916,0.028886213208498396
CD02_FDis,RANDOM_FOREST,FDis,61,BsP8,1.8390226503426368,1.7072129754809056,-0.13180967486173123,0.13180967486173123,0.0173737903871553
CD02_FDis,RANDOM_FOREST,FDis,61,BuP7,1.752807867226157,1.7132730380609755,-0.03953482916518136,0.03953482916518136,0.0015630027171200749
CD02_FDis,RANDOM_FOREST,FDis,61,BuP10,1.5469708070808017,1.5820203017809875,0.03504949470018581,0.03504949470018581,0.0012284670787383533
CD02_FDis,RANDOM_FOREST,FDis,61,TmP2,2.1676288473661294,1.7359608438025893,-0.43166800356354007,0.43166800356354007,0.18633726530053243
CD02_FDis,RANDOM_FOREST,FDis,61,TmP4,1.0027869076632236,1.7014013322007029,0.6986144245374792,0.6986144245374792,0.48806211417183326
CD02_FDis,RANDOM_FOREST,FDis,61,TmP10,1.4665960823323403,1.7443424589467378,0.2777463766143975,0.2777463766143975,0.07714304972242673
CD02_FDis,RANDOM_FOREST,FDis,61,TsP8,1.060409863605516,1.3552953526377187,0.2948854890322028,0.2948854890322028,0.0869574516417614
CD02_FDis,RANDOM_FOREST,FDis,61,TsP10,1.5791042214997209,1.6097023189158841,0.03059809741616326,0.03059809741616326,0.0009362435654890168
CD02_FDis,RANDOM_FOREST,FDis,62,CmP1,1.549648755865329,1.6779226624672205,0.12827390660189164,0.12827390660189164,0.01645419511491082
CD02_FDis,RANDOM_FOREST,FDis,62,CmP9,1.624104638859433,1.5386045763318834,-0.08550006252754949,0.08550006252754949,0.007310260692214873
CD02_FDis,RANDOM_FOREST,FDis,62,CsP4,1.703158438505631,1.615861908417703,-0.08729653008792804,0.08729653008792804,0.007620684165392525
CD02_FDis,RANDOM_FOREST,FDis,62,CsP9,1.6651187370902774,1.626619676136913,-0.03849906095336442,0.03849906095336442,0.0014821776942908686
CD02_FDis,RANDOM_FOREST,FDis,62,CuP1,1.5257145471226057,1.3549503940376766,-0.1707641530849291,0.1707641530849291,0.0291603959788131
CD02_FDis,RANDOM_FOREST,FDis,62,CuP2,1.6637583632724262,1.6666726821041302,0.0029143188317040103,0.0029143188317040103,8.493254252824628e-06
CD02_FDis,RANDOM_FOREST,FDis,62,CuP8,1.7460953380476807,1.622920511949643,-0.12317482609803765,0.12317482609803765,0.015172037784281816
CD02_FDis,RANDOM_FOREST,FDis,62,BmP2,1.585489648486885,1.5584456104386741,-0.027044038048210872,0.027044038048210872,0.0007313799939530773
CD02_FDis,RANDOM_FOREST,FDis,62,BmP4,1.7597126021974243,1.6022392456261463,-0.15747335657127803,0.15747335657127803,0.024797858029824874
CD02_FDis,RANDOM_FOREST,FDis,62,BmP9,1.6469926742285126,1.7702707463368765,0.12327807210836395,0.12327807210836395,0.015197483062754981
CD02_FDis,RANDOM_FOREST,FDis,62,BsP9,1.5589992381964568,1.7005064699298507,0.14150723173339386,0.14150723173339386,0.02002429663284843
CD02_FDis,RANDOM_FOREST,FDis,62,BuP1,1.7323527466091853,1.7653838350173465,0.03303108840816127,0.03303108840816127,0.0010910528014277656
CD02_FDis,RANDOM_FOREST,FDis,62,BuP5,1.52170317522943,1.452423688397552,-0.06927948683187801,0.06927948683187801,0.004799647295688359
CD02_FDis,RANDOM_FOREST,FDis,62,BuP8,1.4082109927912507,1.7188865330383107,0.31067554024706,0.31067554024706,0.09651929130780261
CD02_FDis,RANDOM_FOREST,FDis,62,TmP1,1.4718575945763408,1.639192837066917,0.1673352424905763,0.1673352424905763,0.02800108337937997
CD02_FDis,RANDOM_FOREST,FDis,62,TsP1,2.071419731327252,1.5571099909650379,-0.5143097403622143,0.5143097403622143,0.2645145090314483
CD02_FDis,RANDOM_FOREST,FDis,62,TuP2,1.959219209608106,1.8097336820760381,-0.1494855275320679,0.1494855275320679,0.022345922941540627
CD02_FDis,RANDOM_FOREST,FDis,62,TuP5,0.8766009122519117,1.4167720161994688,0.5401711039475571,0.5401711039475571,0.2917848215399225
CD02_FDis,RANDOM_FOREST,FDis,63,CmP4,1.4629370108766342,1.5301386603335105,0.06720164945687634,0.06720164945687634,0.004516061689724888
CD02_FDis,RANDOM_FOREST,FDis,63,CsP2,1.585489648486885,1.5634355170014544,-0.02205413148543056,0.02205413148543056,0.00048638471557665964
CD02_FDis,RANDOM_FOREST,FDis,63,CsP8,1.6478177671947116,1.8383631071721491,0.1905453399774375,0.1905453399774375,0.03630752658711724
CD02_FDis,RANDOM_FOREST,FDis,63,CuP5,1.652878151064698,1.539623210432252,-0.1132549406324459,0.1132549406324459,0.012826681577658846
CD02_FDis,RANDOM_FOREST,FDis,63,BmP3,1.6852035581350082,1.6758302431084926,-0.009373315026515616,0.009373315026515616,8.785903458630345e-05
CD02_FDis,RANDOM_FOREST,FDis,63,BmP7,1.8275097408946472,1.5498156266954763,-0.2776941141991709,0.2776941141991709,0.07711402106086217
CD02_FDis,RANDOM_FOREST,FDis,63,BsP6,1.3482727092943954,1.6131501590427089,0.2648774497483135,0.2648774497483135,0.07016006338517035
CD02_FDis,RANDOM_FOREST,FDis,63,BsP10,1.7638322969338716,1.823458424483992,0.05962612755012042,0.05962612755012042,0.0035552750866232295
CD02_FDis,RANDOM_FOREST,FDis,63,BuP3,1.4108311948002903,1.6422025107934535,0.23137131599316318,0.23137131599316318,0.053532685864408174
CD02_FDis,RANDOM_FOREST,FDis,63,BuP4,1.6325721932941426,1.6620098682450928,0.029437674950950177,0.029437674950950177,0.0008665767065177995
CD02_FDis,RANDOM_FOREST,FDis,63,BuP9,1.8201912166460104,1.838334676572019,0.01814345992600863,0.01814345992600863,0.00032918513808668115
CD02_FDis,RANDOM_FOREST,FDis,63,TmP3,1.701411063049406,1.702131455284159,0.0007203922347531755,0.0007203922347531755,5.189649718926743e-07
CD02_FDis,RANDOM_FOREST,FDis,63,TmP5,1.297295647135223,1.3011100000079636,0.0038143528727405673,0.0038143528727405673,1.4549287837784219e-05
CD02_FDis,RANDOM_FOREST,FDis,63,TmP7,1.7859883176606266,1.7324578118346199,-0.053530505826006713,0.053530505826006713,0.0028655150539881385
CD02_FDis,RANDOM_FOREST,FDis,63,TsP3,1.7986008371256086,1.8353528178840288,0.03675198075842023,0.03675198075842023,0.0013507080896672911
CD02_FDis,RANDOM_FOREST,FDis,63,TsP9,1.79619465045184,1.5803344906862065,-0.21586015976563355,0.21586015976563355,0.04659560857404484
CD02_FDis,RANDOM_FOREST,FDis,63,TuP3,1.0881658073888012,1.49943355555798,0.4112677481691789,0.4112677481691789,0.16914116068414714
CD02_FDis,RANDOM_FOREST,FDis,63,TuP8,1.6714786505929893,1.5842094211731355,-0.08726922941985382,0.08726922941985382,0.00761591840353508
CD02_FDis,RANDOM_FOREST,FDis,64,CmP2,1.3721195030879645,1.5306178950092542,0.15849839192128967,0.15849839192128967,0.025121740241634744
CD02_FDis,RANDOM_FOREST,FDis,64,CmP6,1.4337041640080512,1.5307479385384544,0.09704377453040314,0.09704377453040314,0.00941749417510772
CD02_FDis,RANDOM_FOREST,FDis,64,CsP1,1.8290436910347256,1.8226105720364867,-0.006433118998238951,0.006433118998238951,4.138502004550293e-05
CD02_FDis,RANDOM_FOREST,FDis,64,CsP10,1.580018149829522,1.7708983426812532,0.1908801928517312,0.1908801928517312,0.03643524802311409
CD02_FDis,RANDOM_FOREST,FDis,64,CuP3,1.7126218268341509,1.476464306193337,-0.23615752064081397,0.23615752064081397,0.055770374555216475
CD02_FDis,RANDOM_FOREST,FDis,64,CuP6,1.595432956136453,1.6526649006994283,0.0572319445629752,0.0572319445629752,0.0032754954784594667
CD02_FDis,RANDOM_FOREST,FDis,64,CuP7,1.785621373419769,1.5522166252051706,-0.23340474821459845,0.23340474821459845,0.0544777764891201
CD02_FDis,RANDOM_FOREST,FDis,64,BmP6,1.7885764164145614,1.5805110149213053,-0.20806540149325614,0.20806540149325614,0.043291211298549875
CD02_FDis,RANDOM_FOREST,FDis,64,BmP10,1.6260271514830502,1.6536058796156479,0.027578728132597652,0.027578728132597652,0.0007605862454117332
CD02_FDis,RANDOM_FOREST,FDis,64,BsP3,1.670383487840285,1.5169223413216713,-0.15346114651861376,0.15346114651861376,0.023550323490807438
CD02_FDis,RANDOM_FOREST,FDis,64,BsP5,1.8642543387857864,1.7521107186807272,-0.11214362010505918,0.11214362010505918,0.012576191530267834
CD02_FDis,RANDOM_FOREST,FDis,64,TmP9,1.6330604151148294,1.7974416672854994,0.16438125217067,0.16438125217067,0.027021196065197404
CD02_FDis,RANDOM_FOREST,FDis,64,TsP2,1.9856472167908747,1.7838111639434275,-0.2018360528474472,0.2018360528474472,0.040737792229037506
CD02_FDis,RANDOM_FOREST,FDis,64,TsP5,0.9417009797196452,1.169176790357644,0.22747581063799882,0.22747581063799882,0.0517452444254147
CD02_FDis,RANDOM_FOREST,FDis,64,TsP6,1.967378855447456,1.6525966435017039,-0.3147822119457522,0.3147822119457522,0.09908784095746044
CD02_FDis,RANDOM_FOREST,FDis,64,TuP4,1.6212802726868671,1.652319753155117,0.03103948046824989,0.03103948046824989,0.0009634493477388665
CD02_FDis,RANDOM_FOREST,FDis,64,TuP7,1.6967334502757114,1.497248223328187,-0.19948522694752446,0.19948522694752446,0.03979435577030534
CD02_FDis,RANDOM_FOREST,FDis,64,TuP10,1.5315754549363598,1.8965089246218996,0.36493346968553975,0.36493346968553975,0.13317643729672676
CD02_FDis,RANDOM_FOREST,FDis,65,CmP5,1.2468049033003985,1.7331426359404678,0.4863377326400693,0.4863377326400693,0.2365243901894835
CD02_FDis,RANDOM_FOREST,FDis,65,CmP8,1.5797608250239128,1.7143166703127413,0.13455584528882847,0.13455584528882847,0.01810527550139114
CD02_FDis,RANDOM_FOREST,FDis,65,CmP10,1.3742064055878451,1.6355487830347342,0.26134237744688904,0.26134237744688904,0.06829983824959222
CD02_FDis,RANDOM_FOREST,FDis,65,CsP3,1.748173020862429,1.678755910715335,-0.06941711014709417,0.06941711014709417,0.004818735181173805
CD02_FDis,RANDOM_FOREST,FDis,65,CsP5,1.9907648308977288,1.7230960467861414,-0.26766878411158745,0.26766878411158745,0.07164657798777561
CD02_FDis,RANDOM_FOREST,FDis,65,CuP9,1.669960070235498,1.5803576714881606,-0.08960239874733733,0.08960239874733733,0.008028589861276839
CD02_FDis,RANDOM_FOREST,FDis,65,BmP1,1.6922096019465238,1.7552425976862265,0.06303299573970267,0.06303299573970267,0.003973158551921375
CD02_FDis,RANDOM_FOREST,FDis,65,BmP8,1.5753154471664896,1.5964110346741849,0.021095587507695246,0.021095587507695246,0.0004450238122948277
CD02_FDis,RANDOM_FOREST,FDis,65,BsP7,1.7537725052501962,1.6300889910692091,-0.12368351418098711,0.12368351418098711,0.01529761168015844
CD02_FDis,RANDOM_FOREST,FDis,65,BuP2,1.3121914361187996,1.5805425818248582,0.26835114570605856,0.26835114570605856,0.07201233740175426
CD02_FDis,RANDOM_FOREST,FDis,65,BuP6,1.667081330417253,1.6224809930899868,-0.04460033732726609,0.04460033732726609,0.001989190089705925
CD02_FDis,RANDOM_FOREST,FDis,65,TmP6,1.4951097983940702,1.7050774264735409,0.20996762807947067,0.20996762807947067,0.04408640484131892
CD02_FDis,RANDOM_FOREST,FDis,65,TmP8,1.3943505685635922,1.793664634695385,0.3993140661317929,0.3993140661317929,0.15945172341070585
CD02_FDis,RANDOM_FOREST,FDis,65,TsP4,1.039274247121184,1.1487119035282394,0.10943765640705538,0.10943765640705538,0.01197660063986871
CD02_FDis,RANDOM_FOREST,FDis,65,TsP7,1.3625709657138958,1.849625196562045,0.48705423084814914,0.48705423084814914,0.23722182378708215
CD02_FDis,RANDOM_FOREST,FDis,65,TuP1,2.924414402508278,1.7022951466976826,-1.2221192558105953,1.2221192558105953,1.4935754754230433
CD02_FDis,RANDOM_FOREST,FDis,65,TuP6,2.0604414160492137,1.6483167315417304,-0.4121246845074833,0.4121246845074833,0.16984675558039264
CD02_FDis,RANDOM_FOREST,FDis,65,TuP9,1.638172594265633,1.2237985581297266,-0.4143740361359065,0.4143740361359065,0.17170584182356155
CD02_FDis,RANDOM_FOREST,FDis,66,CmP5,1.2468049033003985,1.7423670930933888,0.49556218979299027,0.49556218979299027,0.24558188395242372
CD02_FDis,RANDOM_FOREST,FDis,66,CmP6,1.4337041640080512,1.5479555361913684,0.11425137218331716,0.11425137218331716,0.013053376045770858
CD02_FDis,RANDOM_FOREST,FDis,66,CmP9,1.624104638859433,1.5823008586701657,-0.041803780189267226,0.041803780189267226,0.001747556038112571
CD02_FDis,RANDOM_FOREST,FDis,66,CsP1,1.8290436910347256,1.8320771417461745,0.003033450711448893,0.003033450711448893,9.201823218789795e-06
CD02_FDis,RANDOM_FOREST,FDis,66,CsP2,1.585489648486885,1.5602576173459475,-0.025232031140937528,0.025232031140937528,0.0006366553954972412
CD02_FDis,RANDOM_FOREST,FDis,66,CsP5,1.9907648308977288,2.0109520501127354,0.020187219215006547,0.020187219215006547,0.0004075238196347295
CD02_FDis,RANDOM_FOREST,FDis,66,CuP1,1.5257145471226057,1.3171895027001335,-0.20852504442247222,0.20852504442247222,0.04348269415139401
CD02_FDis,RANDOM_FOREST,FDis,66,CuP7,1.785621373419769,1.6111495627687156,-0.17447181065105344,0.17447181065105344,0.030440412711857046
CD02_FDis,RANDOM_FOREST,FDis,66,BmP5,1.9907648308977288,2.0109520501127354,0.020187219215006547,0.020187219215006547,0.0004075238196347295
CD02_FDis,RANDOM_FOREST,FDis,66,BsP4,1.3718923212641478,1.5598689507558399,0.18797662949169203,0.18797662949169203,0.03533521323505686
CD02_FDis,RANDOM_FOREST,FDis,66,BsP10,1.7638322969338716,1.806825995568898,0.042993698635026334,0.042993698635026334,0.0018484581223194652
CD02_FDis,RANDOM_FOREST,FDis,66,BuP5,1.52170317522943,1.4124189609511386,-0.10928421427829149,0.10928421427829149,0.01194303949042353
CD02_FDis,RANDOM_FOREST,FDis,66,TmP5,1.297295647135223,1.4339867078147506,0.13669106067952752,0.13669106067952752,0.018684446069694275
CD02_FDis,RANDOM_FOREST,FDis,66,TmP9,1.6330604151148294,1.7716236296512586,0.13856321453642928,0.13856321453642928,0.019199764422668526
CD02_FDis,RANDOM_FOREST,FDis,66,TsP7,1.3625709657138958,1.8369949423324794,0.4744239766185836,0.4744239766185836,0.22507810959059035
CD02_FDis,RANDOM_FOREST,FDis,66,TsP8,1.060409863605516,1.4166814537434236,0.35627159013790766,0.35627159013790766,0.12692944593939326
CD02_FDis,RANDOM_FOREST,FDis,66,TsP9,1.79619465045184,1.6582311064992545,-0.13796354395258548,0.13796354395258548,0.019033939459956985
CD02_FDis,RANDOM_FOREST,FDis,66,TuP4,1.6212802726868671,1.7343759889618207,0.11309571627495352,0.11309571627495352,0.012790641039744786
CD02_FDis,RANDOM_FOREST,FDis,67,CmP3,1.6260822291125805,1.6302913878846732,0.004209158772092714,0.004209158772092714,1.7717017568685042e-05
CD02_FDis,RANDOM_FOREST,FDis,67,CmP4,1.4629370108766342,1.51387666371636,0.0509396528397259,0.0509396528397259,0.002594848231431795
CD02_FDis,RANDOM_FOREST,FDis,67,CmP8,1.5797608250239128,1.7096512685867458,0.12989044356283297,0.12989044356283297,0.016871527328949497
CD02_FDis,RANDOM_FOREST,FDis,67,CmP10,1.3742064055878451,1.6457599898225432,0.2715535842346981,0.2715535842346981,0.07374134911071129
CD02_FDis,RANDOM_FOREST,FDis,67,BmP1,1.6922096019465238,1.7393965388318628,0.04718693688533904,0.04718693688533904,0.0022266070126209696
CD02_FDis,RANDOM_FOREST,FDis,67,BmP6,1.7885764164145614,1.6420472778263402,-0.14652913858822125,0.14652913858822125,0.02147078845540615
CD02_FDis,RANDOM_FOREST,FDis,67,BmP7,1.8275097408946472,1.5497855406206964,-0.27772420027395084,0.27772420027395084,0.07713073141780556
CD02_FDis,RANDOM_FOREST,FDis,67,BmP9,1.6469926742285126,1.7632634767042745,0.11627080247576194,0.11627080247576194,0.013518899508357649
CD02_FDis,RANDOM_FOREST,FDis,67,BsP1,1.4615722971983691,1.4909283193865528,0.029356022188183672,0.029356022188183672,0.0008617760387131321
CD02_FDis,RANDOM_FOREST,FDis,67,BsP2,1.2376536979554675,1.4909283193865528,0.25327462143108526,0.25327462143108526,0.06414803386105955
CD02_FDis,RANDOM_FOREST,FDis,67,BsP6,1.3482727092943954,1.6251193422271057,0.2768466329327104,0.2768466329327104,0.07664405816617889
CD02_FDis,RANDOM_FOREST,FDis,67,BsP7,1.7537725052501962,1.6258617798634194,-0.12791072538677684,0.12791072538677684,0.016361153668971437
CD02_FDis,RANDOM_FOREST,FDis,67,BuP3,1.4108311948002903,1.6440275317842996,0.23319633698400932,0.23319633698400932,0.054380531582759635
CD02_FDis,RANDOM_FOREST,FDis,67,BuP8,1.4082109927912507,1.6447130912615044,0.23650209847025372,0.23650209847025372,0.055933242580833584
CD02_FDis,RANDOM_FOREST,FDis,67,TsP4,1.039274247121184,1.2044703719443135,0.1651961248231295,0.1651961248231295,0.027289759656578986
CD02_FDis,RANDOM_FOREST,FDis,67,TuP3,1.0881658073888012,1.6903726348659303,0.6022068274771291,0.6022068274771291,0.36265306306006867
CD02_FDis,RANDOM_FOREST,FDis,67,TuP5,0.8766009122519117,1.4649469902752341,0.5883460780233224,0.5883460780233224,0.3461511075254254
CD02_FDis,RANDOM_FOREST,FDis,67,TuP9,1.638172594265633,1.3147553173904476,-0.3234172768751855,0.3234172768751855,0.10459873498136041
CD02_FDis,RANDOM_FOREST,FDis,68,CsP4,1.703158438505631,1.5887133979943557,-0.11444504051127535,0.11444504051127535,0.013097667297627456
CD02_FDis,RANDOM_FOREST,FDis,68,CsP6,1.748561221878778,1.6243273811172434,-0.12423384076153465,0.12423384076153465,0.015434047190362348
CD02_FDis,RANDOM_FOREST,FDis,68,CsP8,1.6478177671947116,1.6443311553622457,-0.0034866118324659023,0.0034866118324659023,1.2156462070291238e-05
CD02_FDis,RANDOM_FOREST,FDis,68,CsP9,1.6651187370902774,1.5870535998019624,-0.07806513728831499,0.07806513728831499,0.0060941656598434675
CD02_FDis,RANDOM_FOREST,FDis,68,CuP3,1.7126218268341509,1.5015541966713182,-0.2110676301628327,0.2110676301628327,0.04454954450255432
CD02_FDis,RANDOM_FOREST,FDis,68,CuP10,1.7907681573185472,1.564110051668596,-0.22665810564995126,0.22665810564995126,0.05137389685682447
CD02_FDis,RANDOM_FOREST,FDis,68,BsP5,1.8642543387857864,1.6664043312294892,-0.19785000755629722,0.19785000755629722,0.03914462549002687
CD02_FDis,RANDOM_FOREST,FDis,68,BsP8,1.8390226503426368,1.6850222983739986,-0.15400035196863815,0.15400035196863815,0.02371610840646443
CD02_FDis,RANDOM_FOREST,FDis,68,BuP6,1.667081330417253,1.6143986743799106,-0.052682656037342346,0.052682656037342346,0.002775462247148924
CD02_FDis,RANDOM_FOREST,FDis,68,BuP7,1.752807867226157,1.6872352949142548,-0.06557257231190206,0.06557257231190206,0.004299762239599624
CD02_FDis,RANDOM_FOREST,FDis,68,BuP10,1.5469708070808017,1.572491051649308,0.025520244568506323,0.025520244568506323,0.0006512828828363765
CD02_FDis,RANDOM_FOREST,FDis,68,TmP2,2.1676288473661294,1.643600558168468,-0.5240282891976613,0.5240282891976613,0.27460564787942776
CD02_FDis,RANDOM_FOREST,FDis,68,TmP4,1.0027869076632236,1.6788827332598695,0.6760958255966458,0.6760958255966458,0.45710556538921016
CD02_FDis,RANDOM_FOREST,FDis,68,TsP2,1.9856472167908747,1.6429858287349826,-0.3426613880558922,0.3426613880558922,0.11741682686439074
CD02_FDis,RANDOM_FOREST,FDis,68,TsP6,1.967378855447456,1.673140382968733,-0.29423847247872303,0.29423847247872303,0.08657627868661225
CD02_FDis,RANDOM_FOREST,FDis,68,TuP1,2.924414402508278,1.7654616838373647,-1.1589527186709132,1.1589527186709132,1.343171404114701
CD02_FDis,RANDOM_FOREST,FDis,68,TuP6,2.0604414160492137,1.6367258543511314,-0.42371556169808233,0.42371556169808233,0.1795348772251214
CD02_FDis,RANDOM_FOREST,FDis,68,TuP8,1.6714786505929893,1.5645684258971846,-0.10691022469580469,0.10691022469580469,0.011429796144507447
CD02_FDis,RANDOM_FOREST,FDis,69,CmP1,1.549648755865329,1.6518376870754221,0.1021889312100932,0.1021889312100932,0.010442577661861161
CD02_FDis,RANDOM_FOREST,FDis,69,CsP3,1.748173020862429,1.6601791669372699,-0.08799385392515924,0.08799385392515924,0.007742918328602261
CD02_FDis,RANDOM_FOREST,FDis,69,CsP10,1.580018149829522,1.7965314607263534,0.21651331089683135,0.21651331089683135,0.04687801379550795
CD02_FDis,RANDOM_FOREST,FDis,69,CuP2,1.6637583632724262,1.6489067707261906,-0.014851592546235581,0.014851592546235581,0.0002205698011594003
CD02_FDis,RANDOM_FOREST,FDis,69,CuP6,1.595432956136453,1.601836815742792,0.006403859606338935,0.006403859606338935,4.1009417857699464e-05
CD02_FDis,RANDOM_FOREST,FDis,69,CuP8,1.7460953380476807,1.607235262447609,-0.13886007560007174,0.13886007560007174,0.01928212059565764
CD02_FDis,RANDOM_FOREST,FDis,69,CuP9,1.669960070235498,1.5425277756815357,-0.12743229455396232,0.12743229455396232,0.016238989695287816
CD02_FDis,RANDOM_FOREST,FDis,69,BmP2,1.585489648486885,1.5872566236327532,0.0017669751458682104,0.0017669751458682104,3.122201166115983e-06
CD02_FDis,RANDOM_FOREST,FDis,69,BmP10,1.6260271514830502,1.6991676768993096,0.07314052541625937,0.07314052541625937,0.005349536458166483
CD02_FDis,RANDOM_FOREST,FDis,69,TmP1,1.4718575945763408,1.7451208281691375,0.2732632335927967,0.2732632335927967,0.07467279483359138
CD02_FDis,RANDOM_FOREST,FDis,69,TmP3,1.701411063049406,1.6991676768993096,-0.002243386150096338,0.002243386150096338,5.032781418444069e-06
CD02_FDis,RANDOM_FOREST,FDis,69,TmP6,1.4951097983940702,1.7109002293710875,0.21579043097701733,0.21579043097701733,0.04656551010124688
CD02_FDis,RANDOM_FOREST,FDis,69,TmP7,1.7859883176606266,1.7252462975993528,-0.06074202006127383,0.06074202006127383,0.003689593001124192
CD02_FDis,RANDOM_FOREST,FDis,69,TmP8,1.3943505685635922,1.817061060413129,0.4227104918495368,0.4227104918495368,0.17868415991967732
CD02_FDis,RANDOM_FOREST,FDis,69,TsP3,1.7986008371256086,1.8840235197035895,0.08542268257798091,0.08542268257798091,0.007297034698818484
CD02_FDis,RANDOM_FOREST,FDis,69,TsP10,1.5791042214997209,1.6768510745134915,0.09774685301377062,0.09774685301377062,0.009554447274095677
CD02_FDis,RANDOM_FOREST,FDis,69,TuP7,1.6967334502757114,1.5023931009949894,-0.19434034928072208,0.19434034928072208,0.03776817135855306
CD02_FDis,RANDOM_FOREST,FDis,69,TuP10,1.5315754549363598,1.875460874940889,0.34388542000452915,0.34388542000452915,0.11825718209169142
CD02_FDis,RANDOM_FOREST,FDis,70,CmP2,1.3721195030879645,1.5186514426436803,0.14653193955571586,0.14653193955571586,0.021471609309959967
CD02_FDis,RANDOM_FOREST,FDis,70,CmP7,1.610010364672139,1.613729404635099,0.003719039962959858,0.003719039962959858,1.3831258246092463e-05
CD02_FDis,RANDOM_FOREST,FDis,70,CsP7,1.4797042507397251,1.6417908977838527,0.16208664704412756,0.16208664704412756,0.026272081150007585
CD02_FDis,RANDOM_FOREST,FDis,70,CuP4,1.804689290327236,1.6613775685023926,-0.14331172182484342,0.14331172182484342,0.0205382496124013
CD02_FDis,RANDOM_FOREST,FDis,70,CuP5,1.652878151064698,1.533889960250149,-0.11898819081454892,0.11898819081454892,0.014158189553319505
CD02_FDis,RANDOM_FOREST,FDis,70,BmP3,1.6852035581350082,1.6649799289427045,-0.020223629192303694,0.020223629192303694,0.0004089951777077981
CD02_FDis,RANDOM_FOREST,FDis,70,BmP4,1.7597126021974243,1.6628541047253915,-0.09685849747203279,0.09685849747203279,0.009381568532539783
CD02_FDis,RANDOM_FOREST,FDis,70,BmP8,1.5753154471664896,1.6280812709762957,0.0527658238098061,0.0527658238098061,0.0027842321623275006
CD02_FDis,RANDOM_FOREST,FDis,70,BsP3,1.670383487840285,1.4994906731111717,-0.17089281472911333,0.17089281472911333,0.029204354126039053
CD02_FDis,RANDOM_FOREST,FDis,70,BsP9,1.5589992381964568,1.6983200171329438,0.13932077893648698,0.13932077893648698,0.019410279443469472
CD02_FDis,RANDOM_FOREST,FDis,70,BuP1,1.7323527466091853,1.77697015597538,0.04461740936619485,0.04461740936619485,0.001990713218550612
CD02_FDis,RANDOM_FOREST,FDis,70,BuP2,1.3121914361187996,1.5886578069548734,0.2764663708360737,0.2764663708360737,0.07643365420326943
CD02_FDis,RANDOM_FOREST,FDis,70,BuP4,1.6325721932941426,1.6277363916336975,-0.0048358016604450604,0.0048358016604450604,2.3384977699163205e-05
CD02_FDis,RANDOM_FOREST,FDis,70,BuP9,1.8201912166460104,1.8171722989533194,-0.0030189176926909145,0.0030189176926909145,9.113864035242235e-06
CD02_FDis,RANDOM_FOREST,FDis,70,TmP10,1.4665960823323403,1.748614366344453,0.2820182840121128,0.2820182840121128,0.07953431251713673
CD02_FDis,RANDOM_FOREST,FDis,70,TsP1,2.071419731327252,1.5312725401500435,-0.5401471911772087,0.5401471911772087,0.291758988136628
CD02_FDis,RANDOM_FOREST,FDis,70,TsP5,0.9417009797196452,1.153250651444378,0.21154967172473294,0.21154967172473294,0.04475326360684227
CD02_FDis,RANDOM_FOREST,FDis,70,TuP2,1.959219209608106,1.716667662953266,-0.24255154665484002,0.24255154665484002,0.058831252784655036
CD02_FDis,RANDOM_FOREST,FDis,71,CmP3,1.6260822291125805,1.6269724895893027,0.0008902604767222488,0.0008902604767222488,7.925637164137258e-07
CD02_FDis,RANDOM_FOREST,FDis,71,CmP8,1.5797608250239128,1.6629637556896952,0.08320293066578244,0.08320293066578244,0.006922727671375
CD02_FDis,RANDOM_FOREST,FDis,71,CsP3,1.748173020862429,1.646187899655945,-0.10198512120648418,0.10198512120648418,0.010400964947501269
CD02_FDis,RANDOM_FOREST,FDis,71,CsP5,1.9907648308977288,2.061048058988168,0.0702832280904393,0.0702832280904393,0.004939732150812715
CD02_FDis,RANDOM_FOREST,FDis,71,CsP6,1.748561221878778,1.7448515615874987,-0.003709660291279393,0.003709660291279393,1.3761579476695111e-05
CD02_FDis,RANDOM_FOREST,FDis,71,CuP7,1.785621373419769,1.5060280424260024,-0.2795933309937666,0.2795933309937666,0.07817243073618993
CD02_FDis,RANDOM_FOREST,FDis,71,CuP8,1.7460953380476807,1.6026867822077684,-0.1434085558399123,0.1434085558399123,0.020566013888089246
CD02_FDis,RANDOM_FOREST,FDis,71,BmP1,1.6922096019465238,1.6506826937162147,-0.041526908230309134,0.041526908230309134,0.0017244841071685166
CD02_FDis,RANDOM_FOREST,FDis,71,BsP2,1.2376536979554675,1.4794060712364674,0.24175237328099985,0.24175237328099985,0.05844420998699589
CD02_FDis,RANDOM_FOREST,FDis,71,BuP4,1.6325721932941426,1.6010713839093296,-0.03150080938481303,0.03150080938481303,0.000992300991898325
CD02_FDis,RANDOM_FOREST,FDis,71,BuP7,1.752807867226157,1.7465565672943084,-0.006251299931848475,0.006251299931848475,3.907875083792875e-05
CD02_FDis,RANDOM_FOREST,FDis,71,TmP4,1.0027869076632236,1.648417825493311,0.6456309178300874,0.6456309178300874,0.4168392820581211
CD02_FDis,RANDOM_FOREST,FDis,71,TmP6,1.4951097983940702,1.7110411351237254,0.21593133672965514,0.21593133672965514,0.04662634218185572
CD02_FDis,RANDOM_FOREST,FDis,71,TsP6,1.967378855447456,1.6430462459711483,-0.3243326094763077,0.3243326094763077,0.10519164156971113
CD02_FDis,RANDOM_FOREST,FDis,71,TsP9,1.79619465045184,1.568991624222271,-0.227203026229569,0.227203026229569,0.05162121512787422
CD02_FDis,RANDOM_FOREST,FDis,71,TuP3,1.0881658073888012,1.535279843457579,0.44711403606877775,0.44711403606877775,0.1999109612497123
CD02_FDis,RANDOM_FOREST,FDis,71,TuP4,1.6212802726868671,1.6668702616491469,0.045589988962279726,0.045589988962279726,0.0020784470935807874
CD02_FDis,RANDOM_FOREST,FDis,71,TuP6,2.0604414160492137,1.705155995561473,-0.3552854204877407,0.3552854204877407,0.12622773001115073
CD02_FDis,RANDOM_FOREST,FDis,72,CmP4,1.4629370108766342,1.5671051694120952,0.10416815853546102,0.10416815853546102,0.01085100525266894
CD02_FDis,RANDOM_FOREST,FDis,72,CmP6,1.4337041640080512,1.5018167363590404,0.06811257235098922,0.06811257235098922,0.004639322512268741
CD02_FDis,RANDOM_FOREST,FDis,72,CsP8,1.6478177671947116,1.9313268578976859,0.28350909070297425,0.28350909070297425,0.08037740451122728
CD02_FDis,RANDOM_FOREST,FDis,72,CuP1,1.5257145471226057,1.3262038452049225,-0.19951070191768316,0.19951070191768316,0.03980452017968662
CD02_FDis,RANDOM_FOREST,FDis,72,CuP6,1.595432956136453,1.6411034117151329,0.04567045557867977,0.04567045557867977,0.002085790512764162
CD02_FDis,RANDOM_FOREST,FDis,72,BsP1,1.4615722971983691,1.309237453107111,-0.1523348440912582,0.1523348440912582,0.02320590472430794
CD02_FDis,RANDOM_FOREST,FDis,72,BsP5,1.8642543387857864,1.7418526431187247,-0.12240169566706172,0.12240169566706172,0.014982175102171995
CD02_FDis,RANDOM_FOREST,FDis,72,BsP10,1.7638322969338716,1.8173992197398414,0.05356692280596986,0.05356692280596986,0.002869415218900734
CD02_FDis,RANDOM_FOREST,FDis,72,BuP1,1.7323527466091853,1.8222829245414673,0.08993017793228208,0.08993017793228208,0.008087436902931915
CD02_FDis,RANDOM_FOREST,FDis,72,BuP9,1.8201912166460104,1.8341980624905023,0.014006845844491966,0.014006845844491966,0.00019619173051136187
CD02_FDis,RANDOM_FOREST,FDis,72,TmP3,1.701411063049406,1.679221479523964,-0.02218958352544198,0.02218958352544198,0.0004923776170325661
CD02_FDis,RANDOM_FOREST,FDis,72,TmP5,1.297295647135223,1.409027392659647,0.111731745524424,0.111731745524424,0.012483982957934642
CD02_FDis,RANDOM_FOREST,FDis,72,TmP8,1.3943505685635922,1.815451977344577,0.4211014087809848,0.4211014087809848,0.17732639647733006
CD02_FDis,RANDOM_FOREST,FDis,72,TmP10,1.4665960823323403,1.717696638540332,0.25110055620799177,0.25110055620799177,0.06305148932796283
CD02_FDis,RANDOM_FOREST,FDis,72,TsP3,1.7986008371256086,1.9207590890556556,0.12215825193004703,0.12215825193004703,0.01492263851460484
CD02_FDis,RANDOM_FOREST,FDis,72,TsP7,1.3625709657138958,1.8918380862201796,0.5292671205062838,0.5292671205062838,0.2801236848490131
CD02_FDis,RANDOM_FOREST,FDis,72,TsP8,1.060409863605516,1.3886881874249675,0.32827832381945155,0.32827832381945155,0.10776665788970868
CD02_FDis,RANDOM_FOREST,FDis,72,TuP7,1.6967334502757114,1.642891182402846,-0.05384226787286539,0.05384226787286539,0.0028989898096933924
CD02_FDis,RANDOM_FOREST,FDis,73,CmP10,1.3742064055878451,1.6543476367180405,0.2801412311301954,0.2801412311301954,0.07847910937914156
CD02_FDis,RANDOM_FOREST,FDis,73,CsP7,1.4797042507397251,1.5996570956214697,0.11995284488174462,0.11995284488174462,0.014388684995223888
CD02_FDis,RANDOM_FOREST,FDis,73,CuP4,1.804689290327236,1.6555472203313653,-0.14914206999587076,0.14914206999587076,0.022243357042653213
CD02_FDis,RANDOM_FOREST,FDis,73,CuP5,1.652878151064698,1.57608076828036,-0.07679738278433801,0.07679738278433801,0.005897838002524136
CD02_FDis,RANDOM_FOREST,FDis,73,BmP2,1.585489648486885,1.5619841975725997,-0.023505450914285353,0.023505450914285353,0.0005525062226838781
CD02_FDis,RANDOM_FOREST,FDis,73,BmP9,1.6469926742285126,1.7678697188260089,0.12087704459749626,0.12087704459749626,0.014611259910625101
CD02_FDis,RANDOM_FOREST,FDis,73,BmP10,1.6260271514830502,1.7319330048622081,0.10590585337915792,0.10590585337915792,0.011216049779967695
CD02_FDis,RANDOM_FOREST,FDis,73,BsP3,1.670383487840285,1.6222148838078367,-0.04816860403244827,0.04816860403244827,0.0023202144144347917
CD02_FDis,RANDOM_FOREST,FDis,73,BsP6,1.3482727092943954,1.586169185401528,0.23789647610713271,0.23789647610713271,0.056594733344191565
CD02_FDis,RANDOM_FOREST,FDis,73,BsP9,1.5589992381964568,1.70962614002467,0.15062690182821314,0.15062690182821314,0.02268846355436616
CD02_FDis,RANDOM_FOREST,FDis,73,BuP6,1.667081330417253,1.6360983343637046,-0.030982996053548373,0.030982996053548373,0.0009599460444541941
CD02_FDis,RANDOM_FOREST,FDis,73,BuP8,1.4082109927912507,1.6834431216982952,0.2752321289070445,0.2752321289070445,0.07575272478270396
CD02_FDis,RANDOM_FOREST,FDis,73,TmP1,1.4718575945763408,1.6153406020285779,0.14348300745223708,0.14348300745223708,0.020587373427538722
CD02_FDis,RANDOM_FOREST,FDis,73,TmP2,2.1676288473661294,1.6741767845752638,-0.4934520627908656,0.4934520627908656,0.24349493827256039
CD02_FDis,RANDOM_FOREST,FDis,73,TsP2,1.9856472167908747,1.6834477885880126,-0.30219942820286216,0.30219942820286216,0.09132449440613684
CD02_FDis,RANDOM_FOREST,FDis,73,TuP1,2.924414402508278,1.806264667751016,-1.118149734757262,1.118149734757262,1.2502588293377352
CD02_FDis,RANDOM_FOREST,FDis,73,TuP8,1.6714786505929893,1.6153406020285779,-0.0561380485644114,0.0561380485644114,0.003151480496620213
CD02_FDis,RANDOM_FOREST,FDis,73,TuP9,1.638172594265633,1.1830835018351737,-0.45508909243045936,0.45508909243045936,0.20710608204917919
CD02_FDis,RANDOM_FOREST,FDis,74,CmP5,1.2468049033003985,1.5880495834965598,0.3412446801961613,0.3412446801961613,0.11644793176218038
CD02_FDis,RANDOM_FOREST,FDis,74,CmP9,1.624104638859433,1.5441981911329998,-0.07990644772643307,0.07990644772643307,0.006385040388257181
CD02_FDis,RANDOM_FOREST,FDis,74,CsP1,1.8290436910347256,1.8223641792147047,-0.006679511820020911,0.006679511820020911,4.4615878153799066e-05
CD02_FDis,RANDOM_FOREST,FDis,74,CsP2,1.585489648486885,1.5725608439121874,-0.012928804574697583,0.012928804574697583,0.00016715398773072115
CD02_FDis,RANDOM_FOREST,FDis,74,CsP10,1.580018149829522,1.8098386099792074,0.22982046014968538,0.22982046014968538,0.05281744390341313
CD02_FDis,RANDOM_FOREST,FDis,74,CuP2,1.6637583632724262,1.7080318204721843,0.04427345719975806,0.04427345719975806,0.0019601390124188087
CD02_FDis,RANDOM_FOREST,FDis,74,CuP10,1.7907681573185472,1.5286678226430532,-0.262100334675494,0.262100334675494,0.06869658543700595
CD02_FDis,RANDOM_FOREST,FDis,74,BmP4,1.7597126021974243,1.6396454164317904,-0.12006718576563391,0.12006718576563391,0.014416129097679243
CD02_FDis,RANDOM_FOREST,FDis,74,BmP5,1.9907648308977288,2.0445523024876526,0.05378747158992381,0.05378747158992381,0.0028930921000368606
CD02_FDis,RANDOM_FOREST,FDis,74,BmP7,1.8275097408946472,1.5904033598905924,-0.2371063810040548,0.2371063810040548,0.056219435912839996
CD02_FDis,RANDOM_FOREST,FDis,74,BmP8,1.5753154471664896,1.604208675300021,0.028893228133531457,0.028893228133531457,0.0008348186319762936
CD02_FDis,RANDOM_FOREST,FDis,74,BsP4,1.3718923212641478,1.5538745223577166,0.18198220109356877,0.18198220109356877,0.0331175215148601
CD02_FDis,RANDOM_FOREST,FDis,74,BuP2,1.3121914361187996,1.5632731193525808,0.2510816832337812,0.2510816832337812,0.06304201165550885
CD02_FDis,RANDOM_FOREST,FDis,74,BuP3,1.4108311948002903,1.6080410659958415,0.19720987119555122,0.19720987119555122,0.0388917332969659
CD02_FDis,RANDOM_FOREST,FDis,74,TmP7,1.7859883176606266,1.737395757371706,-0.04859256028892056,0.04859256028892056,0.0023612369154323793
CD02_FDis,RANDOM_FOREST,FDis,74,TmP9,1.6330604151148294,1.77040648624449,0.13734607112966057,0.13734607112966057,0.01886394325475378
CD02_FDis,RANDOM_FOREST,FDis,74,TsP1,2.071419731327252,1.5886493567246194,-0.48277037460263283,0.48277037460263283,0.23306723459396644
CD02_FDis,RANDOM_FOREST,FDis,74,TsP5,0.9417009797196452,1.1527223683751706,0.21102138865552544,0.21102138865552544,0.04453002647010632
CD02_FDis,RANDOM_FOREST,FDis,75,CmP1,1.549648755865329,1.635222018617872,0.08557326275254318,0.08557326275254318,0.007322783298115794
CD02_FDis,RANDOM_FOREST,FDis,75,CmP2,1.3721195030879645,1.4933581243165608,0.1212386212285963,0.1212386212285963,0.014698803277411042
CD02_FDis,RANDOM_FOREST,FDis,75,CmP7,1.610010364672139,1.559090614839622,-0.050919749832517125,0.050919749832517125,0.0025928209230061277
CD02_FDis,RANDOM_FOREST,FDis,75,CsP4,1.703158438505631,1.5954189945323782,-0.10773944397325286,0.10773944397325286,0.011607787787665691
CD02_FDis,RANDOM_FOREST,FDis,75,CsP9,1.6651187370902774,1.6255181252780242,-0.03960061181225316,0.03960061181225316,0.0015682084559047646
CD02_FDis,RANDOM_FOREST,FDis,75,CuP3,1.7126218268341509,1.5171001585564816,-0.19552166827766926,0.19552166827766926,0.03822872276608294
CD02_FDis,RANDOM_FOREST,FDis,75,CuP9,1.669960070235498,1.537483308000585,-0.132476762234913,0.132476762234913,0.01755009253224567
CD02_FDis,RANDOM_FOREST,FDis,75,BmP3,1.6852035581350082,1.6909171882694447,0.005713630134436487,0.005713630134436487,3.264556931314071e-05
CD02_FDis,RANDOM_FOREST,FDis,75,BmP6,1.7885764164145614,1.5802355466348375,-0.208340869779724,0.208340869779724,0.04340591802057191
CD02_FDis,RANDOM_FOREST,FDis,75,BsP7,1.7537725052501962,1.5761418706808659,-0.17763063456933037,0.17763063456933037,0.03155264233750298
CD02_FDis,RANDOM_FOREST,FDis,75,BsP8,1.8390226503426368,1.7097868357656498,-0.12923581457698696,0.12923581457698696,0.016701895769377355
CD02_FDis,RANDOM_FOREST,FDis,75,BuP5,1.52170317522943,1.5477723477720264,0.02606917254259633,0.02606917254259633,0.0006796017570556585
CD02_FDis,RANDOM_FOREST,FDis,75,BuP10,1.5469708070808017,1.598527050196011,0.05155624311520923,0.05155624311520923,0.0026580462041545594
CD02_FDis,RANDOM_FOREST,FDis,75,TsP4,1.039274247121184,1.2142200133037946,0.1749457661826106,0.1749457661826106,0.030606021105220656
CD02_FDis,RANDOM_FOREST,FDis,75,TsP10,1.5791042214997209,1.6030066240549063,0.023902402555185498,0.023902402555185498,0.0005713248479101383
CD02_FDis,RANDOM_FOREST,FDis,75,TuP2,1.959219209608106,1.7560423619752794,-0.20317684763282662,0.20317684763282662,0.04128083141401284
CD02_FDis,RANDOM_FOREST,FDis,75,TuP5,0.8766009122519117,1.4029974056320251,0.5263964933801134,0.5263964933801134,0.2770932682428798
CD02_FDis,RANDOM_FOREST,FDis,75,TuP10,1.5315754549363598,1.8629801849985836,0.3314047300622238,0.3314047300622238,0.10982909510761543
CD02_FDis,RANDOM_FOREST,FDis,76,CmP2,1.3721195030879645,1.5273340933534365,0.15521459026547202,0.15521459026547202,0.024091569031278362
CD02_FDis,RANDOM_FOREST,FDis,76,CmP4,1.4629370108766342,1.5233188068491275,0.06038179597249327,0.06038179597249327,0.0036459612848638045
CD02_FDis,RANDOM_FOREST,FDis,76,CmP7,1.610010364672139,1.5963176967729773,-0.013692667899161792,0.013692667899161792,0.0001874891541967358
CD02_FDis,RANDOM_FOREST,FDis,76,CsP4,1.703158438505631,1.6257575239173918,-0.07740091458823928,0.07740091458823928,0.005990901579095912
CD02_FDis,RANDOM_FOREST,FDis,76,CuP8,1.7460953380476807,1.6175900761396724,-0.12850526190800826,0.12850526190800826,0.0165136023380458
CD02_FDis,RANDOM_FOREST,FDis,76,BmP2,1.585489648486885,1.5677429295823975,-0.017746718904487535,0.017746718904487535,0.0003149460318748953
CD02_FDis,RANDOM_FOREST,FDis,76,BsP7,1.7537725052501962,1.587357975516387,-0.16641452973380932,0.16641452973380932,0.027693795706524908
CD02_FDis,RANDOM_FOREST,FDis,76,BsP8,1.8390226503426368,1.7120619958412533,-0.1269606545013835,0.1269606545013835,0.01611900779141967
CD02_FDis,RANDOM_FOREST,FDis,76,BsP9,1.5589992381964568,1.635711605147272,0.07671236695081518,0.07671236695081518,0.005884787243196521
CD02_FDis,RANDOM_FOREST,FDis,76,TmP3,1.701411063049406,1.6376615819296003,-0.0637494811198056,0.0637494811198056,0.004063996343044452
CD02_FDis,RANDOM_FOREST,FDis,76,TmP6,1.4951097983940702,1.70236753257356,0.2072577341794899,0.2072577341794899,0.0429557683772161
CD02_FDis,RANDOM_FOREST,FDis,76,TmP8,1.3943505685635922,1.7115704277576334,0.31721985919404116,0.31721985919404116,0.10062843906708731
CD02_FDis,RANDOM_FOREST,FDis,76,TsP1,2.071419731327252,1.528716124668396,-0.5427036066588562,0.5427036066588562,0.2945272046805305
CD02_FDis,RANDOM_FOREST,FDis,76,TsP2,1.9856472167908747,1.7683577042458658,-0.21728951254500894,0.21728951254500894,0.0472147322620476
CD02_FDis,RANDOM_FOREST,FDis,76,TsP5,0.9417009797196452,1.156265008371191,0.21456402865154578,0.21456402865154578,0.04603772239118136
CD02_FDis,RANDOM_FOREST,FDis,76,TsP6,1.967378855447456,1.65761555714078,-0.30976329830667604,0.30976329830667604,0.09595330097783077
CD02_FDis,RANDOM_FOREST,FDis,76,TsP10,1.5791042214997209,1.6144455251118455,0.03534130361212462,0.03534130361212462,0.0012490077410043728
CD02_FDis,RANDOM_FOREST,FDis,76,TuP4,1.6212802726868671,1.524741459219213,-0.09653881346765414,0.09653881346765414,0.00931974250574252
CD02_FDis,RANDOM_FOREST,FDis,77,CmP5,1.2468049033003985,1.6549628400640537,0.4081579367636552,0.4081579367636552,0.16659290134316396
CD02_FDis,RANDOM_FOREST,FDis,77,CmP6,1.4337041640080512,1.4890100774869728,0.05530591347892155,0.05530591347892155,0.0030587440657379567
CD02_FDis,RANDOM_FOREST,FDis,77,CmP9,1.624104638859433,1.5502659983317844,-0.07383864052764855,0.07383864052764855,0.005452144834971302
CD02_FDis,RANDOM_FOREST,FDis,77,CsP3,1.748173020862429,1.667071580540524,-0.08110144032190503,0.08110144032190503,0.006577443622287522
CD02_FDis,RANDOM_FOREST,FDis,77,CsP5,1.9907648308977288,2.0206047046987528,0.02983987380102393,0.02983987380102393,0.0008904180684610344
CD02_FDis,RANDOM_FOREST,FDis,77,CsP8,1.6478177671947116,1.8403773690859058,0.19255960189119414,0.19255960189119414,0.03707920028049518
CD02_FDis,RANDOM_FOREST,FDis,77,CuP3,1.7126218268341509,1.5833478529459666,-0.1292739738881843,0.1292739738881843,0.016711760324842954
CD02_FDis,RANDOM_FOREST,FDis,77,CuP7,1.785621373419769,1.5706522458745193,-0.21496912754524966,0.21496912754524966,0.046211725797565814
CD02_FDis,RANDOM_FOREST,FDis,77,BmP1,1.6922096019465238,1.7153017942531732,0.023092192306649384,0.023092192306649384,0.000533249345527277
CD02_FDis,RANDOM_FOREST,FDis,77,BsP1,1.4615722971983691,1.3894383627816602,-0.0721339344167089,0.0721339344167089,0.005203304494434061
CD02_FDis,RANDOM_FOREST,FDis,77,BuP7,1.752807867226157,1.7563155412473157,0.003507674021158813,0.003507674021158813,1.2303777038712437e-05
CD02_FDis,RANDOM_FOREST,FDis,77,BuP8,1.4082109927912507,1.6994691619634406,0.29125816917218983,0.29125816917218983,0.08483132110953595
CD02_FDis,RANDOM_FOREST,FDis,77,BuP10,1.5469708070808017,1.654003380680152,0.10703257359935026,0.10703257359935026,0.01145597181130033
CD02_FDis,RANDOM_FOREST,FDis,77,TmP10,1.4665960823323403,1.746730451840157,0.28013436950781667,0.28013436950781667,0.07847526497954196
CD02_FDis,RANDOM_FOREST,FDis,77,TsP3,1.7986008371256086,1.8504886618240246,0.05188782469841602,0.05188782469841602,0.0026923463519335513
CD02_FDis,RANDOM_FOREST,FDis,77,TsP8,1.060409863605516,1.3369186765373595,0.2765088129318436,0.2765088129318436,0.07645712362897727
CD02_FDis,RANDOM_FOREST,FDis,77,TuP3,1.0881658073888012,1.5291492673633056,0.4409834599745044,0.4409834599745044,0.1944664119710853
CD02_FDis,RANDOM_FOREST,FDis,77,TuP7,1.6967334502757114,1.5880284952674142,-0.10870495500829724,0.10870495500829724,0.011816767243355928
CD02_FDis,RANDOM_FOREST,FDis,78,CmP3,1.6260822291125805,1.6284046361781332,0.0023224070655527562,0.0023224070655527562,5.393574578129364e-06
CD02_FDis,RANDOM_FOREST,FDis,78,CmP8,1.5797608250239128,1.7048456134663263,0.12508478844241355,0.12508478844241355,0.015646204299683355
CD02_FDis,RANDOM_FOREST,FDis,78,CmP10,1.3742064055878451,1.6225282097829756,0.2483218041951305,0.2483218041951305,0.06166371843872473
CD02_FDis,RANDOM_FOREST,FDis,78,CsP2,1.585489648486885,1.5773178890014492,-0.008171759485435803,0.008171759485435803,6.677765308781003e-05
CD02_FDis,RANDOM_FOREST,FDis,78,CsP6,1.748561221878778,1.6011231177453897,-0.14743810413338831,0.14743810413338831,0.021737994550447858
CD02_FDis,RANDOM_FOREST,FDis,78,CsP9,1.6651187370902774,1.595300295792657,-0.06981844129762038,0.06981844129762038,0.004874614745229263
CD02_FDis,RANDOM_FOREST,FDis,78,CuP10,1.7907681573185472,1.6222802188096388,-0.16848793850890842,0.16848793850890842,0.028388185422981705
CD02_FDis,RANDOM_FOREST,FDis,78,BmP4,1.7597126021974243,1.6309072480662616,-0.12880535413116267,0.12880535413116267,0.016590819252854227
CD02_FDis,RANDOM_FOREST,FDis,78,BmP7,1.8275097408946472,1.5544465773655076,-0.2730631635291396,0.2730631635291396,0.07456349127654165
CD02_FDis,RANDOM_FOREST,FDis,78,BmP8,1.5753154471664896,1.6067437365133015,0.031428289346811855,0.031428289346811855,0.0009877373712669276
CD02_FDis,RANDOM_FOREST,FDis,78,BsP4,1.3718923212641478,1.5761487077867316,0.2042563865225837,0.2042563865225837,0.04172067143526312
CD02_FDis,RANDOM_FOREST,FDis,78,BsP5,1.8642543387857864,1.6417533734499563,-0.22250096533583008,0.22250096533583008,0.04950667957537626
CD02_FDis,RANDOM_FOREST,FDis,78,BsP6,1.3482727092943954,1.5934455760131094,0.24517286671871408,0.24517286671871408,0.060109734575072335
CD02_FDis,RANDOM_FOREST,FDis,78,BsP10,1.7638322969338716,1.872494486226988,0.10866218929311655,0.10866218929311655,0.011807471381973094
CD02_FDis,RANDOM_FOREST,FDis,78,BuP2,1.3121914361187996,1.5554360174072484,0.24324458128844872,0.24324458128844872,0.05916792632619274
CD02_FDis,RANDOM_FOREST,FDis,78,TmP4,1.0027869076632236,1.6776108996983035,0.6748239920350798,0.6748239920350798,0.45538742022616147
CD02_FDis,RANDOM_FOREST,FDis,78,TsP4,1.039274247121184,1.282498960114283,0.2432247129930991,0.2432247129930991,0.05915826101057543
CD02_FDis,RANDOM_FOREST,FDis,78,TuP8,1.6714786505929893,1.5831259861670743,-0.08835266442591494,0.08835266442591494,0.0078061933111583355
CD02_FDis,RANDOM_FOREST,FDis,79,CmP1,1.549648755865329,1.6668741676663286,0.11722541180099966,0.11722541180099966,0.01374179717191395
CD02_FDis,RANDOM_FOREST,FDis,79,CsP7,1.4797042507397251,1.613166723558356,0.13346247281863088,0.13346247281863088,0.017812231650863788
CD02_FDis,RANDOM_FOREST,FDis,79,CsP10,1.580018149829522,1.730932759357651,0.15091460952812885,0.15091460952812885,0.0227752193690276
CD02_FDis,RANDOM_FOREST,FDis,79,CuP5,1.652878151064698,1.5161986816163169,-0.13667946944838105,0.13667946944838105,0.018681277368690928
CD02_FDis,RANDOM_FOREST,FDis,79,BmP3,1.6852035581350082,1.691595522649774,0.006391964514765869,0.006391964514765869,4.085721035802607e-05
CD02_FDis,RANDOM_FOREST,FDis,79,BmP5,1.9907648308977288,1.7425613121404384,-0.2482035187572904,0.2482035187572904,0.061604986723500614
CD02_FDis,RANDOM_FOREST,FDis,79,BsP2,1.2376536979554675,1.4040357910367947,0.16638209308132712,0.16638209308132712,0.0276830008981234
CD02_FDis,RANDOM_FOREST,FDis,79,BsP3,1.670383487840285,1.554398913552259,-0.11598457428802611,0.11598457428802611,0.013452421472774647
CD02_FDis,RANDOM_FOREST,FDis,79,BuP6,1.667081330417253,1.654095237533666,-0.012986092883586986,0.012986092883586986,0.00016863860838114855
CD02_FDis,RANDOM_FOREST,FDis,79,TmP1,1.4718575945763408,1.6753897501514086,0.20353215557506776,0.20353215557506776,0.04142533835303359
CD02_FDis,RANDOM_FOREST,FDis,79,TmP2,2.1676288473661294,1.7507992429858736,-0.41682960438025574,0.41682960438025574,0.17374691908780052
CD02_FDis,RANDOM_FOREST,FDis,79,TmP7,1.7859883176606266,1.725920130459829,-0.06006818720079754,0.06006818720079754,0.0036081871135900576
CD02_FDis,RANDOM_FOREST,FDis,79,TmP9,1.6330604151148294,1.74318669117015,0.11012627605532055,0.11012627605532055,0.012127796677812669
CD02_FDis,RANDOM_FOREST,FDis,79,TsP7,1.3625709657138958,1.789692811653842,0.4271218459399462,0.4271218459399462,0.18243307127914712
CD02_FDis,RANDOM_FOREST,FDis,79,TsP9,1.79619465045184,1.5543984809712286,-0.24179616948061144,0.24179616948061144,0.058465387575496575
CD02_FDis,RANDOM_FOREST,FDis,79,TuP1,2.924414402508278,1.7342980337541973,-1.1901163687540806,1.1901163687540806,1.4163769711763987
CD02_FDis,RANDOM_FOREST,FDis,79,TuP5,0.8766009122519117,1.3862331811651407,0.509632268913229,0.509632268913229,0.25972504951764575
CD02_FDis,RANDOM_FOREST,FDis,79,TuP9,1.638172594265633,1.2555742130386645,-0.38259838122696865,0.38259838122696865,0.14638152131749685
CD02_FDis,RANDOM_FOREST,FDis,80,CsP1,1.8290436910347256,1.8242312592691474,-0.004812431765578218,0.004812431765578218,2.3159499498346283e-05
CD02_FDis,RANDOM_FOREST,FDis,80,CuP1,1.5257145471226057,1.3498670855549995,-0.17584746156760622,0.17584746156760622,0.030922329739770747
CD02_FDis,RANDOM_FOREST,FDis,80,CuP2,1.6637583632724262,1.632924555238632,-0.030833808033794208,0.030833808033794208,0.0009507237178648723
CD02_FDis,RANDOM_FOREST,FDis,80,CuP4,1.804689290327236,1.6458553004766614,-0.15883398985057462,0.15883398985057462,0.025228236331852442
CD02_FDis,RANDOM_FOREST,FDis,80,CuP6,1.595432956136453,1.6072281263604595,0.011795170224006446,0.011795170224006446,0.00013912604061328828
CD02_FDis,RANDOM_FOREST,FDis,80,CuP9,1.669960070235498,1.531456807607045,-0.13850326262845303,0.13850326262845303,0.019183153758726233
CD02_FDis,RANDOM_FOREST,FDis,80,BmP6,1.7885764164145614,1.5758838131379804,-0.21269260327658102,0.21269260327658102,0.04523814348856908
CD02_FDis,RANDOM_FOREST,FDis,80,BmP9,1.6469926742285126,1.7547664422848532,0.10777376805634065,0.10777376805634065,0.01161518508106191
CD02_FDis,RANDOM_FOREST,FDis,80,BmP10,1.6260271514830502,1.7244025460425398,0.09837539455948963,0.09837539455948963,0.00967771825473526
CD02_FDis,RANDOM_FOREST,FDis,80,BuP1,1.7323527466091853,1.8317622590766223,0.09940951246743701,0.09940951246743701,0.009882251169013515
CD02_FDis,RANDOM_FOREST,FDis,80,BuP3,1.4108311948002903,1.5776802854732244,0.16684909067293408,0.16684909067293408,0.027838619058384976
CD02_FDis,RANDOM_FOREST,FDis,80,BuP4,1.6325721932941426,1.6169269150585452,-0.01564527823559736,0.01564527823559736,0.0002447747310692564
CD02_FDis,RANDOM_FOREST,FDis,80,BuP5,1.52170317522943,1.4227399347930798,-0.0989632404363503,0.0989632404363503,0.009793722957662879
CD02_FDis,RANDOM_FOREST,FDis,80,BuP9,1.8201912166460104,1.8570367382088366,0.03684552156282628,0.03684552156282628,0.0013575924592366961
CD02_FDis,RANDOM_FOREST,FDis,80,TmP5,1.297295647135223,1.3283862406485272,0.03109059351330412,0.03109059351330412,0.0009666250050095083
CD02_FDis,RANDOM_FOREST,FDis,80,TuP2,1.959219209608106,1.7341636619063523,-0.22505554770175373,0.22505554770175373,0.05064999955133635
CD02_FDis,RANDOM_FOREST,FDis,80,TuP6,2.0604414160492137,1.7113100370729895,-0.34913137897622426,0.34913137897622426,0.12189271978583993
CD02_FDis,RANDOM_FOREST,FDis,80,TuP10,1.5315754549363598,1.8436228456464518,0.312047390710092,0.312047390710092,0.09737357404897683
CD02_FDis,RANDOM_FOREST,FDis,81,CmP2,1.3721195030879645,1.5350008809595257,0.1628813778715612,0.1628813778715612,0.02653034325733831
CD02_FDis,RANDOM_FOREST,FDis,81,CmP6,1.4337041640080512,1.5184225721821756,0.08471840817412435,0.08471840817412435,0.00717720868355754
CD02_FDis,RANDOM_FOREST,FDis,81,CmP7,1.610010364672139,1.6112026763942389,0.0011923117220997703,0.0011923117220997703,1.4216072426565199e-06
CD02_FDis,RANDOM_FOREST,FDis,81,CmP8,1.5797608250239128,1.7110726891976897,0.13131186417377694,0.13131186417377694,0.017242805672792443
CD02_FDis,RANDOM_FOREST,FDis,81,CsP1,1.8290436910347256,1.7732484201662815,-0.05579527086844416,0.05579527086844416,0.0031131122512830533
CD02_FDis,RANDOM_FOREST,FDis,81,CsP9,1.6651187370902774,1.6203854993004372,-0.044733237789840175,0.044733237789840175,0.002001062563162385
CD02_FDis,RANDOM_FOREST,FDis,81,CuP2,1.6637583632724262,1.6038230234060304,-0.059935339866395765,0.059935339866395765,0.0035922449649003693
CD02_FDis,RANDOM_FOREST,FDis,81,CuP3,1.7126218268341509,1.4022863434578716,-0.31033548337627925,0.31033548337627925,0.0963081122423889
CD02_FDis,RANDOM_FOREST,FDis,81,CuP6,1.595432956136453,1.5042569763509726,-0.09117597978548053,0.09117597978548053,0.008313059289842354
CD02_FDis,RANDOM_FOREST,FDis,81,CuP7,1.785621373419769,1.5373775824521323,-0.2482437909676367,0.2482437909676367,0.06162497975398371
CD02_FDis,RANDOM_FOREST,FDis,81,CuP8,1.7460953380476807,1.5039521898102302,-0.24214314823745053,0.24214314823745053,0.058633304238343946
CD02_FDis,RANDOM_FOREST,FDis,81,BsP1,1.4615722971983691,1.3019408943759068,-0.15963140282246235,0.15963140282246235,0.02548218476706724
CD02_FDis,RANDOM_FOREST,FDis,81,BsP10,1.7638322969338716,1.74818420059538,-0.015648096338491513,0.015648096338491513,0.0002448629190187115
CD02_FDis,RANDOM_FOREST,FDis,81,TmP2,2.1676288473661294,1.7243303036901252,-0.4432985436760042,0.4432985436760042,0.1965135988252662
CD02_FDis,RANDOM_FOREST,FDis,81,TmP10,1.4665960823323403,1.711049947883411,0.24445386555107063,0.24445386555107063,0.05975769238286091
CD02_FDis,RANDOM_FOREST,FDis,81,TsP9,1.79619465045184,1.4088549919850653,-0.38733965846677476,0.38733965846677476,0.1500320110211577
CD02_FDis,RANDOM_FOREST,FDis,81,TuP1,2.924414402508278,1.819020291528445,-1.1053941109798329,1.1053941109798329,1.221896140588895
CD02_FDis,RANDOM_FOREST,FDis,81,TuP3,1.0881658073888012,1.4188969908060283,0.33073118341722707,0.33073118341722707,0.1093831156845595
CD02_FDis,RANDOM_FOREST,FDis,82,CmP9,1.624104638859433,1.5437757796563656,-0.08032885920306732,0.08032885920306732,0.006452725620866213
CD02_FDis,RANDOM_FOREST,FDis,82,CsP2,1.585489648486885,1.55295017752011,-0.03253947096677501,0.03253947096677501,0.0010588171707975936
CD02_FDis,RANDOM_FOREST,FDis,82,CuP1,1.5257145471226057,1.4687349123269593,-0.05697963479564638,0.05697963479564638,0.003246678781445236
CD02_FDis,RANDOM_FOREST,FDis,82,BmP6,1.7885764164145614,1.6222796778505097,-0.1662967385640517,0.1662967385640517,0.027654605257040558
CD02_FDis,RANDOM_FOREST,FDis,82,BmP8,1.5753154471664896,1.5859210921934863,0.01060564502699668,0.01060564502699668,0.0001124797064386594
CD02_FDis,RANDOM_FOREST,FDis,82,BsP7,1.7537725052501962,1.5799053569140693,-0.17386714833612693,0.17386714833612693,0.030229785270536765
CD02_FDis,RANDOM_FOREST,FDis,82,BuP6,1.667081330417253,1.6181119404101088,-0.048969390007144176,0.048969390007144176,0.0023980011576717917
CD02_FDis,RANDOM_FOREST,FDis,82,BuP8,1.4082109927912507,1.6250405284018394,0.2168295356105887,0.2168295356105887,0.04701504751310356
CD02_FDis,RANDOM_FOREST,FDis,82,TmP1,1.4718575945763408,1.6859637582834566,0.21410616370711577,0.21410616370711577,0.04584144933737826
CD02_FDis,RANDOM_FOREST,FDis,82,TmP4,1.0027869076632236,1.7199563672699203,0.7171694596066966,0.7171694596066966,0.5143320337925613
CD02_FDis,RANDOM_FOREST,FDis,82,TmP5,1.297295647135223,1.6199100105793915,0.3226143634441685,0.3226143634441685,0.10408002750048605
CD02_FDis,RANDOM_FOREST,FDis,82,TsP3,1.7986008371256086,1.8588418149681902,0.060240977842581644,0.060240977842581644,0.0036289754114304127
CD02_FDis,RANDOM_FOREST,FDis,82,TsP4,1.039274247121184,1.501451327085241,0.462177079964057,0.462177079964057,0.21360765324410233
CD02_FDis,RANDOM_FOREST,FDis,82,TsP7,1.3625709657138958,1.8355663458695433,0.47299538015564746,0.47299538015564746,0.22372462964858547
CD02_FDis,RANDOM_FOREST,FDis,82,TsP8,1.060409863605516,1.5938786577243749,0.533468794118859,0.533468794118859,0.2845889542986295
CD02_FDis,RANDOM_FOREST,FDis,82,TuP4,1.6212802726868671,1.7748154966877574,0.15353522400089026,0.15353522400089026,0.02357306500900355
CD02_FDis,RANDOM_FOREST,FDis,82,TuP5,0.8766009122519117,1.615308766193473,0.7387078539415614,0.7387078539415614,0.5456892934749471
CD02_FDis,RANDOM_FOREST,FDis,82,TuP6,2.0604414160492137,1.6386386232062216,-0.42180279284299216,0.42180279284299216,0.17791759605014815
CD02_FDis,RANDOM_FOREST,FDis,83,CmP1,1.549648755865329,1.6618516363175353,0.11220288045220639,0.11220288045220639,0.012589486381772118
CD02_FDis,RANDOM_FOREST,FDis,83,CmP5,1.2468049033003985,1.6922907828174059,0.44548587951700735,0.44548587951700735,0.1984576688490416
CD02_FDis,RANDOM_FOREST,FDis,83,CmP10,1.3742064055878451,1.632456530033319,0.2582501244454738,0.2582501244454738,0.0666931267761027
CD02_FDis,RANDOM_FOREST,FDis,83,CsP10,1.580018149829522,1.8097737184254066,0.22975556859588453,0.22975556859588453,0.052787621300818204
CD02_FDis,RANDOM_FOREST,FDis,83,CuP9,1.669960070235498,1.5655734015215625,-0.10438666871393543,0.10438666871393543,0.010896576605192906
CD02_FDis,RANDOM_FOREST,FDis,83,BsP4,1.3718923212641478,1.6171855573261191,0.2452932360619713,0.2452932360619713,0.06016877165775397
CD02_FDis,RANDOM_FOREST,FDis,83,BsP6,1.3482727092943954,1.691656924707977,0.34338421541358155,0.34338421541358155,0.11791271939520098
CD02_FDis,RANDOM_FOREST,FDis,83,BsP8,1.8390226503426368,1.7081399121514267,-0.1308827381912101,0.1308827381912101,0.017130291156428848
CD02_FDis,RANDOM_FOREST,FDis,83,BsP9,1.5589992381964568,1.701267208141695,0.14226796994523827,0.14226796994523827,0.02024017527233922
CD02_FDis,RANDOM_FOREST,FDis,83,BuP1,1.7323527466091853,1.7830011268695152,0.05064838026032992,0.05064838026032992,0.002565258422994977
CD02_FDis,RANDOM_FOREST,FDis,83,BuP2,1.3121914361187996,1.5853179617310147,0.27312652561221507,0.27312652561221507,0.07459809899299998
CD02_FDis,RANDOM_FOREST,FDis,83,BuP3,1.4108311948002903,1.6884355611698298,0.27760436636953956,0.27760436636953956,0.07706418422743354
CD02_FDis,RANDOM_FOREST,FDis,83,BuP4,1.6325721932941426,1.675049000629157,0.042476807335014355,0.042476807335014355,0.0018042791613759293
CD02_FDis,RANDOM_FOREST,FDis,83,TmP3,1.701411063049406,1.6940891041265391,-0.0073219589228668,0.0073219589228668,5.361108246814876e-05
CD02_FDis,RANDOM_FOREST,FDis,83,TmP9,1.6330604151148294,1.7583442497938027,0.1252838346789733,0.1252838346789733,0.015696039231868315
CD02_FDis,RANDOM_FOREST,FDis,83,TsP2,1.9856472167908747,1.7841165397671621,-0.20153067702371263,0.20153067702371263,0.04061461378163598
CD02_FDis,RANDOM_FOREST,FDis,83,TsP5,0.9417009797196452,1.158418251991925,0.21671727227227988,0.21671727227227988,0.04696637610113749
CD02_FDis,RANDOM_FOREST,FDis,83,TsP10,1.5791042214997209,1.6010840693177275,0.02197984781800666,0.02197984781800666,0.0004831137101027321
CD02_FDis,RANDOM_FOREST,FDis,84,CsP3,1.748173020862429,1.6005191060861919,-0.14765391477623724,0.14765391477623724,0.02180167854874833
CD02_FDis,RANDOM_FOREST,FDis,84,CsP6,1.748561221878778,1.7503207260317033,0.0017595041529252509,0.0017595041529252509,3.0958548641612044e-06
CD02_FDis,RANDOM_FOREST,FDis,84,CuP5,1.652878151064698,1.5278199346510226,-0.12505821641367532,0.12505821641367532,0.01563955749256965
CD02_FDis,RANDOM_FOREST,FDis,84,CuP10,1.7907681573185472,1.5198607206765178,-0.27090743664202943,0.27090743664202943,0.0733908392279552
CD02_FDis,RANDOM_FOREST,FDis,84,BmP2,1.585489648486885,1.572064876256934,-0.013424772229950976,0.013424772229950976,0.0001802245094260629
CD02_FDis,RANDOM_FOREST,FDis,84,BmP3,1.6852035581350082,1.6052753644979953,-0.07992819363701287,0.07992819363701287,0.0063885161380758245
CD02_FDis,RANDOM_FOREST,FDis,84,BmP4,1.7597126021974243,1.645971389180649,-0.11374121301677542,0.11374121301677542,0.012937063538527483
CD02_FDis,RANDOM_FOREST,FDis,84,BmP5,1.9907648308977288,2.039781346448352,0.04901651555062303,0.04901651555062303,0.0024026187967244694
CD02_FDis,RANDOM_FOREST,FDis,84,BsP2,1.2376536979554675,1.4577852785212129,0.22013158056574533,0.22013158056574533,0.048457912762373226
CD02_FDis,RANDOM_FOREST,FDis,84,BuP7,1.752807867226157,1.763314450175557,0.010506582949400212,0.010506582949400212,0.00011038828527262724
CD02_FDis,RANDOM_FOREST,FDis,84,TmP6,1.4951097983940702,1.693209064577729,0.1980992661836587,0.1980992661836587,0.03924331926250406
CD02_FDis,RANDOM_FOREST,FDis,84,TmP7,1.7859883176606266,1.7400402733658202,-0.04594804429480637,0.04594804429480637,0.0021112227745174877
CD02_FDis,RANDOM_FOREST,FDis,84,TmP8,1.3943505685635922,1.771582760294583,0.3772321917309909,0.3772321917309909,0.14230412647816706
CD02_FDis,RANDOM_FOREST,FDis,84,TsP1,2.071419731327252,1.5355765325931396,-0.5358431987341126,0.5358431987341126,0.28712793362960565
CD02_FDis,RANDOM_FOREST,FDis,84,TsP6,1.967378855447456,1.641021927189702,-0.3263569282577541,0.3263569282577541,0.10650884462183685
CD02_FDis,RANDOM_FOREST,FDis,84,TuP7,1.6967334502757114,1.520949161202948,-0.17578428907276344,0.17578428907276344,0.030900116284816863
CD02_FDis,RANDOM_FOREST,FDis,84,TuP8,1.6714786505929893,1.6565365589392556,-0.014942091653733724,0.014942091653733724,0.00022326610298857902
CD02_FDis,RANDOM_FOREST,FDis,84,TuP10,1.5315754549363598,1.8991027144517747,0.3675272595154149,0.3675272595154149,0.1350762864869111
CD02_FDis,RANDOM_FOREST,FDis,85,CmP3,1.6260822291125805,1.6329718784640856,0.006889649351505156,0.006889649351505156,4.746726818669542e-05
CD02_FDis,RANDOM_FOREST,FDis,85,CmP4,1.4629370108766342,1.5318983674915183,0.06896135661488412,0.06896135661488412,0.004755668706165221
CD02_FDis,RANDOM_FOREST,FDis,85,CsP4,1.703158438505631,1.6084037915236888,-0.09475464698194225,0.09475464698194225,0.008978443124672497
CD02_FDis,RANDOM_FOREST,FDis,85,CsP5,1.9907648308977288,1.985614315772832,-0.005150515124896726,0.005150515124896726,2.652780605178994e-05
CD02_FDis,RANDOM_FOREST,FDis,85,CsP7,1.4797042507397251,1.6044683896080785,0.12476413886835336,0.12476413886835336,0.015566090347561762
CD02_FDis,RANDOM_FOREST,FDis,85,CsP8,1.6478177671947116,1.868000000423922,0.22018223322921027,0.22018223322921027,0.048480215829802345
CD02_FDis,RANDOM_FOREST,FDis,85,CuP4,1.804689290327236,1.6597690335873825,-0.14492025673985354,0.14492025673985354,0.021001880813545065
CD02_FDis,RANDOM_FOREST,FDis,85,BmP1,1.6922096019465238,1.729415830500615,0.03720622855409128,0.03720622855409128,0.0013843034432192774
CD02_FDis,RANDOM_FOREST,FDis,85,BmP7,1.8275097408946472,1.5355368273637056,-0.2919729135309417,0.2919729135309417,0.08524818223574675
CD02_FDis,RANDOM_FOREST,FDis,85,BmP9,1.6469926742285126,1.7594651813532278,0.11247250712471524,0.11247250712471524,0.01265006485891912
CD02_FDis,RANDOM_FOREST,FDis,85,BmP10,1.6260271514830502,1.7383223917874717,0.1122952403044215,0.1122952403044215,0.012610220995027772
CD02_FDis,RANDOM_FOREST,FDis,85,BsP3,1.670383487840285,1.5463892475005454,-0.1239942403397396,0.1239942403397396,0.015374571637429108
CD02_FDis,RANDOM_FOREST,FDis,85,BsP5,1.8642543387857864,1.6795850069994707,-0.18466933178631573,0.18466933178631573,0.03410276210240436
CD02_FDis,RANDOM_FOREST,FDis,85,BuP5,1.52170317522943,1.4874386186584556,-0.03426455657097449,0.03426455657097449,0.0011740598370055112
CD02_FDis,RANDOM_FOREST,FDis,85,BuP9,1.8201912166460104,1.8577198626590945,0.037528646013084144,0.037528646013084144,0.0014083992715753764
CD02_FDis,RANDOM_FOREST,FDis,85,BuP10,1.5469708070808017,1.628123271766706,0.08115246468590431,0.08115246468590431,0.006585722524596946
CD02_FDis,RANDOM_FOREST,FDis,85,TuP2,1.959219209608106,1.6690419061552286,-0.2901773034528774,0.2901773034528774,0.08420286743918329
CD02_FDis,RANDOM_FOREST,FDis,85,TuP9,1.638172594265633,1.1779143235104406,-0.46025827075519254,0.46025827075519254,0.21183767579856014
CD02_FDis,RANDOM_FOREST,FDis,86,CmP2,1.3721195030879645,1.549223973557745,0.17710447046978062,0.17710447046978062,0.031365993460381394
CD02_FDis,RANDOM_FOREST,FDis,86,CmP4,1.4629370108766342,1.560685008314396,0.09774799743776175,0.09774799743776175,0.009554671003092678
CD02_FDis,RANDOM_FOREST,FDis,86,CmP7,1.610010364672139,1.6203033252099361,0.010292960537797047,0.010292960537797047,0.00010594503663264728
CD02_FDis,RANDOM_FOREST,FDis,86,CmP10,1.3742064055878451,1.6465825352745214,0.27237612968667624,0.27237612968667624,0.07418875602309308
CD02_FDis,RANDOM_FOREST,FDis,86,CuP2,1.6637583632724262,1.649534035613348,-0.014224327659078106,0.014224327659078106,0.00020233149735281443
CD02_FDis,RANDOM_FOREST,FDis,86,CuP3,1.7126218268341509,1.500675348074203,-0.21194647875994788,0.21194647875994788,0.044921309858741036
CD02_FDis,RANDOM_FOREST,FDis,86,BmP3,1.6852035581350082,1.673150830937351,-0.012052727197657154,0.012052727197657154,0.00014526823290114446
CD02_FDis,RANDOM_FOREST,FDis,86,BmP6,1.7885764164145614,1.6182595146159249,-0.17031690179863657,0.17031690179863657,0.029007847038286412
CD02_FDis,RANDOM_FOREST,FDis,86,BsP5,1.8642543387857864,1.7090527313711863,-0.1552016074146001,0.1552016074146001,0.024087538944075653
CD02_FDis,RANDOM_FOREST,FDis,86,BuP5,1.52170317522943,1.496614075627862,-0.02508909960156802,0.02508909960156802,0.0006294629188174006
CD02_FDis,RANDOM_FOREST,FDis,86,BuP10,1.5469708070808017,1.6369810940099105,0.09001028692910884,0.09001028692910884,0.008101851753060501
CD02_FDis,RANDOM_FOREST,FDis,86,TmP6,1.4951097983940702,1.6947603924601453,0.1996505940660751,0.1996505940660751,0.0398603597109367
CD02_FDis,RANDOM_FOREST,FDis,86,TmP9,1.6330604151148294,1.7520917505790994,0.11903133546427003,0.11903133546427003,0.014168458822407588
CD02_FDis,RANDOM_FOREST,FDis,86,TsP5,0.9417009797196452,1.2043629378376821,0.26266195811803694,0.26266195811803694,0.0689913042424014
CD02_FDis,RANDOM_FOREST,FDis,86,TsP6,1.967378855447456,1.6698661270687731,-0.2975127283786829,0.2975127283786829,0.08851382354732797
CD02_FDis,RANDOM_FOREST,FDis,86,TsP8,1.060409863605516,1.3116565418025037,0.25124667819698776,0.25124667819698776,0.06312489330502072
CD02_FDis,RANDOM_FOREST,FDis,86,TsP10,1.5791042214997209,1.5992463827965484,0.020142161296827554,0.020142161296827554,0.00040570666170741784
CD02_FDis,RANDOM_FOREST,FDis,86,TuP7,1.6967334502757114,1.585589586323627,-0.11114386395208453,0.11114386395208453,0.012352958494199475
CD02_FDis,RANDOM_FOREST,FDis,87,CmP1,1.549648755865329,1.667104085189063,0.11745532932373415,0.11745532932373415,0.013795754386546843
CD02_FDis,RANDOM_FOREST,FDis,87,CsP6,1.748561221878778,1.7170610260999453,-0.031500195778832785,0.031500195778832785,0.0009922623341047949
CD02_FDis,RANDOM_FOREST,FDis,87,CsP9,1.6651187370902774,1.62941512912513,-0.03570360796514738,0.03570360796514738,0.0012747476217289352
CD02_FDis,RANDOM_FOREST,FDis,87,CuP1,1.5257145471226057,1.392588949640837,-0.13312559748176866,0.13312559748176866,0.017722424704877893
CD02_FDis,RANDOM_FOREST,FDis,87,CuP7,1.785621373419769,1.6484654629286983,-0.13715591049107068,0.13715591049107068,0.01881174378263459
CD02_FDis,RANDOM_FOREST,FDis,87,CuP10,1.7907681573185472,1.5736852541408877,-0.21708290317765955,0.21708290317765955,0.04712498685204111
CD02_FDis,RANDOM_FOREST,FDis,87,BmP1,1.6922096019465238,1.6798901641483137,-0.012319437798210098,0.012319437798210098,0.00015176854766396766
CD02_FDis,RANDOM_FOREST,FDis,87,BmP9,1.6469926742285126,1.7447728609349182,0.09778018670640565,0.09778018670640565,0.009560964912339548
CD02_FDis,RANDOM_FOREST,FDis,87,BsP3,1.670383487840285,1.6059815230020384,-0.06440196483824656,0.06440196483824656,0.004147613075026747
CD02_FDis,RANDOM_FOREST,FDis,87,BsP4,1.3718923212641478,1.5676947105669143,0.1958023893027665,0.1958023893027665,0.038338575656672126
CD02_FDis,RANDOM_FOREST,FDis,87,BsP6,1.3482727092943954,1.6280838907557291,0.27981118146133377,0.27981118146133377,0.07829429727078746
CD02_FDis,RANDOM_FOREST,FDis,87,BsP8,1.8390226503426368,1.7182076365852714,-0.12081501375736536,0.12081501375736536,0.014596267549192382
CD02_FDis,RANDOM_FOREST,FDis,87,BuP1,1.7323527466091853,1.789872395554438,0.057519648945252744,0.057519648945252744,0.003308510014785115
CD02_FDis,RANDOM_FOREST,FDis,87,BuP2,1.3121914361187996,1.5808003930016679,0.26860895688286823,0.26860895688286823,0.07215077171770257
CD02_FDis,RANDOM_FOREST,FDis,87,BuP3,1.4108311948002903,1.6477841445743147,0.23695294977402437,0.23695294977402437,0.056146700406611315
CD02_FDis,RANDOM_FOREST,FDis,87,BuP8,1.4082109927912507,1.6979049863193239,0.2896939935280731,0.2896939935280731,0.08392260988624327
CD02_FDis,RANDOM_FOREST,FDis,87,TmP3,1.701411063049406,1.7002703715113339,-0.0011406915380720584,0.0011406915380720584,1.3011771850291981e-06
CD02_FDis,RANDOM_FOREST,FDis,87,TmP5,1.297295647135223,1.3060593938479366,0.008763746712713516,0.008763746712713516,7.680325644459695e-05
CD02_FDis,RANDOM_FOREST,FDis,88,CmP8,1.5797608250239128,1.709792665446491,0.1300318404225782,0.1300318404225782,0.016908279523682842
CD02_FDis,RANDOM_FOREST,FDis,88,CsP8,1.6478177671947116,1.81335498741732,0.16553722022260842,0.16553722022260842,0.027402571279028357
CD02_FDis,RANDOM_FOREST,FDis,88,CuP4,1.804689290327236,1.6254940051767295,-0.17919528515050653,0.17919528515050653,0.032110950220171346
CD02_FDis,RANDOM_FOREST,FDis,88,CuP6,1.595432956136453,1.5711436441657787,-0.02428931197067441,0.02428931197067441,0.0005899706760087472
CD02_FDis,RANDOM_FOREST,FDis,88,CuP8,1.7460953380476807,1.57736405960517,-0.1687312784425108,0.1687312784425108,0.028470244324844105
CD02_FDis,RANDOM_FOREST,FDis,88,BmP7,1.8275097408946472,1.5922607280072927,-0.23524901288735456,0.23524901288735456,0.05534209806447471
CD02_FDis,RANDOM_FOREST,FDis,88,BmP8,1.5753154471664896,1.6070641670213972,0.03174871985490757,0.03174871985490757,0.0010079812124254022
CD02_FDis,RANDOM_FOREST,FDis,88,BuP9,1.8201912166460104,1.761703806418497,-0.05848741022751325,0.05848741022751325,0.003420777155121421
CD02_FDis,RANDOM_FOREST,FDis,88,TmP7,1.7859883176606266,1.695534497065419,-0.09045382059520768,0.09045382059520768,0.008181893660270017
CD02_FDis,RANDOM_FOREST,FDis,88,TmP10,1.4665960823323403,1.6498260924481067,0.18323001011576645,0.18323001011576645,0.033573236607023875
CD02_FDis,RANDOM_FOREST,FDis,88,TsP1,2.071419731327252,1.7280673108813136,-0.3433524204459386,0.3433524204459386,0.1178908846260846
CD02_FDis,RANDOM_FOREST,FDis,88,TsP3,1.7986008371256086,1.8079104726682342,0.00930963554262565,0.00930963554262565,8.666931393651877e-05
CD02_FDis,RANDOM_FOREST,FDis,88,TsP7,1.3625709657138958,1.742387481747933,0.3798165160340372,0.3798165160340372,0.14426058585223406
CD02_FDis,RANDOM_FOREST,FDis,88,TuP1,2.924414402508278,1.7715109360483117,-1.1529034664599662,1.1529034664599662,1.3291864029754064
CD02_FDis,RANDOM_FOREST,FDis,88,TuP2,1.959219209608106,1.6434650797114814,-0.31575412989662466,0.31575412989662466,0.09970067054677452
CD02_FDis,RANDOM_FOREST,FDis,88,TuP3,1.0881658073888012,1.5446436482579158,0.4564778408691146,0.4564778408691146,0.2083720192045287
CD02_FDis,RANDOM_FOREST,FDis,88,TuP5,0.8766009122519117,1.4441712280262642,0.5675703157743525,0.5675703157743525,0.32213606334819817
CD02_FDis,RANDOM_FOREST,FDis,88,TuP8,1.6714786505929893,1.5758380782989923,-0.09564057229399703,0.09564057229399703,0.009147119068723272
CD02_FDis,RANDOM_FOREST,FDis,89,CsP1,1.8290436910347256,1.7767468036403498,-0.05229688739437588,0.05229688739437588,0.0027349644311400307
CD02_FDis,RANDOM_FOREST,FDis,89,CsP2,1.585489648486885,1.5719534743961219,-0.013536174090763131,0.013536174090763131,0.00018322800901544707
CD02_FDis,RANDOM_FOREST,FDis,89,CsP3,1.748173020862429,1.6508072289290499,-0.09736579193337924,0.09736579193337924,0.009480097438814098
CD02_FDis,RANDOM_FOREST,FDis,89,CsP4,1.703158438505631,1.5940155828252622,-0.10914285568036886,0.10914285568036886,0.011912162946065823
CD02_FDis,RANDOM_FOREST,FDis,89,CsP5,1.9907648308977288,2.0667398746695613,0.0759750437718325,0.0759750437718325,0.005772207276131865
CD02_FDis,RANDOM_FOREST,FDis,89,CuP5,1.652878151064698,1.4959458227330593,-0.15693232833163862,0.15693232833163862,0.024627755675589225
CD02_FDis,RANDOM_FOREST,FDis,89,CuP9,1.669960070235498,1.497097074012652,-0.17286299622284607,0.17286299622284607,0.029881615463139694
CD02_FDis,RANDOM_FOREST,FDis,89,BmP2,1.585489648486885,1.5719534743961219,-0.013536174090763131,0.013536174090763131,0.00018322800901544707
CD02_FDis,RANDOM_FOREST,FDis,89,BmP4,1.7597126021974243,1.5881009403728803,-0.17161166182454402,0.17161166182454402,0.02945056247418166
CD02_FDis,RANDOM_FOREST,FDis,89,BmP10,1.6260271514830502,1.706197765058512,0.08017061357546185,0.08017061357546185,0.006427327281066027
CD02_FDis,RANDOM_FOREST,FDis,89,BsP2,1.2376536979554675,1.463966471021006,0.22631277306553854,0.22631277306553854,0.051217471252613944
CD02_FDis,RANDOM_FOREST,FDis,89,BuP6,1.667081330417253,1.625678309182445,-0.04140302123480799,0.04140302123480799,0.0017142101673699613
CD02_FDis,RANDOM_FOREST,FDis,89,TmP4,1.0027869076632236,1.6667249557681016,0.663938048104878,0.663938048104878,0.44081373172131527
CD02_FDis,RANDOM_FOREST,FDis,89,TmP8,1.3943505685635922,1.746361830550242,0.3520112619866498,0.3520112619866498,0.12391192856543379
CD02_FDis,RANDOM_FOREST,FDis,89,TsP2,1.9856472167908747,1.820628932943575,-0.16501828384729977,0.16501828384729977,0.027231034003907997
CD02_FDis,RANDOM_FOREST,FDis,89,TsP9,1.79619465045184,1.585157523413867,-0.21103712703797295,0.21103712703797295,0.04453666898844153
CD02_FDis,RANDOM_FOREST,FDis,89,TuP6,2.0604414160492137,1.6764966276473539,-0.38394478840185986,0.38394478840185986,0.14741360054094893
CD02_FDis,RANDOM_FOREST,FDis,89,TuP9,1.638172594265633,1.1647037265813387,-0.4734688676842944,0.4734688676842944,0.22417276866624788
CD02_FDis,RANDOM_FOREST,FDis,90,CmP3,1.6260822291125805,1.6004349924936825,-0.025647236618898006,0.025647236618898006,0.0006577807461857428
CD02_FDis,RANDOM_FOREST,FDis,90,CmP5,1.2468049033003985,1.6809248009092514,0.43411989760885294,0.43411989760885294,0.18846008549992097
CD02_FDis,RANDOM_FOREST,FDis,90,CmP6,1.4337041640080512,1.526272963086642,0.09256879907859084,0.09256879907859084,0.008568982562852519
CD02_FDis,RANDOM_FOREST,FDis,90,CmP9,1.624104638859433,1.561289264264548,-0.06281537459488495,0.06281537459488495,0.003945771285495718
CD02_FDis,RANDOM_FOREST,FDis,90,CsP7,1.4797042507397251,1.5872996359678715,0.10759538522814638,0.10759538522814638,0.01157676692239322
CD02_FDis,RANDOM_FOREST,FDis,90,CsP10,1.580018149829522,1.8035759491698873,0.22355779934036524,0.22355779934036524,0.049978089645907005
CD02_FDis,RANDOM_FOREST,FDis,90,BmP5,1.9907648308977288,2.061169164343523,0.070404333445794,0.070404333445794,0.004956770167946547
CD02_FDis,RANDOM_FOREST,FDis,90,BsP1,1.4615722971983691,1.3963451731790053,-0.06522712401936381,0.06522712401936381,0.004254577707837468
CD02_FDis,RANDOM_FOREST,FDis,90,BsP7,1.7537725052501962,1.5667355200567497,-0.18703698519344658,0.18703698519344658,0.03498283383025356
CD02_FDis,RANDOM_FOREST,FDis,90,BsP9,1.5589992381964568,1.6785262111042198,0.11952697290776304,0.11952697290776304,0.01428669725249312
CD02_FDis,RANDOM_FOREST,FDis,90,BsP10,1.7638322969338716,1.817539707352087,0.05370741041821536,0.05370741041821536,0.002884485933830628
CD02_FDis,RANDOM_FOREST,FDis,90,BuP4,1.6325721932941426,1.6407411253061681,0.00816893201202551,0.00816893201202551,6.673145021709514e-05
CD02_FDis,RANDOM_FOREST,FDis,90,BuP7,1.752807867226157,1.7696536994098337,0.016845832183676857,0.016845832183676857,0.000283782061960603
CD02_FDis,RANDOM_FOREST,FDis,90,TmP1,1.4718575945763408,1.6844020372213104,0.21254444264496963,0.21254444264496963,0.04517514009926078
CD02_FDis,RANDOM_FOREST,FDis,90,TmP2,2.1676288473661294,1.7282923151918808,-0.4393365321742486,0.4393365321742486,0.1930165885028946
CD02_FDis,RANDOM_FOREST,FDis,90,TsP4,1.039274247121184,1.2154128336343828,0.1761385865131988,0.1761385865131988,0.031024801658867618
CD02_FDis,RANDOM_FOREST,FDis,90,TuP4,1.6212802726868671,1.7088299323646645,0.08754965967779738,0.08754965967779738,0.00766494290969814
CD02_FDis,RANDOM_FOREST,FDis,90,TuP10,1.5315754549363598,1.8976656232427211,0.3660901683063613,0.3660901683063613,0.13402201133057995
CD02_FDis,RANDOM_FOREST,FDis,91,CmP5,1.2468049033003985,1.6282353108279737,0.3814304075275752,0.3814304075275752,0.14548915578665209
CD02_FDis,RANDOM_FOREST,FDis,91,CmP8,1.5797608250239128,1.716896233620093,0.13713540859618023,0.13713540859618023,0.0188061202908413
CD02_FDis,RANDOM_FOREST,FDis,91,CsP6,1.748561221878778,1.6977192016966949,-0.05084202018208317,0.05084202018208317,0.0025849110161953524
CD02_FDis,RANDOM_FOREST,FDis,91,CsP9,1.6651187370902774,1.6373604882883426,-0.02775824880193478,0.02775824880193478,0.0007705203765501137
CD02_FDis,RANDOM_FOREST,FDis,91,CuP1,1.5257145471226057,1.3337714891529198,-0.19194305796968592,0.19194305796968592,0.03684213750275421
CD02_FDis,RANDOM_FOREST,FDis,91,CuP4,1.804689290327236,1.6732792056633212,-0.1314100846639148,0.1314100846639148,0.017268610351377254
CD02_FDis,RANDOM_FOREST,FDis,91,CuP5,1.652878151064698,1.520270757596908,-0.13260739346778982,0.13260739346778982,0.01758472080232123
CD02_FDis,RANDOM_FOREST,FDis,91,BmP4,1.7597126021974243,1.6597240566818565,-0.0999885455155678,0.0999885455155678,0.009997709234318773
CD02_FDis,RANDOM_FOREST,FDis,91,BmP8,1.5753154471664896,1.600082671754043,0.024767224587553427,0.024767224587553427,0.0006134154137703111
CD02_FDis,RANDOM_FOREST,FDis,91,BsP3,1.670383487840285,1.584249075321262,-0.0861344125190231,0.0861344125190231,0.007419137019997243
CD02_FDis,RANDOM_FOREST,FDis,91,BuP2,1.3121914361187996,1.592453619047958,0.2802621829291583,0.2802621829291583,0.07854689118021697
CD02_FDis,RANDOM_FOREST,FDis,91,BuP3,1.4108311948002903,1.5776922025651727,0.16686100776488244,0.16686100776488244,0.027842595912312158
CD02_FDis,RANDOM_FOREST,FDis,91,BuP5,1.52170317522943,1.4312933330292137,-0.09040984220021642,0.09040984220021642,0.008173939566668034
CD02_FDis,RANDOM_FOREST,FDis,91,TmP2,2.1676288473661294,1.7542014794145,-0.4134273679516294,0.4134273679516294,0.17092218857141195
CD02_FDis,RANDOM_FOREST,FDis,91,TmP8,1.3943505685635922,1.6981752180187524,0.3038246494551602,0.3038246494551602,0.09230941761655097
CD02_FDis,RANDOM_FOREST,FDis,91,TmP9,1.6330604151148294,1.7530806802413683,0.12002026512653896,0.12002026512653896,0.014404864041044704
CD02_FDis,RANDOM_FOREST,FDis,91,TuP7,1.6967334502757114,1.5974536404865103,-0.09927980978920115,0.09927980978920115,0.009856480631779959
CD02_FDis,RANDOM_FOREST,FDis,91,TuP8,1.6714786505929893,1.6178763909781422,-0.0536022596148471,0.0536022596148471,0.002873202235817469
CD02_FDis,RANDOM_FOREST,FDis,92,CmP3,1.6260822291125805,1.6266546625602358,0.0005724334476553405,0.0005724334476553405,3.2768005199457953e-07
CD02_FDis,RANDOM_FOREST,FDis,92,CmP9,1.624104638859433,1.5543314273844973,-0.06977321147493565,0.06977321147493565,0.004868301039526092
CD02_FDis,RANDOM_FOREST,FDis,92,CuP3,1.7126218268341509,1.5482936183291476,-0.1643282085050033,0.1643282085050033,0.027003760110463838
CD02_FDis,RANDOM_FOREST,FDis,92,BmP10,1.6260271514830502,1.7496683690907757,0.1236412176077255,0.1236412176077255,0.015287150691520932
CD02_FDis,RANDOM_FOREST,FDis,92,BsP1,1.4615722971983691,1.4872054446333176,0.02563314743494849,0.02563314743494849,0.0006570582474218063
CD02_FDis,RANDOM_FOREST,FDis,92,BsP2,1.2376536979554675,1.4872054446333176,0.24955174667785007,0.24955174667785007,0.062276074269965856
CD02_FDis,RANDOM_FOREST,FDis,92,BsP4,1.3718923212641478,1.5290149566640603,0.15712263539991245,0.15712263539991245,0.02468752255501382
CD02_FDis,RANDOM_FOREST,FDis,92,BsP5,1.8642543387857864,1.7122507925130324,-0.15200354627275403,0.15200354627275403,0.023105078079493274
CD02_FDis,RANDOM_FOREST,FDis,92,BsP9,1.5589992381964568,1.6784587226385574,0.11945948444210064,0.11945948444210064,0.014270568423172484
CD02_FDis,RANDOM_FOREST,FDis,92,BuP1,1.7323527466091853,1.6749432581035382,-0.05740948850564709,0.05740948850564709,0.003295849370480025
CD02_FDis,RANDOM_FOREST,FDis,92,BuP6,1.667081330417253,1.6313612379179554,-0.03572009249929753,0.03572009249929753,0.0012759250081583716
CD02_FDis,RANDOM_FOREST,FDis,92,TmP1,1.4718575945763408,1.6508002180366537,0.17894262346031287,0.17894262346031287,0.03202046249085931
CD02_FDis,RANDOM_FOREST,FDis,92,TmP5,1.297295647135223,1.307369584274495,0.01007393713927196,0.01007393713927196,0.00010148420948600292
CD02_FDis,RANDOM_FOREST,FDis,92,TmP7,1.7859883176606266,1.6112987508803145,-0.1746895667803121,0.1746895667803121,0.030516444741893124
CD02_FDis,RANDOM_FOREST,FDis,92,TsP2,1.9856472167908747,1.8000974740123636,-0.1855497427785111,0.1855497427785111,0.03442870704517163
CD02_FDis,RANDOM_FOREST,FDis,92,TsP5,0.9417009797196452,1.165248311278814,0.22354733155916873,0.22354733155916873,0.04997340944722491
CD02_FDis,RANDOM_FOREST,FDis,92,TsP10,1.5791042214997209,1.5791971596907137,9.293819099287504e-05,9.293819099287504e-05,8.637507345028119e-09
CD02_FDis,RANDOM_FOREST,FDis,92,TuP6,2.0604414160492137,1.6185371008223095,-0.4419043152269042,0.4419043152269042,0.19527942381615912
CD02_FDis,RANDOM_FOREST,FDis,93,CmP1,1.549648755865329,1.6665576784599543,0.11690892259462538,0.11690892259462538,0.013667696182236108
CD02_FDis,RANDOM_FOREST,FDis,93,CmP6,1.4337041640080512,1.4962794521446663,0.06257528813661506,0.06257528813661506,0.003915666685380397
CD02_FDis,RANDOM_FOREST,FDis,93,CmP7,1.610010364672139,1.5939336232967753,-0.016076741375363746,0.016076741375363746,0.0002584616132503326
CD02_FDis,RANDOM_FOREST,FDis,93,CsP1,1.8290436910347256,1.776720141820659,-0.05232354921406657,0.05232354921406657,0.002737753802356846
CD02_FDis,RANDOM_FOREST,FDis,93,CsP4,1.703158438505631,1.5926625760239244,-0.11049586248170673,0.11049586248170673,0.012209335625576245
CD02_FDis,RANDOM_FOREST,FDis,93,CsP5,1.9907648308977288,2.069989000133504,0.07922416923577513,0.07922416923577513,0.006276468991098739
CD02_FDis,RANDOM_FOREST,FDis,93,CsP8,1.6478177671947116,1.844917633571434,0.19709986637672228,0.19709986637672228,0.038848357325721776
CD02_FDis,RANDOM_FOREST,FDis,93,CuP6,1.595432956136453,1.6117427471850718,0.016309791048618738,0.016309791048618738,0.00026600928404960393
CD02_FDis,RANDOM_FOREST,FDis,93,CuP9,1.669960070235498,1.5570918717647046,-0.11286819847079332,0.11286819847079332,0.012739230226042392
CD02_FDis,RANDOM_FOREST,FDis,93,BmP3,1.6852035581350082,1.6725699826331846,-0.012633575501823646,0.012633575501823646,0.00015960722996027858
CD02_FDis,RANDOM_FOREST,FDis,93,BsP7,1.7537725052501962,1.5569077849214499,-0.19686472032874636,0.19686472032874636,0.03875571811011552
CD02_FDis,RANDOM_FOREST,FDis,93,BsP8,1.8390226503426368,1.7102562993722967,-0.12876635097034006,0.12876635097034006,0.016580773142216797
CD02_FDis,RANDOM_FOREST,FDis,93,BuP4,1.6325721932941426,1.62296263850877,-0.00960955478537251,0.00960955478537251,9.23435431730757e-05
CD02_FDis,RANDOM_FOREST,FDis,93,BuP7,1.752807867226157,1.7301869957782954,-0.022620871447861512,0.022620871447861512,0.0005117038250606762
CD02_FDis,RANDOM_FOREST,FDis,93,BuP8,1.4082109927912507,1.6902837900300824,0.2820727972388317,0.2820727972388317,0.07956506294213907
CD02_FDis,RANDOM_FOREST,FDis,93,TsP3,1.7986008371256086,1.8578885575861677,0.05928772046055908,0.05928772046055908,0.0035150337974093958
CD02_FDis,RANDOM_FOREST,FDis,93,TsP4,1.039274247121184,1.2239273345286055,0.18465308740742148,0.18465308740742148,0.034096762689092834
CD02_FDis,RANDOM_FOREST,FDis,93,TsP9,1.79619465045184,1.5199679452574892,-0.2762267051943508,0.2762267051943508,0.07630119266252677
CD02_FDis,RANDOM_FOREST,FDis,94,CmP4,1.4629370108766342,1.5388425641557335,0.07590555327909931,0.07590555327909931,0.0057616530186061846
CD02_FDis,RANDOM_FOREST,FDis,94,CmP10,1.3742064055878451,1.6273113427242416,0.2531049371363965,0.2531049371363965,0.06406210920281921
CD02_FDis,RANDOM_FOREST,FDis,94,CsP10,1.580018149829522,1.710654552485941,0.13063640265641885,0.13063640265641885,0.017065869699009997
CD02_FDis,RANDOM_FOREST,FDis,94,CuP2,1.6637583632724262,1.632110097753529,-0.03164826551889721,0.03164826551889721,0.0010016127103546183
CD02_FDis,RANDOM_FOREST,FDis,94,CuP8,1.7460953380476807,1.6230035878569917,-0.12309175019068896,0.12309175019068896,0.015151578965006976
CD02_FDis,RANDOM_FOREST,FDis,94,BmP2,1.585489648486885,1.5563172002153132,-0.029172448271571838,0.029172448271571838,0.0008510317381575347
CD02_FDis,RANDOM_FOREST,FDis,94,BmP6,1.7885764164145614,1.578872117629386,-0.20970429878517538,0.20970429878517538,0.04397589292898211
CD02_FDis,RANDOM_FOREST,FDis,94,BmP7,1.8275097408946472,1.5451709186730156,-0.28233882222163165,0.28233882222163165,0.07971521053349812
CD02_FDis,RANDOM_FOREST,FDis,94,BsP10,1.7638322969338716,1.744071317473177,-0.01976097946069455,0.01976097946069455,0.0003904963092459919
CD02_FDis,RANDOM_FOREST,FDis,94,BuP9,1.8201912166460104,1.7710538423250535,-0.049137374320956884,0.049137374320956884,0.002414481555157833
CD02_FDis,RANDOM_FOREST,FDis,94,TmP3,1.701411063049406,1.6390513187377032,-0.06235974431170277,0.06235974431170277,0.003888737710620946
CD02_FDis,RANDOM_FOREST,FDis,94,TsP1,2.071419731327252,1.5512227053978873,-0.5201970259293649,0.5201970259293649,0.27060494578575633
CD02_FDis,RANDOM_FOREST,FDis,94,TsP6,1.967378855447456,1.6425015333586064,-0.3248773220888497,0.3248773220888497,0.10554527440762217
CD02_FDis,RANDOM_FOREST,FDis,94,TuP1,2.924414402508278,1.856202547839806,-1.0682118546684718,1.0682118546684718,1.1410765664542564
CD02_FDis,RANDOM_FOREST,FDis,94,TuP3,1.0881658073888012,1.5645860056781904,0.4764201982893892,0.4764201982893892,0.22697620533810092
CD02_FDis,RANDOM_FOREST,FDis,94,TuP4,1.6212802726868671,1.5662433150237023,-0.055036957663164854,0.055036957663164854,0.0030290667088170007
CD02_FDis,RANDOM_FOREST,FDis,94,TuP5,0.8766009122519117,1.4671172956232101,0.5905163833712984,0.5905163833712984,0.34870959902991827
CD02_FDis,RANDOM_FOREST,FDis,94,TuP10,1.5315754549363598,1.7919774430359843,0.26040198809962445,0.26040198809962445,0.06780919540623695
CD02_FDis,RANDOM_FOREST,FDis,95,CmP2,1.3721195030879645,1.5415021378923597,0.1693826348043952,0.1693826348043952,0.02869047697327911
CD02_FDis,RANDOM_FOREST,FDis,95,CsP2,1.585489648486885,1.5560886405374044,-0.02940100794948064,0.02940100794948064,0.0008644192684454238
CD02_FDis,RANDOM_FOREST,FDis,95,CsP3,1.748173020862429,1.6300941009024832,-0.1180789199599459,0.1180789199599459,0.01394263133890731
CD02_FDis,RANDOM_FOREST,FDis,95,CsP7,1.4797042507397251,1.6143452938743148,0.1346410431345897,0.1346410431345897,0.01812821049637044
CD02_FDis,RANDOM_FOREST,FDis,95,CuP7,1.785621373419769,1.621607284452913,-0.164014088966856,0.164014088966856,0.02690062137962775
CD02_FDis,RANDOM_FOREST,FDis,95,CuP10,1.7907681573185472,1.5719266998476396,-0.21884145747090766,0.21884145747090766,0.04789158350799109
CD02_FDis,RANDOM_FOREST,FDis,95,BmP1,1.6922096019465238,1.7368638687689888,0.04465426682246498,0.04465426682246498,0.001994003545451897
CD02_FDis,RANDOM_FOREST,FDis,95,BmP5,1.9907648308977288,1.9715912943705007,-0.019173536527228086,0.019173536527228086,0.0003676245029609496
CD02_FDis,RANDOM_FOREST,FDis,95,BmP9,1.6469926742285126,1.7736371141860592,0.1266444399575466,0.1266444399575466,0.016038814172160624
CD02_FDis,RANDOM_FOREST,FDis,95,BsP6,1.3482727092943954,1.569150591930584,0.22087788263618857,0.22087788263618857,0.04878703903784589
CD02_FDis,RANDOM_FOREST,FDis,95,BuP10,1.5469708070808017,1.6168845329326331,0.06991372585183142,0.06991372585183142,0.0048879290624850415
CD02_FDis,RANDOM_FOREST,FDis,95,TmP4,1.0027869076632236,1.6770864769433338,0.6742995692801101,0.6742995692801101,0.45467990913134204
CD02_FDis,RANDOM_FOREST,FDis,95,TmP6,1.4951097983940702,1.758905513845063,0.2637957154509929,0.2637957154509929,0.06958817949030122
CD02_FDis,RANDOM_FOREST,FDis,95,TmP10,1.4665960823323403,1.7441792903781577,0.2775832080458174,0.2775832080458174,0.07705243738900754
CD02_FDis,RANDOM_FOREST,FDis,95,TsP7,1.3625709657138958,1.8090242212619152,0.4464532555480194,0.4464532555480194,0.1993205093894251
CD02_FDis,RANDOM_FOREST,FDis,95,TsP8,1.060409863605516,1.2194099152797173,0.1590000516742014,0.1590000516742014,0.025281016432398714
CD02_FDis,RANDOM_FOREST,FDis,95,TuP2,1.959219209608106,1.6637463594088135,-0.2954728501992925,0.2954728501992925,0.08730420520489353
CD02_FDis,RANDOM_FOREST,FDis,95,TuP9,1.638172594265633,1.2080798393089853,-0.4300927549566478,0.4300927549566478,0.18497977786619907
CD02_FDis,RANDOM_FOREST,FDis,96,CmP4,1.4629370108766342,1.5366812788932775,0.07374426801664336,0.07374426801664336,0.005438217065310528
CD02_FDis,RANDOM_FOREST,FDis,96,CmP5,1.2468049033003985,1.682332016252508,0.43552711295210944,0.43552711295210944,0.1896838661163995
CD02_FDis,RANDOM_FOREST,FDis,96,CmP10,1.3742064055878451,1.6489201600824661,0.274713754494621,0.274713754494621,0.07546764690853089
CD02_FDis,RANDOM_FOREST,FDis,96,CsP6,1.748561221878778,1.6786473875056933,-0.06991383437308474,0.06991383437308474,0.004887944236747125
CD02_FDis,RANDOM_FOREST,FDis,96,CuP3,1.7126218268341509,1.609144554350319,-0.10347727248383198,0.10347727248383198,0.010707545920693212
CD02_FDis,RANDOM_FOREST,FDis,96,CuP6,1.595432956136453,1.5879373069133524,-0.007495649223100642,0.007495649223100642,5.618475727576926e-05
CD02_FDis,RANDOM_FOREST,FDis,96,CuP8,1.7460953380476807,1.5968723027542613,-0.1492230352934194,0.1492230352934194,0.02226751426218109
CD02_FDis,RANDOM_FOREST,FDis,96,BmP1,1.6922096019465238,1.720010956448605,0.02780135450208121,0.02780135450208121,0.0007729153121503911
CD02_FDis,RANDOM_FOREST,FDis,96,BmP2,1.585489648486885,1.5725141029270366,-0.012975545559848367,0.012975545559848367,0.00016836478257570067
CD02_FDis,RANDOM_FOREST,FDis,96,BmP3,1.6852035581350082,1.6749546268558246,-0.010248931279183582,0.010248931279183582,0.00010504059236542761
CD02_FDis,RANDOM_FOREST,FDis,96,BsP3,1.670383487840285,1.6018043418310235,-0.06857914600926152,0.06857914600926152,0.00470309926735961
CD02_FDis,RANDOM_FOREST,FDis,96,BsP7,1.7537725052501962,1.5983023671587389,-0.15547013809145738,0.15547013809145738,0.024170963838176827
CD02_FDis,RANDOM_FOREST,FDis,96,BsP8,1.8390226503426368,1.6835616783030256,-0.15546097203961118,0.15546097203961118,0.024168113827500767
CD02_FDis,RANDOM_FOREST,FDis,96,BsP9,1.5589992381964568,1.7039508885317909,0.14495165033533408,0.14495165033533408,0.021010980934936956
CD02_FDis,RANDOM_FOREST,FDis,96,BuP1,1.7323527466091853,1.8135259393624885,0.08117319275330326,0.08117319275330326,0.0065890872217649245
CD02_FDis,RANDOM_FOREST,FDis,96,BuP9,1.8201912166460104,1.8328776123509114,0.012686395704901043,0.012686395704901043,0.00016094463598133164
CD02_FDis,RANDOM_FOREST,FDis,96,TmP8,1.3943505685635922,1.7748783422274326,0.3805277736638404,0.3805277736638404,0.14480138652955893
CD02_FDis,RANDOM_FOREST,FDis,96,TsP8,1.060409863605516,1.3506567351357976,0.2902468715302817,0.2902468715302817,0.08424324643311587
CD02_FDis,RANDOM_FOREST,FDis,97,CmP6,1.4337041640080512,1.5026140441765978,0.0689098801685466,0.0689098801685466,0.004748571584843452
CD02_FDis,RANDOM_FOREST,FDis,97,CsP9,1.6651187370902774,1.5581682059218271,-0.10695053116845021,0.10695053116845021,0.011438416117213641
CD02_FDis,RANDOM_FOREST,FDis,97,CuP1,1.5257145471226057,1.376879424420409,-0.14883512270219668,0.14883512270219668,0.02215189374977794
CD02_FDis,RANDOM_FOREST,FDis,97,BmP7,1.8275097408946472,1.5595246817119663,-0.2679850591826809,0.2679850591826809,0.07181599194514499
CD02_FDis,RANDOM_FOREST,FDis,97,BmP9,1.6469926742285126,1.7565518778960965,0.10955920366758387,0.10955920366758387,0.012003219108275124
CD02_FDis,RANDOM_FOREST,FDis,97,BmP10,1.6260271514830502,1.7353911598582876,0.10936400837523741,0.10936400837523741,0.011960486327898999
CD02_FDis,RANDOM_FOREST,FDis,97,BsP2,1.2376536979554675,1.3939866225647948,0.15633292460932724,0.15633292460932724,0.024439983316905594
CD02_FDis,RANDOM_FOREST,FDis,97,BsP5,1.8642543387857864,1.6811876905758487,-0.18306664820993768,0.18306664820993768,0.03351339768682108
CD02_FDis,RANDOM_FOREST,FDis,97,BuP2,1.3121914361187996,1.5627545309293418,0.2505630948105422,0.2505630948105422,0.06278186448103674
CD02_FDis,RANDOM_FOREST,FDis,97,BuP4,1.6325721932941426,1.6537600277530993,0.021187834458956667,0.021187834458956667,0.00044892432906015154
CD02_FDis,RANDOM_FOREST,FDis,97,BuP5,1.52170317522943,1.4457956364909135,-0.07590753873851663,0.07590753873851663,0.005761954437339403
CD02_FDis,RANDOM_FOREST,FDis,97,BuP6,1.667081330417253,1.6109277869127354,-0.05615354350451751,0.05615354350451751,0.003153220448113741
CD02_FDis,RANDOM_FOREST,FDis,97,TmP2,2.1676288473661294,1.7271493881540785,-0.4404794592120509,0.4404794592120509,0.1940221539877408
CD02_FDis,RANDOM_FOREST,FDis,97,TsP7,1.3625709657138958,1.788701433875673,0.42613046816177724,0.42613046816177724,0.18158717589577544
CD02_FDis,RANDOM_FOREST,FDis,97,TuP1,2.924414402508278,1.6583947728240138,-1.266019629684264,1.266019629684264,1.602805702745881
CD02_FDis,RANDOM_FOREST,FDis,97,TuP2,1.959219209608106,1.5573708535254316,-0.40184835608267444,0.40184835608267444,0.1614821012863479
CD02_FDis,RANDOM_FOREST,FDis,97,TuP4,1.6212802726868671,1.6950657030318927,0.0737854303450256,0.0737854303450256,0.005444289731200625
CD02_FDis,RANDOM_FOREST,FDis,97,TuP8,1.6714786505929893,1.5267059510154157,-0.14477269957757355,0.14477269957757355,0.020959134542978364
CD02_FDis,RANDOM_FOREST,FDis,98,CmP2,1.3721195030879645,1.5274120341264399,0.1552925310384754,0.1552925310384754,0.024115770196335845
CD02_FDis,RANDOM_FOREST,FDis,98,CmP7,1.610010364672139,1.5828495000206297,-0.027160864651509353,0.027160864651509353,0.0007377125686176103
CD02_FDis,RANDOM_FOREST,FDis,98,CmP9,1.624104638859433,1.5351175731214506,-0.08898706573798232,0.08898706573798232,0.007918697868655986
CD02_FDis,RANDOM_FOREST,FDis,98,CsP1,1.8290436910347256,1.7979920612301221,-0.03105162980460352,0.03105162980460352,0.0009642037135221416
CD02_FDis,RANDOM_FOREST,FDis,98,CsP3,1.748173020862429,1.6394913158891873,-0.10868170497324181,0.10868170497324181,0.011811712995890773
CD02_FDis,RANDOM_FOREST,FDis,98,CsP4,1.703158438505631,1.5840025795146662,-0.11915585899096492,0.11915585899096492,0.014198118731874716
CD02_FDis,RANDOM_FOREST,FDis,98,CuP2,1.6637583632724262,1.6750680429919664,0.011309679719540222,0.011309679719540222,0.00012790885535857939
CD02_FDis,RANDOM_FOREST,FDis,98,CuP10,1.7907681573185472,1.520620685682039,-0.2701474716365082,0.2701474716365082,0.07297965643159801
CD02_FDis,RANDOM_FOREST,FDis,98,BmP6,1.7885764164145614,1.5904886495149229,-0.19808776689963858,0.19808776689963858,0.03923876339528555
CD02_FDis,RANDOM_FOREST,FDis,98,BsP1,1.4615722971983691,1.3710876940644867,-0.0904846031338824,0.0904846031338824,0.008187463404296201
CD02_FDis,RANDOM_FOREST,FDis,98,BuP7,1.752807867226157,1.7444147042810647,-0.00839316294509218,0.00839316294509218,7.044518422286845e-05
CD02_FDis,RANDOM_FOREST,FDis,98,TmP3,1.701411063049406,1.687296516072846,-0.014114546976560005,0.014114546976560005,0.0001992204363535192
CD02_FDis,RANDOM_FOREST,FDis,98,TmP6,1.4951097983940702,1.6762114255706901,0.18110162717661993,0.18110162717661993,0.03279779936601944
CD02_FDis,RANDOM_FOREST,FDis,98,TsP1,2.071419731327252,1.5476893944737193,-0.5237303368535329,0.5237303368535329,0.274293465740715
CD02_FDis,RANDOM_FOREST,FDis,98,TsP10,1.5791042214997209,1.588285264939422,0.009181043439701053,0.009181043439701053,8.429155864167774e-05
CD02_FDis,RANDOM_FOREST,FDis,98,TuP3,1.0881658073888012,1.5252613223615723,0.4370955149727711,0.4370955149727711,0.19105248920931198
CD02_FDis,RANDOM_FOREST,FDis,98,TuP6,2.0604414160492137,1.749722773556852,-0.3107186424923618,0.3107186424923618,0.09654607479229615
CD02_FDis,RANDOM_FOREST,FDis,98,TuP10,1.5315754549363598,1.8695145726618945,0.33793911772553464,0.33793911772553464,0.11420284728911276
CD02_FDis,RANDOM_FOREST,FDis,99,CmP8,1.5797608250239128,1.688587366426337,0.10882654140242431,0.10882654140242431,0.011843216113613574
CD02_FDis,RANDOM_FOREST,FDis,99,CsP7,1.4797042507397251,1.610464478128331,0.13076022738860593,0.13076022738860593,0.01709823706671993
CD02_FDis,RANDOM_FOREST,FDis,99,CsP10,1.580018149829522,1.8157353448889508,0.23571719505942879,0.23571719505942879,0.0555625960466848
CD02_FDis,RANDOM_FOREST,FDis,99,CuP9,1.669960070235498,1.535846407199386,-0.13411366303611194,0.13411366303611194,0.01798647461296378
CD02_FDis,RANDOM_FOREST,FDis,99,BsP4,1.3718923212641478,1.5670033226485525,0.19511100138440463,0.19511100138440463,0.038068302861225145
CD02_FDis,RANDOM_FOREST,FDis,99,BsP6,1.3482727092943954,1.6245228766073738,0.27625016731297847,0.27625016731297847,0.0763141549404486
CD02_FDis,RANDOM_FOREST,FDis,99,BsP10,1.7638322969338716,1.798215324052778,0.034383027118906506,0.034383027118906506,0.0011821925538594603
CD02_FDis,RANDOM_FOREST,FDis,99,BuP3,1.4108311948002903,1.6455281193641242,0.23469692456383395,0.23469692456383395,0.05508264639972196
CD02_FDis,RANDOM_FOREST,FDis,99,TmP5,1.297295647135223,1.2520097022822554,-0.04528594485296766,0.04528594485296766,0.0020508168012260282
CD02_FDis,RANDOM_FOREST,FDis,99,TmP7,1.7859883176606266,1.713476031771519,-0.07251228588910763,0.07251228588910763,0.005258031604863677
CD02_FDis,RANDOM_FOREST,FDis,99,TmP10,1.4665960823323403,1.8138950478190798,0.34729896548673955,0.34729896548673955,0.12061657142815951
CD02_FDis,RANDOM_FOREST,FDis,99,TsP3,1.7986008371256086,1.8347154851966838,0.03611464807107523,0.03611464807107523,0.0013042678052976177
CD02_FDis,RANDOM_FOREST,FDis,99,TsP4,1.039274247121184,1.2048580293975486,0.1655837822763646,0.1655837822763646,0.027417988952946518
CD02_FDis,RANDOM_FOREST,FDis,99,TsP5,0.9417009797196452,1.2056172621090362,0.263916282389391,0.263916282389391,0.06965180411023679
CD02_FDis,RANDOM_FOREST,FDis,99,TsP6,1.967378855447456,1.674081952316005,-0.29329690313145096,0.29329690313145096,0.08602307338649973
CD02_FDis,RANDOM_FOREST,FDis,99,TsP9,1.79619465045184,1.5331842953717603,-0.26301035508007975,0.26301035508007975,0.06917444687934964
CD02_FDis,RANDOM_FOREST,FDis,99,TuP7,1.6967334502757114,1.530367471751275,-0.16636597852443646,0.16636597852443646,0.027677638810393253
CD02_FDis,RANDOM_FOREST,FDis,99,TuP9,1.638172594265633,1.2520097022822554,-0.3861628919833777,0.3861628919833777,0.14912177914496585
CD02_FDis,RANDOM_FOREST,FDis,100,CmP1,1.549648755865329,1.6883696462452389,0.13872089037990998,0.13872089037990998,0.019243485427795002
CD02_FDis,RANDOM_FOREST,FDis,100,CmP3,1.6260822291125805,1.6772176854401424,0.05113545632756189,0.05113545632756189,0.0026148348938279894
CD02_FDis,RANDOM_FOREST,FDis,100,CsP2,1.585489648486885,1.5544281283103862,-0.03106152017649877,0.03106152017649877,0.0009648180356750402
CD02_FDis,RANDOM_FOREST,FDis,100,CsP5,1.9907648308977288,1.9884945226014634,-0.0022703082962653998,0.0022703082962653998,5.154299760091502e-06
CD02_FDis,RANDOM_FOREST,FDis,100,CsP8,1.6478177671947116,1.7983310573418667,0.1505132901471551,0.1505132901471551,0.02265425051092169
CD02_FDis,RANDOM_FOREST,FDis,100,CuP4,1.804689290327236,1.6293963592274765,-0.17529293109975952,0.17529293109975952,0.03072761169354504
CD02_FDis,RANDOM_FOREST,FDis,100,CuP5,1.652878151064698,1.5150477255214485,-0.13783042554324942,0.13783042554324942,0.018997226205433225
CD02_FDis,RANDOM_FOREST,FDis,100,CuP7,1.785621373419769,1.5089526332209409,-0.27666874019882814,0.27666874019882814,0.07654559180320666
CD02_FDis,RANDOM_FOREST,FDis,100,BmP4,1.7597126021974243,1.6368981294568459,-0.12281447274057844,0.12281447274057844,0.015083394714546285
CD02_FDis,RANDOM_FOREST,FDis,100,BmP5,1.9907648308977288,1.9884945226014634,-0.0022703082962653998,0.0022703082962653998,5.154299760091502e-06
CD02_FDis,RANDOM_FOREST,FDis,100,BmP8,1.5753154471664896,1.6198526363471548,0.04453718918066518,0.04453718918066518,0.00198356122011436
CD02_FDis,RANDOM_FOREST,FDis,100,BuP8,1.4082109927912507,1.6946400789174252,0.28642908612617446,0.28642908612617446,0.08204162137907546
CD02_FDis,RANDOM_FOREST,FDis,100,BuP10,1.5469708070808017,1.6726595429471625,0.12568873586636076,0.12568873586636076,0.0157976583236838
CD02_FDis,RANDOM_FOREST,FDis,100,TmP1,1.4718575945763408,1.6784322399269271,0.20657464535058634,0.20657464535058634,0.04267308410172052
CD02_FDis,RANDOM_FOREST,FDis,100,TmP4,1.0027869076632236,1.6830080638802936,0.6802211562170699,0.6802211562170699,0.46270082136528745
CD02_FDis,RANDOM_FOREST,FDis,100,TmP9,1.6330604151148294,1.735075125111094,0.10201470999626472,0.10201470999626472,0.010407001055621992
CD02_FDis,RANDOM_FOREST,FDis,100,TsP2,1.9856472167908747,1.8191782030066244,-0.16646901378425039,0.16646901378425039,0.027711932550300945
CD02_FDis,RANDOM_FOREST,FDis,100,TuP5,0.8766009122519117,1.456146507767421,0.5795455955155092,0.5795455955155092,0.3358730972814262
