Canonical_Species,Afzelia africana,Albizia auxilary,Albizia ferruginea,Albizia zygia,Alstonia boonei,Amphimas tetracoides,Aningeria robusta,Annonidium manni,Anthocleista djalonensis,Anthocleista vogelii,Anthonotha macrophylla,Artocarpus communis,Bambusa vulgaris,Baphia nitida,Blighia sapida,Blighia unijigata,Bombax buonopozense,Bosqueia angolensis,Brachystegia eurycoma,Bridelia ferruginea,Carica papaya,Cassia saimen,Ceiba pentandra,Celtis zenkeri,Chrysophyllum albidum,Chrysophylum albidum,Citrus sinenses,Cleistoformis patens,Cleistopholis patens,Cola nitida,Cola species,Corynante pachycercus,Dialium guineense,Dialium guinensis,Diallium guineense,Dillenia indica,Diospyros dendo,Diospyros soubreana,Diospyros undebunda,Diospyrous dendo,Diospyrous melistoformis,Diospyrous mespiliformis,Dracena manni,Drypetes,Drypetes species,Elaeis guineense,Elaeis guineensis,Elaeis guinensis,Ficus exasperata,Ficus mucosa,Ficus mucuso,Funtumia africana,Funtumia elastica,Garcinia kola,Gmelina arborea,Grewia pubescens,Harungana madagascariensis,Hexalobus crispiflorus,Hildegardia barteri,Holarrhena floribunda,Homalium alymeri,Homalium aylmeri,Irvinga gabonensis,Lecaniodiscus cupaniodes,Lecaniodiscus cupanioides,Lonchocarpus cilliata,Lonchocarpus cyanescens,Macaranga barteri,Macranga bateri,Maesobotrya barteri,Margaritaria discoidea,Margartaria discoidea,Melacantha alnifolia,Milicia excelsa,Millettia thoningii,Mitragyna cilliata,Monodora tenuifolia,Musanga cecropiodes,Musanga cecropioides,Musanga cecropoides,Musanga cecropoidies,Myrianthus arboreus,Nauclea diderrichi,Nauclea diderrichii,Nesodogornia papaverifera,Nesodogornia papaverivera,Nesogordonia papaverifera,Nothospondia staudtii,Nuclea diderrichi,Pavetta corymbosa,Pavetta corymbosia,Picralima nitida,Piptadeniastrum africanum,Pterocarpus osun,Pterocarpus santoxyloides,Pycanthus angolensis,Pycnanthus angolensis,Raulvolfia vomitoria,Rauvolvia vomitoria,Ricinidendron heudeloti,Ricinodendron heudeloti,Ricinodendron heudelotii,Ricinodendron heudeotii,Rinorea dentata,Rothmania hispida,Scotellia coriacea,Scotellia coriaceae,Scotellia coricea,Spondia mombin,Sterculia oblonga,Sterculia rhinopetala,Sterculia tragacantha,Strombosia postulata,Strombosia pustulata,Strombosia putulata,Termialia superba,Terminalia superba,Tetrapleura tetraptera,Theobroma cacao,Trema orientalis,Trichilia gilgiana,Trichilia monadelpha,Uapaca heudeloti,Uapaca heudelotii,Zanthoxylum xanthoxyloides,Zanthoxylum zanthoxyloides
Afzelia africana,0.0,2.0352189083902434,2.2356785917213826,1.9761012843378578,3.0695598461695037,1.795896629788773,2.1393510478907127,2.3232354697649567,3.7086223991503284,2.240010068211938,1.209157845692105,2.212485707076584,1.894869327986107,2.316864865226009,1.020234298248606,1.4989254034028388,3.0484624095918984,1.2645752535835229,1.26191349210212,2.577381452256017,4.429246883262109,2.771255395382152,3.6891422442261703,1.8164282929246798,2.2784128586087355,2.2784128586087355,2.4688914628495864,2.559091066054295,2.559091066054295,0.7435028375198667,1.6549091387314927,1.717416032477837,1.716983541876234,1.716983541876234,1.716983541876234,2.692140816225186,3.047996017212611,3.4014189476977084,1.8583503234152787,3.047996017212611,2.6121453566087487,2.6057934748103886,2.72241970996981,1.902090719576559,1.902090719576559,2.173072711867594,2.173072711867594,2.173072711867594,4.428379233082264,4.43666062049281,4.43666062049281,2.6474035638483397,2.7661372717337525,1.7048041126611364,1.9608099802340375,2.3573160098586405,3.718605443479846,1.2013668251173955,2.4740354707750964,2.8611057461756495,1.9844609295802764,1.9844609295802764,1.6760713666629896,1.5226774907580995,1.5226774907580995,1.8055777130312285,2.703602094761764,2.432306741633525,2.432306741633525,2.189763526478759,2.3931080688638606,2.3931080688638606,2.600099870835399,3.6002948953295095,1.5994879399564679,1.7335835919989517,1.7162423359176642,4.644965338616301,4.644965338616301,4.644965338616301,4.644965338616301,2.0561369201970416,3.5367754322622122,3.5367754322622122,1.8966363070075747,1.8966363070075747,1.8966363070075747,2.2930133824453294,3.5367754322622122,2.6569868071354708,2.6569868071354708,1.6593566186007818,1.8511300616575925,1.8017265089485563,1.861145721949925,1.691260733966421,1.691260733966421,5.018856413744539,5.018856413744539,2.8992363634861404,2.8992363634861404,2.8992363634861404,2.8992363634861404,2.2235346538030463,2.0117766189639323,2.020543025897268,2.020543025897268,2.020543025897268,2.7968804578356727,1.4515362939582575,1.391348694336473,2.4964268021265545,2.1112391685857546,2.1112391685857546,2.1112391685857546,3.1367055470872565,2.3026722985874044,1.5932277492424913,2.276865916084525,3.7853687664446056,1.72249271027015,1.6165409139841789,1.5753983877262798,1.5753983877262798,2.790385345204603,2.790385345204603
Albizia auxilary,2.0352189083902434,0.0,2.0798243553061635,1.0690649286505682,2.010057957090243,2.1686868092722285,2.0804763940747186,2.2030869376275,2.1176918406829657,1.360256067603733,2.4073251131596445,2.253267578488048,1.0537973216685284,1.8250803251727579,1.9237090956007945,0.8260096567637032,2.5560651462712576,1.263045403730596,2.5402537671328984,1.0711745123756615,3.3954751245074055,1.472780901487928,3.4749809157929783,1.6948120949090015,3.3219268204937316,3.3219268204937316,1.2398609764238182,2.33998682952984,2.33998682952984,1.5323840142231346,0.9617567441979843,0.912825799842875,1.5338681129602219,1.5338681129602219,1.5338681129602219,0.8931967104926677,2.145637426611906,2.2713808398861914,1.1123245838007525,2.145637426611906,2.2699463936480124,2.221986134196611,1.7159547249927616,1.0722501713004162,1.0722501713004162,1.8705226872741432,1.8705226872741432,1.8705226872741432,2.6313320522905737,2.992862536690084,2.992862536690084,1.372802175509679,1.6268870477270725,2.4696353158689694,1.6444143445770825,1.1650582244496277,1.952930853759746,1.4701199227012027,1.8958001995312825,0.9907669329445684,2.2717493324739992,2.2717493324739992,3.070782527045456,1.0962819035086029,1.0962819035086029,1.3731521210126012,2.2543586520013172,0.9546366722707895,0.9546366722707895,0.7565577302202159,1.676099716846374,1.676099716846374,0.919506705652621,3.089508768050206,0.7342659901956018,1.1709983200775653,1.133841437742308,2.8655404047363398,2.8655404047363398,2.8655404047363398,2.8655404047363398,1.5688618005054698,2.945069426902866,2.945069426902866,1.2485599535045329,1.2485599535045329,1.2485599535045329,1.019486567985673,2.945069426902866,1.2989318537436716,1.2989318537436716,1.9706536462133555,2.3419509668942857,2.094113815627472,2.323580693484242,2.1133017193766532,2.1133017193766532,5.1424635177251,5.1424635177251,3.1154828040399742,3.1154828040399742,3.1154828040399742,3.1154828040399742,1.5244966515049017,1.3618735358961656,2.471198671608618,2.471198671608618,2.471198671608618,1.3360742501370353,1.8464842922990625,1.7982743916043895,1.867894279430563,2.455913722980146,2.455913722980146,2.455913722980146,3.249053612833911,1.7914150209231217,0.5763739861551757,1.9016899395078348,2.391430329810512,0.6521670146880771,0.9827564534539819,0.7506784433531953,0.7506784433531953,1.4822421798203866,1.4822421798203866
Albizia ferruginea,2.2356785917213826,2.0798243553061635,0.0,2.0354665565205337,1.5016724961404162,0.9751615534769026,0.11989269052280008,2.906766565516878,3.3283889590020665,2.567050368651486,3.053698492970187,2.842633869747286,2.7152356076751394,3.3000000526978654,2.4221687652497903,1.621736134199316,2.454611400011108,1.3920984061924688,2.145528959134805,3.0468384632553493,4.393723706527389,2.258078172920046,1.802776180635734,2.339089325026445,1.658478113755879,1.658478113755879,2.6367110102705897,2.5321456450175526,2.5321456450175526,2.171568562888352,2.6735835408118183,2.0506573483428974,2.733677589038188,2.733677589038188,2.733677589038188,2.055463263727404,2.9628302391875905,3.5363632703490167,2.7393422104599305,2.9628302391875905,2.342681069848916,2.2890121482566657,3.3298530209934065,2.5707605738864987,2.5707605738864987,2.4676346538394704,2.4676346538394704,2.4676346538394704,3.2230073166349604,2.78535384434884,2.78535384434884,1.423658092810475,1.2950973233047354,2.6546496765291336,1.6253320801513724,2.7835251008119664,2.3843378062376317,2.095696480765215,1.9920498016949848,2.516011458630508,1.1646016165984672,1.1646016165984672,2.7767316804063933,2.586874738679714,2.586874738679714,2.8139486335454458,3.929558994779442,2.426386750577873,2.426386750577873,2.764225122578406,2.0686436563271995,2.0686436563271995,1.6922110563071808,2.399617797798296,2.134143448110595,1.475096493258202,2.7043343380361726,3.4759820352725437,3.4759820352725437,3.4759820352725437,3.4759820352725437,2.660439323955947,2.8176466972908307,2.8176466972908307,1.606071218513248,1.606071218513248,1.606071218513248,1.662579237226894,2.8176466972908307,3.2007681009967714,3.2007681009967714,2.5212465497060084,0.8295912306289375,2.5293276669732734,3.250763236682294,1.6704753551275116,1.6704753551275116,5.917312973907224,5.917312973907224,2.2574757387874493,2.2574757387874493,2.2574757387874493,2.2574757387874493,3.2676163660431436,3.0125711975323544,1.1094632130877058,1.1094632130877058,1.1094632130877058,1.796077210564757,1.254791472197245,1.2746628244034168,2.2353268417946515,1.4203338828386616,1.4203338828386616,1.4203338828386616,1.1972739780244717,0.5735054576527067,1.645226635785827,3.3114521570342754,2.084527443935447,2.010644923105469,2.287985277768414,1.4407768589920524,1.4407768589920524,2.932286508585589,2.932286508585589
Albizia zygia,1.9761012843378578,1.0690649286505682,2.0354665565205337,0.0,1.9815215591466926,1.9370796277550353,2.038467061413642,2.398460104306403,1.8018606624924896,0.8230827676538056,2.6692744085421403,2.4825287395767552,1.5333873877053903,2.306893413601601,2.3728621278330744,1.4007569195623948,1.6707127825583397,1.4373508453818733,2.770360781298619,1.7938231907104485,2.823724828439192,2.2878844806798053,3.155909612009085,0.9133006084460784,3.0127275472767687,3.0127275472767687,2.2387012668786412,2.2569557358388503,2.2569557358388503,1.7301309367006583,1.5117799248535904,1.566850392552962,1.522712721958351,1.522712721958351,1.522712721958351,1.6930742781564332,3.131789020867441,3.3212876236738658,1.463084084704137,3.131789020867441,3.0941672718873,3.051019708378251,1.9647058981949634,1.7157417972189162,1.7157417972189162,2.6448534693991936,2.6448534693991936,2.6448534693991936,2.634070417217572,2.8019333102198334,2.8019333102198334,1.5514613468914553,1.6919923141676971,3.0314197453598615,1.993725306221293,2.0924203398175285,2.2264739540859657,1.6039492894601883,1.7134848214505576,1.1707448025593878,2.330656613923789,2.330656613923789,3.3951512317143777,1.6035597695411454,1.6035597695411454,1.446005483142688,2.167776000435148,1.305010173511048,1.305010173511048,1.5607251681081582,1.286558252463102,1.286558252463102,1.3359399322792846,2.3545419475497305,1.1735373680718122,0.6890084726991832,1.5920613376453292,2.929810192302386,2.929810192302386,2.929810192302386,2.929810192302386,0.757131825804456,2.2182167482506117,2.2182167482506117,1.1934650521110959,1.1934650521110959,1.1934650521110959,1.7655219641072677,2.2182167482506117,1.650357979559188,1.650357979559188,2.624410832126273,2.061705618009923,1.2433427147737908,1.8354203387641486,2.018109189741006,2.018109189741006,4.253724409401841,4.253724409401841,2.8232622066892104,2.8232622066892104,2.8232622066892104,2.8232622066892104,1.5144459417796463,1.6413439154241674,1.9915865517554567,1.9915865517554567,1.9915865517554567,1.3382178129171298,2.1080733745978653,2.1067836902658303,2.1890468389798365,2.5521309184642775,2.5521309184642775,2.5521309184642775,3.0699048152508066,1.8747979617611883,1.1076587785141705,2.030083970804399,2.33421659817099,0.5533342576454067,1.1589570040182344,1.051316486091412,1.051316486091412,2.0985487173329673,2.0985487173329673
Alstonia boonei,3.0695598461695037,2.010057957090243,1.5016724961404162,1.9815215591466926,0.0,2.288118694104558,1.5926828405328155,2.6085711071605346,2.7250738393802574,2.173434607420821,3.5970882863732037,2.6606761869139044,3.0054032598349787,3.748291619545871,3.210002179633015,1.9602928064314875,1.9483452220397994,1.8765618354137508,3.061898121633484,3.002521864652679,3.418276065783072,2.5586946689316656,1.7643199420157905,2.72135527896634,2.9445195735147687,2.9445195735147687,2.8497820771991975,2.023526866608012,2.023526866608012,2.6946546212494367,2.8341645575165013,2.551393347534718,3.2367898849054257,3.2367898849054257,3.2367898849054257,1.8981194249816695,3.319119254665743,3.634417034908216,3.0345790872648544,3.319119254665743,3.008449459926241,2.913301345763988,2.775127412017313,2.960445386221402,2.960445386221402,2.6546027772374137,2.6546027772374137,2.6546027772374137,2.2658639132173555,1.8994746263564766,1.8994746263564766,0.6531127112203955,0.4281278716062223,3.6166864938034156,1.6602710469924824,2.61981876610785,1.5175556044821679,2.3304949134220854,1.3270436440402533,1.8899860903356813,2.5463732573383027,2.5463732573383027,3.929887815339624,2.9757031515080565,2.9757031515080565,3.181159381024276,4.047537313611696,1.8304856547084798,1.8304856547084798,2.7355265501768784,2.4983273233030587,2.4983273233030587,1.296347355524152,2.526987169978884,2.50535598641639,1.562340525152046,2.6936777524394513,2.126727326470157,2.126727326470157,2.126727326470157,2.126727326470157,2.5508599958951303,3.0159442545813624,3.0159442545813624,2.219764223592869,2.219764223592869,2.219764223592869,1.5323065440073653,3.0159442545813624,3.150949718967114,3.150949718967114,3.334659737902077,2.170474164707874,2.9717078125352483,3.3115564571452936,1.9546275767918968,1.9546275767918968,5.826308659904672,5.826308659904672,2.0744251298760377,2.0744251298760377,2.0744251298760377,2.0744251298760377,3.325392141016348,3.2917880163106554,2.2402467378153963,2.2402467378153963,2.2402467378153963,0.8552909968012715,2.0910091703404805,2.3811905209189836,1.7262204072708751,2.8003398193020845,2.8003398193020845,2.8003398193020845,2.0662421711372483,1.0514565793078796,1.9555348444059795,3.0278190551577855,1.0801323623997134,2.006305564207533,2.2204437461334443,1.8506831045965912,1.8506831045965912,3.1548943832720275,3.1548943832720275
Amphimas tetracoides,1.795896629788773,2.1686868092722285,0.9751615534769026,1.9370796277550353,2.288118694104558,0.0,0.9056963968260539,3.23588517756038,3.3464231696525477,2.61299882865343,2.872074010991508,3.163961768283961,2.4306490067014987,2.889318469707083,2.1726038069546085,1.7519181561078263,2.6088745233780757,1.5357102338810238,2.0979552257003977,2.9595334239558997,4.571843052881108,2.352307630952058,2.501881083945634,1.8314948721940962,1.427236190867575,1.427236190867575,2.676380474397414,2.999153610492685,2.999153610492685,2.0216365044218128,2.5410447231201467,1.8606154297350876,2.204733602512077,2.204733602512077,2.204733602512077,2.318754019952223,3.093041804377701,3.686828356928419,2.4171084433293295,3.093041804377701,2.5437529319262633,2.5339619931346813,3.5256074704707725,2.3131919487212103,2.3131919487212103,2.8040321068611553,2.8040321068611553,2.8040321068611553,3.6086143845452257,3.2681045640350668,3.2681045640350668,2.0694376984867153,2.012732222114899,2.4131669294239404,2.1533510916496725,3.001071183130772,2.9037681377512388,2.163605316652756,2.5071159653175568,2.722192967963147,0.6737166103298609,0.6737166103298609,2.437708355520262,2.3146292764837377,2.3146292764837377,2.37871619647752,3.5037265030169507,2.7314873817649477,2.7314873817649477,2.7269195724523034,1.6373307143958362,1.6373307143958362,2.078384046019451,2.2727016993280347,1.8983224704285349,1.5596310513385094,2.714387140913807,4.059062693555913,4.059062693555913,4.059062693555913,4.059062693555913,2.4767175844181963,2.4553991547559706,2.4553991547559706,1.245465800211717,1.245465800211717,1.245465800211717,2.15157545618042,2.4553991547559706,3.0051332075518107,3.0051332075518107,2.2968146259231053,0.4412589326287185,1.9585589926735616,3.0213567470905915,2.0034819464143467,2.0034819464143467,5.458445997822677,5.458445997822677,2.8022714083673925,2.8022714083673925,2.8022714083673925,2.8022714083673925,2.9581227298327946,2.6505425410804273,0.638829552003832,0.638829552003832,0.638829552003832,2.3057087073915747,1.510980987485311,1.1821942839782693,2.813752607279047,0.9050109198013129,0.9050109198013129,0.9050109198013129,1.7719890724559202,1.4266705311339718,1.6627671045506442,3.3920747178004835,2.7131629003916435,1.9819054498118338,2.3546503998732966,1.438697385785611,1.438697385785611,2.7306728805082323,2.7306728805082323
Aningeria robusta,2.1393510478907127,2.0804763940747186,0.11989269052280008,2.038467061413642,1.5926828405328155,0.9056963968260539,0.0,2.87737864290877,3.380806581837916,2.5697021982380046,2.9657214167817476,2.8053138921313843,2.684049117090723,3.259838921142959,2.3333482246120765,1.5866612615125233,2.4928637733938563,1.3375924856406893,2.0405140201995673,3.0410919912512617,4.434455013812606,2.2685989467427463,1.8718827582151507,2.3137416561070183,1.5747553734450184,1.5747553734450184,2.622061496312651,2.5257647554125215,2.5257647554125215,2.0964389097894864,2.6357478830718533,2.0171050414298444,2.690455857211592,2.690455857211592,2.690455857211592,2.089507313180133,2.9464959683977896,3.5262067193056117,2.7070539378078604,2.9464959683977896,2.3048314332494413,2.253939178610845,3.3254224728374346,2.5375638392603626,2.5375638392603626,2.4261272103713165,2.4261272103713165,2.4261272103713165,3.317304179147326,2.896475998989372,2.896475998989372,1.4905380747794614,1.3780781729772609,2.564033678478845,1.6020206296033614,2.767970645060753,2.4761903069451905,2.0401165875690355,2.010382839403197,2.556874638684604,1.095616617276288,1.095616617276288,2.6656948961289215,2.5401947858785743,2.5401947858785743,2.7768227983309988,3.8997777635337227,2.4414374960333403,2.4414374960333403,2.7497145652869803,2.076784449128384,2.076784449128384,1.7445751582824125,2.4576438025160434,2.1032732531121665,1.470783799333409,2.6687351323294894,3.570287100580728,3.570287100580728,3.570287100580728,3.570287100580728,2.6486136035476484,2.856260188774286,2.856260188774286,1.5941125477956142,1.5941125477956142,1.5941125477956142,1.6770210304954891,2.856260188774286,3.196835625963616,3.196835625963616,2.446529297532789,0.7478553159824199,2.4932520783142142,3.203833321999406,1.6201632530866026,1.6201632530866026,5.9033879779753,5.9033879779753,2.2531903808684475,2.2531903808684475,2.2531903808684475,2.2531903808684475,3.2425235177689906,2.97925317343054,1.0640675468348542,1.0640675468348542,1.0640675468348542,1.8619538016471953,1.1717391416711778,1.1827700497476095,2.2364801033945936,1.353568385606351,1.353568385606351,1.353568385606351,1.2252128396456732,0.6296545343498693,1.6226082808243607,3.2827272948670347,2.196042903278729,1.9994477883563309,2.2608726115059388,1.4186297105158336,1.4186297105158336,2.930675356239031,2.930675356239031
Annonidium manni,2.3232354697649567,2.2030869376275,2.906766565516878,2.398460104306403,2.6085711071605346,3.23588517756038,2.87737864290877,0.0,3.732421026039641,1.9312384019877522,1.9137798305618192,0.2613651510105199,2.7676751216907785,3.4637543142441007,2.3878283035127543,1.912759960497544,2.922564841587255,1.7590750216128852,2.270560696982519,2.8772970466878545,3.4949738300144335,3.3635557979886626,3.665245001479772,3.003401964686132,3.5684068288575035,3.5684068288575035,2.8804021564693456,0.9453490115492829,0.9453490115492829,1.7143675913755976,2.0746545191633388,2.6969912063570427,3.108106320522939,3.108106320522939,3.108106320522939,2.829887134660239,3.470207878288821,3.479833100242985,2.7850987456048677,3.470207878288821,3.1928302513518503,3.103340392584624,1.4609047932683574,2.8461235963215508,2.8461235963215508,1.7443474583115517,1.7443474583115517,1.7443474583115517,4.133946956865998,4.2862029198268665,4.2862029198268665,2.3197184278986405,2.5070730102979515,3.0626482839020337,1.407661947640342,1.8261273161040141,3.449424748303561,1.211541493140401,1.4654391738875763,2.5965113731581266,3.4741146823492817,3.4741146823492817,3.2955536487952957,2.4731085770019976,2.4731085770019976,2.947766042351514,3.4571785140766123,1.6183180468100626,1.6183180468100626,2.370961284669476,3.5358206466387214,3.5358206466387214,2.585752235335314,4.367893167769689,2.527382214302008,2.0848387446772634,1.506981713665844,3.7379733809342355,3.7379733809342355,3.7379733809342355,3.7379733809342355,2.3413973556514294,4.529348022732208,4.529348022732208,3.060284553788301,3.060284553788301,3.060284553788301,2.066314715726782,4.529348022732208,3.1049795593434424,3.1049795593434424,2.899469762635052,3.1102011896830652,3.0860195234666143,2.016312014426444,1.4932997266372763,1.4932997266372763,5.497143032627677,5.497143032627677,2.1598364721773224,2.1598364721773224,2.1598364721773224,2.1598364721773224,2.8071002198870967,2.950057848369259,3.2784789439096222,3.2784789439096222,3.2784789439096222,2.382767294621186,2.077653046046023,2.6291160959403093,1.0184369945267038,3.6944316316482966,3.6944316316482966,3.6944316316482966,3.6831448624262992,2.506647501646579,2.1815099890687293,1.1873960285929348,3.54393147376498,2.0320545057575092,1.3943651961745414,2.28192041513149,2.28192041513149,3.579384823506746,3.579384823506746
Anthocleista djalonensis,3.7086223991503284,2.1176918406829657,3.3283889590020665,1.8018606624924896,2.7250738393802574,3.3464231696525477,3.380806581837916,3.732421026039641,0.0,1.978843071811853,4.279372350866263,3.8885267657809552,2.468504510934821,3.007864644890855,3.9132706236699275,2.8508341074852406,2.41241005893298,3.0845719855397262,4.482287622099101,2.199380808325618,2.448286750544622,2.8383556590078873,4.090050232916768,2.2074343088251687,4.568461769630685,4.568461769630685,2.96583163917552,3.552157104699971,3.552157104699971,3.4046316684666404,2.708002555581314,2.704409498002942,2.579148612907362,2.579148612907362,2.579148612907362,2.1886929057967306,3.827823925044702,3.8125786737809784,2.422215964910899,3.827823925044702,4.17343702756038,4.133538353049301,2.7199682228351163,2.665080100548854,2.665080100548854,3.9287863531407496,3.9287863531407496,3.9287863531407496,1.6009032448164018,2.3050783361214253,2.3050783361214253,2.4274561771561918,2.53848683894905,4.46057205901212,3.4262621241238125,3.0133451139960856,1.9896380483757616,3.2584550954097775,2.940558101218064,1.3017170456732268,3.630564157141851,3.630564157141851,5.0015072571110695,2.8095728066183643,2.8095728066183643,2.4409713054703426,2.587172079982601,2.2026176405075573,2.2026176405075573,2.353241449790854,1.9714401688932726,1.9714401688932726,2.0044434250693106,2.6148324068801916,2.4153887132131597,2.346890448221721,2.8701372129705027,2.2199666245116645,2.2199666245116645,2.2199666245116645,2.2199666245116645,2.0251549398557476,2.2090080029635035,2.2090080029635035,2.331097590527781,2.331097590527781,2.331097590527781,2.8124021126228382,2.2090080029635035,1.8745267660986416,1.8745267660986416,3.9358614128838902,3.539212088776878,2.559464087590868,3.2112326685713093,3.6653279718151004,3.6653279718151004,4.333756006552204,4.333756006552204,4.19450992085707,4.19450992085707,4.19450992085707,4.19450992085707,2.228382064445823,2.473656538530293,3.402196516764486,3.402196516764486,3.402196516764486,1.9900433172601055,3.706986347392489,3.622621434646738,3.3983762134005606,3.808982419955324,3.808982419955324,3.808982419955324,4.245127951500879,3.115961696503074,2.50481368114011,3.150485957519474,2.3547582490678587,2.1016273550079436,2.6258731282607584,2.503277857549666,2.503277857549666,2.3596501097595293,2.3596501097595293
Anthocleista vogelii,2.240010068211938,1.360256067603733,2.567050368651486,0.8230827676538056,2.173434607420821,2.61299882865343,2.5697021982380046,1.9312384019877522,1.978843071811853,0.0,2.6158708339446335,2.084131439900523,1.8757064767854292,2.676047391369757,2.629332253635307,1.7012764907729685,1.673988920081325,1.699775123726516,2.9683796868935697,1.980572363622756,2.26577173005025,2.801719999445024,3.446014865351973,1.5173104229079921,3.478957558361343,3.478957558361343,2.5532719745641668,1.840637536590715,1.840637536590715,1.841759869922098,1.5756819690187203,2.0692820515806387,2.0051202529459045,2.0051202529459045,2.0051202529459045,2.097223215734276,3.4770246677702095,3.518567380261052,1.8094347569362679,3.4770246677702095,3.4771225574304747,3.417028628178104,1.326754554109861,2.1238292222824846,2.1238292222824846,2.6571940464859987,2.6571940464859987,2.6571940464859987,2.864936868964792,3.1423124480127695,3.1423124480127695,1.7958414166162664,1.9783750544161922,3.382855743840988,2.0222103936115796,2.0021742774299645,2.533095802341232,1.5349100392173387,1.4713553929546974,1.2674779167330754,3.015738743549844,3.015738743549844,3.7408545396945474,1.8837679095266782,1.8837679095266782,1.8347587136212553,2.2147562284439535,1.0023320035015029,1.0023320035015029,1.6678436105701637,2.090514338245327,2.090514338245327,1.7317250235433161,2.9441023807830367,1.6566444559287143,1.1105656369956851,1.394901090377039,2.866234144899383,2.866234144899383,2.866234144899383,2.866234144899383,0.6246405345951311,2.86659231060006,2.86659231060006,1.9718131651091249,1.9718131651091249,1.9718131651091249,1.98461968920952,2.86659231060006,1.8603276794811647,1.8603276794811647,2.9919245197284363,2.6498990474806403,1.6928818789716982,1.443426577052101,2.0214337853829805,2.0214337853829805,4.081886191566329,4.081886191566329,2.704455228279809,2.704455228279809,2.704455228279809,2.704455228279809,1.5656546136565304,1.9346182707990094,2.5966164181698645,2.5966164181698645,2.5966164181698645,1.5036940461214554,2.4058606315922586,2.5933743167980983,1.9411680080263285,3.248362442414427,3.248362442414427,3.248362442414427,3.5318300069479696,2.278497052416766,1.5533364674203332,1.4300953987291314,2.659914689103836,0.873779185502991,0.9735152191435684,1.5863645435426181,1.5863645435426181,2.5825719777446974,2.5825719777446974
Anthonotha macrophylla,1.209157845692105,2.4073251131596445,3.053698492970187,2.6692744085421403,3.5970882863732037,2.872074010991508,2.9657214167817476,1.9137798305618192,4.279372350866263,2.6158708339446335,0.0,1.758311468863473,2.2555579021209837,2.5972039089243255,1.0951324730581096,1.8947190979470667,3.7655355435363362,1.797063571637267,1.397623293408039,2.7532601724442816,4.6987910875212995,3.190221540072525,4.414948749909913,2.7411661605381927,3.2062579511323266,3.2062579511323266,2.5919520009319097,2.547790273736196,2.547790273736196,1.0127070607583886,1.7310482194985704,2.2254110447517577,2.3762279642083306,2.3762279642083306,2.3762279642083306,3.101892463379595,3.073873589015243,3.226540455570372,2.2632366237474058,3.073873589015243,2.724879754953663,2.7065731999876874,2.483393889057327,2.2672642488960055,2.2672642488960055,1.8118911668621316,1.8118911668621316,1.8118911668621316,4.983920292839311,5.144866480748434,5.144866480748434,3.1349691072869343,3.3182066052070276,1.7595552897022224,2.101629501779931,2.113817747340803,4.223339395060293,1.3201748931588326,2.761496030141104,3.2573467492040873,2.9410780698615837,2.9410780698615837,1.8433635561575559,1.8040103021776968,1.8040103021776968,2.3340781748000254,2.9571061282514197,2.563634688456358,2.563634688456358,2.304643903388298,3.3447916588282056,3.3447916588282056,3.113490730166926,4.651600200330894,2.1552681788768084,2.4521464344730193,1.5715170302095822,4.998002332003265,4.998002332003265,4.998002332003265,4.998002332003265,2.6082208004439664,4.585316519916147,4.585316519916147,2.7953255322236954,2.7953255322236954,2.7953255322236954,2.5498324588598518,4.585316519916147,2.9652560661130334,2.9652560661130334,1.7864833551010335,2.8825425347643585,2.760666996655187,2.025984789215429,2.0317056211939444,2.0317056211939444,5.533524636679694,5.533524636679694,3.218889956380253,3.218889956380253,3.218889956380253,3.218889956380253,2.5096141775109833,2.366676114214009,3.115593858135941,3.115593858135941,3.115593858135941,3.28886296943293,1.9172572657788765,2.0768040276432593,2.4246787448164047,3.052283058586529,3.052283058586529,3.052283058586529,3.946939929261816,2.9464470169709798,2.1370730696454823,1.9137317578094062,4.4218526628198465,2.2462517184157855,1.7785730796841426,2.240544849723274,2.240544849723274,3.2190230549055943,3.2190230549055943
Artocarpus communis,2.212485707076584,2.253267578488048,2.842633869747286,2.4825287395767552,2.6606761869139044,3.163961768283961,2.8053138921313843,0.2613651510105199,3.8885267657809552,2.084131439900523,1.758311468863473,0.0,2.786864143737966,3.4574934682019878,2.243207164561707,1.871437751787289,3.043755938441703,1.6914778799064043,2.056947574612482,2.9398668683354834,3.7341246011630527,3.3424600539458234,3.646841523399524,3.0479982060862367,3.4403899283071646,3.4403899283071646,2.85955273632493,1.041492098286764,1.041492098286764,1.6196830107681355,2.0949526991764427,2.667984830668682,3.116803146695439,3.116803146695439,3.116803146695439,2.864693991489561,3.3987353915265466,3.4448460028542733,2.8099436750943365,3.3987353915265466,3.0607152867367624,2.9728233004085727,1.6636070384439288,2.838338093816028,2.838338093816028,1.6054153096665391,1.6054153096665391,1.6054153096665391,4.26879771000791,4.388004824530489,4.388004824530489,2.368545018602391,2.547588979877662,2.8909866105727025,1.3237071838038066,1.8482903046215942,3.538055440017133,1.1506389701827866,1.5607170823612488,2.729139200210526,3.3756812188655094,3.3756812188655094,3.090445249667016,2.4603299660610043,2.4603299660610043,2.9738564012574082,3.5406234671897137,1.7599390806063016,1.7599390806063016,2.42420276912469,3.568422321607046,3.568422321607046,2.64141140384559,4.423402570699284,2.531210356613743,2.124068663530877,1.5494364236851275,3.9028472761749025,3.9028472761749025,3.9028472761749025,3.9028472761749025,2.4585553018283792,4.595908500931301,4.595908500931301,3.0570920578867358,3.0570920578867358,3.0570920578867358,2.0565522390729383,4.595908500931301,3.190188274573339,3.190188274573339,2.769404783827855,3.029694787484841,3.1242690851890025,2.0972390526422764,1.3967010361410648,1.3967010361410648,5.638855102797602,5.638855102797602,2.132635175570045,2.132635175570045,2.132635175570045,2.132635175570045,2.8913500745065885,2.982701765361,3.2250060403729006,3.2250060403729006,3.2250060403729006,2.4806775107849925,1.9346493547920462,2.502246856376143,1.0451601336974665,3.5881268891178113,3.5881268891178113,3.5881268891178113,3.6022262299435424,2.46561331727203,2.1742674026162354,1.3427752623806044,3.623048701508163,2.096033766082743,1.4581778641479555,2.270363025835563,2.270363025835563,3.604013082367811,3.604013082367811
Bambusa vulgaris,1.894869327986107,1.0537973216685284,2.7152356076751394,1.5333873877053903,3.0054032598349787,2.4306490067014987,2.684049117090723,2.7676751216907785,2.468504510934821,1.8757064767854292,2.2555579021209837,2.786864143737966,0.0,0.829036781715349,1.718428178674169,1.4090780310780235,3.201955062374568,1.8119221497888869,2.7024915729310104,0.7852959596117219,3.9045227573112307,1.705301763880485,4.297429014645057,1.603664629772155,3.631445441267211,3.631445441267211,1.251388992023784,3.1045544518944888,3.1045544518944888,1.606861546154471,0.7344426362337719,0.8143064885885511,0.7502769406761023,0.7502769406761023,0.7502769406761023,1.6095467121605536,2.1878269518092446,2.2602841789786,0.16997103873217262,2.1878269518092446,2.477093872231966,2.480436638415358,2.1609981155324727,0.3969421194514571,0.3969421194514571,2.3052530038056838,2.3052530038056838,2.3052530038056838,3.3464036986989147,3.793285444328026,3.793285444328026,2.3821052689130218,2.606022083661125,2.236095815568906,2.4134515507349756,1.5741170237327775,2.8097481478218786,1.8643140684085464,2.7767799133077857,1.7537988391694856,2.4524682747346622,2.4524682747346622,2.8791802597277405,0.463389976988632,0.463389976988632,0.5446643364590283,1.5109446547873442,1.8227019636814696,1.8227019636814696,0.7162877299708975,1.7262421625767852,1.7262421625767852,1.8662946911158471,3.5177026929895536,0.5856016861969505,1.8367461379517347,1.310244491692339,3.760352800560931,3.760352800560931,3.760352800560931,3.760352800560931,1.766700935349024,3.117839937270482,3.117839937270482,1.4069837830115297,1.4069837830115297,1.4069837830115297,1.9150944617517949,3.117839937270482,0.8656233815116365,0.8656233815116365,1.6923259277855867,2.712016569463351,1.9768772395868437,2.318504144885609,2.7284354988263497,2.7284354988263497,4.933443521880295,4.933443521880295,3.8830215905889456,3.8830215905889456,3.8830215905889456,3.8830215905889456,0.9639268777453527,0.3934251538966818,2.8216736599173187,2.8216736599173187,2.8216736599173187,2.3377364099768254,2.3250557202071085,2.0466965030785866,2.7245149392085812,2.5536528007307395,2.5536528007307395,2.5536528007307395,3.9013166463534583,2.5975176461372578,1.1635452921140157,2.1528262370119218,3.3000447111050453,1.2171072541038768,1.4723832784334716,1.3162152014440596,1.3162152014440596,1.0968101975878735,1.0968101975878735
Baphia nitida,2.316864865226009,1.8250803251727579,3.3000000526978654,2.306893413601601,3.748291619545871,2.889318469707083,3.259838921142959,3.4637543142441007,3.007864644890855,2.676047391369757,2.5972039089243255,3.4574934682019878,0.829036781715349,0.0,1.9756868248522064,2.0865630085282842,3.9690054306250633,2.494894389962812,3.1042061982992983,1.2041000437511395,4.609432254452292,1.94088601573484,4.9804865058383925,2.1633591232149056,4.091230531431666,4.091230531431666,1.4857354007021837,3.8850185105817783,3.8850185105817783,2.1745044111692984,1.4052897073988708,1.3021432766051753,1.0413906159629522,1.0413906159629522,1.0413906159629522,2.160724128962676,2.200251796530733,2.2390959621586903,0.8742717423861679,2.200251796530733,2.645936256089587,2.6863381992524693,2.851509597137252,0.8135860743333638,0.8135860743333638,2.772184031365363,2.772184031365363,2.772184031365363,3.9029518052848635,4.400242655304467,4.400242655304467,3.120827383175005,3.333303903970173,2.271644138249036,3.1044069142072184,2.122013144790657,3.4018298427786773,2.552609948505436,3.588446864822563,2.476183133557483,2.778394467724757,2.778394467724757,2.9649204727168565,1.032617433774562,1.032617433774562,0.984558810891977,1.6067300361195673,2.616303936203257,2.616303936203257,1.3682114284882623,2.1658474194603463,2.1658474194603463,2.555823285142679,4.0560327749242795,1.304822767043039,2.6132050822567012,1.9865618061380974,4.4264579621118045,4.4264579621118045,4.4264579621118045,4.4264579621118045,2.4943311901031113,3.534872226089797,3.534872226089797,1.92192693886346,1.92192693886346,1.92192693886346,2.5683616274488745,3.534872226089797,1.2606623260124035,1.2606623260124035,1.7480681331840813,3.22805497486212,2.4961956484832863,2.924339557289673,3.4303853186531854,3.4303853186531854,5.277585286233466,5.277585286233466,4.6372279624430455,4.6372279624430455,4.6372279624430455,4.6372279624430455,1.4313649892264846,0.7811917744082928,3.355145812512474,3.355145812512474,3.355145812512474,3.106696324967922,2.883260840363951,2.470215299639909,3.46491082204599,2.8002601230635946,2.8002601230635946,2.8002601230635946,4.466253832873029,3.2566715549588623,1.8811763992014732,2.8058014524746113,3.9598739924531743,2.0372187876437238,2.25441693823884,2.0145654644997832,2.0145654644997832,1.1184950877758209,1.1184950877758209
Blighia sapida,1.020234298248606,1.9237090956007945,2.4221687652497903,2.3728621278330744,3.210002179633015,2.1726038069546085,2.3333482246120765,2.3878283035127543,3.9132706236699275,2.629332253635307,1.0951324730581096,2.243207164561707,1.718428178674169,1.9756868248522064,0.0,1.3337750670399142,3.6906016433853415,1.405194365469569,1.1852750090549893,2.279153259758051,4.881207927476929,2.2815435392182204,4.058091542187626,2.4040969594795083,2.803396594401598,2.803396594401598,1.830876829982735,2.83839401707592,2.83839401707592,0.8943582961757992,1.4689281773442515,1.4031648711121811,1.862526173026792,1.862526173026792,1.862526173026792,2.411899148290993,2.210456220567114,2.560548002924093,1.7704705322051861,2.210456220567114,1.8142838167274482,1.823395047247679,2.7343302495112485,1.562260191388008,1.562260191388008,1.53250704856788,1.53250704856788,1.53250704856788,4.46923649646586,4.599506454143321,4.599506454143321,2.6914138404203065,2.8585326366563724,0.8404010261300341,1.8951135819873957,1.8693154201287943,3.6385031998901947,1.408409350324033,2.7795450118361447,2.900153786888651,2.0546079785751115,2.0546079785751115,1.282235953840241,1.2832861518111434,1.2832861518111434,1.8925144150257833,2.8579119254884993,2.444464361472495,2.444464361472495,1.9116030646663777,2.68231437230762,2.68231437230762,2.543940937521383,4.14023604829031,1.5313783895533417,2.1428710044699772,1.6121400579266358,4.673360537810082,4.673360537810082,4.673360537810082,4.673360537810082,2.5945601590318446,4.039738823767005,4.039738823767005,2.0507820587324317,2.0507820587324317,2.0507820587324317,2.008403606792498,4.039738823767005,2.5570861314704563,2.5570861314704563,0.7536855384942422,2.2969171399229613,2.5559923712186374,2.514700111353063,2.062521739024909,2.062521739024909,5.806486787839991,5.806486787839991,3.350641171222255,3.350641171222255,3.350641171222255,3.350641171222255,2.355879593623201,1.94093770235911,2.6002502432514136,2.6002502432514136,2.6002502432514136,2.91901218082772,1.409839211824755,1.2270673768230087,2.457818503453092,2.122178315469979,2.122178315469979,2.122178315469979,3.4170150322172974,2.4013628532820257,1.534697103465361,2.388654228859727,3.891832700249977,1.942715771760751,1.7591813950720008,1.619235361705482,1.619235361705482,2.4552213108066683,2.4552213108066683
Blighia unijigata,1.4989254034028388,0.8260096567637032,1.621736134199316,1.4007569195623948,1.9602928064314875,1.7519181561078263,1.5866612615125233,1.912759960497544,2.8508341074852406,1.7012764907729685,1.8947190979470667,1.871437751787289,1.4090780310780235,2.0865630085282842,1.3337750670399142,0.0,2.6801201151624454,0.5649335085005293,1.74013355343311,1.707330159879443,3.883795390184174,1.6195520517941284,3.152936226202467,1.876913429706118,2.7035104986771876,2.7035104986771876,1.3992616752499734,2.0647289137809364,2.0647289137809364,0.9835807924245563,1.1318389103610926,0.9107447661410819,1.7452942797518995,1.7452942797518995,1.7452942797518995,1.313946000780945,2.0619419549602847,2.3760144432616674,1.4712815643872068,2.0619419549602847,1.8071422145376803,1.7512568627801743,2.019535963212521,1.3006740132518069,1.3006740132518069,1.3365802484725648,1.3365802484725648,1.3365802484725648,3.2074617776155967,3.3348961440845555,3.3348961440845555,1.3859108619034228,1.5881460398394731,1.8738928258838015,1.0503182569533818,1.2625639040425045,2.3687921192403922,0.9738759242762579,1.7306236468681149,1.7164395108750712,1.8086667928960172,1.8086667928960172,2.3673227108162713,1.175530796251833,1.175530796251833,1.6830647029253654,2.7225181276467674,1.3209084591354965,1.3209084591354965,1.2917309433158293,1.9566771556210845,1.9566771556210845,1.257033450384157,3.2314141471121385,0.9309448697507232,1.0895345086179091,1.1667210207573664,3.3558556711990897,3.3558556711990897,3.3558556711990897,3.3558556711990897,1.8743625946509082,3.2409352845117745,3.2409352845117745,1.318713896968182,1.318713896968182,1.318713896968182,0.8183921253679126,3.2409352845117745,1.9890246699402576,1.9890246699402576,1.5061466804123387,1.849288866391616,2.1714509957819277,2.3107886403300513,1.5115098108362086,1.5115098108362086,5.474861762710588,5.474861762710588,2.6659753842813783,2.6659753842813783,2.6659753842813783,2.6659753842813783,2.009663223581022,1.7456782404528464,2.0941793620765634,2.0941793620765634,2.0941793620765634,1.5939398276103365,1.0435486326983285,1.088130864447005,1.5583134747436833,2.003167816346474,2.003167816346474,2.003167816346474,2.7689356632450552,1.3770301293168208,0.4121239970808645,1.9761629349287406,2.6107512402460182,0.9458768853529567,0.9676652415398617,0.5306464327807009,0.5306464327807009,1.9734008406678691,1.9734008406678691
Bombax buonopozense,3.0484624095918984,2.5560651462712576,2.454611400011108,1.6707127825583397,1.9483452220397994,2.6088745233780757,2.4928637733938563,2.922564841587255,2.41241005893298,1.673988920081325,3.7655355435363362,3.043755938441703,3.201955062374568,3.9690054306250633,3.6906016433853415,2.6801201151624454,0.0,2.432790106008613,3.610443904706488,3.3851438722647402,2.308904249745625,3.6534601492997703,2.470951742741295,2.0751199174610506,3.1306976208657202,3.1306976208657202,3.7640409893107205,2.2581047128277865,2.2581047128277865,2.9138538654760713,3.062168390448875,3.127667496522209,3.095455036451319,3.095455036451319,3.095455036451319,2.9485650335190967,4.551783866980419,4.783964164855877,3.1265416924001714,4.551783866980419,4.318891661893399,4.251212756394105,2.835402924082715,3.368174679584806,3.368174679584806,3.726590047500837,3.726590047500837,3.726590047500837,2.854241950748164,2.5667623715094674,2.5667623715094674,2.0639557917126634,2.005441365570053,4.3445731700409675,2.660658062257795,3.410191655598188,2.731628447371571,2.573151485980866,1.6956726842194794,2.232197847256143,3.200467572915447,3.200467572915447,4.478842066856379,3.2225423813312575,3.2225423813312575,3.062417630101302,3.5519662517841026,2.2761544710478456,2.2761544710478456,3.136495725296587,2.4099544568734173,2.4099544568734173,2.3296441362462272,1.9579063153197604,2.801347486316697,1.6149536108259954,2.91830348919849,2.864725897385208,2.864725897385208,2.864725897385208,2.864725897385208,1.7415273429470846,2.3385910078772323,2.3385910078772323,2.512023282552754,2.512023282552754,2.512023282552754,2.801315485850321,2.3385910078772323,3.2116985888876264,3.2116985888876264,4.059060756809152,2.4923084216546876,2.066271849188176,2.4743315714438974,2.32891856033315,2.32891856033315,4.057103526350821,4.057103526350821,2.283419167441486,2.283419167441486,2.283419167441486,2.283419167441486,3.009338422064665,3.2848109306848063,2.233127136408667,2.233127136408667,2.233127136408667,1.7955806631501967,2.923600764225911,3.157579800437193,2.6439222264416697,3.459994082947777,3.459994082947777,3.459994082947777,2.919496359933536,2.315094646887903,2.5316515462930536,2.9156436304970215,2.282098218413828,2.076830341034184,2.3614637185267795,2.4006157577538936,2.4006157577538936,3.6710109032749245,3.6710109032749245
Bosqueia angolensis,1.2645752535835229,1.263045403730596,1.3920984061924688,1.4373508453818733,1.8765618354137508,1.5357102338810238,1.3375924856406893,1.7590750216128852,3.0845719855397262,1.699775123726516,1.797063571637267,1.6914778799064043,1.8119221497888869,2.494894389962812,1.405194365469569,0.5649335085005293,2.432790106008613,0.0,1.4399191367392854,2.201412046572041,3.865154092672079,2.1015374656228007,2.818509511253726,1.854474723330598,2.2631684633636806,2.2631684633636806,1.9542753905125003,1.7674640861789375,1.7674640861789375,0.8618507778152714,1.4804699845046645,1.358062330898677,1.975130370377294,1.975130370377294,1.975130370377294,1.773681536875276,2.544494259025822,2.9035617432419074,1.8343345059255811,2.544494259025822,2.1006089131488994,2.040583207281373,2.1741413841025774,1.7538623133666025,1.7538623133666025,1.5152530428493867,1.5152530428493867,1.5152530428493867,3.4420159103027794,3.4160898255989287,3.4160898255989287,1.436057917350791,1.5707883716216444,1.9936195910591623,0.8457675136096808,1.6941174007104423,2.6238575236909316,0.7379843252685271,1.471011615490751,2.0112586155554633,1.73250300951569,1.73250300951569,2.264381685903792,1.536254432782271,1.536254432782271,1.9571205901212896,2.9716679440640985,1.5200717099328593,1.5200717099328593,1.7644727191704148,2.0891891860074887,2.0891891860074887,1.5381490322652476,3.107441108436727,1.300585594117673,0.9168055308211995,1.3879890610771088,3.5296919437630496,3.5296919437630496,3.5296919437630496,3.5296919437630496,1.841866607549014,3.231199120602305,3.231199120602305,1.4845133445247556,1.4845133445247556,1.4845133445247556,1.1436273690517278,3.231199120602305,2.4038829013867122,2.4038829013867122,1.770862461100018,1.5161158913956916,2.0428105224607145,2.135209345267734,0.9952821653809996,0.9952821653809996,5.357366258850703,5.357366258850703,2.1932468970628443,2.1932468970628443,2.1932468970628443,2.1932468970628443,2.2722185666495793,2.093944644294582,1.757657029597846,1.757657029597846,1.757657029597846,1.6734450982107747,0.7186215455755375,1.006780563521854,1.4494836875632893,1.9592531205499915,1.9592531205499915,1.9592531205499915,2.4436242091747395,1.1977801556290322,0.805910002160349,2.014673409062087,2.6724855981312263,1.0971435975046253,1.037576913854876,0.7646865406013709,0.7646865406013709,2.4646052462578174,2.4646052462578174
Brachystegia eurycoma,1.26191349210212,2.5402537671328984,2.145528959134805,2.770360781298619,3.061898121633484,2.0979552257003977,2.0405140201995673,2.270560696982519,4.482287622099101,2.9683796868935697,1.397623293408039,2.056947574612482,2.7024915729310104,3.1042061982992983,1.1852750090549893,1.74013355343311,3.610443904706488,1.4399191367392854,0.0,3.22528341683328,5.117264704446877,2.9573083220635663,3.4686411686740155,2.879767141904348,2.0964066599538085,2.0964066599538085,2.7092033026197315,2.5024023960631663,2.5024023960631663,1.2974373273502338,2.3436038351558452,2.23708181100519,2.7620673190211624,2.7620673190211624,2.7620673190211624,2.9677450495994258,2.9355074125051255,3.3883327570130612,2.7348894657872114,2.9355074125051255,2.158131224149735,2.1310859492852843,3.1708151918014247,2.5666973982607852,2.5666973982607852,1.7028924016926128,1.7028924016926128,1.7028924016926128,4.831555800852751,4.714415274407405,4.714415274407405,2.739168713674504,2.8211748386274182,1.4446848219689055,1.6475473185619613,2.517390078706686,3.9322182632321527,1.5080389994211276,2.5663180706242383,3.4123943545269504,2.075530502752504,2.075530502752504,1.1846007469249822,2.283513358609681,2.283513358609681,2.818361145158474,3.799864852352581,2.808190594446585,2.808190594446585,2.7870617898445484,3.1968217468189937,3.1968217468189937,2.8872058280767106,4.182507259031036,2.3329675500112086,2.2773316870211016,2.2473578132344634,4.887882503806146,4.887882503806146,4.887882503806146,4.887882503806146,3.0046885252058444,4.338947003097183,4.338947003097183,2.554024143091931,2.554024143091931,2.554024143091931,2.2569446762651166,4.338947003097183,3.4881183805315064,3.4881183805315064,1.7007606574217067,1.9951189315936697,2.919188271841543,2.7772833139459765,1.503059914232561,1.503059914232561,6.1614215627761135,6.1614215627761135,2.6161834890677844,2.6161834890677844,2.6161834890677844,2.6161834890677844,3.2322662280904626,2.9426720253162237,2.3509165587353964,2.3509165587353964,2.3509165587353964,3.0669223662639022,1.0125422331775111,1.2578187249394432,2.275908642826848,2.1842308475739807,2.1842308475739807,2.1842308475739807,2.809436766683742,2.1746584040667765,2.0521100663052487,2.768502951784315,3.936538959159967,2.423988711422737,2.1648821161782275,2.03889093176156,2.03889093176156,3.406116338833654,3.406116338833654
Bridelia ferruginea,2.577381452256017,1.0711745123756615,3.0468384632553493,1.7938231907104485,3.002521864652679,2.9595334239558997,3.0410919912512617,2.8772970466878545,2.199380808325618,1.980572363622756,2.7532601724442816,2.9398668683354834,0.7852959596117219,1.2041000437511395,2.279153259758051,1.707330159879443,3.3851438722647402,2.201412046572041,3.22528341683328,0.0,3.732143399073979,1.628729146008711,4.514920792269611,2.12425825670374,4.202941986499645,4.202941986499645,1.118209838256207,3.2278351693684764,3.2278351693684764,2.134254435292126,1.0632513661136789,1.2395075416914014,1.4590237044214858,1.4590237044214858,1.4590237044214858,1.3948705023760726,2.0847077937806695,1.9343242490823527,0.881379102670847,2.0847077937806695,2.6281203126080555,2.6154787164430466,1.9839239139773819,0.8905279926675546,0.8905279926675546,2.404829686488824,2.404829686488824,2.404829686488824,2.9741548402453013,3.619332970323575,3.619332970323575,2.3672260587487526,2.6233632094467394,2.7319895159525704,2.5968769217983634,1.3815634423662073,2.5060405711805127,2.2378686963180847,2.880182310434303,1.4616847813425595,2.952691571014853,2.952691571014853,3.478952458992864,1.102531024179734,1.102531024179734,1.2092948690139946,1.7178750304533517,1.6771894465833534,1.6771894465833534,0.5233285266148162,2.0704944006757433,2.0704944006757433,1.774001894592039,3.7653119126533876,1.1221127724986588,2.1489869499889376,1.4836840165643441,3.3371519733674777,3.3371519733674777,3.3371519733674777,3.3371519733674777,2.0497450337373384,3.366377745603255,3.366377745603255,1.8307788501885711,1.8307788501885711,1.8307788501885711,1.8979933425384892,3.366377745603255,0.582834126889913,0.582834126889913,2.148105184361798,3.222956726499437,2.5406580501328433,2.719716502202983,3.084706611369726,3.084706611369726,5.2036375848093215,5.2036375848093215,4.144242559065918,4.144242559065918,4.144242559065918,4.144242559065918,1.200748920172234,0.9400389869297887,3.3367373241688703,3.3367373241688703,3.3367373241688703,2.2550903347703164,2.729619499345986,2.532396127636284,2.74612077711607,3.0644678272153625,3.0644678272153625,3.0644678272153625,4.237186085587752,2.815283136726002,1.4802988021493153,2.2157994951561655,3.1703854729630634,1.4798004785466077,1.6956498939647984,1.669107352311835,1.669107352311835,0.9585223820948774,0.9585223820948774
Carica papaya,4.429246883262109,3.3954751245074055,4.393723706527389,2.823724828439192,3.418276065783072,4.571843052881108,4.434455013812606,3.4949738300144335,2.448286750544622,2.26577173005025,4.6987910875212995,3.7341246011630527,3.9045227573112307,4.609432254452292,4.881207927476929,3.883795390184174,2.308904249745625,3.865154092672079,5.117264704446877,3.732143399073979,0.0,4.677103535230315,4.5085856826600805,3.335663927828534,5.292016641112579,5.292016641112579,4.5191893631833615,3.157538112149818,3.157538112149818,4.066506125673961,3.6903077415949714,4.2120351867119945,4.002381564677478,4.002381564677478,4.002381564677478,3.842292221891876,5.43233417955505,5.311885855521633,3.828463303680377,5.43233417955505,5.5678924311415265,5.492980325611669,2.666904135191878,4.195985963195314,4.195985963195314,4.655886305933611,4.655886305933611,4.655886305933611,3.2096102937521676,3.580840447069687,3.580840447069687,3.3709614848475185,3.4638009711272004,5.6390025152430905,3.938283469210319,3.8752890204484953,3.5398618840054406,3.673563772187196,2.9062282735672813,2.6737452740908756,5.0574580798508375,5.0574580798508375,5.9845632137575455,4.034475174231829,4.034475174231829,3.8143525677838324,3.6221324707688907,2.7602058470590882,2.7602058470590882,3.6044943740431847,3.7732922214073965,3.7732922214073965,3.416134224154406,3.799727964706661,3.8073589330854625,3.144038319295448,3.4626196505562827,2.8530721510621677,2.8530721510621677,2.8530721510621677,2.8530721510621677,2.490224370856745,3.7763008882418547,3.7763008882418547,3.9535198384861507,3.9535198384861507,3.9535198384861507,3.8871915233606984,3.7763008882418547,3.4726545846655346,3.4726545846655346,5.226728584450062,4.551976272855383,3.3932442727341905,3.0158891330666595,3.8758301002521347,3.8758301002521347,3.6737362184341444,3.6737362184341444,3.8881880045780375,3.8881880045780375,3.8881880045780375,3.8881880045780375,3.2901745165170673,3.8645844162045333,4.366436360502846,4.366436360502846,4.366436360502846,2.9074271164135443,4.515723708810988,4.778390609237629,3.5321940557983553,5.3031194168945515,5.3031194168945515,5.3031194168945515,5.065173844751303,4.062907480325944,3.723469382101882,3.01171657649382,3.5203299396976764,3.077091856993469,3.1554387166406728,3.73688302284422,3.73688302284422,4.345465491717332,4.345465491717332
Cassia saimen,2.771255395382152,1.472780901487928,2.258078172920046,2.2878844806798053,2.5586946689316656,2.352307630952058,2.2685989467427463,3.3635557979886626,2.8383556590078873,2.801719999445024,3.190221540072525,3.3424600539458234,1.705301763880485,1.94088601573484,2.2815435392182204,1.6195520517941284,3.6534601492997703,2.1015374656228007,2.9573083220635663,1.628729146008711,4.677103535230315,0.0,3.8339789740958343,2.6203421883409614,3.605299538697876,3.605299538697876,0.9026936443305358,3.504547961558947,3.504547961558947,2.4403783603618088,2.0052826772100056,1.146017228231372,2.143298071551825,2.143298071551825,2.143298071551825,0.8851499437989736,1.1797139160385148,1.6303503372456016,1.8378347855541943,1.1797139160385148,1.5445199233881377,1.5445199233881377,3.0452248319088753,1.3883414106237648,1.3883414106237648,2.226944353248206,2.226944353248206,2.226944353248206,2.8434925568165212,3.153376631161558,3.153376631161558,2.003505868290766,2.1561593670424997,2.3190073274371534,2.3853134015695394,1.9052859636776005,2.0193659513382594,2.5765807399887555,3.0225816985626563,2.013058648936051,2.050961783173719,2.050961783173719,3.0773101735280064,1.8113319906021053,1.8113319906021053,2.114715754239285,3.1187006357742706,2.277059912451684,2.277059912451684,1.6796543373772252,2.0110716514150466,2.0110716514150466,1.4582804003205547,3.474924637908216,1.5179464465002028,2.2739526037562126,2.3535289309572422,3.353424025205386,3.353424025205386,3.353424025205386,3.353424025205386,2.9191257494699707,3.30245039544583,3.30245039544583,1.5557612729431884,1.5557612729431884,1.5557612729431884,1.4687126912233024,3.30245039544583,1.9995867598857804,1.9995867598857804,1.821513107616913,2.6377701255646735,3.060758704969839,3.682404064925534,3.02309974297632,3.02309974297632,6.313942241367026,6.313942241367026,4.014932580661885,4.014932580661885,4.014932580661885,4.014932580661885,2.5666559168330836,2.0542466183168515,2.876330446490879,2.876330446490879,2.876330446490879,2.1797464259786006,2.2627157317289313,1.8840963867400746,2.80710107881433,2.1062436771395268,2.1062436771395268,2.1062436771395268,3.33834317427326,2.1327620288376434,1.4750546545512193,3.2484931245381765,2.616210543236802,2.019582008368136,2.352744433171781,1.5372340944871978,1.5372340944871978,1.170548707134443,1.170548707134443
Ceiba pentandra,3.6891422442261703,3.4749809157929783,1.802776180635734,3.155909612009085,1.7643199420157905,2.501881083945634,1.8718827582151507,3.665245001479772,4.090050232916768,3.446014865351973,4.414948749909913,3.646841523399524,4.297429014645057,4.9804865058383925,4.058091542187626,3.152936226202467,2.470951742741295,2.818509511253726,3.4686411686740155,4.514920792269611,4.5085856826600805,3.8339789740958343,0.0,3.5633843019541267,2.3440890868611444,2.3440890868611444,4.2458618810554185,2.88851068574333,2.88851068574333,3.609562792888158,4.155780045254629,3.7411264618897593,4.298194725368297,4.298194725368297,4.298194725368297,3.41568922173504,4.559447977777554,5.0624912057926785,4.299805021326154,4.559447977777554,3.924341334076664,3.845425319598602,4.254510477996411,4.227467043348321,4.227467043348321,3.78241651322128,3.78241651322128,3.78241651322128,3.6043264766067327,2.734588801881564,2.734588801881564,2.2812345504144558,2.009116024964499,4.344783310780872,2.6794692826260307,4.123130221470193,3.029133175598107,3.318693947767486,2.401442771208642,3.5073892732844687,2.8375632712349774,2.8375632712349774,4.309565371923288,4.195580357352882,4.195580357352882,4.347364696422889,5.2999841153023475,3.406089959340959,3.406089959340959,4.218766359781117,3.384848043235419,3.384848043235419,2.8562103233172755,2.586341023321794,3.7234843049033803,2.6136080246363864,4.020980895887632,3.55404971264975,3.55404971264975,3.55404971264975,3.55404971264975,3.6382032024076745,3.4417238964526686,3.4417238964526686,3.173951453223764,3.173951453223764,3.173951453223764,2.9697259636898066,3.4417238964526686,4.605591145234161,4.605591145234161,4.265118817250446,2.1777770239046816,3.6339722497152107,4.187106856260014,2.4745755422419635,2.4745755422419635,6.378158693674745,6.378158693674745,1.9548611212053801,1.9548611212053801,1.9548611212053801,1.9548611212053801,4.629119384679003,4.5595697084891835,2.156001094998925,2.156001094998925,2.156001094998925,2.5131239426059246,2.7088342416287787,3.002809873540411,2.926635870850135,3.059162800573839,3.059162800573839,3.059162800573839,1.1282330943553802,1.8395818937288542,3.1929411857928747,4.306310026437412,2.2278010940278654,3.29497338517162,3.4960052659106644,3.0038711436279546,3.0038711436279546,4.508716130047155,4.508716130047155
Celtis zenkeri,1.8164282929246798,1.6948120949090015,2.339089325026445,0.9133006084460784,2.72135527896634,1.8314948721940962,2.3137416561070183,3.003401964686132,2.2074343088251687,1.5173104229079921,2.7411661605381927,3.0479982060862367,1.603664629772155,2.1633591232149056,2.4040969594795083,1.876913429706118,2.0751199174610506,1.854474723330598,2.879767141904348,2.12425825670374,3.335663927828534,2.6203421883409614,3.5633843019541267,0.0,2.905840765646412,2.905840765646412,2.59495411976258,2.92706058948009,2.92706058948009,1.9044521524149638,1.8031479394494394,1.7453098576130548,1.1513877601722113,1.1513877601722113,1.1513877601722113,2.282413321026633,3.4588432243911877,3.716737509690575,1.4740407003750278,3.4588432243911877,3.393235733918267,3.3810042027804728,2.633422203628622,1.8105906446512312,1.8105906446512312,3.152693198520196,3.152693198520196,3.152693198520196,3.2512801686980284,3.352968086778712,3.352968086778712,2.329749301839235,2.422215787828057,3.0252600716765854,2.6072511602181443,2.6850176104520944,2.9282591074935107,2.0114010961182895,2.46281793768737,1.9562725746076157,2.255739407439682,2.255739407439682,3.272175969962348,1.6886552277068951,1.6886552277068951,1.2364337785308934,1.9347682042700074,2.1513972414036995,2.1513972414036995,1.9826803842964618,1.0775138882071655,1.0775138882071655,2.061463322962294,2.3154440651915618,1.3540266562600456,1.3031327736161982,2.0470107748346096,3.7329636835157434,3.7329636835157434,3.7329636835157434,3.7329636835157434,1.033665158673397,1.9559394054257941,1.9559394054257941,1.2048848410229989,1.2048848410229989,1.2048848410229989,2.445863057550655,1.9559394054257941,1.842614226198141,1.842614226198141,2.6693897597250618,2.043352020530429,0.483726167623807,1.8737321711361035,2.448467013778251,2.448467013778251,3.8617257854913003,3.8617257854913003,3.3161855043217603,3.3161855043217603,3.3161855043217603,3.3161855043217603,1.5132119513266515,1.569530794978405,1.885235374782911,1.885235374782911,1.885235374782911,2.186183509213835,2.4234725627513654,2.2368348979617827,2.9412429759621475,2.4232982537217294,2.4232982537217294,2.4232982537217294,3.3069303009771867,2.390136594587407,1.5674107493480331,2.5260763253668,2.9925476378208287,1.2216088207274918,1.7405338853971721,1.4749300008854207,1.4749300008854207,2.21656057970254,2.21656057970254
Chrysophyllum albidum,2.2784128586087355,3.3219268204937316,1.658478113755879,3.0127275472767687,2.9445195735147687,1.427236190867575,1.5747553734450184,3.5684068288575035,4.568461769630685,3.478957558361343,3.2062579511323266,3.4403899283071646,3.631445441267211,4.091230531431666,2.803396594401598,2.7035104986771876,3.1306976208657202,2.2631684633636806,2.0964066599538085,4.202941986499645,5.292016641112579,3.605299538697876,2.3440890868611444,2.905840765646412,0.0,0.0,3.8354328527798263,3.2134267896551525,3.2134267896551525,2.6470764982944397,3.550609692878726,3.0783548346050957,3.38348026319207,3.38348026319207,3.38348026319207,3.5510382580758026,4.11374870332763,4.741735534935237,3.611481550254672,4.11374870332763,3.293873183087117,3.2736868548331652,4.315828864799018,3.528417271817983,3.528417271817983,3.3656721354287384,3.3656721354287384,3.3656721354287384,4.7376271841175726,4.184961719597722,4.184961719597722,2.9483532191410773,2.831339623818771,2.96586980090506,2.6143673362845896,3.921995042154893,4.00488407898684,2.715747631163575,2.942230406094329,3.8816831674524077,1.7110391260049531,1.7110391260049531,2.545956110920636,3.395843902513801,3.395843902513801,3.5551345475550855,4.602914934850715,3.641674663794468,3.641674663794468,3.871102173649012,2.996893853715184,2.996893853715184,3.224612637229999,3.0460482292775444,3.1051456576429732,2.4763369894290506,3.558822597586538,4.987263430388487,4.987263430388487,4.987263430388487,4.987263430388487,3.372821969258896,3.491012767361178,3.491012767361178,2.6349230213663395,2.6349230213663395,2.6349230213663395,3.076871387968428,3.491012767361178,4.2765937706127515,4.2765937706127515,3.1130623083762847,1.0891530499095814,2.829102366197514,3.5278704999473565,2.1041612822667632,2.1041612822667632,5.994599901990432,5.994599901990432,2.495378663609606,2.495378663609606,2.495378663609606,2.495378663609606,4.067734080261803,3.8346722870458825,1.2147161671124254,1.2147161671124254,1.2147161671124254,3.2480193484650894,1.929876572672897,1.946805715064321,3.2508612672134727,1.8326040368032699,1.8326040368032699,1.8326040368032699,1.5215404300593474,2.1038623787789694,2.7831186707676903,4.038004565440613,3.5929309779551,3.03629943452509,3.1762546658986928,2.5867486122369154,2.5867486122369154,4.093595251770099,4.093595251770099
Chrysophylum albidum,2.2784128586087355,3.3219268204937316,1.658478113755879,3.0127275472767687,2.9445195735147687,1.427236190867575,1.5747553734450184,3.5684068288575035,4.568461769630685,3.478957558361343,3.2062579511323266,3.4403899283071646,3.631445441267211,4.091230531431666,2.803396594401598,2.7035104986771876,3.1306976208657202,2.2631684633636806,2.0964066599538085,4.202941986499645,5.292016641112579,3.605299538697876,2.3440890868611444,2.905840765646412,0.0,0.0,3.8354328527798263,3.2134267896551525,3.2134267896551525,2.6470764982944397,3.550609692878726,3.0783548346050957,3.38348026319207,3.38348026319207,3.38348026319207,3.5510382580758026,4.11374870332763,4.741735534935237,3.611481550254672,4.11374870332763,3.293873183087117,3.2736868548331652,4.315828864799018,3.528417271817983,3.528417271817983,3.3656721354287384,3.3656721354287384,3.3656721354287384,4.7376271841175726,4.184961719597722,4.184961719597722,2.9483532191410773,2.831339623818771,2.96586980090506,2.6143673362845896,3.921995042154893,4.00488407898684,2.715747631163575,2.942230406094329,3.8816831674524077,1.7110391260049531,1.7110391260049531,2.545956110920636,3.395843902513801,3.395843902513801,3.5551345475550855,4.602914934850715,3.641674663794468,3.641674663794468,3.871102173649012,2.996893853715184,2.996893853715184,3.224612637229999,3.0460482292775444,3.1051456576429732,2.4763369894290506,3.558822597586538,4.987263430388487,4.987263430388487,4.987263430388487,4.987263430388487,3.372821969258896,3.491012767361178,3.491012767361178,2.6349230213663395,2.6349230213663395,2.6349230213663395,3.076871387968428,3.491012767361178,4.2765937706127515,4.2765937706127515,3.1130623083762847,1.0891530499095814,2.829102366197514,3.5278704999473565,2.1041612822667632,2.1041612822667632,5.994599901990432,5.994599901990432,2.495378663609606,2.495378663609606,2.495378663609606,2.495378663609606,4.067734080261803,3.8346722870458825,1.2147161671124254,1.2147161671124254,1.2147161671124254,3.2480193484650894,1.929876572672897,1.946805715064321,3.2508612672134727,1.8326040368032699,1.8326040368032699,1.8326040368032699,1.5215404300593474,2.1038623787789694,2.7831186707676903,4.038004565440613,3.5929309779551,3.03629943452509,3.1762546658986928,2.5867486122369154,2.5867486122369154,4.093595251770099,4.093595251770099
Citrus sinenses,2.4688914628495864,1.2398609764238182,2.6367110102705897,2.2387012668786412,2.8497820771991975,2.676380474397414,2.622061496312651,2.8804021564693456,2.96583163917552,2.5532719745641668,2.5919520009319097,2.85955273632493,1.251388992023784,1.4857354007021837,1.830876829982735,1.3992616752499734,3.7640409893107205,1.9542753905125003,2.7092033026197315,1.118209838256207,4.5191893631833615,0.9026936443305358,4.2458618810554185,2.59495411976258,3.8354328527798263,3.8354328527798263,0.0,3.246690206253227,3.246690206253227,2.0132373979432137,1.3808219347716497,0.9478467244062253,1.8938737872503808,1.8938737872503808,1.8938737872503808,1.1482421284056044,1.0048599275442036,1.1323981970269121,1.4182857191869809,1.0048599275442036,1.5537680871267467,1.5484261051885508,2.4862565916087074,0.9486269199676604,0.9486269199676604,1.7485451678922872,1.7485451678922872,1.7485451678922872,3.266033349981688,3.7172843406066005,3.7172843406066005,2.2154094245922766,2.4473864212240164,2.000060352223871,2.220860087763297,1.2110916811787966,2.48408497820005,2.1832516838125793,2.924881464297827,1.9794998069317407,2.4505961942300574,2.4505961942300574,2.8501718331192674,1.2675679490910332,1.2675679490910332,1.7767953033851707,2.6583744151457513,1.9716078856456303,1.9716078856456303,1.076571925774406,2.333378791880022,2.333378791880022,1.7080966749883386,3.9726020326309044,1.264075624649671,2.2746120288070566,1.7301973016803587,3.5892574712836276,3.5892574712836276,3.5892574712836276,3.5892574712836276,2.6953625461600237,3.743488680732716,3.743488680732716,1.8219936076553087,1.8219936076553087,1.8219936076553087,1.4380050827357291,3.743488680732716,1.6413085333174087,1.6413085333174087,1.432069993183596,2.926949001062192,3.0036281639672575,3.2401747200511872,2.881143660871111,2.881143660871111,6.1157213970812405,6.1157213970812405,3.999767825881007,3.999767825881007,3.999767825881007,3.999767825881007,2.107222789089123,1.6036419241474114,3.179231702033766,3.179231702033766,3.179231702033766,2.3420735862918023,2.2097208973894404,1.9423822861161566,2.5516286453901214,2.522504829796278,2.522504829796278,2.522504829796278,3.78968300499993,2.426628036033777,1.34772127611345,2.633903314448626,3.1227204827459367,1.8143794162282894,1.930388666202886,1.5314103712208984,1.5314103712208984,1.1463448654541775,1.1463448654541775
Cleistoformis patens,2.559091066054295,2.33998682952984,2.5321456450175526,2.2569557358388503,2.023526866608012,2.999153610492685,2.5257647554125215,0.9453490115492829,3.552157104699971,1.840637536590715,2.547790273736196,1.041492098286764,3.1045544518944888,3.8850185105817783,2.83839401707592,2.0647289137809364,2.2581047128277865,1.7674640861789375,2.5024023960631663,3.2278351693684764,3.157538112149818,3.504547961558947,2.88851068574333,2.92706058948009,3.2134267896551525,3.2134267896551525,3.246690206253227,0.0,0.0,2.0752246057567367,2.5268852723987494,2.9264873405189724,3.3453902836329332,3.3453902836329332,3.3453902836329332,2.863393570258461,3.8464826635683353,3.9687642179364975,3.1041367558810276,3.8464826635683353,3.468509512808322,3.3691411014281845,1.8877588180211604,3.182190575532169,3.182190575532169,2.240044266904804,2.240044266904804,2.240044266904804,3.781614925703817,3.733228650658395,3.733228650658395,1.9529868454400694,2.0515143343117535,3.49066724325292,1.3506027330223398,2.3532900581736866,3.151164422057091,1.4978301492634276,0.773756359436184,2.5224625035046855,3.3498652311922172,3.3498652311922172,3.633830151359552,2.8726654706455275,2.8726654706455275,3.223599589116038,3.816947014260599,1.6828625254893295,1.6828625254893295,2.753107550512427,3.393743640234062,3.393743640234062,2.4224204732425654,3.8117024264167902,2.733850233337737,1.8267190003638278,2.036635472987987,3.327584447520331,3.327584447520331,3.327584447520331,3.327584447520331,2.2845092249745678,4.141457967160217,4.141457967160217,2.9948762291971978,2.9948762291971978,2.9948762291971978,2.09447853801303,4.141457967160217,3.3829535721725033,3.3829535721725033,3.330649928026804,2.789872897118157,2.9802363736211444,2.2112181615592865,1.1868665241468357,1.1868665241468357,5.367689982271941,5.367689982271941,1.3561144760795132,1.3561144760795132,1.3561144760795132,1.3561144760795132,3.1295490463228663,3.3021840862804055,2.889076106369572,2.889076106369572,2.889076106369572,2.001353738369821,2.0706560048087628,2.6829619513300718,0.9143578861178802,3.6047274812649936,3.6047274812649936,3.6047274812649936,3.1186274388328608,2.1219806849983414,2.273547145982463,1.7898978656291857,3.0122737748101938,2.066660766345846,1.6532894123828035,2.2863532171425214,2.2863532171425214,3.8174116182342335,3.8174116182342335
Cleistopholis patens,2.559091066054295,2.33998682952984,2.5321456450175526,2.2569557358388503,2.023526866608012,2.999153610492685,2.5257647554125215,0.9453490115492829,3.552157104699971,1.840637536590715,2.547790273736196,1.041492098286764,3.1045544518944888,3.8850185105817783,2.83839401707592,2.0647289137809364,2.2581047128277865,1.7674640861789375,2.5024023960631663,3.2278351693684764,3.157538112149818,3.504547961558947,2.88851068574333,2.92706058948009,3.2134267896551525,3.2134267896551525,3.246690206253227,0.0,0.0,2.0752246057567367,2.5268852723987494,2.9264873405189724,3.3453902836329332,3.3453902836329332,3.3453902836329332,2.863393570258461,3.8464826635683353,3.9687642179364975,3.1041367558810276,3.8464826635683353,3.468509512808322,3.3691411014281845,1.8877588180211604,3.182190575532169,3.182190575532169,2.240044266904804,2.240044266904804,2.240044266904804,3.781614925703817,3.733228650658395,3.733228650658395,1.9529868454400694,2.0515143343117535,3.49066724325292,1.3506027330223398,2.3532900581736866,3.151164422057091,1.4978301492634276,0.773756359436184,2.5224625035046855,3.3498652311922172,3.3498652311922172,3.633830151359552,2.8726654706455275,2.8726654706455275,3.223599589116038,3.816947014260599,1.6828625254893295,1.6828625254893295,2.753107550512427,3.393743640234062,3.393743640234062,2.4224204732425654,3.8117024264167902,2.733850233337737,1.8267190003638278,2.036635472987987,3.327584447520331,3.327584447520331,3.327584447520331,3.327584447520331,2.2845092249745678,4.141457967160217,4.141457967160217,2.9948762291971978,2.9948762291971978,2.9948762291971978,2.09447853801303,4.141457967160217,3.3829535721725033,3.3829535721725033,3.330649928026804,2.789872897118157,2.9802363736211444,2.2112181615592865,1.1868665241468357,1.1868665241468357,5.367689982271941,5.367689982271941,1.3561144760795132,1.3561144760795132,1.3561144760795132,1.3561144760795132,3.1295490463228663,3.3021840862804055,2.889076106369572,2.889076106369572,2.889076106369572,2.001353738369821,2.0706560048087628,2.6829619513300718,0.9143578861178802,3.6047274812649936,3.6047274812649936,3.6047274812649936,3.1186274388328608,2.1219806849983414,2.273547145982463,1.7898978656291857,3.0122737748101938,2.066660766345846,1.6532894123828035,2.2863532171425214,2.2863532171425214,3.8174116182342335,3.8174116182342335
Cola nitida,0.7435028375198667,1.5323840142231346,2.171568562888352,1.7301309367006583,2.6946546212494367,2.0216365044218128,2.0964389097894864,1.7143675913755976,3.4046316684666404,1.841759869922098,1.0127070607583886,1.6196830107681355,1.606861546154471,2.1745044111692984,0.8943582961757992,0.9835807924245563,2.9138538654760713,0.8618507778152714,1.2974373273502338,2.134254435292126,4.066506125673961,2.4403783603618088,3.609562792888158,1.9044521524149638,2.6470764982944397,2.6470764982944397,2.0132373979432137,2.0752246057567367,2.0752246057567367,0.0,1.1419947788722258,1.4340380840470692,1.7258393534013468,1.7258393534013468,1.7258393534013468,2.2404945689019815,2.654139786488295,2.9053935362144645,1.6091196578097369,2.654139786488295,2.314519644678454,2.282072390943231,2.080403676083811,1.6156677703069269,1.6156677703069269,1.559842135406196,1.559842135406196,1.559842135406196,4.0429838324475895,4.1558986393114346,4.1558986393114346,2.210970503927771,2.385905371259497,1.7034250056578457,1.4305671657858576,1.6592165197388293,3.2941325150454204,0.5849303091009611,2.0232824399850413,2.386394985907319,2.1692218576467694,2.1692218576467694,1.9561360964795111,1.195923071813802,1.195923071813802,1.6927176533819581,2.574289948268622,1.8102432424880537,1.8102432424880537,1.6689574286791662,2.4101878386118085,2.4101878386118085,2.1683384466519353,3.684104912757227,1.3084061395484874,1.4701537167561691,1.0588009049157205,4.141277388305596,4.141277388305596,4.141277388305596,4.141277388305596,1.8490249316159244,3.64534442076272,3.64534442076272,1.8470702075807954,1.8470702075807954,1.8470702075807954,1.7393869279345906,3.64534442076272,2.314820971117316,2.314820971117316,1.514600948251217,2.062920540772209,2.0137925029026413,1.7343062122780397,1.4233485432380832,1.4233485432380832,5.1598780690286885,5.1598780690286885,2.6980681830225133,2.6980681830225133,2.6980681830225133,2.6980681830225133,1.9685055291026683,1.7990098541127564,2.2731084612866823,2.2731084612866823,2.2731084612866823,2.3544034380911643,1.2317773964077956,1.3584731284643055,1.8769579436893957,2.332887932435074,2.332887932435074,2.332887932435074,3.182034068713982,2.053263898572289,1.1815683212826866,1.6934249747478005,3.455459638153853,1.3158881398645805,1.0083970238404385,1.2533256798269157,1.2533256798269157,2.525424719368209,2.525424719368209
Cola species,1.6549091387314927,0.9617567441979843,2.6735835408118183,1.5117799248535904,2.8341645575165013,2.5410447231201467,2.6357478830718533,2.0746545191633388,2.708002555581314,1.5756819690187203,1.7310482194985704,2.0949526991764427,0.7344426362337719,1.4052897073988708,1.4689281773442515,1.1318389103610926,3.062168390448875,1.4804699845046645,2.3436038351558452,1.0632513661136789,3.6903077415949714,2.0052826772100056,4.155780045254629,1.8031479394494394,3.550609692878726,3.550609692878726,1.3808219347716497,2.5268852723987494,2.5268852723987494,1.1419947788722258,0.0,1.0666430466878838,1.2471920049119005,1.2471920049119005,1.2471920049119005,1.7374587168923152,2.2912231699435046,2.297661178775294,0.7708641368979429,2.2912231699435046,2.4417642673684377,2.417893645301309,1.5871568563313845,0.8945929194073917,0.8945929194073917,1.8188326433754325,1.8188326433754325,1.8188326433754325,3.515460007217867,3.9281621622375114,3.9281621622375114,2.2214627977080372,2.4729159695795224,2.148321084410647,1.9558656123405669,1.0923047311293206,2.9024082418201615,1.2975947669477883,2.3394229221093608,1.7476601093127306,2.6230281024075293,2.6230281024075293,2.7408816322114813,0.5053184320417479,0.5053184320417479,1.0272327883767178,1.756239323168794,1.4127823720967607,1.4127823720967607,0.6162773713973733,2.1631320706152164,2.1631320706152164,1.8741270378998751,3.753082613752918,0.8157277531945627,1.66495441189189,0.5903157376079596,3.6996036506130365,3.6996036506130365,3.6996036506130365,3.6996036506130365,1.6189367866667357,3.497890487743373,3.497890487743373,1.7358116047305805,1.7358116047305805,1.7358116047305805,1.6812076120896335,3.497890487743373,1.2737668931608057,1.2737668931608057,1.6726500700228615,2.718746502687927,2.091897052940355,1.8988213785547021,2.274380088387113,2.274380088387113,4.970479636395959,4.970479636395959,3.441029029434384,3.441029029434384,3.441029029434384,3.441029029434384,1.0957523366727542,0.9224733648142704,2.864398230177394,2.864398230177394,2.864398230177394,2.201145347567164,2.034929592306801,1.9730896605563777,2.1726321624224303,2.76523806945186,2.76523806945186,2.76523806945186,3.8340350198246997,2.4586020321633875,1.068906834774415,1.4841749824306885,3.3347490102492525,1.0302435339997797,0.9098145614341945,1.2757488658090053,1.2757488658090053,1.7065280910406886,1.7065280910406886
Corynante pachycercus,1.717416032477837,0.912825799842875,2.0506573483428974,1.566850392552962,2.551393347534718,1.8606154297350876,2.0171050414298444,2.6969912063570427,2.704409498002942,2.0692820515806387,2.2254110447517577,2.667984830668682,0.8143064885885511,1.3021432766051753,1.4031648711121811,0.9107447661410819,3.127667496522209,1.358062330898677,2.23708181100519,1.2395075416914014,4.2120351867119945,1.146017228231372,3.7411264618897593,1.7453098576130548,3.0783548346050957,3.0783548346050957,0.9478467244062253,2.9264873405189724,2.9264873405189724,1.4340380840470692,1.0666430466878838,0.0,1.1721656640886446,1.1721656640886446,1.1721656640886446,1.2076886718938222,1.7232918965552617,2.058167208755146,0.9150326720202735,1.7232918965552617,1.785215982114447,1.785215982114447,2.4394366296989163,0.5384626972089347,0.5384626972089347,1.893440398368082,1.893440398368082,1.893440398368082,3.223325187333015,3.4887610676765526,3.4887610676765526,1.9399047581926343,2.12997154067012,1.7739120684351461,1.947783460170101,1.5254702435508378,2.4858691123420713,1.6938522049441114,2.538295640830452,1.810230711122217,1.7611551024309038,1.7611551024309038,2.432170969622158,0.7647917464664297,0.7647917464664297,1.1545278517428792,2.298898631022763,1.8222839572357485,1.8222839572357485,1.0596185625309908,1.588967281007858,1.588967281007858,1.4791907713605739,3.2719380822824484,0.4823898850262035,1.5889824070425385,1.4974495358282782,3.638488966084769,3.638488966084769,3.638488966084769,3.638488966084769,2.0556352962065767,3.041887407425007,3.041887407425007,0.9997972658967382,0.9997972658967382,0.9997972658967382,1.3861727410585056,3.041887407425007,1.4992278534861214,1.4992278534861214,1.2417616259187159,2.142572590985449,2.1292168886818468,2.641533476429454,2.352069882971078,2.352069882971078,5.4508856616558425,5.4508856616558425,3.513804248711594,3.513804248711594,3.513804248711594,3.513804248711594,1.7043927948857247,1.1811965060162828,2.3451789439296715,2.3451789439296715,2.3451789439296715,2.054874573087527,1.7145193912725138,1.3436958522732783,2.425215890776173,1.866564597960664,1.866564597960664,1.866564597960664,3.2362613424999944,1.969143519247559,0.7021082575421062,2.436389301283556,2.900977532603983,1.2133991492582419,1.5076875297282684,0.8152554607262642,0.8152554607262642,1.1832400774540537,1.1832400774540537
Dialium guineense,1.716983541876234,1.5338681129602219,2.733677589038188,1.522712721958351,3.2367898849054257,2.204733602512077,2.690455857211592,3.108106320522939,2.579148612907362,2.0051202529459045,2.3762279642083306,3.116803146695439,0.7502769406761023,1.0413906159629522,1.862526173026792,1.7452942797518995,3.095455036451319,1.975130370377294,2.7620673190211624,1.4590237044214858,4.002381564677478,2.143298071551825,4.298194725368297,1.1513877601722113,3.38348026319207,3.38348026319207,1.8938737872503808,3.3453902836329332,3.3453902836329332,1.7258393534013468,1.2471920049119005,1.1721656640886446,0.0,0.0,0.0,2.095085452314663,2.7393791868885615,2.9266714775004408,0.6205727751892869,2.7393791868885615,2.8767118046772318,2.8939422936945514,2.6120935993801075,0.951311920307599,0.951311920307599,2.805101488183736,2.805101488183736,2.805101488183736,3.611692846888826,3.9346132232472253,3.9346132232472253,2.6795502925096204,2.8505745289720585,2.3871283611438425,2.7319152733218584,2.2445181378257004,3.1621014491774417,2.0619816783930682,2.9905715686169776,2.1292334918181273,2.317161204816038,2.317161204816038,2.846814098751409,0.9008985942278079,0.9008985942278079,0.3135078730420489,1.3946968148974503,2.2706626841833364,2.2706626841833364,1.4195919283980885,1.4526247181704848,1.4526247181704848,2.2177408444880746,3.2363685127898574,0.8817926246351986,1.8722829511802699,1.7524203054552252,4.131942562527873,4.131942562527873,4.131942562527873,4.131942562527873,1.6662254821927582,2.7523020051749785,2.7523020051749785,1.3006997132296185,1.3006997132296185,1.3006997132296185,2.3809372475678128,2.7523020051749785,1.2740030945431693,1.2740030945431693,1.9415419319515494,2.5178109352193503,1.4571523903335466,2.2017421329359688,2.8262371046823636,2.8262371046823636,4.496769036787886,4.496769036787886,3.954631994077729,3.954631994077729,3.954631994077729,3.954631994077729,1.050480651216587,0.6356176458846947,2.544506518160027,2.544506518160027,2.544506518160027,2.62062101918763,2.470453129480195,2.114692532024856,3.119953942615875,2.400969257476029,2.400969257476029,2.400969257476029,3.8527672044176398,2.749825585619915,1.4608233665125805,2.4854523919444955,3.5080870322127766,1.4139354355501506,1.7783585246648668,1.5045993568157348,1.5045993568157348,1.4876358332397515,1.4876358332397515
Dialium guinensis,1.716983541876234,1.5338681129602219,2.733677589038188,1.522712721958351,3.2367898849054257,2.204733602512077,2.690455857211592,3.108106320522939,2.579148612907362,2.0051202529459045,2.3762279642083306,3.116803146695439,0.7502769406761023,1.0413906159629522,1.862526173026792,1.7452942797518995,3.095455036451319,1.975130370377294,2.7620673190211624,1.4590237044214858,4.002381564677478,2.143298071551825,4.298194725368297,1.1513877601722113,3.38348026319207,3.38348026319207,1.8938737872503808,3.3453902836329332,3.3453902836329332,1.7258393534013468,1.2471920049119005,1.1721656640886446,0.0,0.0,0.0,2.095085452314663,2.7393791868885615,2.9266714775004408,0.6205727751892869,2.7393791868885615,2.8767118046772318,2.8939422936945514,2.6120935993801075,0.951311920307599,0.951311920307599,2.805101488183736,2.805101488183736,2.805101488183736,3.611692846888826,3.9346132232472253,3.9346132232472253,2.6795502925096204,2.8505745289720585,2.3871283611438425,2.7319152733218584,2.2445181378257004,3.1621014491774417,2.0619816783930682,2.9905715686169776,2.1292334918181273,2.317161204816038,2.317161204816038,2.846814098751409,0.9008985942278079,0.9008985942278079,0.3135078730420489,1.3946968148974503,2.2706626841833364,2.2706626841833364,1.4195919283980885,1.4526247181704848,1.4526247181704848,2.2177408444880746,3.2363685127898574,0.8817926246351986,1.8722829511802699,1.7524203054552252,4.131942562527873,4.131942562527873,4.131942562527873,4.131942562527873,1.6662254821927582,2.7523020051749785,2.7523020051749785,1.3006997132296185,1.3006997132296185,1.3006997132296185,2.3809372475678128,2.7523020051749785,1.2740030945431693,1.2740030945431693,1.9415419319515494,2.5178109352193503,1.4571523903335466,2.2017421329359688,2.8262371046823636,2.8262371046823636,4.496769036787886,4.496769036787886,3.954631994077729,3.954631994077729,3.954631994077729,3.954631994077729,1.050480651216587,0.6356176458846947,2.544506518160027,2.544506518160027,2.544506518160027,2.62062101918763,2.470453129480195,2.114692532024856,3.119953942615875,2.400969257476029,2.400969257476029,2.400969257476029,3.8527672044176398,2.749825585619915,1.4608233665125805,2.4854523919444955,3.5080870322127766,1.4139354355501506,1.7783585246648668,1.5045993568157348,1.5045993568157348,1.4876358332397515,1.4876358332397515
Diallium guineense,1.716983541876234,1.5338681129602219,2.733677589038188,1.522712721958351,3.2367898849054257,2.204733602512077,2.690455857211592,3.108106320522939,2.579148612907362,2.0051202529459045,2.3762279642083306,3.116803146695439,0.7502769406761023,1.0413906159629522,1.862526173026792,1.7452942797518995,3.095455036451319,1.975130370377294,2.7620673190211624,1.4590237044214858,4.002381564677478,2.143298071551825,4.298194725368297,1.1513877601722113,3.38348026319207,3.38348026319207,1.8938737872503808,3.3453902836329332,3.3453902836329332,1.7258393534013468,1.2471920049119005,1.1721656640886446,0.0,0.0,0.0,2.095085452314663,2.7393791868885615,2.9266714775004408,0.6205727751892869,2.7393791868885615,2.8767118046772318,2.8939422936945514,2.6120935993801075,0.951311920307599,0.951311920307599,2.805101488183736,2.805101488183736,2.805101488183736,3.611692846888826,3.9346132232472253,3.9346132232472253,2.6795502925096204,2.8505745289720585,2.3871283611438425,2.7319152733218584,2.2445181378257004,3.1621014491774417,2.0619816783930682,2.9905715686169776,2.1292334918181273,2.317161204816038,2.317161204816038,2.846814098751409,0.9008985942278079,0.9008985942278079,0.3135078730420489,1.3946968148974503,2.2706626841833364,2.2706626841833364,1.4195919283980885,1.4526247181704848,1.4526247181704848,2.2177408444880746,3.2363685127898574,0.8817926246351986,1.8722829511802699,1.7524203054552252,4.131942562527873,4.131942562527873,4.131942562527873,4.131942562527873,1.6662254821927582,2.7523020051749785,2.7523020051749785,1.3006997132296185,1.3006997132296185,1.3006997132296185,2.3809372475678128,2.7523020051749785,1.2740030945431693,1.2740030945431693,1.9415419319515494,2.5178109352193503,1.4571523903335466,2.2017421329359688,2.8262371046823636,2.8262371046823636,4.496769036787886,4.496769036787886,3.954631994077729,3.954631994077729,3.954631994077729,3.954631994077729,1.050480651216587,0.6356176458846947,2.544506518160027,2.544506518160027,2.544506518160027,2.62062101918763,2.470453129480195,2.114692532024856,3.119953942615875,2.400969257476029,2.400969257476029,2.400969257476029,3.8527672044176398,2.749825585619915,1.4608233665125805,2.4854523919444955,3.5080870322127766,1.4139354355501506,1.7783585246648668,1.5045993568157348,1.5045993568157348,1.4876358332397515,1.4876358332397515
Dillenia indica,2.692140816225186,0.8931967104926677,2.055463263727404,1.6930742781564332,1.8981194249816695,2.318754019952223,2.089507313180133,2.829887134660239,2.1886929057967306,2.097223215734276,3.101892463379595,2.864693991489561,1.6095467121605536,2.160724128962676,2.411899148290993,1.313946000780945,2.9485650335190967,1.773681536875276,2.9677450495994258,1.3948705023760726,3.842292221891876,0.8851499437989736,3.41568922173504,2.282413321026633,3.5510382580758026,3.5510382580758026,1.1482421284056044,2.863393570258461,2.863393570258461,2.2404945689019815,1.7374587168923152,1.2076886718938222,2.095085452314663,2.095085452314663,2.095085452314663,0.0,1.7926116641921312,2.00653289549097,1.710472830122103,1.7926116641921312,2.0381035842664454,1.988719144592881,2.3901686111942038,1.4578604919786093,1.4578604919786093,2.116644281496885,2.116644281496885,2.116644281496885,2.199511316925482,2.574182088906637,2.574182088906637,1.3022192562490036,1.5076536760460935,2.711957928691512,1.9680894219792902,1.5607601757281218,1.3650237138592693,2.1915749657066375,2.3223678442193054,1.1900983647909855,2.2567777794408603,2.2567777794408603,3.3932196889951087,1.7401474646138384,1.7401474646138384,1.989892046160293,2.8943131675401768,1.5153167038961264,1.5153167038961264,1.3458481159834053,1.8077006656369128,1.8077006656369128,0.6696374370168064,3.0868485284330105,1.3315374584707336,1.711611481235333,1.9450172152877048,2.5710426425065114,2.5710426425065114,2.5710426425065114,2.5710426425065114,2.3338010345770757,2.9919792538270884,2.9919792538270884,1.419919261006431,1.419919261006431,1.419919261006431,0.9834659187013841,2.9919792538270884,1.7074286690198217,1.7074286690198217,2.2060120062069437,2.5246751188720378,2.7280433235898744,3.2021255940250013,2.6065397872969944,2.6065397872969944,5.811178665451526,5.811178665451526,3.4770764412045283,3.4770764412045283,3.4770764412045283,3.4770764412045283,2.2393656992567332,1.9476178555088135,2.6926270374633576,2.6926270374633576,2.6926270374633576,1.3654052345715975,2.135203323631707,1.9863290191893952,2.222214980187638,2.4089929559091723,2.4089929559091723,2.4089929559091723,3.1641809993842567,1.7650089562039823,1.1191620144007326,2.7026709784113816,1.9926454241674552,1.456300399617071,1.8200858415977486,1.191861427108023,1.191861427108023,1.371442460210919,1.371442460210919
Diospyros dendo,3.047996017212611,2.145637426611906,2.9628302391875905,3.131789020867441,3.319119254665743,3.093041804377701,2.9464959683977896,3.470207878288821,3.827823925044702,3.4770246677702095,3.073873589015243,3.3987353915265466,2.1878269518092446,2.200251796530733,2.210456220567114,2.0619419549602847,4.551783866980419,2.544494259025822,2.9355074125051255,2.0847077937806695,5.43233417955505,1.1797139160385148,4.559447977777554,3.4588432243911877,4.11374870332763,4.11374870332763,1.0048599275442036,3.8464826635683353,3.8464826635683353,2.654139786488295,2.2912231699435046,1.7232918965552617,2.7393791868885615,2.7393791868885615,2.7393791868885615,1.7926116641921312,0.0,0.8107006438159426,2.352966245299554,0.0,1.0613300277013753,1.0921121229420996,3.321187669740026,1.8289702580517404,1.8289702580517404,1.929454378315993,1.929454378315993,1.929454378315993,3.8306393143421245,4.191302737732202,4.191302737732202,2.762843539200713,2.947039093291808,1.9891703572573283,2.647153756159602,1.8926779784680263,2.9479667527152245,2.852279428729445,3.568182060916703,2.84616390874763,2.6746738695794687,2.6746738695794687,2.8696587923504935,2.1341778279193617,2.1341778279193617,2.682069484346048,3.5876629477628685,2.794599337338747,2.794599337338747,2.065774995898595,3.0632888525202007,3.0632888525202007,2.364477122886944,4.588081129751918,2.1516303893218254,3.036682619517614,2.5689603879271523,4.136898425314901,4.136898425314901,4.136898425314901,4.136898425314901,3.643507164209043,4.436471662208383,4.436471662208383,2.5076345473781236,2.5076345473781236,2.5076345473781236,1.926096229065863,4.436471662208383,2.6066266554367776,2.6066266554367776,1.5895370666843285,3.326227000832655,3.8516155556604805,4.1151661307937255,3.385813200252423,3.385813200252423,7.091834949124365,7.091834949124365,4.46341918760848,4.46341918760848,4.46341918760848,4.46341918760848,3.085963068466127,2.5260080380075745,3.660524159175289,3.660524159175289,3.660524159175289,3.0122290361504453,2.5270366532290147,2.218201690615024,3.040960802469531,2.677030126439933,2.677030126439933,2.677030126439933,3.97557857529899,2.7993816331434913,2.121090381620643,3.447918486956251,3.5712425048307703,2.712013300404232,2.772030984467977,2.2561377181957027,2.2561377181957027,1.8712270527339558,1.8712270527339558
Diospyros soubreana,3.4014189476977084,2.2713808398861914,3.5363632703490167,3.3212876236738658,3.634417034908216,3.686828356928419,3.5262067193056117,3.479833100242985,3.8125786737809784,3.518567380261052,3.226540455570372,3.4448460028542733,2.2602841789786,2.2390959621586903,2.560548002924093,2.3760144432616674,4.783964164855877,2.9035617432419074,3.3883327570130612,1.9343242490823527,5.311885855521633,1.6303503372456016,5.0624912057926785,3.716737509690575,4.741735534935237,4.741735534935237,1.1323981970269121,3.9687642179364975,3.9687642179364975,2.9053935362144645,2.297661178775294,2.058167208755146,2.9266714775004408,2.9266714775004408,2.9266714775004408,2.00653289549097,0.8107006438159426,0.0,2.4290668993135007,0.8107006438159426,1.768080733683219,1.772760938808703,3.1067986537290695,1.9873586818431703,1.9873586818431703,2.106200533669029,2.106200533669029,2.106200533669029,3.897997038808498,4.447955821978876,4.447955821978876,3.048151998918607,3.278251516521995,2.48599440371473,2.942657637302544,1.741779706888053,3.1203106915578687,3.051004974014979,3.7530575009288936,2.8480838788421097,3.3533679480946166,3.3533679480946166,3.397937176020335,2.2549066350058973,2.2549066350058973,2.792482595168652,3.466385142209731,2.774243906298788,2.774243906298788,1.9793573035100434,3.4187669602948607,3.4187669602948607,2.6097102305629694,5.010727421013971,2.380325859307621,3.328397497628285,2.5357914678802835,4.108835685712873,4.108835685712873,4.108835685712873,4.108835685712873,3.733458898881196,4.7925603373621195,4.7925603373621195,2.927046661742401,2.927046661742401,2.927046661742401,2.204114855790534,4.7925603373621195,2.49298295902476,2.49298295902476,2.0417972494410512,3.914019580905718,4.120104667479087,4.164235397916287,3.7222342709817715,3.7222342709817715,7.101362173637213,7.101362173637213,4.790990988666907,4.790990988666907,4.790990988666907,4.790990988666907,3.015940983205353,2.5459201924202968,4.215858412859916,4.215858412859916,4.215858412859916,3.205811931424619,3.016680719274244,2.8077473240459674,3.161960380490549,3.3824346272843635,3.3824346272843635,3.3824346272843635,4.599441570988266,3.2838589236408193,2.423018820200139,3.3103106830119065,3.86379686268174,2.872014357517833,2.8502488375758017,2.610825478351329,2.610825478351329,1.9632079194672545,1.9632079194672545
Diospyros undebunda,1.8583503234152787,1.1123245838007525,2.7393422104599305,1.463084084704137,3.0345790872648544,2.4171084433293295,2.7070539378078604,2.7850987456048677,2.422215964910899,1.8094347569362679,2.2632366237474058,2.8099436750943365,0.16997103873217262,0.8742717423861679,1.7704705322051861,1.4712815643872068,3.1265416924001714,1.8343345059255811,2.7348894657872114,0.881379102670847,3.828463303680377,1.8378347855541943,4.299805021326154,1.4740407003750278,3.611481550254672,3.611481550254672,1.4182857191869809,3.1041367558810276,3.1041367558810276,1.6091196578097369,0.7708641368979429,0.9150326720202735,0.6205727751892869,0.6205727751892869,0.6205727751892869,1.710472830122103,2.352966245299554,2.4290668993135007,0.0,2.352966245299554,2.6150131826185286,2.618179865978044,2.1640326383840622,0.5427620601241492,0.5427620601241492,2.4141330902182667,2.4141330902182667,2.4141330902182667,3.367480164106121,3.8040853098158838,3.8040853098158838,2.42372208356073,2.6413936667074807,2.3191973384223274,2.466508820148869,1.6870733430361564,2.8660685001021644,1.8668059545326043,2.7741414869207155,1.7656454368600374,2.4771530051901944,2.4771530051901944,2.921815446882871,0.518145981469201,0.518145981469201,0.3835093334409136,1.385940061758907,1.8479867839911055,1.8479867839911055,0.8132137595945971,1.669288744449795,1.669288744449795,1.9203929833847617,3.4537279841821835,0.6145143612055411,1.8049334343855556,1.3317663613487496,3.7906323965112887,3.7906323965112887,3.7906323965112887,3.7906323965112887,1.6526902851929253,3.0343318824545054,3.0343318824545054,1.3964342600082371,1.3964342600082371,1.3964342600082371,2.008879074744383,3.0343318824545054,0.8535684740803752,0.8535684740803752,1.7939527387126801,2.6976844949511887,1.837470817026697,2.211454439808241,2.729094215698865,2.729094215698865,4.770084376604317,4.770084376604317,3.872654159402144,3.872654159402144,3.872654159402144,3.872654159402144,0.8393986249612965,0.2865504856572414,2.7830775336348337,2.7830775336348337,2.7830775336348337,2.3582903011548093,2.370517528856163,2.098198233785513,2.7720054822373448,2.582468090512552,2.582468090512552,2.582468090512552,3.9164426108349875,2.6355244036309036,1.210290418165516,2.1339477661422754,3.3279620679440796,1.186900910868384,1.4656859138373053,1.345111791879178,1.345111791879178,1.1913033351474314,1.1913033351474314
Diospyrous dendo,3.047996017212611,2.145637426611906,2.9628302391875905,3.131789020867441,3.319119254665743,3.093041804377701,2.9464959683977896,3.470207878288821,3.827823925044702,3.4770246677702095,3.073873589015243,3.3987353915265466,2.1878269518092446,2.200251796530733,2.210456220567114,2.0619419549602847,4.551783866980419,2.544494259025822,2.9355074125051255,2.0847077937806695,5.43233417955505,1.1797139160385148,4.559447977777554,3.4588432243911877,4.11374870332763,4.11374870332763,1.0048599275442036,3.8464826635683353,3.8464826635683353,2.654139786488295,2.2912231699435046,1.7232918965552617,2.7393791868885615,2.7393791868885615,2.7393791868885615,1.7926116641921312,0.0,0.8107006438159426,2.352966245299554,0.0,1.0613300277013753,1.0921121229420996,3.321187669740026,1.8289702580517404,1.8289702580517404,1.929454378315993,1.929454378315993,1.929454378315993,3.8306393143421245,4.191302737732202,4.191302737732202,2.762843539200713,2.947039093291808,1.9891703572573283,2.647153756159602,1.8926779784680263,2.9479667527152245,2.852279428729445,3.568182060916703,2.84616390874763,2.6746738695794687,2.6746738695794687,2.8696587923504935,2.1341778279193617,2.1341778279193617,2.682069484346048,3.5876629477628685,2.794599337338747,2.794599337338747,2.065774995898595,3.0632888525202007,3.0632888525202007,2.364477122886944,4.588081129751918,2.1516303893218254,3.036682619517614,2.5689603879271523,4.136898425314901,4.136898425314901,4.136898425314901,4.136898425314901,3.643507164209043,4.436471662208383,4.436471662208383,2.5076345473781236,2.5076345473781236,2.5076345473781236,1.926096229065863,4.436471662208383,2.6066266554367776,2.6066266554367776,1.5895370666843285,3.326227000832655,3.8516155556604805,4.1151661307937255,3.385813200252423,3.385813200252423,7.091834949124365,7.091834949124365,4.46341918760848,4.46341918760848,4.46341918760848,4.46341918760848,3.085963068466127,2.5260080380075745,3.660524159175289,3.660524159175289,3.660524159175289,3.0122290361504453,2.5270366532290147,2.218201690615024,3.040960802469531,2.677030126439933,2.677030126439933,2.677030126439933,3.97557857529899,2.7993816331434913,2.121090381620643,3.447918486956251,3.5712425048307703,2.712013300404232,2.772030984467977,2.2561377181957027,2.2561377181957027,1.8712270527339558,1.8712270527339558
Diospyrous melistoformis,2.6121453566087487,2.2699463936480124,2.342681069848916,3.0941672718873,3.008449459926241,2.5437529319262633,2.3048314332494413,3.1928302513518503,4.17343702756038,3.4771225574304747,2.724879754953663,3.0607152867367624,2.477093872231966,2.645936256089587,1.8142838167274482,1.8071422145376803,4.318891661893399,2.1006089131488994,2.158131224149735,2.6281203126080555,5.5678924311415265,1.5445199233881377,3.924341334076664,3.393235733918267,3.293873183087117,3.293873183087117,1.5537680871267467,3.468509512808322,3.468509512808322,2.314519644678454,2.4417642673684377,1.785215982114447,2.8767118046772318,2.8767118046772318,2.8767118046772318,2.0381035842664454,1.0613300277013753,1.768080733683219,2.6150131826185286,1.0613300277013753,0.0,0.1287317573255501,3.4746784865334117,2.116270105802447,2.116270105802447,1.5540941674299473,1.5540941674299473,1.5540941674299473,4.107538658708146,4.1965463380612436,4.1965463380612436,2.54904339151822,2.670977754313585,1.4465455823656364,2.1415967824873006,2.1156283742963926,3.1032214508457923,2.5119168972609955,3.235786253793245,3.09143975926006,2.0742488882330963,2.0742488882330963,2.1421482003720422,2.272863529011639,2.272863529011639,2.8856478778145345,3.9651282858019954,2.8575540494368563,2.8575540494368563,2.430078862607669,3.0764296249908494,3.0764296249908494,2.3809401990112544,4.372695604725998,2.224790708734858,2.7842073686675564,2.609235543585974,4.337223997852848,4.337223997852848,4.337223997852848,4.337223997852848,3.6362697714580503,4.398398504697661,4.398398504697661,2.407815008910135,2.407815008910135,2.407815008910135,1.7464092067027508,4.398398504697661,3.099321888627854,3.099321888627854,1.3061454493028808,2.6880438452931767,3.710590345713841,3.983094220114269,2.7890727489835734,2.7890727489835734,7.159566885857307,7.159566885857307,3.829216881080323,3.829216881080323,3.829216881080323,3.829216881080323,3.385688773372555,2.84421818049783,3.0960671638513224,3.0960671638513224,3.0960671638513224,2.93115925269436,1.805440402475703,1.53507256417853,2.7064393185314537,2.078181814251166,2.078181814251166,2.078181814251166,3.2136403345723425,2.259302796274784,1.997622573002916,3.4657406214343394,3.470870629600903,2.6831716891377773,2.6846297831247563,2.061337301800758,2.061337301800758,2.4546176632716947,2.4546176632716947
Diospyrous mespiliformis,2.6057934748103886,2.221986134196611,2.2890121482566657,3.051019708378251,2.913301345763988,2.5339619931346813,2.253939178610845,3.103340392584624,4.133538353049301,3.417028628178104,2.7065731999876874,2.9728233004085727,2.480436638415358,2.6863381992524693,1.823395047247679,1.7512568627801743,4.251212756394105,2.040583207281373,2.1310859492852843,2.6154787164430466,5.492980325611669,1.5445199233881377,3.845425319598602,3.3810042027804728,3.2736868548331652,3.2736868548331652,1.5484261051885508,3.3691411014281845,3.3691411014281845,2.282072390943231,2.417893645301309,1.785215982114447,2.8939422936945514,2.8939422936945514,2.8939422936945514,1.988719144592881,1.0921121229420996,1.772760938808703,2.618179865978044,1.0921121229420996,0.1287317573255501,0.0,3.402386607141285,2.1279837303761218,2.1279837303761218,1.466307892542965,1.466307892542965,1.466307892542965,4.046568654114023,4.130875162860666,4.130875162860666,2.459711740743486,2.5826555973266276,1.5027350981802423,2.0425817352450912,2.0520072057919307,3.0330042654177443,2.451822367658609,3.1396104316466906,3.0319001875990508,2.086198467636435,2.086198467636435,2.184282360671932,2.272863529011639,2.272863529011639,2.8942493449542144,3.971392440807058,2.7781603231566057,2.7781603231566057,2.4026461153777072,3.0737350849052056,3.0737350849052056,2.3138735466160174,4.342270950330493,2.2135894157771396,2.7270763154346,2.5611583593660363,4.248435735858661,4.248435735858661,4.248435735858661,4.248435735858661,3.5950193705493914,4.387080830582208,4.387080830582208,2.4009226115068065,2.4009226115068065,2.4009226115068065,1.6538076295983664,4.387080830582208,3.091291085177091,3.091291085177091,1.3559464803183126,2.663269567930654,3.698629046994263,3.943370908850616,2.7107302153064867,2.7107302153064867,7.13986528459847,7.13986528459847,3.7350116080881417,3.7350116080881417,3.7350116080881417,3.7350116080881417,3.375885218541125,2.8529445585757114,3.0718862438217425,3.0718862438217425,3.0718862438217425,2.8480011358277495,1.7447580913748506,1.5187930014525597,2.597074988876649,2.1059066243528317,2.1059066243528317,2.1059066243528317,3.1590307101646897,2.1809263978934377,1.9557037839942801,3.403011836023032,3.3936180156897726,2.636443121561436,2.6253326705204643,2.0207406608355227,2.0207406608355227,2.4747886909613395,2.4747886909613395
Dracena manni,2.72241970996981,1.7159547249927616,3.3298530209934065,1.9647058981949634,2.775127412017313,3.5256074704707725,3.3254224728374346,1.4609047932683574,2.7199682228351163,1.326754554109861,2.483393889057327,1.6636070384439288,2.1609981155324727,2.851509597137252,2.7343302495112485,2.019535963212521,2.835402924082715,2.1741413841025774,3.1708151918014247,1.9839239139773819,2.666904135191878,3.0452248319088753,4.254510477996411,2.633422203628622,4.315828864799018,4.315828864799018,2.4862565916087074,1.8877588180211604,1.8877588180211604,2.080403676083811,1.5871568563313845,2.4394366296989163,2.6120935993801075,2.6120935993801075,2.6120935993801075,2.3901686111942038,3.321187669740026,3.1067986537290695,2.1640326383840622,3.321187669740026,3.4746784865334117,3.402386607141285,0.0,2.368989256297795,2.368989256297795,2.292903973797361,2.292903973797361,2.292903973797361,3.416492975888499,3.919388613168257,3.919388613168257,2.333569506614052,2.594984438573529,3.45685906986063,2.1488337423673367,1.4599295593467414,2.990449063813879,1.7329481571010277,1.9191151486863267,1.7596388680369333,3.764115302659065,3.764115302659065,3.9471189761102456,2.0856495243665756,2.0856495243665756,2.3478550531575992,2.497673618681133,1.027496680138248,1.027496680138248,1.6192744439000448,3.1164287131956687,3.1164287131956687,2.2638384355394785,4.188523956790522,2.1501329852962363,2.089502821587042,1.1473938129385304,3.1237690100815407,3.1237690100815407,3.1237690100815407,3.1237690100815407,1.7873756928354276,4.099144782932004,4.099144782932004,2.8295405669382503,2.8295405669382503,2.8295405669382503,2.1241394334885575,4.099144782932004,2.101456226027758,2.101456226027758,3.063823014514335,3.5539198589130447,2.8314747725525815,1.893522421049864,2.443521855517203,2.443521855517203,4.861010538824775,4.861010538824775,3.171990482357007,3.171990482357007,3.171990482357007,3.171990482357007,1.901895551153613,2.245660789012996,3.633712284438272,3.633712284438272,3.633712284438272,2.1400667983920725,2.7746004843374967,3.063669591354734,1.7726339108931612,3.9736162993541204,3.9736162993541204,3.9736162993541204,4.329691627903336,2.910578749601529,2.053869121126834,0.721331513497028,3.3527482658541667,1.6463670402293216,1.2112381088555766,2.2184705922980545,2.2184705922980545,2.8722088381288717,2.8722088381288717
Drypetes,1.902090719576559,1.0722501713004162,2.5707605738864987,1.7157417972189162,2.960445386221402,2.3131919487212103,2.5375638392603626,2.8461235963215508,2.665080100548854,2.1238292222824846,2.2672642488960055,2.838338093816028,0.3969421194514571,0.8135860743333638,1.562260191388008,1.3006740132518069,3.368174679584806,1.7538623133666025,2.5666973982607852,0.8905279926675546,4.195985963195314,1.3883414106237648,4.227467043348321,1.8105906446512312,3.528417271817983,3.528417271817983,0.9486269199676604,3.182190575532169,3.182190575532169,1.6156677703069269,0.8945929194073917,0.5384626972089347,0.951311920307599,0.951311920307599,0.951311920307599,1.4578604919786093,1.8289702580517404,1.9873586818431703,0.5427620601241492,1.8289702580517404,2.116270105802447,2.1279837303761218,2.368989256297795,0.0,0.0,2.132508854472628,2.132508854472628,2.132508854472628,3.3748525373506726,3.7812527145523473,3.7812527145523473,2.3287418375206066,2.544826575913909,1.9645122053426254,2.330964232394851,1.527746178503457,2.7466425573597286,1.9102372986945393,2.8426283814219766,1.876543941307983,2.234782935226529,2.234782935226529,2.6701163905171397,0.5273849404473844,0.5273849404473844,0.8534870792658172,1.8778328920899,1.9353535212027158,1.9353535212027158,0.8302360837805836,1.7625480457423015,1.7625480457423015,1.8034677429271049,3.5670318965334786,0.5883531790904966,1.9076580771040335,1.451213473049704,3.8089768339633285,3.8089768339633285,3.8089768339633285,3.8089768339633285,2.060588071464095,3.210206577810205,3.210206577810205,1.336411387460045,1.336411387460045,1.336411387460045,1.7663209822945294,3.210206577810205,1.1318077569471232,1.1318077569471232,1.3937186023715877,2.610417900886609,2.1947291456684814,2.602299869530788,2.720025963670352,2.720025963670352,5.295929777802329,5.295929777802329,3.900499293569276,3.900499293569276,3.900499293569276,3.900499293569276,1.360562851552362,0.7466981445728611,2.772425264020972,2.772425264020972,2.772425264020972,2.3586666145918693,2.170960931135376,1.8249479950730796,2.713006795961486,2.3149348145130024,2.3149348145130024,2.3149348145130024,3.7588441449982133,2.471058978204125,1.088827541321161,2.369500978707189,3.253920389074464,1.3653850686174693,1.6121830068035061,1.242298735624282,1.242298735624282,0.9573900681640701,0.9573900681640701
Drypetes species,1.902090719576559,1.0722501713004162,2.5707605738864987,1.7157417972189162,2.960445386221402,2.3131919487212103,2.5375638392603626,2.8461235963215508,2.665080100548854,2.1238292222824846,2.2672642488960055,2.838338093816028,0.3969421194514571,0.8135860743333638,1.562260191388008,1.3006740132518069,3.368174679584806,1.7538623133666025,2.5666973982607852,0.8905279926675546,4.195985963195314,1.3883414106237648,4.227467043348321,1.8105906446512312,3.528417271817983,3.528417271817983,0.9486269199676604,3.182190575532169,3.182190575532169,1.6156677703069269,0.8945929194073917,0.5384626972089347,0.951311920307599,0.951311920307599,0.951311920307599,1.4578604919786093,1.8289702580517404,1.9873586818431703,0.5427620601241492,1.8289702580517404,2.116270105802447,2.1279837303761218,2.368989256297795,0.0,0.0,2.132508854472628,2.132508854472628,2.132508854472628,3.3748525373506726,3.7812527145523473,3.7812527145523473,2.3287418375206066,2.544826575913909,1.9645122053426254,2.330964232394851,1.527746178503457,2.7466425573597286,1.9102372986945393,2.8426283814219766,1.876543941307983,2.234782935226529,2.234782935226529,2.6701163905171397,0.5273849404473844,0.5273849404473844,0.8534870792658172,1.8778328920899,1.9353535212027158,1.9353535212027158,0.8302360837805836,1.7625480457423015,1.7625480457423015,1.8034677429271049,3.5670318965334786,0.5883531790904966,1.9076580771040335,1.451213473049704,3.8089768339633285,3.8089768339633285,3.8089768339633285,3.8089768339633285,2.060588071464095,3.210206577810205,3.210206577810205,1.336411387460045,1.336411387460045,1.336411387460045,1.7663209822945294,3.210206577810205,1.1318077569471232,1.1318077569471232,1.3937186023715877,2.610417900886609,2.1947291456684814,2.602299869530788,2.720025963670352,2.720025963670352,5.295929777802329,5.295929777802329,3.900499293569276,3.900499293569276,3.900499293569276,3.900499293569276,1.360562851552362,0.7466981445728611,2.772425264020972,2.772425264020972,2.772425264020972,2.3586666145918693,2.170960931135376,1.8249479950730796,2.713006795961486,2.3149348145130024,2.3149348145130024,2.3149348145130024,3.7588441449982133,2.471058978204125,1.088827541321161,2.369500978707189,3.253920389074464,1.3653850686174693,1.6121830068035061,1.242298735624282,1.242298735624282,0.9573900681640701,0.9573900681640701
Elaeis guineense,2.173072711867594,1.8705226872741432,2.4676346538394704,2.6448534693991936,2.6546027772374137,2.8040321068611553,2.4261272103713165,1.7443474583115517,3.9287863531407496,2.6571940464859987,1.8118911668621316,1.6054153096665391,2.3052530038056838,2.772184031365363,1.53250704856788,1.3365802484725648,3.726590047500837,1.5152530428493867,1.7028924016926128,2.404829686488824,4.655886305933611,2.226944353248206,3.78241651322128,3.152693198520196,3.3656721354287384,3.3656721354287384,1.7485451678922872,2.240044266904804,2.240044266904804,1.559842135406196,1.8188326433754325,1.893440398368082,2.805101488183736,2.805101488183736,2.805101488183736,2.116644281496885,1.929454378315993,2.106200533669029,2.4141330902182667,1.929454378315993,1.5540941674299473,1.466307892542965,2.292903973797361,2.132508854472628,2.132508854472628,0.0,0.0,0.0,4.06903380442845,4.246638660138285,4.246638660138285,2.18658291400503,2.389270600220725,1.8009488794697301,1.210725847311369,1.212695907898947,3.1232171203921313,1.4966360525186002,2.2836810757211654,2.657587975826637,2.68194908923295,2.68194908923295,2.3371667861660606,1.9732264999128268,1.9732264999128268,2.700116975888484,3.567265454452016,1.965026097095451,1.965026097095451,1.9763141846893837,3.2640459365809935,3.2640459365809935,2.2259414506256094,4.476054577010877,2.063726690861538,2.2875741475564815,1.6210572727133754,3.9507954962645324,3.9507954962645324,3.9507954962645324,3.9507954962645324,2.963363245640731,4.561421500457548,4.561421500457548,2.5978258448489053,2.5978258448489053,2.5978258448489053,1.3460503190200803,4.561421500457548,2.868133079552135,2.868133079552135,1.6405965592137375,2.8064136484114597,3.394505436919954,3.0076569219759577,1.9174356512978188,1.9174356512978188,6.50953851717876,6.50953851717876,2.967104399337628,2.967104399337628,2.967104399337628,2.967104399337628,2.90564046529223,2.63323236608227,3.1562908023182623,3.1562908023182623,3.1562908023182623,2.4864131105802962,1.453253688694277,1.7424483800306731,1.5053013259605328,2.818383838827133,2.818383838827133,2.818383838827133,3.3877533514793523,2.1401140131019893,1.7123914479715152,2.203535759962322,3.4373172233015494,2.12903469160474,1.7470550531365985,1.8570828751996658,1.8570828751996658,2.794743764911122,2.794743764911122
Elaeis guineensis,2.173072711867594,1.8705226872741432,2.4676346538394704,2.6448534693991936,2.6546027772374137,2.8040321068611553,2.4261272103713165,1.7443474583115517,3.9287863531407496,2.6571940464859987,1.8118911668621316,1.6054153096665391,2.3052530038056838,2.772184031365363,1.53250704856788,1.3365802484725648,3.726590047500837,1.5152530428493867,1.7028924016926128,2.404829686488824,4.655886305933611,2.226944353248206,3.78241651322128,3.152693198520196,3.3656721354287384,3.3656721354287384,1.7485451678922872,2.240044266904804,2.240044266904804,1.559842135406196,1.8188326433754325,1.893440398368082,2.805101488183736,2.805101488183736,2.805101488183736,2.116644281496885,1.929454378315993,2.106200533669029,2.4141330902182667,1.929454378315993,1.5540941674299473,1.466307892542965,2.292903973797361,2.132508854472628,2.132508854472628,0.0,0.0,0.0,4.06903380442845,4.246638660138285,4.246638660138285,2.18658291400503,2.389270600220725,1.8009488794697301,1.210725847311369,1.212695907898947,3.1232171203921313,1.4966360525186002,2.2836810757211654,2.657587975826637,2.68194908923295,2.68194908923295,2.3371667861660606,1.9732264999128268,1.9732264999128268,2.700116975888484,3.567265454452016,1.965026097095451,1.965026097095451,1.9763141846893837,3.2640459365809935,3.2640459365809935,2.2259414506256094,4.476054577010877,2.063726690861538,2.2875741475564815,1.6210572727133754,3.9507954962645324,3.9507954962645324,3.9507954962645324,3.9507954962645324,2.963363245640731,4.561421500457548,4.561421500457548,2.5978258448489053,2.5978258448489053,2.5978258448489053,1.3460503190200803,4.561421500457548,2.868133079552135,2.868133079552135,1.6405965592137375,2.8064136484114597,3.394505436919954,3.0076569219759577,1.9174356512978188,1.9174356512978188,6.50953851717876,6.50953851717876,2.967104399337628,2.967104399337628,2.967104399337628,2.967104399337628,2.90564046529223,2.63323236608227,3.1562908023182623,3.1562908023182623,3.1562908023182623,2.4864131105802962,1.453253688694277,1.7424483800306731,1.5053013259605328,2.818383838827133,2.818383838827133,2.818383838827133,3.3877533514793523,2.1401140131019893,1.7123914479715152,2.203535759962322,3.4373172233015494,2.12903469160474,1.7470550531365985,1.8570828751996658,1.8570828751996658,2.794743764911122,2.794743764911122
Elaeis guinensis,2.173072711867594,1.8705226872741432,2.4676346538394704,2.6448534693991936,2.6546027772374137,2.8040321068611553,2.4261272103713165,1.7443474583115517,3.9287863531407496,2.6571940464859987,1.8118911668621316,1.6054153096665391,2.3052530038056838,2.772184031365363,1.53250704856788,1.3365802484725648,3.726590047500837,1.5152530428493867,1.7028924016926128,2.404829686488824,4.655886305933611,2.226944353248206,3.78241651322128,3.152693198520196,3.3656721354287384,3.3656721354287384,1.7485451678922872,2.240044266904804,2.240044266904804,1.559842135406196,1.8188326433754325,1.893440398368082,2.805101488183736,2.805101488183736,2.805101488183736,2.116644281496885,1.929454378315993,2.106200533669029,2.4141330902182667,1.929454378315993,1.5540941674299473,1.466307892542965,2.292903973797361,2.132508854472628,2.132508854472628,0.0,0.0,0.0,4.06903380442845,4.246638660138285,4.246638660138285,2.18658291400503,2.389270600220725,1.8009488794697301,1.210725847311369,1.212695907898947,3.1232171203921313,1.4966360525186002,2.2836810757211654,2.657587975826637,2.68194908923295,2.68194908923295,2.3371667861660606,1.9732264999128268,1.9732264999128268,2.700116975888484,3.567265454452016,1.965026097095451,1.965026097095451,1.9763141846893837,3.2640459365809935,3.2640459365809935,2.2259414506256094,4.476054577010877,2.063726690861538,2.2875741475564815,1.6210572727133754,3.9507954962645324,3.9507954962645324,3.9507954962645324,3.9507954962645324,2.963363245640731,4.561421500457548,4.561421500457548,2.5978258448489053,2.5978258448489053,2.5978258448489053,1.3460503190200803,4.561421500457548,2.868133079552135,2.868133079552135,1.6405965592137375,2.8064136484114597,3.394505436919954,3.0076569219759577,1.9174356512978188,1.9174356512978188,6.50953851717876,6.50953851717876,2.967104399337628,2.967104399337628,2.967104399337628,2.967104399337628,2.90564046529223,2.63323236608227,3.1562908023182623,3.1562908023182623,3.1562908023182623,2.4864131105802962,1.453253688694277,1.7424483800306731,1.5053013259605328,2.818383838827133,2.818383838827133,2.818383838827133,3.3877533514793523,2.1401140131019893,1.7123914479715152,2.203535759962322,3.4373172233015494,2.12903469160474,1.7470550531365985,1.8570828751996658,1.8570828751996658,2.794743764911122,2.794743764911122
Ficus exasperata,4.428379233082264,2.6313320522905737,3.2230073166349604,2.634070417217572,2.2658639132173555,3.6086143845452257,3.317304179147326,4.133946956865998,1.6009032448164018,2.864936868964792,4.983920292839311,4.26879771000791,3.3464036986989147,3.9029518052848635,4.46923649646586,3.2074617776155967,2.854241950748164,3.4420159103027794,4.831555800852751,2.9741548402453013,3.2096102937521676,2.8434925568165212,3.6043264766067327,3.2512801686980284,4.7376271841175726,4.7376271841175726,3.266033349981688,3.781614925703817,3.781614925703817,4.0429838324475895,3.515460007217867,3.223325187333015,3.611692846888826,3.611692846888826,3.611692846888826,2.199511316925482,3.8306393143421245,3.897997038808498,3.367480164106121,3.8306393143421245,4.107538658708146,4.046568654114023,3.416492975888499,3.3748525373506726,3.3748525373506726,4.06903380442845,4.06903380442845,4.06903380442845,0.0,1.1424598586444856,1.1424598586444856,2.2084848202871012,2.217177790138469,4.855227698374549,3.501914119269243,3.389019864690566,1.0710978806250449,3.8086291606691893,3.0883510483706993,1.8287224184914403,3.7762819562305805,3.7762819562305805,5.424378449649529,3.6159365733516884,3.6159365733516884,3.502353363880237,3.978462245810021,2.6340044200604855,2.6340044200604855,3.0791854571921964,2.6631825064094197,2.6631825064094197,1.9700012550143122,2.7528887565122258,3.129362235369058,2.836239421659438,3.6005911182979617,1.1798246272919142,1.1798246272919142,1.1798246272919142,1.1798246272919142,3.1322628496279936,2.7699395929756676,2.7699395929756676,2.8425493558355557,2.8425493558355557,2.8425493558355557,2.7762503372634963,2.7699395929756676,2.932701436456496,2.932701436456496,4.367475570173385,3.734480695335608,3.6337861992384988,4.288508154166547,3.924670536099956,3.924670536099956,5.751673752764705,5.751673752764705,4.202084082787368,4.202084082787368,4.202084082787368,4.202084082787368,3.4696247777139693,3.516184845149372,3.673000751221237,3.673000751221237,3.673000751221237,1.8958976137731105,3.874947994160914,3.851765170908047,3.4422403467528877,3.9565004691466,3.9565004691466,3.9565004691466,3.9063928930494582,2.9434748440070133,2.9530051560150983,3.9538983726972714,1.419381102529748,2.8267335264286797,3.298288464111076,2.9199447062648174,2.9199447062648174,2.947139301449739,2.947139301449739
Ficus mucosa,4.43666062049281,2.992862536690084,2.78535384434884,2.8019333102198334,1.8994746263564766,3.2681045640350668,2.896475998989372,4.2862029198268665,2.3050783361214253,3.1423124480127695,5.144866480748434,4.388004824530489,3.793285444328026,4.400242655304467,4.599506454143321,3.3348961440845555,2.5667623715094674,3.4160898255989287,4.714415274407405,3.619332970323575,3.580840447069687,3.153376631161558,2.734588801881564,3.352968086778712,4.184961719597722,4.184961719597722,3.7172843406066005,3.733228650658395,3.733228650658395,4.1558986393114346,3.9281621622375114,3.4887610676765526,3.9346132232472253,3.9346132232472253,3.9346132232472253,2.574182088906637,4.191302737732202,4.447955821978876,3.8040853098158838,4.191302737732202,4.1965463380612436,4.130875162860666,3.919388613168257,3.7812527145523473,3.7812527145523473,4.246638660138285,4.246638660138285,4.246638660138285,1.1424598586444856,0.0,0.0,2.1265607230637795,1.9832085986833665,4.9437991842666795,3.449573894981265,3.852248052166736,1.3629067283933407,3.900788026160706,2.9868015185434067,2.3848633413065667,3.4910599163214435,3.4910599163214435,5.36095837309884,3.9830194524118716,3.9830194524118716,3.895474493297374,4.563649457781003,3.010084488703653,3.010084488703653,3.617799324538127,2.7276377807897187,2.7276377807897187,2.1593759327428694,2.1435203519873585,3.4237156572689456,2.7991681567187876,3.9758340876348086,1.6599440474299887,1.6599440474299887,1.6599440474299887,1.6599440474299887,3.371516645456667,2.5320218043728655,2.5320218043728655,2.889414506891642,2.889414506891642,2.889414506891642,2.917330220321663,2.5320218043728655,3.59191265581626,3.59191265581626,4.549739353481102,3.309586673730425,3.662596224332602,4.486684756458884,3.726435752351187,3.726435752351187,5.95723120481703,5.95723120481703,3.76910745342651,3.76910745342651,3.76910745342651,3.76910745342651,3.9997320541020365,3.9988798650834325,3.207750008338486,3.207750008338486,3.207750008338486,1.9471166707770677,3.720874282353543,3.734347017018091,3.4884238977246587,3.6825105033983614,3.6825105033983614,3.6825105033983614,3.154264735478404,2.604916553340338,3.1209074154618186,4.343097682409731,0.8636055418151838,3.0658088628016826,3.5541820178433663,3.0078175251981816,3.0078175251981816,3.4968214111905764,3.4968214111905764
Ficus mucuso,4.43666062049281,2.992862536690084,2.78535384434884,2.8019333102198334,1.8994746263564766,3.2681045640350668,2.896475998989372,4.2862029198268665,2.3050783361214253,3.1423124480127695,5.144866480748434,4.388004824530489,3.793285444328026,4.400242655304467,4.599506454143321,3.3348961440845555,2.5667623715094674,3.4160898255989287,4.714415274407405,3.619332970323575,3.580840447069687,3.153376631161558,2.734588801881564,3.352968086778712,4.184961719597722,4.184961719597722,3.7172843406066005,3.733228650658395,3.733228650658395,4.1558986393114346,3.9281621622375114,3.4887610676765526,3.9346132232472253,3.9346132232472253,3.9346132232472253,2.574182088906637,4.191302737732202,4.447955821978876,3.8040853098158838,4.191302737732202,4.1965463380612436,4.130875162860666,3.919388613168257,3.7812527145523473,3.7812527145523473,4.246638660138285,4.246638660138285,4.246638660138285,1.1424598586444856,0.0,0.0,2.1265607230637795,1.9832085986833665,4.9437991842666795,3.449573894981265,3.852248052166736,1.3629067283933407,3.900788026160706,2.9868015185434067,2.3848633413065667,3.4910599163214435,3.4910599163214435,5.36095837309884,3.9830194524118716,3.9830194524118716,3.895474493297374,4.563649457781003,3.010084488703653,3.010084488703653,3.617799324538127,2.7276377807897187,2.7276377807897187,2.1593759327428694,2.1435203519873585,3.4237156572689456,2.7991681567187876,3.9758340876348086,1.6599440474299887,1.6599440474299887,1.6599440474299887,1.6599440474299887,3.371516645456667,2.5320218043728655,2.5320218043728655,2.889414506891642,2.889414506891642,2.889414506891642,2.917330220321663,2.5320218043728655,3.59191265581626,3.59191265581626,4.549739353481102,3.309586673730425,3.662596224332602,4.486684756458884,3.726435752351187,3.726435752351187,5.95723120481703,5.95723120481703,3.76910745342651,3.76910745342651,3.76910745342651,3.76910745342651,3.9997320541020365,3.9988798650834325,3.207750008338486,3.207750008338486,3.207750008338486,1.9471166707770677,3.720874282353543,3.734347017018091,3.4884238977246587,3.6825105033983614,3.6825105033983614,3.6825105033983614,3.154264735478404,2.604916553340338,3.1209074154618186,4.343097682409731,0.8636055418151838,3.0658088628016826,3.5541820178433663,3.0078175251981816,3.0078175251981816,3.4968214111905764,3.4968214111905764
Funtumia africana,2.6474035638483397,1.372802175509679,1.423658092810475,1.5514613468914553,0.6531127112203955,2.0694376984867153,1.4905380747794614,2.3197184278986405,2.4274561771561918,1.7958414166162664,3.1349691072869343,2.368545018602391,2.3821052689130218,3.120827383175005,2.6914138404203065,1.3859108619034228,2.0639557917126634,1.436057917350791,2.739168713674504,2.3672260587487526,3.3709614848475185,2.003505868290766,2.2812345504144558,2.329749301839235,2.9483532191410773,2.9483532191410773,2.2154094245922766,1.9529868454400694,1.9529868454400694,2.210970503927771,2.2214627977080372,1.9399047581926343,2.6795502925096204,2.6795502925096204,2.6795502925096204,1.3022192562490036,2.762843539200713,3.048151998918607,2.42372208356073,2.762843539200713,2.54904339151822,2.459711740743486,2.333569506614052,2.3287418375206066,2.3287418375206066,2.18658291400503,2.18658291400503,2.18658291400503,2.2084848202871012,2.1265607230637795,2.1265607230637795,0.0,0.2952866660372157,3.121034759510428,1.3406955184797285,2.0212471581963065,1.348329550058492,1.8984013010952094,1.274304755601258,1.4018666028699276,2.2661063156396826,2.2661063156396826,3.534260982842239,2.358925900712008,2.358925900712008,2.6035699853274585,3.4957897575173185,1.3287125036445186,1.3287125036445186,2.095473955918541,2.112762991948328,2.112762991948328,0.7105474721201784,2.6286824732310445,1.9014966087525649,1.1848443943310076,2.130361980809106,2.20278599243461,2.20278599243461,2.20278599243461,2.20278599243461,2.1715870656387923,2.916751557689311,2.916751557689311,1.7484968803449146,1.7484968803449146,1.7484968803449146,0.9518650746124785,2.916751557689311,2.5536404638823944,2.5536404638823944,2.779644878124982,2.0474307000044303,2.640122511603563,2.9588375338997555,1.8043941984049652,1.8043941984049652,5.646226005833432,5.646226005833432,2.3128098430109314,2.3128098430109314,2.3128098430109314,2.3128098430109314,2.7627732866202632,2.6845806484785615,2.1674904290490686,2.1674904290490686,2.1674904290490686,0.5061202798341676,1.7658634248687,1.9804709569414647,1.4926935287841796,2.5117669171584613,2.5117669171584613,2.5117669171584613,2.323239783550092,0.9278044607694633,1.356575281684646,2.5900686193578943,1.3230098496232663,1.4659152105598225,1.7062476947873793,1.2897791456228698,1.2897791456228698,2.551633792922969,2.551633792922969
Funtumia elastica,2.7661372717337525,1.6268870477270725,1.2950973233047354,1.6919923141676971,0.4281278716062223,2.012732222114899,1.3780781729772609,2.5070730102979515,2.53848683894905,1.9783750544161922,3.3182066052070276,2.547588979877662,2.606022083661125,3.333303903970173,2.8585326366563724,1.5881460398394731,2.005441365570053,1.5707883716216444,2.8211748386274182,2.6233632094467394,3.4638009711272004,2.1561593670424997,2.009116024964499,2.422215787828057,2.831339623818771,2.831339623818771,2.4473864212240164,2.0515143343117535,2.0515143343117535,2.385905371259497,2.4729159695795224,2.12997154067012,2.8505745289720585,2.8505745289720585,2.8505745289720585,1.5076536760460935,2.947039093291808,3.278251516521995,2.6413936667074807,2.947039093291808,2.670977754313585,2.5826555973266276,2.594984438573529,2.544826575913909,2.544826575913909,2.389270600220725,2.389270600220725,2.389270600220725,2.217177790138469,1.9832085986833665,1.9832085986833665,0.2952866660372157,0.0,3.2593759401417888,1.4731369644421473,2.3051691038371973,1.3776134582971304,2.0780445285374163,1.3473780211587163,1.6209076528326924,2.2321371192127857,2.2321371192127857,3.6221572591612006,2.583149330739246,2.583149330739246,2.7985139671184207,3.710775680108733,1.6001087462402148,1.6001087462402148,2.363970785451343,2.15978704923921,2.15978704923921,0.9096395143455346,2.471895090294828,2.101926085200214,1.2854599777226554,2.3889347163092056,2.2296326457849673,2.2296326457849673,2.2296326457849673,2.2296326457849673,2.3224782685993772,2.847960905553114,2.847960905553114,1.8295837254234832,1.8295837254234832,1.8295837254234832,1.1830643292774665,2.847960905553114,2.787008807751325,2.787008807751325,2.9478045085507674,1.958191551428055,2.7113148388677333,3.1191901634973473,1.849613706284293,1.849613706284293,5.717797561170456,5.717797561170456,2.2348816916686207,2.2348816916686207,2.2348816916686207,2.2348816916686207,2.9874181965893847,2.904170199806742,2.060290661062457,2.060290661062457,2.060290661062457,0.6508677081469508,1.8300899010570981,2.0445286716517446,1.656350063005222,2.4820054357059593,2.4820054357059593,2.4820054357059593,2.09478018287758,0.8260633791706585,1.556076111689496,2.83199252799758,1.1596262319962922,1.6727721625122587,1.9395227730212172,1.4523003269216241,1.4523003269216241,2.7447158894054424,2.7447158894054424
Garcinia kola,1.7048041126611364,2.4696353158689694,2.6546496765291336,3.0314197453598615,3.6166864938034156,2.4131669294239404,2.564033678478845,3.0626482839020337,4.46057205901212,3.382855743840988,1.7595552897022224,2.8909866105727025,2.236095815568906,2.271644138249036,0.8404010261300341,1.8738928258838015,4.3445731700409675,1.9936195910591623,1.4446848219689055,2.7319895159525704,5.6390025152430905,2.3190073274371534,4.344783310780872,3.0252600716765854,2.96586980090506,2.96586980090506,2.000060352223871,3.49066724325292,3.49066724325292,1.7034250056578457,2.148321084410647,1.7739120684351461,2.3871283611438425,2.3871283611438425,2.3871283611438425,2.711957928691512,1.9891703572573283,2.48599440371473,2.3191973384223274,1.9891703572573283,1.4465455823656364,1.5027350981802423,3.45685906986063,1.9645122053426254,1.9645122053426254,1.8009488794697301,1.8009488794697301,1.8009488794697301,4.855227698374549,4.9437991842666795,4.9437991842666795,3.121034759510428,3.2593759401417888,0.0,2.3666075188498783,2.352060697230649,3.9545620538875657,2.164301967030866,3.405349009938071,3.4554307630496828,2.0657307293002014,2.0657307293002014,0.9242587501828355,1.8766183758474584,1.8766183758474584,2.4621114224856577,3.4698155881535384,3.0878840927091993,3.0878840927091993,2.4575465548746873,3.080735681653985,3.080735681653985,2.9520300206211436,4.53725365384633,2.074197645961847,2.7691042472335017,2.35466027618517,5.124891560056924,5.124891560056924,5.124891560056924,5.124891560056924,3.354988764631867,4.448733181267191,4.448733181267191,2.428750830773899,2.428750830773899,2.428750830773899,2.368076894934791,4.448733181267191,3.0720344247816853,3.0720344247816853,0.5980005682179861,2.5661076238395832,3.2043300017400225,3.349334655016112,2.6306532343223585,2.6306532343223585,6.547463909935752,6.547463909935752,3.8603904265119566,3.8603904265119566,3.8603904265119566,3.8603904265119566,3.0206015422787775,2.48377819118073,2.93537864566015,2.93537864566015,2.93537864566015,3.4244897683240936,1.7440383559311208,1.390214157171736,2.9954996930057156,2.037770466619356,2.037770466619356,2.037770466619356,3.5461455561748014,2.7114642002352562,2.068031463208659,3.169911252099111,4.23253363637429,2.619281584672358,2.514733588060316,2.1289848552544446,2.1289848552544446,2.682553620599134,2.682553620599134
Gmelina arborea,1.9608099802340375,1.6444143445770825,1.6253320801513724,1.993725306221293,1.6602710469924824,2.1533510916496725,1.6020206296033614,1.407661947640342,3.4262621241238125,2.0222103936115796,2.101629501779931,1.3237071838038066,2.4134515507349756,3.1044069142072184,1.8951135819873957,1.0503182569533818,2.660658062257795,0.8457675136096808,1.6475473185619613,2.5968769217983634,3.938283469210319,2.3853134015695394,2.6794692826260307,2.6072511602181443,2.6143673362845896,2.6143673362845896,2.220860087763297,1.3506027330223398,1.3506027330223398,1.4305671657858576,1.9558656123405669,1.947783460170101,2.7319152733218584,2.7319152733218584,2.7319152733218584,1.9680894219792902,2.647153756159602,2.942657637302544,2.466508820148869,2.647153756159602,2.1415967824873006,2.0425817352450912,2.1488337423673367,2.330964232394851,2.330964232394851,1.210725847311369,1.210725847311369,1.210725847311369,3.501914119269243,3.449573894981265,3.449573894981265,1.3406955184797285,1.4731369644421473,2.3666075188498783,0.0,1.6745086048929896,2.604019318609179,1.0596865841803538,1.2031816025352922,2.2204408429256985,2.280289047872016,2.280289047872016,2.6451603379636413,2.1420002389227144,2.1420002389227144,2.660616156563703,3.583596781391124,1.522507010051656,1.522507010051656,2.136532291713382,2.7668250147761335,2.7668250147761335,1.6959438983944146,3.55107214749856,1.958425739024235,1.4333661038063572,1.6720509275780482,3.337757507352398,3.337757507352398,3.337757507352398,3.337757507352398,2.3693039579972885,3.8145254285642727,3.8145254285642727,2.175243802779146,2.175243802779146,2.175243802779146,1.0292659992052713,3.8145254285642727,2.8968568552032234,2.8968568552032234,2.2034399430212965,2.0279020522505755,2.7954975856095032,2.5718694672595053,0.9093778507925533,0.9093778507925533,5.9048749496055475,5.9048749496055475,1.8589831147421378,1.8589831147421378,1.8589831147421378,1.8589831147421378,2.848786219953244,2.7246829291593673,2.3042866302757616,2.3042866302757616,2.3042866302757616,1.6706124203262882,0.9223835874061534,1.5081278455377236,0.7678263930039785,2.5062869315019847,2.5062869315019847,2.5062869315019847,2.4717564053595,1.210280566039021,1.3868770053417856,2.0878296928730795,2.6216058490723424,1.636397337719387,1.3711664114444175,1.4021922433586234,1.4021922433586234,2.9576051738746134,2.9576051738746134
Grewia pubescens,2.3573160098586405,1.1650582244496277,2.7835251008119664,2.0924203398175285,2.61981876610785,3.001071183130772,2.767970645060753,1.8261273161040141,3.0133451139960856,2.0021742774299645,2.113817747340803,1.8482903046215942,1.5741170237327775,2.122013144790657,1.8693154201287943,1.2625639040425045,3.410191655598188,1.6941174007104423,2.517390078706686,1.3815634423662073,3.8752890204484953,1.9052859636776005,4.123130221470193,2.6850176104520944,3.921995042154893,3.921995042154893,1.2110916811787966,2.3532900581736866,2.3532900581736866,1.6592165197388293,1.0923047311293206,1.5254702435508378,2.2445181378257004,2.2445181378257004,2.2445181378257004,1.5607601757281218,1.8926779784680263,1.741779706888053,1.6870733430361564,1.8926779784680263,2.1156283742963926,2.0520072057919307,1.4599295593467414,1.527746178503457,1.527746178503457,1.212695907898947,1.212695907898947,1.212695907898947,3.389019864690566,3.852248052166736,3.852248052166736,2.0212471581963065,2.3051691038371973,2.352060697230649,1.6745086048929896,0.0,2.6346332142911653,1.5654229535171698,2.2405741607933796,1.7990834709454024,2.977604664843128,2.977604664843128,3.0526674550954214,1.4180646307180476,1.4180646307180476,2.0303429406634828,2.670886942116151,1.2377319045916464,1.2377319045916464,0.9802726339163477,2.8059334023711475,2.8059334023711475,1.7793063077571458,4.211676444681966,1.536499098672468,2.0515977038998874,0.9665015000241916,3.3342325271234627,3.3342325271234627,3.3342325271234627,3.3342325271234627,2.3386164477561895,4.109491629743068,4.109491629743068,2.2926362111424203,2.2926362111424203,2.2926362111424203,1.264733228581854,4.109491629743068,1.8555072766645697,1.8555072766645697,1.9075836936351496,3.109574194953126,3.0083610270930263,2.619762305461317,2.3503020274280737,2.3503020274280737,5.827925879953923,5.827925879953923,3.3891384313587274,3.3891384313587274,3.3891384313587274,3.3891384313587274,2.013923205145297,1.8582638050233873,3.3415262826204146,3.3415262826204146,3.3415262826204146,2.0873763963941747,2.0829456827255126,2.1992137278170607,1.6948674191447748,3.130303972417431,3.130303972417431,3.130303972417431,3.887309905013902,2.402012617544784,1.4007195075847512,1.628984198387558,3.1696037544822357,1.566066873866945,1.2648343009214031,1.6330406729579696,1.6330406729579696,2.0521686590022217,2.0521686590022217
Harungana madagascariensis,3.718605443479846,1.952930853759746,2.3843378062376317,2.2264739540859657,1.5175556044821679,2.9037681377512388,2.4761903069451905,3.449424748303561,1.9896380483757616,2.533095802341232,4.223339395060293,3.538055440017133,2.8097481478218786,3.4018298427786773,3.6385031998901947,2.3687921192403922,2.731628447371571,2.6238575236909316,3.9322182632321527,2.5060405711805127,3.5398618840054406,2.0193659513382594,3.029133175598107,2.9282591074935107,4.00488407898684,4.00488407898684,2.48408497820005,3.151164422057091,3.151164422057091,3.2941325150454204,2.9024082418201615,2.4858691123420713,3.1621014491774417,3.1621014491774417,3.1621014491774417,1.3650237138592693,2.9479667527152245,3.1203106915578687,2.8660685001021644,2.9479667527152245,3.1032214508457923,3.0330042654177443,2.990449063813879,2.7466425573597286,2.7466425573597286,3.1232171203921313,3.1232171203921313,3.1232171203921313,1.0710978806250449,1.3629067283933407,1.3629067283933407,1.348329550058492,1.3776134582971304,3.9545620538875657,2.604019318609179,2.6346332142911653,0.0,3.071769898568156,2.4699322671955013,1.4704227379869947,2.978282950658406,2.978282950658406,4.527027596661308,2.9857976575189773,2.9857976575189773,3.065805679461,3.798850386661061,2.0554413825969897,2.0554413825969897,2.5047538426235687,2.324449643477128,2.324449643477128,1.1309472161862557,2.7402199018451663,2.4958586744113225,2.2286654948729834,2.968538913346932,1.4638262836212776,1.4638262836212776,1.4638262836212776,1.4638262836212776,2.8624673615601077,2.8724242334633407,2.8724242334633407,2.2388528183645366,2.2388528183645366,2.2388528183645366,1.8174741292460792,2.8724242334633407,2.640282956922458,2.640282956922458,3.5058065317579126,3.011362845748966,3.334627681615655,3.908574951059518,3.1472667687801046,3.1472667687801046,6.027211158355624,6.027211158355624,3.5526131783067516,3.5526131783067516,3.5526131783067516,3.5526131783067516,3.170452449048524,3.0764138285614084,3.0636717657986257,3.0636717657986257,3.0636717657986257,1.2312650592484393,2.955882967358993,2.952274998160963,2.64409834629591,3.1627547849753364,3.1627547849753364,3.1627547849753364,3.1572264508420242,2.0487279301440915,2.186809520255909,3.4589495983599114,0.940224939238317,2.26267871098686,2.672977373623439,2.1574991318707575,2.1574991318707575,2.4677393643764884,2.4677393643764884
Hexalobus crispiflorus,1.2013668251173955,1.4701199227012027,2.095696480765215,1.6039492894601883,2.3304949134220854,2.163605316652756,2.0401165875690355,1.211541493140401,3.2584550954097775,1.5349100392173387,1.3201748931588326,1.1506389701827866,1.8643140684085464,2.552609948505436,1.408409350324033,0.9738759242762579,2.573151485980866,0.7379843252685271,1.5080389994211276,2.2378686963180847,3.673563772187196,2.5765807399887555,3.318693947767486,2.0114010961182895,2.715747631163575,2.715747631163575,2.1832516838125793,1.4978301492634276,1.4978301492634276,0.5849303091009611,1.2975947669477883,1.6938522049441114,2.0619816783930682,2.0619816783930682,2.0619816783930682,2.1915749657066375,2.852279428729445,3.051004974014979,1.8668059545326043,2.852279428729445,2.5119168972609955,2.451822367658609,1.7329481571010277,1.9102372986945393,1.9102372986945393,1.4966360525186002,1.4966360525186002,1.4966360525186002,3.8086291606691893,3.900788026160706,3.900788026160706,1.8984013010952094,2.0780445285374163,2.164301967030866,1.0596865841803538,1.5654229535171698,3.071769898568156,0.0,1.4883321492452601,2.1733330098412202,2.3959291414063735,2.3959291414063735,2.4036481325234544,1.5220271030075763,1.5220271030075763,1.9784498955665124,2.770903244098231,1.442208491619058,1.442208491619058,1.733249949355392,2.5279492690510628,2.5279492690510628,1.9926237356189553,3.5945998578844804,1.5185850112013493,1.2515232448417515,0.9750013769800678,3.767201776313537,3.767201776313537,3.767201776313537,3.767201776313537,1.7058113930854064,3.654983620547177,3.654983620547177,1.9990558604501325,1.9990558604501325,1.9990558604501325,1.5536460982350924,3.654983620547177,2.4203430151195104,2.4203430151195104,1.9633220875813324,2.123552411638281,2.119784758397428,1.61866380770456,1.044940893700556,1.044940893700556,5.1164913265729925,5.1164913265729925,2.2516562079251177,2.2516562079251177,2.2516562079251177,2.2516562079251177,2.098980124095485,2.0695992472422233,2.3062073844813904,2.3062073844813904,2.3062073844813904,2.019147352939626,1.2284800895225965,1.5922057462677366,1.3616938453259115,2.602798741072676,2.602798741072676,2.602798741072676,3.058531524773996,1.8561160822427465,1.2148868770179337,1.3924328438464209,3.1758531227215827,1.1977231036391063,0.7182315146081769,1.2807868518272565,1.2807868518272565,2.7374406085447616,2.7374406085447616
Hildegardia barteri,2.4740354707750964,1.8958001995312825,1.9920498016949848,1.7134848214505576,1.3270436440402533,2.5071159653175568,2.010382839403197,1.4654391738875763,2.940558101218064,1.4713553929546974,2.761496030141104,1.5607170823612488,2.7767799133077857,3.588446864822563,2.7795450118361447,1.7306236468681149,1.6956726842194794,1.471011615490751,2.5663180706242383,2.880182310434303,2.9062282735672813,3.0225816985626563,2.401442771208642,2.46281793768737,2.942230406094329,2.942230406094329,2.924881464297827,0.773756359436184,0.773756359436184,2.0232824399850413,2.3394229221093608,2.538295640830452,2.9905715686169776,2.9905715686169776,2.9905715686169776,2.3223678442193054,3.568182060916703,3.7530575009288936,2.7741414869207155,3.568182060916703,3.235786253793245,3.1396104316466906,1.9191151486863267,2.8426283814219766,2.8426283814219766,2.2836810757211654,2.2836810757211654,2.2836810757211654,3.0883510483706993,2.9868015185434067,2.9868015185434067,1.274304755601258,1.3473780211587163,3.405349009938071,1.2031816025352922,2.2405741607933796,2.4699322671955013,1.4883321492452601,0.0,1.9581063868087658,2.8879509137587718,2.8879509137587718,3.6212116445518037,2.6267104714695018,2.6267104714695018,2.8871173902230045,3.576265422159148,1.331261150658004,1.331261150658004,2.4620666024766504,2.773332090648913,2.773332090648913,1.7840436084321685,3.102759378618229,2.341824270715881,1.2570892858224034,1.976750748341953,2.7577284184554474,2.7577284184554474,2.7577284184554474,2.7577284184554474,1.926399689674218,3.4524586287532393,3.4524586287532393,2.4311862337531744,2.4311862337531744,2.4311862337531744,1.6784962398833119,3.4524586287532393,2.996788717530819,2.996788717530819,3.1700931637979206,2.33200437366517,2.5828381447402124,2.2678939000497214,1.1662596169911217,1.1662596169911217,5.184523285813417,5.184523285813417,1.4187274792139866,1.4187274792139866,1.4187274792139866,1.4187274792139866,2.858781530439935,2.9952656759633247,2.3899336640381668,2.3899336640381668,2.3899336640381668,1.2856561598697862,1.8713927887327222,2.3797306477079623,0.972641955952785,3.1561120957624365,3.1561120957624365,3.1561120957624365,2.659942085784871,1.5590032780034773,1.840758110688043,1.9827248652424818,2.276053440080504,1.6241765323177184,1.4679894020396853,1.8067325271612493,1.8067325271612493,3.3543796604233647,3.3543796604233647
Holarrhena floribunda,2.8611057461756495,0.9907669329445684,2.516011458630508,1.1707448025593878,1.8899860903356813,2.722192967963147,2.556874638684604,2.5965113731581266,1.3017170456732268,1.2674779167330754,3.2573467492040873,2.729139200210526,1.7537988391694856,2.476183133557483,2.900153786888651,1.7164395108750712,2.232197847256143,2.0112586155554633,3.4123943545269504,1.4616847813425595,2.6737452740908756,2.013058648936051,3.5073892732844687,1.9562725746076157,3.8816831674524077,3.8816831674524077,1.9794998069317407,2.5224625035046855,2.5224625035046855,2.386394985907319,1.7476601093127306,1.810230711122217,2.1292334918181273,2.1292334918181273,2.1292334918181273,1.1900983647909855,2.84616390874763,2.8480838788421097,1.7656454368600374,2.84616390874763,3.09143975926006,3.0319001875990508,1.7596388680369333,1.876543941307983,1.876543941307983,2.657587975826637,2.657587975826637,2.657587975826637,1.8287224184914403,2.3848633413065667,2.3848633413065667,1.4018666028699276,1.6209076528326924,3.4554307630496828,2.2204408429256985,1.7990834709454024,1.4704227379869947,2.1733330098412202,1.9581063868087658,0.0,2.9338415208368716,2.9338415208368716,4.033333127535031,1.9546861558989788,1.9546861558989788,1.9416535525015703,2.4652288238996967,0.9896850269148841,0.9896850269148841,1.3885028393199224,1.8385115442006636,1.8385115442006636,0.968070982876724,2.8559129833957573,1.5725585151125967,1.4968440649141683,1.7997928923012825,2.0418870345967632,2.0418870345967632,2.0418870345967632,2.0418870345967632,1.598375446466989,2.7104574372056516,2.7104574372056516,1.755375215426259,1.755375215426259,1.755375215426259,1.5835050992383042,2.7104574372056516,1.461164446346594,1.461164446346594,2.9497532971027653,2.863885709124922,2.3554339038870067,2.627487925789447,2.631544851503681,2.631544851503681,4.890045464591637,4.890045464591637,3.3172820471053344,3.3172820471053344,3.3172820471053344,3.3172820471053344,1.8133509247587734,1.9263794585113256,2.875310860890141,2.875310860890141,2.875310860890141,1.0405871301354108,2.6215835749934007,2.6482885059294192,2.1830425138104363,3.138082346147282,3.138082346147282,3.138082346147282,3.559435822259082,2.1681549511937477,1.460659307110771,2.205949556911232,1.9605747399885536,1.1536210626485401,1.5520044256538879,1.5230898547484724,1.5230898547484724,1.8799560530718522,1.8799560530718522
Homalium alymeri,1.9844609295802764,2.2717493324739992,1.1646016165984672,2.330656613923789,2.5463732573383027,0.6737166103298609,1.095616617276288,3.4741146823492817,3.630564157141851,3.015738743549844,2.9410780698615837,3.3756812188655094,2.4524682747346622,2.778394467724757,2.0546079785751115,1.8086667928960172,3.200467572915447,1.73250300951569,2.075530502752504,2.952691571014853,5.0574580798508375,2.050961783173719,2.8375632712349774,2.255739407439682,1.7110391260049531,1.7110391260049531,2.4505961942300574,3.3498652311922172,3.3498652311922172,2.1692218576467694,2.6230281024075293,1.7611551024309038,2.317161204816038,2.317161204816038,2.317161204816038,2.2567777794408603,2.6746738695794687,3.3533679480946166,2.4771530051901944,2.6746738695794687,2.0742488882330963,2.086198467636435,3.764115302659065,2.234782935226529,2.234782935226529,2.68194908923295,2.68194908923295,2.68194908923295,3.7762819562305805,3.4910599163214435,3.4910599163214435,2.2661063156396826,2.2321371192127857,2.0657307293002014,2.280289047872016,2.977604664843128,2.978282950658406,2.3959291414063735,2.8879509137587718,2.9338415208368716,0.0,0.0,2.172799068149445,2.3286474236550436,2.3286474236550436,2.497923610307237,3.689816971005954,2.9562481381956185,2.9562481381956185,2.7601502965270313,1.8783760892544998,1.8783760892544998,2.1876227480019774,2.7377192457378743,1.9635713641333903,1.9801608457305442,2.860477105057706,4.270770139260082,4.270770139260082,4.270770139260082,4.270770139260082,2.9191077310984705,2.8507232955906363,2.8507232955906363,1.3828460710591721,1.3828460710591721,1.3828460710591721,2.1364423975298013,2.8507232955906363,3.087481831557148,3.087481831557148,1.9800256346651417,0.9597442323365316,2.4513677843418282,3.4476615778731636,2.3301655838056123,2.3301655838056123,6.005587952534139,6.005587952534139,3.2161408876543054,3.2161408876543054,3.2161408876543054,3.2161408876543054,3.156185411517596,2.715938509688239,1.277637604808074,1.277637604808074,1.277637604808074,2.5737420683313186,1.538073755842655,0.9914810631661124,2.9996406789779315,0.27683422782327644,0.27683422782327644,0.27683422782327644,1.9524332401950601,1.595359217303348,1.7588765257961072,3.652260131440595,2.9127887335854523,2.262994227723505,2.6034929544197385,1.579615659763147,1.579615659763147,2.589497933023984,2.589497933023984
Homalium aylmeri,1.9844609295802764,2.2717493324739992,1.1646016165984672,2.330656613923789,2.5463732573383027,0.6737166103298609,1.095616617276288,3.4741146823492817,3.630564157141851,3.015738743549844,2.9410780698615837,3.3756812188655094,2.4524682747346622,2.778394467724757,2.0546079785751115,1.8086667928960172,3.200467572915447,1.73250300951569,2.075530502752504,2.952691571014853,5.0574580798508375,2.050961783173719,2.8375632712349774,2.255739407439682,1.7110391260049531,1.7110391260049531,2.4505961942300574,3.3498652311922172,3.3498652311922172,2.1692218576467694,2.6230281024075293,1.7611551024309038,2.317161204816038,2.317161204816038,2.317161204816038,2.2567777794408603,2.6746738695794687,3.3533679480946166,2.4771530051901944,2.6746738695794687,2.0742488882330963,2.086198467636435,3.764115302659065,2.234782935226529,2.234782935226529,2.68194908923295,2.68194908923295,2.68194908923295,3.7762819562305805,3.4910599163214435,3.4910599163214435,2.2661063156396826,2.2321371192127857,2.0657307293002014,2.280289047872016,2.977604664843128,2.978282950658406,2.3959291414063735,2.8879509137587718,2.9338415208368716,0.0,0.0,2.172799068149445,2.3286474236550436,2.3286474236550436,2.497923610307237,3.689816971005954,2.9562481381956185,2.9562481381956185,2.7601502965270313,1.8783760892544998,1.8783760892544998,2.1876227480019774,2.7377192457378743,1.9635713641333903,1.9801608457305442,2.860477105057706,4.270770139260082,4.270770139260082,4.270770139260082,4.270770139260082,2.9191077310984705,2.8507232955906363,2.8507232955906363,1.3828460710591721,1.3828460710591721,1.3828460710591721,2.1364423975298013,2.8507232955906363,3.087481831557148,3.087481831557148,1.9800256346651417,0.9597442323365316,2.4513677843418282,3.4476615778731636,2.3301655838056123,2.3301655838056123,6.005587952534139,6.005587952534139,3.2161408876543054,3.2161408876543054,3.2161408876543054,3.2161408876543054,3.156185411517596,2.715938509688239,1.277637604808074,1.277637604808074,1.277637604808074,2.5737420683313186,1.538073755842655,0.9914810631661124,2.9996406789779315,0.27683422782327644,0.27683422782327644,0.27683422782327644,1.9524332401950601,1.595359217303348,1.7588765257961072,3.652260131440595,2.9127887335854523,2.262994227723505,2.6034929544197385,1.579615659763147,1.579615659763147,2.589497933023984,2.589497933023984
Irvinga gabonensis,1.6760713666629896,3.070782527045456,2.7767316804063933,3.3951512317143777,3.929887815339624,2.437708355520262,2.6656948961289215,3.2955536487952957,5.0015072571110695,3.7408545396945474,1.8433635561575559,3.090445249667016,2.8791802597277405,2.9649204727168565,1.282235953840241,2.3673227108162713,4.478842066856379,2.264381685903792,1.1846007469249822,3.478952458992864,5.9845632137575455,3.0773101735280064,4.309565371923288,3.272175969962348,2.545956110920636,2.545956110920636,2.8501718331192674,3.633830151359552,3.633830151359552,1.9561360964795111,2.7408816322114813,2.432170969622158,2.846814098751409,2.846814098751409,2.846814098751409,3.3932196889951087,2.8696587923504935,3.397937176020335,2.921815446882871,2.8696587923504935,2.1421482003720422,2.184282360671932,3.9471189761102456,2.6701163905171397,2.6701163905171397,2.3371667861660606,2.3371667861660606,2.3371667861660606,5.424378449649529,5.36095837309884,5.36095837309884,3.534260982842239,3.6221572591612006,0.9242587501828355,2.6451603379636413,3.0526674550954214,4.527027596661308,2.4036481325234544,3.6212116445518037,4.033333127535031,2.172799068149445,2.172799068149445,0.0,2.490239927873776,2.490239927873776,2.9743066833575096,3.9603235552993685,3.5995206968246993,3.5995206968246993,3.156673195111114,3.458749641091953,3.458749641091953,3.4957654991022236,4.678917821774788,2.6426773331103046,3.0417120830116233,2.8614794823914416,5.669309892267522,5.669309892267522,5.669309892267522,5.669309892267522,3.6527004382145525,4.680365574534914,4.680365574534914,2.842137889646158,2.842137889646158,2.842137889646158,2.9289696496191966,4.680365574534914,3.7417623586453854,3.7417623586453854,1.4586438519534302,2.493238793514166,3.3284474800017794,3.4648233937445294,2.6254739483302583,2.6254739483302583,6.614126432303815,6.614126432303815,3.7536486665890405,3.7536486665890405,3.7536486665890405,3.7536486665890405,3.539194535649814,3.080083937407365,2.851633087719457,2.851633087719457,2.851633087719457,3.8597709130910878,1.8739674364793355,1.628599758324721,3.31344438107574,2.1332479183573314,2.1332479183573314,2.1332479183573314,3.439921326721188,2.944361214663567,2.5808914194796673,3.5424382037838247,4.640041069449364,3.0553823358299286,2.922488977249619,2.5791940694983144,2.5791940694983144,3.4402829164435107,3.4402829164435107
Lecaniodiscus cupaniodes,1.5226774907580995,1.0962819035086029,2.586874738679714,1.6035597695411454,2.9757031515080565,2.3146292764837377,2.5401947858785743,2.4731085770019976,2.8095728066183643,1.8837679095266782,1.8040103021776968,2.4603299660610043,0.463389976988632,1.032617433774562,1.2832861518111434,1.175530796251833,3.2225423813312575,1.536254432782271,2.283513358609681,1.102531024179734,4.034475174231829,1.8113319906021053,4.195580357352882,1.6886552277068951,3.395843902513801,3.395843902513801,1.2675679490910332,2.8726654706455275,2.8726654706455275,1.195923071813802,0.5053184320417479,0.7647917464664297,0.9008985942278079,0.9008985942278079,0.9008985942278079,1.7401474646138384,2.1341778279193617,2.2549066350058973,0.518145981469201,2.1341778279193617,2.272863529011639,2.272863529011639,2.0856495243665756,0.5273849404473844,0.5273849404473844,1.9732264999128268,1.9732264999128268,1.9732264999128268,3.6159365733516884,3.9830194524118716,3.9830194524118716,2.358925900712008,2.583149330739246,1.8766183758474584,2.1420002389227144,1.4180646307180476,2.9857976575189773,1.5220271030075763,2.6267104714695018,1.9546861558989788,2.3286474236550436,2.3286474236550436,2.490239927873776,0.0,0.0,0.7636973173052412,1.7418141927303066,1.7927825747393813,1.7927825747393813,0.822691759184449,1.9416527071768157,1.9416527071768157,1.9489401887539481,3.6579438434249463,0.5939790899290109,1.7567307784807606,1.0586710036672982,3.9370538053426274,3.9370538053426274,3.9370538053426274,3.9370538053426274,1.803530172427599,3.3473455351172947,3.3473455351172947,1.4928897040809768,1.4928897040809768,1.4928897040809768,1.8017782569387006,3.3473455351172947,1.281340810278438,1.281340810278438,1.37202353559265,2.554630515527007,1.996513905193975,2.1434172880957205,2.4282614097946897,2.4282614097946897,5.05712807100525,5.05712807100525,3.642544351938158,3.642544351938158,3.642544351938158,3.642544351938158,1.174153253563428,0.7078054261320008,2.7103394064191155,2.7103394064191155,2.7103394064191155,2.382327350765553,2.0081565386828757,1.7748239790068727,2.497633946383333,2.435100825760452,2.435100825760452,2.435100825760452,3.7576413821484747,2.469229014127804,1.0479246636759232,1.9577446220801173,3.412541658638591,1.1924018004854342,1.271122623070823,1.2170128710576564,1.2170128710576564,1.4578432337262086,1.4578432337262086
Lecaniodiscus cupanioides,1.5226774907580995,1.0962819035086029,2.586874738679714,1.6035597695411454,2.9757031515080565,2.3146292764837377,2.5401947858785743,2.4731085770019976,2.8095728066183643,1.8837679095266782,1.8040103021776968,2.4603299660610043,0.463389976988632,1.032617433774562,1.2832861518111434,1.175530796251833,3.2225423813312575,1.536254432782271,2.283513358609681,1.102531024179734,4.034475174231829,1.8113319906021053,4.195580357352882,1.6886552277068951,3.395843902513801,3.395843902513801,1.2675679490910332,2.8726654706455275,2.8726654706455275,1.195923071813802,0.5053184320417479,0.7647917464664297,0.9008985942278079,0.9008985942278079,0.9008985942278079,1.7401474646138384,2.1341778279193617,2.2549066350058973,0.518145981469201,2.1341778279193617,2.272863529011639,2.272863529011639,2.0856495243665756,0.5273849404473844,0.5273849404473844,1.9732264999128268,1.9732264999128268,1.9732264999128268,3.6159365733516884,3.9830194524118716,3.9830194524118716,2.358925900712008,2.583149330739246,1.8766183758474584,2.1420002389227144,1.4180646307180476,2.9857976575189773,1.5220271030075763,2.6267104714695018,1.9546861558989788,2.3286474236550436,2.3286474236550436,2.490239927873776,0.0,0.0,0.7636973173052412,1.7418141927303066,1.7927825747393813,1.7927825747393813,0.822691759184449,1.9416527071768157,1.9416527071768157,1.9489401887539481,3.6579438434249463,0.5939790899290109,1.7567307784807606,1.0586710036672982,3.9370538053426274,3.9370538053426274,3.9370538053426274,3.9370538053426274,1.803530172427599,3.3473455351172947,3.3473455351172947,1.4928897040809768,1.4928897040809768,1.4928897040809768,1.8017782569387006,3.3473455351172947,1.281340810278438,1.281340810278438,1.37202353559265,2.554630515527007,1.996513905193975,2.1434172880957205,2.4282614097946897,2.4282614097946897,5.05712807100525,5.05712807100525,3.642544351938158,3.642544351938158,3.642544351938158,3.642544351938158,1.174153253563428,0.7078054261320008,2.7103394064191155,2.7103394064191155,2.7103394064191155,2.382327350765553,2.0081565386828757,1.7748239790068727,2.497633946383333,2.435100825760452,2.435100825760452,2.435100825760452,3.7576413821484747,2.469229014127804,1.0479246636759232,1.9577446220801173,3.412541658638591,1.1924018004854342,1.271122623070823,1.2170128710576564,1.2170128710576564,1.4578432337262086,1.4578432337262086
Lonchocarpus cilliata,1.8055777130312285,1.3731521210126012,2.8139486335454458,1.446005483142688,3.181159381024276,2.37871619647752,2.7768227983309988,2.947766042351514,2.4409713054703426,1.8347587136212553,2.3340781748000254,2.9738564012574082,0.5446643364590283,0.984558810891977,1.8925144150257833,1.6830647029253654,3.062417630101302,1.9571205901212896,2.818361145158474,1.2092948690139946,3.8143525677838324,2.114715754239285,4.347364696422889,1.2364337785308934,3.5551345475550855,3.5551345475550855,1.7767953033851707,3.223599589116038,3.223599589116038,1.6927176533819581,1.0272327883767178,1.1545278517428792,0.3135078730420489,0.3135078730420489,0.3135078730420489,1.989892046160293,2.682069484346048,2.792482595168652,0.3835093334409136,2.682069484346048,2.8856478778145345,2.8942493449542144,2.3478550531575992,0.8534870792658172,0.8534870792658172,2.700116975888484,2.700116975888484,2.700116975888484,3.502353363880237,3.895474493297374,3.895474493297374,2.6035699853274585,2.7985139671184207,2.4621114224856577,2.660616156563703,2.0303429406634828,3.065805679461,1.9784498955665124,2.8871173902230045,1.9416535525015703,2.497923610307237,2.497923610307237,2.9743066833575096,0.7636973173052412,0.7636973173052412,0.0,1.2117400775876979,2.0625332968722323,2.0625332968722323,1.1656096813729675,1.5692149507564288,1.5692149507564288,2.126972147158395,3.340386564980256,0.8084511210343788,1.8409635087545715,1.5398954497966142,3.9708485884752234,3.9708485884752234,3.9708485884752234,3.9708485884752234,1.547711412666116,2.8673276226795252,2.8673276226795252,1.4051850138206905,1.4051850138206905,1.4051850138206905,2.2822232340192965,2.8673276226795252,1.0153699326409873,1.0153699326409873,1.9827247883408192,2.668654224328266,1.5630847995466643,2.09722737887123,2.8065255729522716,2.8065255729522716,4.4750269789628385,4.4750269789628385,3.930174910838124,3.930174910838124,3.930174910838124,3.930174910838124,0.7714799291308686,0.3662674584641089,2.7042007170919597,2.7042007170919597,2.7042007170919597,2.5147192007022388,2.5015888992625483,2.2080106071119046,2.984171833412184,2.5985247371765468,2.5985247371765468,2.5985247371765468,3.9589546263237554,2.7659618400596435,1.402711423000954,2.2574884511578737,3.460767688912816,1.2855763883102456,1.611278891827981,1.4875013018591818,1.4875013018591818,1.411332622268689,1.411332622268689
Lonchocarpus cyanescens,2.703602094761764,2.2543586520013172,3.929558994779442,2.167776000435148,4.047537313611696,3.5037265030169507,3.8997777635337227,3.4571785140766123,2.587172079982601,2.2147562284439535,2.9571061282514197,3.5406234671897137,1.5109446547873442,1.6067300361195673,2.8579119254884993,2.7225181276467674,3.5519662517841026,2.9716679440640985,3.799864852352581,1.7178750304533517,3.6221324707688907,3.1187006357742706,5.2999841153023475,1.9347682042700074,4.602914934850715,4.602914934850715,2.6583744151457513,3.816947014260599,3.816947014260599,2.574289948268622,1.756239323168794,2.298898631022763,1.3946968148974503,1.3946968148974503,1.3946968148974503,2.8943131675401768,3.5876629477628685,3.466385142209731,1.385940061758907,3.5876629477628685,3.9651282858019954,3.971392440807058,2.497673618681133,1.8778328920899,1.8778328920899,3.567265454452016,3.567265454452016,3.567265454452016,3.978462245810021,4.563649457781003,4.563649457781003,3.4957897575173185,3.710775680108733,3.4698155881535384,3.583596781391124,2.670886942116151,3.798850386661061,2.770903244098231,3.576265422159148,2.4652288238996967,3.689816971005954,3.689816971005954,3.9603235552993685,1.7418141927303066,1.7418141927303066,1.2117400775876979,0.0,2.62373285984222,2.62373285984222,1.816906171173536,2.4555357865982907,2.4555357865982907,3.018968989807324,4.0395642728070715,1.936872659161358,2.7226068209812375,2.1063236900788107,4.393822261105542,4.393822261105542,4.393822261105542,4.393822261105542,1.8772132164869655,3.4194537098279087,3.4194537098279087,2.5198201812639844,2.5198201812639844,2.5198201812639844,3.24529064876079,3.4194537098279087,1.2887811516082466,1.2887811516082466,3.0075535221041725,3.7650083751637253,2.1125851841303636,2.2104337870889808,3.6751192149000484,3.6751192149000484,3.8523365663395843,3.8523365663395843,4.700840901492254,4.700840901492254,4.700840901492254,4.700840901492254,0.7564039740509566,1.1349017997337796,3.7275510920113013,3.7275510920113013,3.7275510920113013,3.2749583772007034,3.583408117807637,3.3809332602483826,3.7159311765681053,3.7896126813366418,3.7896126813366418,3.7896126813366418,5.049526300406206,3.8270214727718086,2.4708179328434023,2.4300450285881356,4.253481548979846,2.111831881494135,2.2872465531525425,2.580301122537025,2.580301122537025,2.153923799814704,2.153923799814704
Macaranga barteri,2.432306741633525,0.9546366722707895,2.426386750577873,1.305010173511048,1.8304856547084798,2.7314873817649477,2.4414374960333403,1.6183180468100626,2.2026176405075573,1.0023320035015029,2.563634688456358,1.7599390806063016,1.8227019636814696,2.616303936203257,2.444464361472495,1.3209084591354965,2.2761544710478456,1.5200717099328593,2.808190594446585,1.6771894465833534,2.7602058470590882,2.277059912451684,3.406089959340959,2.1513972414036995,3.641674663794468,3.641674663794468,1.9716078856456303,1.6828625254893295,1.6828625254893295,1.8102432424880537,1.4127823720967607,1.8222839572357485,2.2706626841833364,2.2706626841833364,2.2706626841833364,1.5153167038961264,2.794599337338747,2.774243906298788,1.8479867839911055,2.794599337338747,2.8575540494368563,2.7781603231566057,1.027496680138248,1.9353535212027158,1.9353535212027158,1.965026097095451,1.965026097095451,1.965026097095451,2.6340044200604855,3.010084488703653,3.010084488703653,1.3287125036445186,1.6001087462402148,3.0878840927091993,1.522507010051656,1.2377319045916464,2.0554413825969897,1.442208491619058,1.331261150658004,0.9896850269148841,2.9562481381956185,2.9562481381956185,3.5995206968246993,1.7927825747393813,1.7927825747393813,2.0625332968722323,2.62373285984222,0.0,0.0,1.3064947518550654,2.3685626062877905,2.3685626062877905,1.2590516493532706,3.3632683484129395,1.588593417261401,1.3144513601944205,1.1465673146333644,2.478938827908991,2.478938827908991,2.478938827908991,2.478938827908991,1.5391415593210007,3.3650766807137877,3.3650766807137877,2.041241599494203,2.041241599494203,2.041241599494203,1.2560272700122859,3.3650766807137877,1.8467988988552593,1.8467988988552593,2.664708912613779,2.7701231398642943,2.44533762150861,2.138359622348481,1.9598734284659667,1.9598734284659667,5.049663907601653,5.049663907601653,2.71470232405243,2.71470232405243,2.71470232405243,2.71470232405243,1.8911228393755468,2.034835887722477,2.861992245168441,2.861992245168441,2.861992245168441,1.152322558955293,2.1326602825307566,2.3772638689274506,1.3261833032167731,3.1810143117492498,3.1810143117492498,3.1810143117492498,3.4513153117272273,1.985671146128579,1.297368351961347,1.4076320711078767,2.3828854440358485,0.9884046496393057,0.870041615509013,1.4198351244924332,1.4198351244924332,2.3382987161512516,2.3382987161512516
Macranga bateri,2.432306741633525,0.9546366722707895,2.426386750577873,1.305010173511048,1.8304856547084798,2.7314873817649477,2.4414374960333403,1.6183180468100626,2.2026176405075573,1.0023320035015029,2.563634688456358,1.7599390806063016,1.8227019636814696,2.616303936203257,2.444464361472495,1.3209084591354965,2.2761544710478456,1.5200717099328593,2.808190594446585,1.6771894465833534,2.7602058470590882,2.277059912451684,3.406089959340959,2.1513972414036995,3.641674663794468,3.641674663794468,1.9716078856456303,1.6828625254893295,1.6828625254893295,1.8102432424880537,1.4127823720967607,1.8222839572357485,2.2706626841833364,2.2706626841833364,2.2706626841833364,1.5153167038961264,2.794599337338747,2.774243906298788,1.8479867839911055,2.794599337338747,2.8575540494368563,2.7781603231566057,1.027496680138248,1.9353535212027158,1.9353535212027158,1.965026097095451,1.965026097095451,1.965026097095451,2.6340044200604855,3.010084488703653,3.010084488703653,1.3287125036445186,1.6001087462402148,3.0878840927091993,1.522507010051656,1.2377319045916464,2.0554413825969897,1.442208491619058,1.331261150658004,0.9896850269148841,2.9562481381956185,2.9562481381956185,3.5995206968246993,1.7927825747393813,1.7927825747393813,2.0625332968722323,2.62373285984222,0.0,0.0,1.3064947518550654,2.3685626062877905,2.3685626062877905,1.2590516493532706,3.3632683484129395,1.588593417261401,1.3144513601944205,1.1465673146333644,2.478938827908991,2.478938827908991,2.478938827908991,2.478938827908991,1.5391415593210007,3.3650766807137877,3.3650766807137877,2.041241599494203,2.041241599494203,2.041241599494203,1.2560272700122859,3.3650766807137877,1.8467988988552593,1.8467988988552593,2.664708912613779,2.7701231398642943,2.44533762150861,2.138359622348481,1.9598734284659667,1.9598734284659667,5.049663907601653,5.049663907601653,2.71470232405243,2.71470232405243,2.71470232405243,2.71470232405243,1.8911228393755468,2.034835887722477,2.861992245168441,2.861992245168441,2.861992245168441,1.152322558955293,2.1326602825307566,2.3772638689274506,1.3261833032167731,3.1810143117492498,3.1810143117492498,3.1810143117492498,3.4513153117272273,1.985671146128579,1.297368351961347,1.4076320711078767,2.3828854440358485,0.9884046496393057,0.870041615509013,1.4198351244924332,1.4198351244924332,2.3382987161512516,2.3382987161512516
Maesobotrya barteri,2.189763526478759,0.7565577302202159,2.764225122578406,1.5607251681081582,2.7355265501768784,2.7269195724523034,2.7497145652869803,2.370961284669476,2.353241449790854,1.6678436105701637,2.304643903388298,2.42420276912469,0.7162877299708975,1.3682114284882623,1.9116030646663777,1.2917309433158293,3.136495725296587,1.7644727191704148,2.7870617898445484,0.5233285266148162,3.6044943740431847,1.6796543373772252,4.218766359781117,1.9826803842964618,3.871102173649012,3.871102173649012,1.076571925774406,2.753107550512427,2.753107550512427,1.6689574286791662,0.6162773713973733,1.0596185625309908,1.4195919283980885,1.4195919283980885,1.4195919283980885,1.3458481159834053,2.065774995898595,1.9793573035100434,0.8132137595945971,2.065774995898595,2.430078862607669,2.4026461153777072,1.6192744439000448,0.8302360837805836,0.8302360837805836,1.9763141846893837,1.9763141846893837,1.9763141846893837,3.0791854571921964,3.617799324538127,3.617799324538127,2.095473955918541,2.363970785451343,2.4575465548746873,2.136532291713382,0.9802726339163477,2.5047538426235687,1.733249949355392,2.4620666024766504,1.3885028393199224,2.7601502965270313,2.7601502965270313,3.156673195111114,0.822691759184449,0.822691759184449,1.1656096813729675,1.816906171173536,1.3064947518550654,1.3064947518550654,0.0,2.0888333155578938,2.0888333155578938,1.611393847904309,3.707095445123524,0.8890959389328181,1.8086398675448219,0.9781510137387404,3.3110103685728722,3.3110103685728722,3.3110103685728722,3.3110103685728722,1.7987921662686186,3.413983765176686,3.413983765176686,1.7277934661946854,1.7277934661946854,1.7277934661946854,1.5677513389874096,3.413983765176686,0.9031501794165886,0.9031501794165886,1.9078909499976404,2.9390891659489546,2.361442643862304,2.349817899857149,2.6097861447063413,2.6097861447063413,5.154971749413059,5.154971749413059,3.6946276943301313,3.6946276943301313,3.6946276943301313,3.6946276943301313,1.1623718052301477,0.9611313747702083,3.0773524981034632,3.0773524981034632,3.0773524981034632,2.025541780789556,2.3137997609828904,2.2096347544461734,2.2842903428826435,2.8982154229856443,2.8982154229856443,2.8982154229856443,3.9491743374027752,2.5008926935048215,1.1361407854516539,1.7786147927880798,3.07469268316402,1.1309580222684732,1.2096894630756676,1.3558990838121843,1.3558990838121843,1.3092960788724621,1.3092960788724621
Margaritaria discoidea,2.3931080688638606,1.676099716846374,2.0686436563271995,1.286558252463102,2.4983273233030587,1.6373307143958362,2.076784449128384,3.5358206466387214,1.9714401688932726,2.090514338245327,3.3447916588282056,3.568422321607046,1.7262421625767852,2.1658474194603463,2.68231437230762,1.9566771556210845,2.4099544568734173,2.0891891860074887,3.1968217468189937,2.0704944006757433,3.7732922214073965,2.0110716514150466,3.384848043235419,1.0775138882071655,2.996893853715184,2.996893853715184,2.333378791880022,3.393743640234062,3.393743640234062,2.4101878386118085,2.1631320706152164,1.588967281007858,1.4526247181704848,1.4526247181704848,1.4526247181704848,1.8077006656369128,3.0632888525202007,3.4187669602948607,1.669288744449795,3.0632888525202007,3.0764296249908494,3.0737350849052056,3.1164287131956687,1.7625480457423015,1.7625480457423015,3.2640459365809935,3.2640459365809935,3.2640459365809935,2.6631825064094197,2.7276377807897187,2.7276377807897187,2.112762991948328,2.15978704923921,3.080735681653985,2.7668250147761335,2.8059334023711475,2.324449643477128,2.5279492690510628,2.773332090648913,1.8385115442006636,1.8783760892544998,1.8783760892544998,3.458749641091953,1.9416527071768157,1.9416527071768157,1.5692149507564288,2.4555357865982907,2.3685626062877905,2.3685626062877905,2.0888333155578938,0.0,0.0,1.6843597588675607,1.898882065202669,1.419143697263773,1.5760540692771186,2.5162664516433613,3.3995867553222676,3.3995867553222676,3.3995867553222676,3.3995867553222676,1.8394298862512977,1.4674640943742197,1.4674640943742197,0.7136656967305821,0.7136656967305821,0.7136656967305821,2.27950266741789,1.4674640943742197,1.8700185230270392,1.8700185230270392,2.6679168138629135,1.970921489845016,1.4813542858848279,2.8640887450940733,2.845963898023184,2.845963898023184,4.636236009549239,4.636236009549239,3.667957961640843,3.667957961640843,3.667957961640843,3.667957961640843,2.0250352847221755,1.8192070287215283,1.85851398056383,1.85851398056383,1.85851398056383,2.021863039525163,2.526957716359693,2.1714277225916243,3.178239554511239,2.0108433639916066,2.0108433639916066,2.0108433639916066,3.046197284677324,2.1777731568575596,1.5722185307436929,3.189369750903146,2.454569372252199,1.555643423949023,2.229326142361197,1.437571655147172,1.437571655147172,1.7499942805747735,1.7499942805747735
Margartaria discoidea,2.3931080688638606,1.676099716846374,2.0686436563271995,1.286558252463102,2.4983273233030587,1.6373307143958362,2.076784449128384,3.5358206466387214,1.9714401688932726,2.090514338245327,3.3447916588282056,3.568422321607046,1.7262421625767852,2.1658474194603463,2.68231437230762,1.9566771556210845,2.4099544568734173,2.0891891860074887,3.1968217468189937,2.0704944006757433,3.7732922214073965,2.0110716514150466,3.384848043235419,1.0775138882071655,2.996893853715184,2.996893853715184,2.333378791880022,3.393743640234062,3.393743640234062,2.4101878386118085,2.1631320706152164,1.588967281007858,1.4526247181704848,1.4526247181704848,1.4526247181704848,1.8077006656369128,3.0632888525202007,3.4187669602948607,1.669288744449795,3.0632888525202007,3.0764296249908494,3.0737350849052056,3.1164287131956687,1.7625480457423015,1.7625480457423015,3.2640459365809935,3.2640459365809935,3.2640459365809935,2.6631825064094197,2.7276377807897187,2.7276377807897187,2.112762991948328,2.15978704923921,3.080735681653985,2.7668250147761335,2.8059334023711475,2.324449643477128,2.5279492690510628,2.773332090648913,1.8385115442006636,1.8783760892544998,1.8783760892544998,3.458749641091953,1.9416527071768157,1.9416527071768157,1.5692149507564288,2.4555357865982907,2.3685626062877905,2.3685626062877905,2.0888333155578938,0.0,0.0,1.6843597588675607,1.898882065202669,1.419143697263773,1.5760540692771186,2.5162664516433613,3.3995867553222676,3.3995867553222676,3.3995867553222676,3.3995867553222676,1.8394298862512977,1.4674640943742197,1.4674640943742197,0.7136656967305821,0.7136656967305821,0.7136656967305821,2.27950266741789,1.4674640943742197,1.8700185230270392,1.8700185230270392,2.6679168138629135,1.970921489845016,1.4813542858848279,2.8640887450940733,2.845963898023184,2.845963898023184,4.636236009549239,4.636236009549239,3.667957961640843,3.667957961640843,3.667957961640843,3.667957961640843,2.0250352847221755,1.8192070287215283,1.85851398056383,1.85851398056383,1.85851398056383,2.021863039525163,2.526957716359693,2.1714277225916243,3.178239554511239,2.0108433639916066,2.0108433639916066,2.0108433639916066,3.046197284677324,2.1777731568575596,1.5722185307436929,3.189369750903146,2.454569372252199,1.555643423949023,2.229326142361197,1.437571655147172,1.437571655147172,1.7499942805747735,1.7499942805747735
Melacantha alnifolia,2.600099870835399,0.919506705652621,1.6922110563071808,1.3359399322792846,1.296347355524152,2.078384046019451,1.7445751582824125,2.585752235335314,2.0044434250693106,1.7317250235433161,3.113490730166926,2.64141140384559,1.8662946911158471,2.555823285142679,2.543940937521383,1.257033450384157,2.3296441362462272,1.5381490322652476,2.8872058280767106,1.774001894592039,3.416134224154406,1.4582804003205547,2.8562103233172755,2.061463322962294,3.224612637229999,3.224612637229999,1.7080966749883386,2.4224204732425654,2.4224204732425654,2.1683384466519353,1.8741270378998751,1.4791907713605739,2.2177408444880746,2.2177408444880746,2.2177408444880746,0.6696374370168064,2.364477122886944,2.6097102305629694,1.9203929833847617,2.364477122886944,2.3809401990112544,2.3138735466160174,2.2638384355394785,1.8034677429271049,1.8034677429271049,2.2259414506256094,2.2259414506256094,2.2259414506256094,1.9700012550143122,2.1593759327428694,2.1593759327428694,0.7105474721201784,0.9096395143455346,2.9520300206211436,1.6959438983944146,1.7793063077571458,1.1309472161862557,1.9926237356189553,1.7840436084321685,0.968070982876724,2.1876227480019774,2.1876227480019774,3.4957654991022236,1.9489401887539481,1.9489401887539481,2.126972147158395,3.018968989807324,1.2590516493532706,1.2590516493532706,1.611393847904309,1.6843597588675607,1.6843597588675607,0.0,2.6286757563636347,1.4550331156242213,1.2487916059348891,1.9502527480055976,2.239899731191676,2.239899731191676,2.239899731191676,2.239899731191676,2.0216508256370793,2.682996040789872,2.682996040789872,1.3511173467705833,1.3511173467705833,1.3511173467705833,0.9124567698852529,2.682996040789872,1.9568640410623541,1.9568640410623541,2.5095104445935212,2.2026819395982264,2.4636860206487006,2.9476485857076438,2.21672908369548,2.21672908369548,5.509942558877569,5.509942558877569,2.9382951783519786,2.9382951783519786,2.9382951783519786,2.9382951783519786,2.3176093160258806,2.170566775632042,2.31280708413788,2.31280708413788,2.31280708413788,0.7263443136025539,1.9634764368854725,1.958371517948778,1.9047716385845526,2.397047827566355,2.397047827566355,2.397047827566355,2.750026858019442,1.3386018787093683,1.0639735714634915,2.5683753124190396,1.5025060439656401,1.2229632446950107,1.6355726798108714,1.04575517324002,1.04575517324002,1.8734065072870698,1.8734065072870698
Milicia excelsa,3.6002948953295095,3.089508768050206,2.399617797798296,2.3545419475497305,2.526987169978884,2.2727016993280347,2.4576438025160434,4.367893167769689,2.6148324068801916,2.9441023807830367,4.651600200330894,4.423402570699284,3.5177026929895536,4.0560327749242795,4.14023604829031,3.2314141471121385,1.9579063153197604,3.107441108436727,4.182507259031036,3.7653119126533876,3.799727964706661,3.474924637908216,2.586341023321794,2.3154440651915618,3.0460482292775444,3.0460482292775444,3.9726020326309044,3.8117024264167902,3.8117024264167902,3.684104912757227,3.753082613752918,3.2719380822824484,3.2363685127898574,3.2363685127898574,3.2363685127898574,3.0868485284330105,4.588081129751918,5.010727421013971,3.4537279841821835,4.588081129751918,4.372695604725998,4.342270950330493,4.188523956790522,3.5670318965334786,3.5670318965334786,4.476054577010877,4.476054577010877,4.476054577010877,2.7528887565122258,2.1435203519873585,2.1435203519873585,2.6286824732310445,2.471895090294828,4.53725365384633,3.55107214749856,4.211676444681966,2.7402199018451663,3.5945998578844804,3.102759378618229,2.8559129833957573,2.7377192457378743,2.7377192457378743,4.678917821774788,3.6579438434249463,3.6579438434249463,3.340386564980256,4.0395642728070715,3.3632683484129395,3.3632683484129395,3.707095445123524,1.898882065202669,1.898882065202669,2.6286757563636347,0.0,3.1020805058628946,2.3798265938338994,3.896456303568888,3.409177971183494,3.409177971183494,3.409177971183494,3.409177971183494,2.7862627938153897,0.9769530937376878,0.9769530937376878,2.3002830307295885,2.3002830307295885,2.3002830307295885,3.3270749174232006,0.9769530937376878,3.551225725108696,3.551225725108696,4.24877084865557,2.3327019943218525,2.4131951389581996,3.782488350331139,3.376220026977197,3.376220026977197,4.74695966840904,4.74695966840904,3.5460120911308928,3.5460120911308928,3.5460120911308928,3.5460120911308928,3.614313059464477,3.614037621456009,1.9771889176626263,1.9771889176626263,1.9771889176626263,2.5021960008068937,3.41204351522677,3.2817984849911035,3.8557657568744066,2.9081813674704318,2.9081813674704318,2.9081813674704318,2.6729130975892845,2.5935151939613243,2.956327209138539,4.303203739140045,2.2247382293111726,2.8183353349833697,3.409185126083534,2.7483786824082364,2.7483786824082364,3.5350175122825225,3.5350175122825225
Millettia thoningii,1.5994879399564679,0.7342659901956018,2.134143448110595,1.1735373680718122,2.50535598641639,1.8983224704285349,2.1032732531121665,2.527382214302008,2.4153887132131597,1.6566444559287143,2.1552681788768084,2.531210356613743,0.5856016861969505,1.304822767043039,1.5313783895533417,0.9309448697507232,2.801347486316697,1.300585594117673,2.3329675500112086,1.1221127724986588,3.8073589330854625,1.5179464465002028,3.7234843049033803,1.3540266562600456,3.1051456576429732,3.1051456576429732,1.264075624649671,2.733850233337737,2.733850233337737,1.3084061395484874,0.8157277531945627,0.4823898850262035,0.8817926246351986,0.8817926246351986,0.8817926246351986,1.3315374584707336,2.1516303893218254,2.380325859307621,0.6145143612055411,2.1516303893218254,2.224790708734858,2.2135894157771396,2.1501329852962363,0.5883531790904966,0.5883531790904966,2.063726690861538,2.063726690861538,2.063726690861538,3.129362235369058,3.4237156572689456,3.4237156572689456,1.9014966087525649,2.101926085200214,2.074197645961847,1.958425739024235,1.536499098672468,2.4958586744113225,1.5185850112013493,2.341824270715881,1.5725585151125967,1.9635713641333903,1.9635713641333903,2.6426773331103046,0.5939790899290109,0.5939790899290109,0.8084511210343788,1.936872659161358,1.588593417261401,1.588593417261401,0.8890959389328181,1.419143697263773,1.419143697263773,1.4550331156242213,3.1020805058628946,0.0,1.3287460184244302,1.255548100708746,3.520326394673161,3.520326394673161,3.520326394673161,3.520326394673161,1.5907551009606762,2.833660903078878,2.833660903078878,0.9403733432400796,0.9403733432400796,0.9403733432400796,1.5013958217722971,2.833660903078878,1.2373861894425402,1.2373861894425402,1.5726470591828965,2.1569515285121015,1.741971233730988,2.2281249203840456,2.2483908401276484,2.2483908401276484,4.985703404713473,4.985703404713473,3.3847235112911758,3.3847235112911758,3.3847235112911758,3.3847235112911758,1.2953147089033463,0.898236115180772,2.2827376007926454,2.2827376007926454,2.2827376007926454,1.916810240680023,1.8232896108144145,1.5616993261932934,2.354169960934632,2.1030152083837894,2.1030152083837894,2.1030152083837894,3.318747461195484,2.0291130894574083,0.6242650991150018,2.130722015113684,2.870722307588107,0.8359183188572654,1.208754102552965,0.7408541603148635,0.7408541603148635,1.2903789609173864,1.2903789609173864
Mitragyna cilliata,1.7335835919989517,1.1709983200775653,1.475096493258202,0.6890084726991832,1.562340525152046,1.5596310513385094,1.470783799333409,2.0848387446772634,2.346890448221721,1.1105656369956851,2.4521464344730193,2.124068663530877,1.8367461379517347,2.6132050822567012,2.1428710044699772,1.0895345086179091,1.6149536108259954,0.9168055308211995,2.2773316870211016,2.1489869499889376,3.144038319295448,2.2739526037562126,2.6136080246363864,1.3031327736161982,2.4763369894290506,2.4763369894290506,2.2746120288070566,1.8267190003638278,1.8267190003638278,1.4701537167561691,1.66495441189189,1.5889824070425385,1.8722829511802699,1.8722829511802699,1.8722829511802699,1.711611481235333,3.036682619517614,3.328397497628285,1.8049334343855556,3.036682619517614,2.7842073686675564,2.7270763154346,2.089502821587042,1.9076580771040335,1.9076580771040335,2.2875741475564815,2.2875741475564815,2.2875741475564815,2.836239421659438,2.7991681567187876,2.7991681567187876,1.1848443943310076,1.2854599777226554,2.7691042472335017,1.4333661038063572,2.0515977038998874,2.2286654948729834,1.2515232448417515,1.2570892858224034,1.4968440649141683,1.9801608457305442,1.9801608457305442,3.0417120830116233,1.7567307784807606,1.7567307784807606,1.8409635087545715,2.7226068209812375,1.3144513601944205,1.3144513601944205,1.8086398675448219,1.5760540692771186,1.5760540692771186,1.2487916059348891,2.3798265938338994,1.3287460184244302,0.0,1.6206239704332333,3.0028681170327705,3.0028681170327705,3.0028681170327705,3.0028681170327705,1.2172551939910425,2.4897623066770387,2.4897623066770387,1.241095035297297,1.241095035297297,1.241095035297297,1.4420508796688967,2.4897623066770387,2.1612334158243263,2.1612334158243263,2.4523144874777847,1.5717393334473697,1.5235252018659105,1.9522859572511744,1.3943473378710032,1.3943473378710032,4.703563905765519,4.703563905765519,2.225636842380532,2.225636842380532,2.225636842380532,2.225636842380532,2.0312946087405326,2.038064029217294,1.579569700188428,1.579569700188428,1.579569700188428,1.1691388393596152,1.5313405698978857,1.6689137033034234,1.7430355984921453,2.234450584981716,2.234450584981716,2.234450584981716,2.4879217243765392,1.2857420161830948,0.9530258308190978,2.0761798369662032,2.179193563704458,0.7226806187256375,1.0872690732817503,0.82235773102483,0.82235773102483,2.4102085486339075,2.4102085486339075
Monodora tenuifolia,1.7162423359176642,1.133841437742308,2.7043343380361726,1.5920613376453292,2.6936777524394513,2.714387140913807,2.6687351323294894,1.506981713665844,2.8701372129705027,1.394901090377039,1.5715170302095822,1.5494364236851275,1.310244491692339,1.9865618061380974,1.6121400579266358,1.1667210207573664,2.91830348919849,1.3879890610771088,2.2473578132344634,1.4836840165643441,3.4626196505562827,2.3535289309572422,4.020980895887632,2.0470107748346096,3.558822597586538,3.558822597586538,1.7301973016803587,2.036635472987987,2.036635472987987,1.0588009049157205,0.5903157376079596,1.4974495358282782,1.7524203054552252,1.7524203054552252,1.7524203054552252,1.9450172152877048,2.5689603879271523,2.5357914678802835,1.3317663613487496,2.5689603879271523,2.609235543585974,2.5611583593660363,1.1473938129385304,1.451213473049704,1.451213473049704,1.6210572727133754,1.6210572727133754,1.6210572727133754,3.6005911182979617,3.9758340876348086,3.9758340876348086,2.130361980809106,2.3889347163092056,2.35466027618517,1.6720509275780482,0.9665015000241916,2.968538913346932,0.9750013769800678,1.976750748341953,1.7997928923012825,2.860477105057706,2.860477105057706,2.8614794823914416,1.0586710036672982,1.0586710036672982,1.5398954497966142,2.1063236900788107,1.1465673146333644,1.1465673146333644,0.9781510137387404,2.5162664516433613,2.5162664516433613,1.9502527480055976,3.896456303568888,1.255548100708746,1.6206239704332333,0.0,3.598943821890775,3.598943821890775,3.598943821890775,3.598943821890775,1.59779850919029,3.754598007084354,3.754598007084354,2.0724225485299357,2.0724225485299357,2.0724225485299357,1.6322373377719248,3.754598007084354,1.6997616025865392,1.6997616025865392,1.9650115772563612,2.8026663952229947,2.269455894727481,1.6698222860433023,1.9712031223336464,1.9712031223336464,4.994477326838209,4.994477326838209,3.0761415697846033,3.0761415697846033,3.0761415697846033,3.0761415697846033,1.4340425777710533,1.4713468514848664,2.953451996590331,2.953451996590331,2.953451996590331,2.1099686232670836,1.9586811330542424,2.103033268723883,1.7404216359329219,3.0352418175291738,3.0352418175291738,3.0352418175291738,3.802384615799128,2.4089475265728892,1.2436513944795293,0.9640472046782579,3.330871358559771,1.0865668057657536,0.5815255612422505,1.4394241393840927,1.4394241393840927,2.2201402986472747,2.2201402986472747
Musanga cecropiodes,4.644965338616301,2.8655404047363398,3.4759820352725437,2.929810192302386,2.126727326470157,4.059062693555913,3.570287100580728,3.7379733809342355,2.2199666245116645,2.866234144899383,4.998002332003265,3.9028472761749025,3.760352800560931,4.4264579621118045,4.673360537810082,3.3558556711990897,2.864725897385208,3.5296919437630496,4.887882503806146,3.3371519733674777,2.8530721510621677,3.353424025205386,3.55404971264975,3.7329636835157434,4.987263430388487,4.987263430388487,3.5892574712836276,3.327584447520331,3.327584447520331,4.141277388305596,3.6996036506130365,3.638488966084769,4.131942562527873,4.131942562527873,4.131942562527873,2.5710426425065114,4.136898425314901,4.108835685712873,3.7906323965112887,4.136898425314901,4.337223997852848,4.248435735858661,3.1237690100815407,3.8089768339633285,3.8089768339633285,3.9507954962645324,3.9507954962645324,3.9507954962645324,1.1798246272919142,1.6599440474299887,1.6599440474299887,2.20278599243461,2.2296326457849673,5.124891560056924,3.337757507352398,3.3342325271234627,1.4638262836212776,3.767201776313537,2.7577284184554474,2.0418870345967632,4.270770139260082,4.270770139260082,5.669309892267522,3.9370538053426274,3.9370538053426274,3.9708485884752234,4.393822261105542,2.478938827908991,2.478938827908991,3.3110103685728722,3.3995867553222676,3.3995867553222676,2.239899731191676,3.409177971183494,3.520326394673161,3.0028681170327705,3.598943821890775,0.0,0.0,0.0,0.0,3.314936346801201,3.61263794847254,3.61263794847254,3.4201049693251924,3.4201049693251924,3.4201049693251924,2.8043022237421864,3.61263794847254,3.386804813960155,3.386804813960155,4.674072646533717,4.0798587042859715,4.065570793635466,4.285425107548891,3.7868996697360657,3.7868996697360657,6.015128525224602,6.015128525224602,3.8427170309886707,3.8427170309886707,3.8427170309886707,3.8427170309886707,3.8085242852537444,3.9548431474975967,4.05836069685137,4.05836069685137,4.05836069685137,1.8878466658011088,3.9509470716665556,4.128149761398402,3.039958063680206,4.488700188363387,4.488700188363387,4.488700188363387,4.073175996067982,3.0509815330214947,3.2167169315248807,3.7275545172062734,1.6339072934770615,3.0298422224701684,3.288249833285124,3.217084183583002,3.217084183583002,3.5880437659577264,3.5880437659577264
Musanga cecropioides,4.644965338616301,2.8655404047363398,3.4759820352725437,2.929810192302386,2.126727326470157,4.059062693555913,3.570287100580728,3.7379733809342355,2.2199666245116645,2.866234144899383,4.998002332003265,3.9028472761749025,3.760352800560931,4.4264579621118045,4.673360537810082,3.3558556711990897,2.864725897385208,3.5296919437630496,4.887882503806146,3.3371519733674777,2.8530721510621677,3.353424025205386,3.55404971264975,3.7329636835157434,4.987263430388487,4.987263430388487,3.5892574712836276,3.327584447520331,3.327584447520331,4.141277388305596,3.6996036506130365,3.638488966084769,4.131942562527873,4.131942562527873,4.131942562527873,2.5710426425065114,4.136898425314901,4.108835685712873,3.7906323965112887,4.136898425314901,4.337223997852848,4.248435735858661,3.1237690100815407,3.8089768339633285,3.8089768339633285,3.9507954962645324,3.9507954962645324,3.9507954962645324,1.1798246272919142,1.6599440474299887,1.6599440474299887,2.20278599243461,2.2296326457849673,5.124891560056924,3.337757507352398,3.3342325271234627,1.4638262836212776,3.767201776313537,2.7577284184554474,2.0418870345967632,4.270770139260082,4.270770139260082,5.669309892267522,3.9370538053426274,3.9370538053426274,3.9708485884752234,4.393822261105542,2.478938827908991,2.478938827908991,3.3110103685728722,3.3995867553222676,3.3995867553222676,2.239899731191676,3.409177971183494,3.520326394673161,3.0028681170327705,3.598943821890775,0.0,0.0,0.0,0.0,3.314936346801201,3.61263794847254,3.61263794847254,3.4201049693251924,3.4201049693251924,3.4201049693251924,2.8043022237421864,3.61263794847254,3.386804813960155,3.386804813960155,4.674072646533717,4.0798587042859715,4.065570793635466,4.285425107548891,3.7868996697360657,3.7868996697360657,6.015128525224602,6.015128525224602,3.8427170309886707,3.8427170309886707,3.8427170309886707,3.8427170309886707,3.8085242852537444,3.9548431474975967,4.05836069685137,4.05836069685137,4.05836069685137,1.8878466658011088,3.9509470716665556,4.128149761398402,3.039958063680206,4.488700188363387,4.488700188363387,4.488700188363387,4.073175996067982,3.0509815330214947,3.2167169315248807,3.7275545172062734,1.6339072934770615,3.0298422224701684,3.288249833285124,3.217084183583002,3.217084183583002,3.5880437659577264,3.5880437659577264
Musanga cecropoides,4.644965338616301,2.8655404047363398,3.4759820352725437,2.929810192302386,2.126727326470157,4.059062693555913,3.570287100580728,3.7379733809342355,2.2199666245116645,2.866234144899383,4.998002332003265,3.9028472761749025,3.760352800560931,4.4264579621118045,4.673360537810082,3.3558556711990897,2.864725897385208,3.5296919437630496,4.887882503806146,3.3371519733674777,2.8530721510621677,3.353424025205386,3.55404971264975,3.7329636835157434,4.987263430388487,4.987263430388487,3.5892574712836276,3.327584447520331,3.327584447520331,4.141277388305596,3.6996036506130365,3.638488966084769,4.131942562527873,4.131942562527873,4.131942562527873,2.5710426425065114,4.136898425314901,4.108835685712873,3.7906323965112887,4.136898425314901,4.337223997852848,4.248435735858661,3.1237690100815407,3.8089768339633285,3.8089768339633285,3.9507954962645324,3.9507954962645324,3.9507954962645324,1.1798246272919142,1.6599440474299887,1.6599440474299887,2.20278599243461,2.2296326457849673,5.124891560056924,3.337757507352398,3.3342325271234627,1.4638262836212776,3.767201776313537,2.7577284184554474,2.0418870345967632,4.270770139260082,4.270770139260082,5.669309892267522,3.9370538053426274,3.9370538053426274,3.9708485884752234,4.393822261105542,2.478938827908991,2.478938827908991,3.3110103685728722,3.3995867553222676,3.3995867553222676,2.239899731191676,3.409177971183494,3.520326394673161,3.0028681170327705,3.598943821890775,0.0,0.0,0.0,0.0,3.314936346801201,3.61263794847254,3.61263794847254,3.4201049693251924,3.4201049693251924,3.4201049693251924,2.8043022237421864,3.61263794847254,3.386804813960155,3.386804813960155,4.674072646533717,4.0798587042859715,4.065570793635466,4.285425107548891,3.7868996697360657,3.7868996697360657,6.015128525224602,6.015128525224602,3.8427170309886707,3.8427170309886707,3.8427170309886707,3.8427170309886707,3.8085242852537444,3.9548431474975967,4.05836069685137,4.05836069685137,4.05836069685137,1.8878466658011088,3.9509470716665556,4.128149761398402,3.039958063680206,4.488700188363387,4.488700188363387,4.488700188363387,4.073175996067982,3.0509815330214947,3.2167169315248807,3.7275545172062734,1.6339072934770615,3.0298422224701684,3.288249833285124,3.217084183583002,3.217084183583002,3.5880437659577264,3.5880437659577264
Musanga cecropoidies,4.644965338616301,2.8655404047363398,3.4759820352725437,2.929810192302386,2.126727326470157,4.059062693555913,3.570287100580728,3.7379733809342355,2.2199666245116645,2.866234144899383,4.998002332003265,3.9028472761749025,3.760352800560931,4.4264579621118045,4.673360537810082,3.3558556711990897,2.864725897385208,3.5296919437630496,4.887882503806146,3.3371519733674777,2.8530721510621677,3.353424025205386,3.55404971264975,3.7329636835157434,4.987263430388487,4.987263430388487,3.5892574712836276,3.327584447520331,3.327584447520331,4.141277388305596,3.6996036506130365,3.638488966084769,4.131942562527873,4.131942562527873,4.131942562527873,2.5710426425065114,4.136898425314901,4.108835685712873,3.7906323965112887,4.136898425314901,4.337223997852848,4.248435735858661,3.1237690100815407,3.8089768339633285,3.8089768339633285,3.9507954962645324,3.9507954962645324,3.9507954962645324,1.1798246272919142,1.6599440474299887,1.6599440474299887,2.20278599243461,2.2296326457849673,5.124891560056924,3.337757507352398,3.3342325271234627,1.4638262836212776,3.767201776313537,2.7577284184554474,2.0418870345967632,4.270770139260082,4.270770139260082,5.669309892267522,3.9370538053426274,3.9370538053426274,3.9708485884752234,4.393822261105542,2.478938827908991,2.478938827908991,3.3110103685728722,3.3995867553222676,3.3995867553222676,2.239899731191676,3.409177971183494,3.520326394673161,3.0028681170327705,3.598943821890775,0.0,0.0,0.0,0.0,3.314936346801201,3.61263794847254,3.61263794847254,3.4201049693251924,3.4201049693251924,3.4201049693251924,2.8043022237421864,3.61263794847254,3.386804813960155,3.386804813960155,4.674072646533717,4.0798587042859715,4.065570793635466,4.285425107548891,3.7868996697360657,3.7868996697360657,6.015128525224602,6.015128525224602,3.8427170309886707,3.8427170309886707,3.8427170309886707,3.8427170309886707,3.8085242852537444,3.9548431474975967,4.05836069685137,4.05836069685137,4.05836069685137,1.8878466658011088,3.9509470716665556,4.128149761398402,3.039958063680206,4.488700188363387,4.488700188363387,4.488700188363387,4.073175996067982,3.0509815330214947,3.2167169315248807,3.7275545172062734,1.6339072934770615,3.0298422224701684,3.288249833285124,3.217084183583002,3.217084183583002,3.5880437659577264,3.5880437659577264
Myrianthus arboreus,2.0561369201970416,1.5688618005054698,2.660439323955947,0.757131825804456,2.5508599958951303,2.4767175844181963,2.6486136035476484,2.3413973556514294,2.0251549398557476,0.6246405345951311,2.6082208004439664,2.4585553018283792,1.766700935349024,2.4943311901031113,2.5945601590318446,1.8743625946509082,1.7415273429470846,1.841866607549014,3.0046885252058444,2.0497450337373384,2.490224370856745,2.9191257494699707,3.6382032024076745,1.033665158673397,3.372821969258896,3.372821969258896,2.6953625461600237,2.2845092249745678,2.2845092249745678,1.8490249316159244,1.6189367866667357,2.0556352962065767,1.6662254821927582,1.6662254821927582,1.6662254821927582,2.3338010345770757,3.643507164209043,3.733458898881196,1.6526902851929253,3.643507164209043,3.6362697714580503,3.5950193705493914,1.7873756928354276,2.060588071464095,2.060588071464095,2.963363245640731,2.963363245640731,2.963363245640731,3.1322628496279936,3.371516645456667,3.371516645456667,2.1715870656387923,2.3224782685993772,3.354988764631867,2.3693039579972885,2.3386164477561895,2.8624673615601077,1.7058113930854064,1.926399689674218,1.598375446466989,2.9191077310984705,2.9191077310984705,3.6527004382145525,1.803530172427599,1.803530172427599,1.547711412666116,1.8772132164869655,1.5391415593210007,1.5391415593210007,1.7987921662686186,1.8394298862512977,1.8394298862512977,2.0216508256370793,2.7862627938153897,1.5907551009606762,1.2172551939910425,1.59779850919029,3.314936346801201,3.314936346801201,3.314936346801201,3.314936346801201,0.0,2.5778087226345687,2.5778087226345687,1.8338462582682975,1.8338462582682975,1.8338462582682975,2.3312121646504567,2.5778087226345687,1.7988587073301403,1.7988587073301403,2.9768090392736637,2.5615418671531476,1.1409607872088734,1.2389740660577737,2.2315551933525195,2.2315551933525195,3.648417709172283,3.648417709172283,2.9839772156170046,2.9839772156170046,2.9839772156170046,2.9839772156170046,1.32975391617234,1.7321910610539613,2.4467934263411686,2.4467934263411686,2.4467934263411686,1.9089980816847132,2.538699196523103,2.608141731533238,2.4348238188233857,3.1312449509553826,3.1312449509553826,3.1312449509553826,3.624871752757863,2.4985816861887424,1.6592861923448554,1.7287908266643053,2.961273925281757,0.9843801990126233,1.2422770455263832,1.6569395207721054,1.6569395207721054,2.5399904396629047,2.5399904396629047
Nauclea diderrichi,3.5367754322622122,2.945069426902866,2.8176466972908307,2.2182167482506117,3.0159442545813624,2.4553991547559706,2.856260188774286,4.529348022732208,2.2090080029635035,2.86659231060006,4.585316519916147,4.595908500931301,3.117839937270482,3.534872226089797,4.039738823767005,3.2409352845117745,2.3385910078772323,3.231199120602305,4.338947003097183,3.366377745603255,3.7763008882418547,3.30245039544583,3.4417238964526686,1.9559394054257941,3.491012767361178,3.491012767361178,3.743488680732716,4.141457967160217,4.141457967160217,3.64534442076272,3.497890487743373,3.041887407425007,2.7523020051749785,2.7523020051749785,2.7523020051749785,2.9919792538270884,4.436471662208383,4.7925603373621195,3.0343318824545054,4.436471662208383,4.398398504697661,4.387080830582208,4.099144782932004,3.210206577810205,3.210206577810205,4.561421500457548,4.561421500457548,4.561421500457548,2.7699395929756676,2.5320218043728655,2.5320218043728655,2.916751557689311,2.847960905553114,4.448733181267191,3.8145254285642727,4.109491629743068,2.8724242334633407,3.654983620547177,3.4524586287532393,2.7104574372056516,2.8507232955906363,2.8507232955906363,4.680365574534914,3.3473455351172947,3.3473455351172947,2.8673276226795252,3.4194537098279087,3.3650766807137877,3.3650766807137877,3.413983765176686,1.4674640943742197,1.4674640943742197,2.682996040789872,0.9769530937376878,2.833660903078878,2.4897623066770387,3.754598007084354,3.61263794847254,3.61263794847254,3.61263794847254,3.61263794847254,2.5778087226345687,0.0,0.0,2.09630366077849,2.09630366077849,2.09630366077849,3.443029972868389,0.0,3.046871151523586,3.046871151523586,4.092990370972831,2.660728359244437,2.1038609583787586,3.6470127833111436,3.7085108144706127,3.7085108144706127,4.308845004798231,4.308845004798231,4.135562285250287,4.135562285250287,4.135562285250287,4.135562285250287,3.132727577234827,3.1335848885360646,2.3316835672332745,2.3316835672332745,2.3316835672332745,2.720683703871819,3.6362966520994977,3.3794905910571824,4.130789897699291,2.9797822132655147,2.9797822132655147,2.9797822132655147,3.371438410109341,2.9956268754196875,2.8875001128463476,4.21703919779712,2.661809825517369,2.699455473625018,3.3590722810692095,2.7164506322354134,2.7164506322354134,3.0627428955769744,3.0627428955769744
Nauclea diderrichii,3.5367754322622122,2.945069426902866,2.8176466972908307,2.2182167482506117,3.0159442545813624,2.4553991547559706,2.856260188774286,4.529348022732208,2.2090080029635035,2.86659231060006,4.585316519916147,4.595908500931301,3.117839937270482,3.534872226089797,4.039738823767005,3.2409352845117745,2.3385910078772323,3.231199120602305,4.338947003097183,3.366377745603255,3.7763008882418547,3.30245039544583,3.4417238964526686,1.9559394054257941,3.491012767361178,3.491012767361178,3.743488680732716,4.141457967160217,4.141457967160217,3.64534442076272,3.497890487743373,3.041887407425007,2.7523020051749785,2.7523020051749785,2.7523020051749785,2.9919792538270884,4.436471662208383,4.7925603373621195,3.0343318824545054,4.436471662208383,4.398398504697661,4.387080830582208,4.099144782932004,3.210206577810205,3.210206577810205,4.561421500457548,4.561421500457548,4.561421500457548,2.7699395929756676,2.5320218043728655,2.5320218043728655,2.916751557689311,2.847960905553114,4.448733181267191,3.8145254285642727,4.109491629743068,2.8724242334633407,3.654983620547177,3.4524586287532393,2.7104574372056516,2.8507232955906363,2.8507232955906363,4.680365574534914,3.3473455351172947,3.3473455351172947,2.8673276226795252,3.4194537098279087,3.3650766807137877,3.3650766807137877,3.413983765176686,1.4674640943742197,1.4674640943742197,2.682996040789872,0.9769530937376878,2.833660903078878,2.4897623066770387,3.754598007084354,3.61263794847254,3.61263794847254,3.61263794847254,3.61263794847254,2.5778087226345687,0.0,0.0,2.09630366077849,2.09630366077849,2.09630366077849,3.443029972868389,0.0,3.046871151523586,3.046871151523586,4.092990370972831,2.660728359244437,2.1038609583787586,3.6470127833111436,3.7085108144706127,3.7085108144706127,4.308845004798231,4.308845004798231,4.135562285250287,4.135562285250287,4.135562285250287,4.135562285250287,3.132727577234827,3.1335848885360646,2.3316835672332745,2.3316835672332745,2.3316835672332745,2.720683703871819,3.6362966520994977,3.3794905910571824,4.130789897699291,2.9797822132655147,2.9797822132655147,2.9797822132655147,3.371438410109341,2.9956268754196875,2.8875001128463476,4.21703919779712,2.661809825517369,2.699455473625018,3.3590722810692095,2.7164506322354134,2.7164506322354134,3.0627428955769744,3.0627428955769744
Nesodogornia papaverifera,1.8966363070075747,1.2485599535045329,1.606071218513248,1.1934650521110959,2.219764223592869,1.245465800211717,1.5941125477956142,3.060284553788301,2.331097590527781,1.9718131651091249,2.7953255322236954,3.0570920578867358,1.4069837830115297,1.92192693886346,2.0507820587324317,1.318713896968182,2.512023282552754,1.4845133445247556,2.554024143091931,1.8307788501885711,3.9535198384861507,1.5557612729431884,3.173951453223764,1.2048848410229989,2.6349230213663395,2.6349230213663395,1.8219936076553087,2.9948762291971978,2.9948762291971978,1.8470702075807954,1.7358116047305805,0.9997972658967382,1.3006997132296185,1.3006997132296185,1.3006997132296185,1.419919261006431,2.5076345473781236,2.927046661742401,1.3964342600082371,2.5076345473781236,2.407815008910135,2.4009226115068065,2.8295405669382503,1.336411387460045,1.336411387460045,2.5978258448489053,2.5978258448489053,2.5978258448489053,2.8425493558355557,2.889414506891642,2.889414506891642,1.7484968803449146,1.8295837254234832,2.428750830773899,2.175243802779146,2.2926362111424203,2.2388528183645366,1.9990558604501325,2.4311862337531744,1.755375215426259,1.3828460710591721,1.3828460710591721,2.842137889646158,1.4928897040809768,1.4928897040809768,1.4051850138206905,2.5198201812639844,2.041241599494203,2.041241599494203,1.7277934661946854,0.7136656967305821,0.7136656967305821,1.3511173467705833,2.3002830307295885,0.9403733432400796,1.241095035297297,2.0724225485299357,3.4201049693251924,3.4201049693251924,3.4201049693251924,3.4201049693251924,1.8338462582682975,2.09630366077849,2.09630366077849,0.0,0.0,0.0,1.7075781229800988,2.09630366077849,1.8209836105204698,1.8209836105204698,2.0265272307914612,1.5828161492160528,1.6055071359079087,2.6913218170178124,2.340402985080403,2.340402985080403,5.036079180602489,5.036079180602489,3.3004284470372665,3.3004284470372665,3.3004284470372665,3.3004284470372665,1.9637661355008678,1.6270462272801307,1.632165489340881,1.632165489340881,1.632165489340881,1.8002448977566727,1.868586131889403,1.4869040564122749,2.6745478656021064,1.541424030319577,1.541424030319577,1.541424030319577,2.7169395401983185,1.6867538322609164,0.9706594630590054,2.851580283455385,2.411596428077991,1.2196591006592337,1.8088997076223163,0.8198085386106428,0.8198085386106428,1.5780948792131402,1.5780948792131402
Nesodogornia papaverivera,1.8966363070075747,1.2485599535045329,1.606071218513248,1.1934650521110959,2.219764223592869,1.245465800211717,1.5941125477956142,3.060284553788301,2.331097590527781,1.9718131651091249,2.7953255322236954,3.0570920578867358,1.4069837830115297,1.92192693886346,2.0507820587324317,1.318713896968182,2.512023282552754,1.4845133445247556,2.554024143091931,1.8307788501885711,3.9535198384861507,1.5557612729431884,3.173951453223764,1.2048848410229989,2.6349230213663395,2.6349230213663395,1.8219936076553087,2.9948762291971978,2.9948762291971978,1.8470702075807954,1.7358116047305805,0.9997972658967382,1.3006997132296185,1.3006997132296185,1.3006997132296185,1.419919261006431,2.5076345473781236,2.927046661742401,1.3964342600082371,2.5076345473781236,2.407815008910135,2.4009226115068065,2.8295405669382503,1.336411387460045,1.336411387460045,2.5978258448489053,2.5978258448489053,2.5978258448489053,2.8425493558355557,2.889414506891642,2.889414506891642,1.7484968803449146,1.8295837254234832,2.428750830773899,2.175243802779146,2.2926362111424203,2.2388528183645366,1.9990558604501325,2.4311862337531744,1.755375215426259,1.3828460710591721,1.3828460710591721,2.842137889646158,1.4928897040809768,1.4928897040809768,1.4051850138206905,2.5198201812639844,2.041241599494203,2.041241599494203,1.7277934661946854,0.7136656967305821,0.7136656967305821,1.3511173467705833,2.3002830307295885,0.9403733432400796,1.241095035297297,2.0724225485299357,3.4201049693251924,3.4201049693251924,3.4201049693251924,3.4201049693251924,1.8338462582682975,2.09630366077849,2.09630366077849,0.0,0.0,0.0,1.7075781229800988,2.09630366077849,1.8209836105204698,1.8209836105204698,2.0265272307914612,1.5828161492160528,1.6055071359079087,2.6913218170178124,2.340402985080403,2.340402985080403,5.036079180602489,5.036079180602489,3.3004284470372665,3.3004284470372665,3.3004284470372665,3.3004284470372665,1.9637661355008678,1.6270462272801307,1.632165489340881,1.632165489340881,1.632165489340881,1.8002448977566727,1.868586131889403,1.4869040564122749,2.6745478656021064,1.541424030319577,1.541424030319577,1.541424030319577,2.7169395401983185,1.6867538322609164,0.9706594630590054,2.851580283455385,2.411596428077991,1.2196591006592337,1.8088997076223163,0.8198085386106428,0.8198085386106428,1.5780948792131402,1.5780948792131402
Nesogordonia papaverifera,1.8966363070075747,1.2485599535045329,1.606071218513248,1.1934650521110959,2.219764223592869,1.245465800211717,1.5941125477956142,3.060284553788301,2.331097590527781,1.9718131651091249,2.7953255322236954,3.0570920578867358,1.4069837830115297,1.92192693886346,2.0507820587324317,1.318713896968182,2.512023282552754,1.4845133445247556,2.554024143091931,1.8307788501885711,3.9535198384861507,1.5557612729431884,3.173951453223764,1.2048848410229989,2.6349230213663395,2.6349230213663395,1.8219936076553087,2.9948762291971978,2.9948762291971978,1.8470702075807954,1.7358116047305805,0.9997972658967382,1.3006997132296185,1.3006997132296185,1.3006997132296185,1.419919261006431,2.5076345473781236,2.927046661742401,1.3964342600082371,2.5076345473781236,2.407815008910135,2.4009226115068065,2.8295405669382503,1.336411387460045,1.336411387460045,2.5978258448489053,2.5978258448489053,2.5978258448489053,2.8425493558355557,2.889414506891642,2.889414506891642,1.7484968803449146,1.8295837254234832,2.428750830773899,2.175243802779146,2.2926362111424203,2.2388528183645366,1.9990558604501325,2.4311862337531744,1.755375215426259,1.3828460710591721,1.3828460710591721,2.842137889646158,1.4928897040809768,1.4928897040809768,1.4051850138206905,2.5198201812639844,2.041241599494203,2.041241599494203,1.7277934661946854,0.7136656967305821,0.7136656967305821,1.3511173467705833,2.3002830307295885,0.9403733432400796,1.241095035297297,2.0724225485299357,3.4201049693251924,3.4201049693251924,3.4201049693251924,3.4201049693251924,1.8338462582682975,2.09630366077849,2.09630366077849,0.0,0.0,0.0,1.7075781229800988,2.09630366077849,1.8209836105204698,1.8209836105204698,2.0265272307914612,1.5828161492160528,1.6055071359079087,2.6913218170178124,2.340402985080403,2.340402985080403,5.036079180602489,5.036079180602489,3.3004284470372665,3.3004284470372665,3.3004284470372665,3.3004284470372665,1.9637661355008678,1.6270462272801307,1.632165489340881,1.632165489340881,1.632165489340881,1.8002448977566727,1.868586131889403,1.4869040564122749,2.6745478656021064,1.541424030319577,1.541424030319577,1.541424030319577,2.7169395401983185,1.6867538322609164,0.9706594630590054,2.851580283455385,2.411596428077991,1.2196591006592337,1.8088997076223163,0.8198085386106428,0.8198085386106428,1.5780948792131402,1.5780948792131402
Nothospondia staudtii,2.2930133824453294,1.019486567985673,1.662579237226894,1.7655219641072677,1.5323065440073653,2.15157545618042,1.6770210304954891,2.066314715726782,2.8124021126228382,1.98461968920952,2.5498324588598518,2.0565522390729383,1.9150944617517949,2.5683616274488745,2.008403606792498,0.8183921253679126,2.801315485850321,1.1436273690517278,2.2569446762651166,1.8979933425384892,3.8871915233606984,1.4687126912233024,2.9697259636898066,2.445863057550655,3.076871387968428,3.076871387968428,1.4380050827357291,2.09447853801303,2.09447853801303,1.7393869279345906,1.6812076120896335,1.3861727410585056,2.3809372475678128,2.3809372475678128,2.3809372475678128,0.9834659187013841,1.926096229065863,2.204114855790534,2.008879074744383,1.926096229065863,1.7464092067027508,1.6538076295983664,2.1241394334885575,1.7663209822945294,1.7663209822945294,1.3460503190200803,1.3460503190200803,1.3460503190200803,2.7762503372634963,2.917330220321663,2.917330220321663,0.9518650746124785,1.1830643292774665,2.368076894934791,1.0292659992052713,1.264733228581854,1.8174741292460792,1.5536460982350924,1.6784962398833119,1.5835050992383042,2.1364423975298013,2.1364423975298013,2.9289696496191966,1.8017782569387006,1.8017782569387006,2.2822232340192965,3.24529064876079,1.2560272700122859,1.2560272700122859,1.5677513389874096,2.27950266741789,2.27950266741789,0.9124567698852529,3.3270749174232006,1.5013958217722971,1.4420508796688967,1.6322373377719248,2.8043022237421864,2.8043022237421864,2.8043022237421864,2.8043022237421864,2.3312121646504567,3.443029972868389,3.443029972868389,1.7075781229800988,1.7075781229800988,1.7075781229800988,0.0,3.443029972868389,2.265167197055609,2.265167197055609,1.9983732935362524,2.206722622662254,2.7888421445833194,2.910492082575318,1.8055086888140395,1.8055086888140395,5.972042773650131,5.972042773650131,2.696436094276311,2.696436094276311,2.696436094276311,2.696436094276311,2.5104209225123486,2.2794181258710142,2.463611460671425,2.463611460671425,2.463611460671425,1.2621856093829265,1.3957521930887553,1.5454427173372802,1.3533529648749156,2.333737654857049,2.333737654857049,2.333737654857049,2.7226965564418544,1.226225248958831,0.9623790527979507,2.308172756508477,2.136370155055009,1.3902411318415462,1.4336246583599372,1.0380423731359896,1.0380423731359896,2.13227909087899,2.13227909087899
Nuclea diderrichi,3.5367754322622122,2.945069426902866,2.8176466972908307,2.2182167482506117,3.0159442545813624,2.4553991547559706,2.856260188774286,4.529348022732208,2.2090080029635035,2.86659231060006,4.585316519916147,4.595908500931301,3.117839937270482,3.534872226089797,4.039738823767005,3.2409352845117745,2.3385910078772323,3.231199120602305,4.338947003097183,3.366377745603255,3.7763008882418547,3.30245039544583,3.4417238964526686,1.9559394054257941,3.491012767361178,3.491012767361178,3.743488680732716,4.141457967160217,4.141457967160217,3.64534442076272,3.497890487743373,3.041887407425007,2.7523020051749785,2.7523020051749785,2.7523020051749785,2.9919792538270884,4.436471662208383,4.7925603373621195,3.0343318824545054,4.436471662208383,4.398398504697661,4.387080830582208,4.099144782932004,3.210206577810205,3.210206577810205,4.561421500457548,4.561421500457548,4.561421500457548,2.7699395929756676,2.5320218043728655,2.5320218043728655,2.916751557689311,2.847960905553114,4.448733181267191,3.8145254285642727,4.109491629743068,2.8724242334633407,3.654983620547177,3.4524586287532393,2.7104574372056516,2.8507232955906363,2.8507232955906363,4.680365574534914,3.3473455351172947,3.3473455351172947,2.8673276226795252,3.4194537098279087,3.3650766807137877,3.3650766807137877,3.413983765176686,1.4674640943742197,1.4674640943742197,2.682996040789872,0.9769530937376878,2.833660903078878,2.4897623066770387,3.754598007084354,3.61263794847254,3.61263794847254,3.61263794847254,3.61263794847254,2.5778087226345687,0.0,0.0,2.09630366077849,2.09630366077849,2.09630366077849,3.443029972868389,0.0,3.046871151523586,3.046871151523586,4.092990370972831,2.660728359244437,2.1038609583787586,3.6470127833111436,3.7085108144706127,3.7085108144706127,4.308845004798231,4.308845004798231,4.135562285250287,4.135562285250287,4.135562285250287,4.135562285250287,3.132727577234827,3.1335848885360646,2.3316835672332745,2.3316835672332745,2.3316835672332745,2.720683703871819,3.6362966520994977,3.3794905910571824,4.130789897699291,2.9797822132655147,2.9797822132655147,2.9797822132655147,3.371438410109341,2.9956268754196875,2.8875001128463476,4.21703919779712,2.661809825517369,2.699455473625018,3.3590722810692095,2.7164506322354134,2.7164506322354134,3.0627428955769744,3.0627428955769744
Pavetta corymbosa,2.6569868071354708,1.2989318537436716,3.2007681009967714,1.650357979559188,3.150949718967114,3.0051332075518107,3.196835625963616,3.1049795593434424,1.8745267660986416,1.8603276794811647,2.9652560661130334,3.190188274573339,0.8656233815116365,1.2606623260124035,2.5570861314704563,1.9890246699402576,3.2116985888876264,2.4038829013867122,3.4881183805315064,0.582834126889913,3.4726545846655346,1.9995867598857804,4.605591145234161,1.842614226198141,4.2765937706127515,4.2765937706127515,1.6413085333174087,3.3829535721725033,3.3829535721725033,2.314820971117316,1.2737668931608057,1.4992278534861214,1.2740030945431693,1.2740030945431693,1.2740030945431693,1.7074286690198217,2.6066266554367776,2.49298295902476,0.8535684740803752,2.6066266554367776,3.099321888627854,3.091291085177091,2.101456226027758,1.1318077569471232,1.1318077569471232,2.868133079552135,2.868133079552135,2.868133079552135,2.932701436456496,3.59191265581626,3.59191265581626,2.5536404638823944,2.787008807751325,3.0720344247816853,2.8968568552032234,1.8555072766645697,2.640282956922458,2.4203430151195104,2.996788717530819,1.461164446346594,3.087481831557148,3.087481831557148,3.7417623586453854,1.281340810278438,1.281340810278438,1.0153699326409873,1.2887811516082466,1.8467988988552593,1.8467988988552593,0.9031501794165886,1.8700185230270392,1.8700185230270392,1.9568640410623541,3.551225725108696,1.2373861894425402,2.1612334158243263,1.6997616025865392,3.386804813960155,3.386804813960155,3.386804813960155,3.386804813960155,1.7988587073301403,3.046871151523586,3.046871151523586,1.8209836105204698,1.8209836105204698,1.8209836105204698,2.265167197055609,3.046871151523586,0.0,0.0,2.504682384801915,3.284314405403037,2.248224448948195,2.572332367148235,3.253061543531518,3.253061543531518,4.6972954809991085,4.6972954809991085,4.26640980455433,4.26640980455433,4.26640980455433,4.26640980455433,0.8576104162576809,0.8029616793296421,3.320500895994676,3.320500895994676,3.320500895994676,2.3550998905416036,2.9980632311463777,2.7822946646220905,3.034493501309433,3.2039657875867746,3.2039657875867746,3.2039657875867746,4.372535888117636,3.015152286189211,1.6881849442387042,2.3115102636700446,3.2422613616102396,1.4945601977687326,1.8266845727291166,1.8287423871876896,1.8287423871876896,1.1047397071576852,1.1047397071576852
Pavetta corymbosia,2.6569868071354708,1.2989318537436716,3.2007681009967714,1.650357979559188,3.150949718967114,3.0051332075518107,3.196835625963616,3.1049795593434424,1.8745267660986416,1.8603276794811647,2.9652560661130334,3.190188274573339,0.8656233815116365,1.2606623260124035,2.5570861314704563,1.9890246699402576,3.2116985888876264,2.4038829013867122,3.4881183805315064,0.582834126889913,3.4726545846655346,1.9995867598857804,4.605591145234161,1.842614226198141,4.2765937706127515,4.2765937706127515,1.6413085333174087,3.3829535721725033,3.3829535721725033,2.314820971117316,1.2737668931608057,1.4992278534861214,1.2740030945431693,1.2740030945431693,1.2740030945431693,1.7074286690198217,2.6066266554367776,2.49298295902476,0.8535684740803752,2.6066266554367776,3.099321888627854,3.091291085177091,2.101456226027758,1.1318077569471232,1.1318077569471232,2.868133079552135,2.868133079552135,2.868133079552135,2.932701436456496,3.59191265581626,3.59191265581626,2.5536404638823944,2.787008807751325,3.0720344247816853,2.8968568552032234,1.8555072766645697,2.640282956922458,2.4203430151195104,2.996788717530819,1.461164446346594,3.087481831557148,3.087481831557148,3.7417623586453854,1.281340810278438,1.281340810278438,1.0153699326409873,1.2887811516082466,1.8467988988552593,1.8467988988552593,0.9031501794165886,1.8700185230270392,1.8700185230270392,1.9568640410623541,3.551225725108696,1.2373861894425402,2.1612334158243263,1.6997616025865392,3.386804813960155,3.386804813960155,3.386804813960155,3.386804813960155,1.7988587073301403,3.046871151523586,3.046871151523586,1.8209836105204698,1.8209836105204698,1.8209836105204698,2.265167197055609,3.046871151523586,0.0,0.0,2.504682384801915,3.284314405403037,2.248224448948195,2.572332367148235,3.253061543531518,3.253061543531518,4.6972954809991085,4.6972954809991085,4.26640980455433,4.26640980455433,4.26640980455433,4.26640980455433,0.8576104162576809,0.8029616793296421,3.320500895994676,3.320500895994676,3.320500895994676,2.3550998905416036,2.9980632311463777,2.7822946646220905,3.034493501309433,3.2039657875867746,3.2039657875867746,3.2039657875867746,4.372535888117636,3.015152286189211,1.6881849442387042,2.3115102636700446,3.2422613616102396,1.4945601977687326,1.8266845727291166,1.8287423871876896,1.8287423871876896,1.1047397071576852,1.1047397071576852
Picralima nitida,1.6593566186007818,1.9706536462133555,2.5212465497060084,2.624410832126273,3.334659737902077,2.2968146259231053,2.446529297532789,2.899469762635052,3.9358614128838902,2.9919245197284363,1.7864833551010335,2.769404783827855,1.6923259277855867,1.7480681331840813,0.7536855384942422,1.5061466804123387,4.059060756809152,1.770862461100018,1.7007606574217067,2.148105184361798,5.226728584450062,1.821513107616913,4.265118817250446,2.6693897597250618,3.1130623083762847,3.1130623083762847,1.432069993183596,3.330649928026804,3.330649928026804,1.514600948251217,1.6726500700228615,1.2417616259187159,1.9415419319515494,1.9415419319515494,1.9415419319515494,2.2060120062069437,1.5895370666843285,2.0417972494410512,1.7939527387126801,1.5895370666843285,1.3061454493028808,1.3559464803183126,3.063823014514335,1.3937186023715877,1.3937186023715877,1.6405965592137375,1.6405965592137375,1.6405965592137375,4.367475570173385,4.549739353481102,4.549739353481102,2.779644878124982,2.9478045085507674,0.5980005682179861,2.2034399430212965,1.9075836936351496,3.5058065317579126,1.9633220875813324,3.1700931637979206,2.9497532971027653,1.9800256346651417,1.9800256346651417,1.4586438519534302,1.37202353559265,1.37202353559265,1.9827247883408192,3.0075535221041725,2.664708912613779,2.664708912613779,1.9078909499976404,2.6679168138629135,2.6679168138629135,2.5095104445935212,4.24877084865557,1.5726470591828965,2.4523144874777847,1.9650115772563612,4.674072646533717,4.674072646533717,4.674072646533717,4.674072646533717,2.9768090392736637,4.092990370972831,4.092990370972831,2.0265272307914612,2.0265272307914612,2.0265272307914612,1.9983732935362524,4.092990370972831,2.504682384801915,2.504682384801915,0.0,2.508186208706524,2.9161810688947756,3.118436284834437,2.5752884601215236,2.5752884601215236,6.247733615651498,6.247733615651498,3.833721560176146,3.833721560176146,3.833721560176146,3.833721560176146,2.5361787025724767,1.966569477463849,2.842908966918584,2.842908966918584,2.842908966918584,3.0346204827766954,1.7090306532660624,1.3055930054114606,2.7868011047523824,1.9823425155971794,1.9823425155971794,1.9823425155971794,3.548384568902188,2.5176136163840694,1.6378886154359902,2.8600397320394886,3.8701171501702225,2.1961414667681924,2.15501365060977,1.7351727171845008,1.7351727171845008,2.102365236246925,2.102365236246925
Piptadeniastrum africanum,1.8511300616575925,2.3419509668942857,0.8295912306289375,2.061705618009923,2.170474164707874,0.4412589326287185,0.7478553159824199,3.1102011896830652,3.539212088776878,2.6498990474806403,2.8825425347643585,3.029694787484841,2.712016569463351,3.22805497486212,2.2969171399229613,1.849288866391616,2.4923084216546876,1.5161158913956916,1.9951189315936697,3.222956726499437,4.551976272855383,2.6377701255646735,2.1777770239046816,2.043352020530429,1.0891530499095814,1.0891530499095814,2.926949001062192,2.789872897118157,2.789872897118157,2.062920540772209,2.718746502687927,2.142572590985449,2.5178109352193503,2.5178109352193503,2.5178109352193503,2.5246751188720378,3.326227000832655,3.914019580905718,2.6976844949511887,3.326227000832655,2.6880438452931767,2.663269567930654,3.5539198589130447,2.610417900886609,2.610417900886609,2.8064136484114597,2.8064136484114597,2.8064136484114597,3.734480695335608,3.309586673730425,3.309586673730425,2.0474307000044303,1.958191551428055,2.5661076238395832,2.0279020522505755,3.109574194953126,3.011362845748966,2.123552411638281,2.33200437366517,2.863885709124922,0.9597442323365316,0.9597442323365316,2.493238793514166,2.554630515527007,2.554630515527007,2.668654224328266,3.7650083751637253,2.7701231398642943,2.7701231398642943,2.9390891659489546,1.970921489845016,1.970921489845016,2.2026819395982264,2.3327019943218525,2.1569515285121015,1.5717393334473697,2.8026663952229947,4.0798587042859715,4.0798587042859715,4.0798587042859715,4.0798587042859715,2.5615418671531476,2.660728359244437,2.660728359244437,1.5828161492160528,1.5828161492160528,1.5828161492160528,2.206722622662254,2.660728359244437,3.284314405403037,3.284314405403037,2.508186208706524,0.0,2.1107876242456545,3.0169461680294973,1.7579589358895424,1.7579589358895424,5.528012768346464,5.528012768346464,2.438269612217276,2.438269612217276,2.438269612217276,2.438269612217276,3.188882496641167,2.9381369541826574,0.46057269328153444,0.46057269328153444,0.46057269328153444,2.313070941441242,1.4098807401527311,1.279090462841411,2.6767964632911845,1.1950108134185928,1.1950108134185928,1.1950108134185928,1.4550643633880371,1.303483385258797,1.8304250056119544,3.3965072039985875,2.7147936764037897,2.1059990009169027,2.397594887530921,1.6068132408005522,1.6068132408005522,3.081645701600065,3.081645701600065
Pterocarpus osun,1.8017265089485563,2.094113815627472,2.5293276669732734,1.2433427147737908,2.9717078125352483,1.9585589926735616,2.4932520783142142,3.0860195234666143,2.559464087590868,1.6928818789716982,2.760666996655187,3.1242690851890025,1.9768772395868437,2.4961956484832863,2.5559923712186374,2.1714509957819277,2.066271849188176,2.0428105224607145,2.919188271841543,2.5406580501328433,3.3932442727341905,3.060758704969839,3.6339722497152107,0.483726167623807,2.829102366197514,2.829102366197514,3.0036281639672575,2.9802363736211444,2.9802363736211444,2.0137925029026413,2.091897052940355,2.1292168886818468,1.4571523903335466,1.4571523903335466,1.4571523903335466,2.7280433235898744,3.8516155556604805,4.120104667479087,1.837470817026697,3.8516155556604805,3.710590345713841,3.698629046994263,2.8314747725525815,2.1947291456684814,2.1947291456684814,3.394505436919954,3.394505436919954,3.394505436919954,3.6337861992384988,3.662596224332602,3.662596224332602,2.640122511603563,2.7113148388677333,3.2043300017400225,2.7954975856095032,3.0083610270930263,3.334627681615655,2.119784758397428,2.5828381447402124,2.3554339038870067,2.4513677843418282,2.4513677843418282,3.3284474800017794,1.996513905193975,1.996513905193975,1.5630847995466643,2.1125851841303636,2.44533762150861,2.44533762150861,2.361442643862304,1.4813542858848279,1.4813542858848279,2.4636860206487006,2.4131951389581996,1.741971233730988,1.5235252018659105,2.269455894727481,4.065570793635466,4.065570793635466,4.065570793635466,4.065570793635466,1.1409607872088734,2.1038609583787586,2.1038609583787586,1.6055071359079087,1.6055071359079087,1.6055071359079087,2.7888421445833194,2.1038609583787586,2.248224448948195,2.248224448948195,2.9161810688947756,2.1107876242456545,0.0,1.7239002099108278,2.4799836149951613,2.4799836149951613,3.5793054822649575,3.5793054822649575,3.282132610224304,3.282132610224304,3.282132610224304,3.282132610224304,1.778919788085165,1.905189712113132,1.8991874833279394,1.8991874833279394,1.8991874833279394,2.504788616251829,2.5759640245530266,2.4381656810671672,3.1230770509453785,2.616870564902782,2.616870564902782,2.616870564902782,3.392970016132642,2.6205810141018646,1.9193139036721318,2.6296031922908742,3.3103499611956324,1.5489008188089761,1.949270064282297,1.817541460660659,1.817541460660659,2.671753162122868,2.671753162122868
Pterocarpus santoxyloides,1.861145721949925,2.323580693484242,3.250763236682294,1.8354203387641486,3.3115564571452936,3.0213567470905915,3.203833321999406,2.016312014426444,3.2112326685713093,1.443426577052101,2.025984789215429,2.0972390526422764,2.318504144885609,2.924339557289673,2.514700111353063,2.3107886403300513,2.4743315714438974,2.135209345267734,2.7772833139459765,2.719716502202983,3.0158891330666595,3.682404064925534,4.187106856260014,1.8737321711361035,3.5278704999473565,3.5278704999473565,3.2401747200511872,2.2112181615592865,2.2112181615592865,1.7343062122780397,1.8988213785547021,2.641533476429454,2.2017421329359688,2.2017421329359688,2.2017421329359688,3.2021255940250013,4.1151661307937255,4.164235397916287,2.211454439808241,4.1151661307937255,3.983094220114269,3.943370908850616,1.893522421049864,2.602299869530788,2.602299869530788,3.0076569219759577,3.0076569219759577,3.0076569219759577,4.288508154166547,4.486684756458884,4.486684756458884,2.9588375338997555,3.1191901634973473,3.349334655016112,2.5718694672595053,2.619762305461317,3.908574951059518,1.61866380770456,2.2678939000497214,2.627487925789447,3.4476615778731636,3.4476615778731636,3.4648233937445294,2.1434172880957205,2.1434172880957205,2.09722737887123,2.2104337870889808,2.138359622348481,2.138359622348481,2.349817899857149,2.8640887450940733,2.8640887450940733,2.9476485857076438,3.782488350331139,2.2281249203840456,1.9522859572511744,1.6698222860433023,4.285425107548891,4.285425107548891,4.285425107548891,4.285425107548891,1.2389740660577737,3.6470127833111436,3.6470127833111436,2.6913218170178124,2.6913218170178124,2.6913218170178124,2.910492082575318,3.6470127833111436,2.572332367148235,2.572332367148235,3.118436284834437,3.0169461680294973,1.7239002099108278,0.0,2.2077694541048323,2.2077694541048323,3.653452030143333,3.653452030143333,2.9849613222251805,2.9849613222251805,2.9849613222251805,2.9849613222251805,1.8338564786381424,2.240212296762679,2.963157617564484,2.963157617564484,2.963157617564484,2.814287524569682,2.7128907898590224,2.9165345505956712,2.586546220034729,3.643056765187504,3.643056765187504,3.643056765187504,4.1187684436139556,3.1011404176899213,2.2874334340561226,1.3893970584230977,3.9741479770869,1.7738141478976546,1.5117706787267755,2.326661018838698,2.326661018838698,3.3447300803367828,3.3447300803367828
Pycanthus angolensis,1.691260733966421,2.1133017193766532,1.6704753551275116,2.018109189741006,1.9546275767918968,2.0034819464143467,1.6201632530866026,1.4932997266372763,3.6653279718151004,2.0214337853829805,2.0317056211939444,1.3967010361410648,2.7284354988263497,3.4303853186531854,2.062521739024909,1.5115098108362086,2.32891856033315,0.9952821653809996,1.503059914232561,3.084706611369726,3.8758301002521347,3.02309974297632,2.4745755422419635,2.448467013778251,2.1041612822667632,2.1041612822667632,2.881143660871111,1.1868665241468357,1.1868665241468357,1.4233485432380832,2.274380088387113,2.352069882971078,2.8262371046823636,2.8262371046823636,2.8262371046823636,2.6065397872969944,3.385813200252423,3.7222342709817715,2.729094215698865,3.385813200252423,2.7890727489835734,2.7107302153064867,2.443521855517203,2.720025963670352,2.720025963670352,1.9174356512978188,1.9174356512978188,1.9174356512978188,3.924670536099956,3.726435752351187,3.726435752351187,1.8043941984049652,1.849613706284293,2.6306532343223585,0.9093778507925533,2.3503020274280737,3.1472667687801046,1.044940893700556,1.1662596169911217,2.631544851503681,2.3301655838056123,2.3301655838056123,2.6254739483302583,2.4282614097946897,2.4282614097946897,2.8065255729522716,3.6751192149000484,1.9598734284659667,1.9598734284659667,2.6097861447063413,2.845963898023184,2.845963898023184,2.21672908369548,3.376220026977197,2.2483908401276484,1.3943473378710032,1.9712031223336464,3.7868996697360657,3.7868996697360657,3.7868996697360657,3.7868996697360657,2.2315551933525195,3.7085108144706127,3.7085108144706127,2.340402985080403,2.340402985080403,2.340402985080403,1.8055086888140395,3.7085108144706127,3.253061543531518,3.253061543531518,2.5752884601215236,1.7579589358895424,2.4799836149951613,2.2077694541048323,0.0,0.0,5.4657635864040985,5.4657635864040985,1.2950011109887052,1.2950011109887052,1.2950011109887052,1.2950011109887052,2.993548312350643,2.9624996374104104,1.9454216156625388,1.9454216156625388,1.9454216156625388,2.040360145801151,1.067861300938183,1.688791421792555,1.2868794444219303,2.5712981388281997,2.5712981388281997,2.5712981388281997,2.3012553622228586,1.4601302923175448,1.7618596352879419,2.188408664835342,2.9601003745894054,1.8128881193547197,1.5593129207874015,1.6986703890899046,1.6986703890899046,3.439907073002036,3.439907073002036
Pycnanthus angolensis,1.691260733966421,2.1133017193766532,1.6704753551275116,2.018109189741006,1.9546275767918968,2.0034819464143467,1.6201632530866026,1.4932997266372763,3.6653279718151004,2.0214337853829805,2.0317056211939444,1.3967010361410648,2.7284354988263497,3.4303853186531854,2.062521739024909,1.5115098108362086,2.32891856033315,0.9952821653809996,1.503059914232561,3.084706611369726,3.8758301002521347,3.02309974297632,2.4745755422419635,2.448467013778251,2.1041612822667632,2.1041612822667632,2.881143660871111,1.1868665241468357,1.1868665241468357,1.4233485432380832,2.274380088387113,2.352069882971078,2.8262371046823636,2.8262371046823636,2.8262371046823636,2.6065397872969944,3.385813200252423,3.7222342709817715,2.729094215698865,3.385813200252423,2.7890727489835734,2.7107302153064867,2.443521855517203,2.720025963670352,2.720025963670352,1.9174356512978188,1.9174356512978188,1.9174356512978188,3.924670536099956,3.726435752351187,3.726435752351187,1.8043941984049652,1.849613706284293,2.6306532343223585,0.9093778507925533,2.3503020274280737,3.1472667687801046,1.044940893700556,1.1662596169911217,2.631544851503681,2.3301655838056123,2.3301655838056123,2.6254739483302583,2.4282614097946897,2.4282614097946897,2.8065255729522716,3.6751192149000484,1.9598734284659667,1.9598734284659667,2.6097861447063413,2.845963898023184,2.845963898023184,2.21672908369548,3.376220026977197,2.2483908401276484,1.3943473378710032,1.9712031223336464,3.7868996697360657,3.7868996697360657,3.7868996697360657,3.7868996697360657,2.2315551933525195,3.7085108144706127,3.7085108144706127,2.340402985080403,2.340402985080403,2.340402985080403,1.8055086888140395,3.7085108144706127,3.253061543531518,3.253061543531518,2.5752884601215236,1.7579589358895424,2.4799836149951613,2.2077694541048323,0.0,0.0,5.4657635864040985,5.4657635864040985,1.2950011109887052,1.2950011109887052,1.2950011109887052,1.2950011109887052,2.993548312350643,2.9624996374104104,1.9454216156625388,1.9454216156625388,1.9454216156625388,2.040360145801151,1.067861300938183,1.688791421792555,1.2868794444219303,2.5712981388281997,2.5712981388281997,2.5712981388281997,2.3012553622228586,1.4601302923175448,1.7618596352879419,2.188408664835342,2.9601003745894054,1.8128881193547197,1.5593129207874015,1.6986703890899046,1.6986703890899046,3.439907073002036,3.439907073002036
Raulvolfia vomitoria,5.018856413744539,5.1424635177251,5.917312973907224,4.253724409401841,5.826308659904672,5.458445997822677,5.9033879779753,5.497143032627677,4.333756006552204,4.081886191566329,5.533524636679694,5.638855102797602,4.933443521880295,5.277585286233466,5.806486787839991,5.474861762710588,4.057103526350821,5.357366258850703,6.1614215627761135,5.2036375848093215,3.6737362184341444,6.313942241367026,6.378158693674745,3.8617257854913003,5.994599901990432,5.994599901990432,6.1157213970812405,5.367689982271941,5.367689982271941,5.1598780690286885,4.970479636395959,5.4508856616558425,4.496769036787886,4.496769036787886,4.496769036787886,5.811178665451526,7.091834949124365,7.101362173637213,4.770084376604317,7.091834949124365,7.159566885857307,7.13986528459847,4.861010538824775,5.295929777802329,5.295929777802329,6.50953851717876,6.50953851717876,6.50953851717876,5.751673752764705,5.95723120481703,5.95723120481703,5.646226005833432,5.717797561170456,6.547463909935752,5.9048749496055475,5.827925879953923,6.027211158355624,5.1164913265729925,5.184523285813417,4.890045464591637,6.005587952534139,6.005587952534139,6.614126432303815,5.05712807100525,5.05712807100525,4.4750269789628385,3.8523365663395843,5.049663907601653,5.049663907601653,5.154971749413059,4.636236009549239,4.636236009549239,5.509942558877569,4.74695966840904,4.985703404713473,4.703563905765519,4.994477326838209,6.015128525224602,6.015128525224602,6.015128525224602,6.015128525224602,3.648417709172283,4.308845004798231,4.308845004798231,5.036079180602489,5.036079180602489,5.036079180602489,5.972042773650131,4.308845004798231,4.6972954809991085,4.6972954809991085,6.247733615651498,5.528012768346464,3.5793054822649575,3.653452030143333,5.4657635864040985,5.4657635864040985,0.0,0.0,5.773463497912774,5.773463497912774,5.773463497912774,5.773463497912774,4.1036353847733436,4.658136156380302,5.199456386813555,5.199456386813555,5.199456386813555,5.288521489692686,5.966441391717449,5.972466876130105,5.877686576438543,6.162938736064612,6.162938736064612,6.162938736064612,6.551365628673233,5.911996627211978,5.236623148060619,4.708915297447275,5.964191112490148,4.611540497926642,4.796259393945817,5.200812978256918,5.200812978256918,5.562563483527388,5.562563483527388
Rauvolvia vomitoria,5.018856413744539,5.1424635177251,5.917312973907224,4.253724409401841,5.826308659904672,5.458445997822677,5.9033879779753,5.497143032627677,4.333756006552204,4.081886191566329,5.533524636679694,5.638855102797602,4.933443521880295,5.277585286233466,5.806486787839991,5.474861762710588,4.057103526350821,5.357366258850703,6.1614215627761135,5.2036375848093215,3.6737362184341444,6.313942241367026,6.378158693674745,3.8617257854913003,5.994599901990432,5.994599901990432,6.1157213970812405,5.367689982271941,5.367689982271941,5.1598780690286885,4.970479636395959,5.4508856616558425,4.496769036787886,4.496769036787886,4.496769036787886,5.811178665451526,7.091834949124365,7.101362173637213,4.770084376604317,7.091834949124365,7.159566885857307,7.13986528459847,4.861010538824775,5.295929777802329,5.295929777802329,6.50953851717876,6.50953851717876,6.50953851717876,5.751673752764705,5.95723120481703,5.95723120481703,5.646226005833432,5.717797561170456,6.547463909935752,5.9048749496055475,5.827925879953923,6.027211158355624,5.1164913265729925,5.184523285813417,4.890045464591637,6.005587952534139,6.005587952534139,6.614126432303815,5.05712807100525,5.05712807100525,4.4750269789628385,3.8523365663395843,5.049663907601653,5.049663907601653,5.154971749413059,4.636236009549239,4.636236009549239,5.509942558877569,4.74695966840904,4.985703404713473,4.703563905765519,4.994477326838209,6.015128525224602,6.015128525224602,6.015128525224602,6.015128525224602,3.648417709172283,4.308845004798231,4.308845004798231,5.036079180602489,5.036079180602489,5.036079180602489,5.972042773650131,4.308845004798231,4.6972954809991085,4.6972954809991085,6.247733615651498,5.528012768346464,3.5793054822649575,3.653452030143333,5.4657635864040985,5.4657635864040985,0.0,0.0,5.773463497912774,5.773463497912774,5.773463497912774,5.773463497912774,4.1036353847733436,4.658136156380302,5.199456386813555,5.199456386813555,5.199456386813555,5.288521489692686,5.966441391717449,5.972466876130105,5.877686576438543,6.162938736064612,6.162938736064612,6.162938736064612,6.551365628673233,5.911996627211978,5.236623148060619,4.708915297447275,5.964191112490148,4.611540497926642,4.796259393945817,5.200812978256918,5.200812978256918,5.562563483527388,5.562563483527388
Ricinidendron heudeloti,2.8992363634861404,3.1154828040399742,2.2574757387874493,2.8232622066892104,2.0744251298760377,2.8022714083673925,2.2531903808684475,2.1598364721773224,4.19450992085707,2.704455228279809,3.218889956380253,2.132635175570045,3.8830215905889456,4.6372279624430455,3.350641171222255,2.6659753842813783,2.283419167441486,2.1932468970628443,2.6161834890677844,4.144242559065918,3.8881880045780375,4.014932580661885,1.9548611212053801,3.3161855043217603,2.495378663609606,2.495378663609606,3.999767825881007,1.3561144760795132,1.3561144760795132,2.6980681830225133,3.441029029434384,3.513804248711594,3.954631994077729,3.954631994077729,3.954631994077729,3.4770764412045283,4.46341918760848,4.790990988666907,3.872654159402144,4.46341918760848,3.829216881080323,3.7350116080881417,3.171990482357007,3.900499293569276,3.900499293569276,2.967104399337628,2.967104399337628,2.967104399337628,4.202084082787368,3.76910745342651,3.76910745342651,2.3128098430109314,2.2348816916686207,3.8603904265119566,1.8589831147421378,3.3891384313587274,3.5526131783067516,2.2516562079251177,1.4187274792139866,3.3172820471053344,3.2161408876543054,3.2161408876543054,3.7536486665890405,3.642544351938158,3.642544351938158,3.930174910838124,4.700840901492254,2.71470232405243,2.71470232405243,3.6946276943301313,3.667957961640843,3.667957961640843,2.9382951783519786,3.5460120911308928,3.3847235112911758,2.225636842380532,3.0761415697846033,3.8427170309886707,3.8427170309886707,3.8427170309886707,3.8427170309886707,2.9839772156170046,4.135562285250287,4.135562285250287,3.3004284470372665,3.3004284470372665,3.3004284470372665,2.696436094276311,4.135562285250287,4.26640980455433,4.26640980455433,3.833721560176146,2.438269612217276,3.282132610224304,2.9849613222251805,1.2950011109887052,1.2950011109887052,5.773463497912774,5.773463497912774,0.0,0.0,0.0,0.0,4.023833677251503,4.102325460992521,2.4974222143126314,2.4974222143126314,2.4974222143126314,2.4887500989590707,2.1913471452839697,2.8083902634362756,1.8489627858448519,3.4701712728687073,3.4701712728687073,3.4701712728687073,2.297666172605722,2.0432115338945023,2.858427250416866,3.0238371790023844,3.0761026199342205,2.788671589081989,2.6014178000698025,2.760644670939942,2.760644670939942,4.505908501991206,4.505908501991206
Ricinodendron heudeloti,2.8992363634861404,3.1154828040399742,2.2574757387874493,2.8232622066892104,2.0744251298760377,2.8022714083673925,2.2531903808684475,2.1598364721773224,4.19450992085707,2.704455228279809,3.218889956380253,2.132635175570045,3.8830215905889456,4.6372279624430455,3.350641171222255,2.6659753842813783,2.283419167441486,2.1932468970628443,2.6161834890677844,4.144242559065918,3.8881880045780375,4.014932580661885,1.9548611212053801,3.3161855043217603,2.495378663609606,2.495378663609606,3.999767825881007,1.3561144760795132,1.3561144760795132,2.6980681830225133,3.441029029434384,3.513804248711594,3.954631994077729,3.954631994077729,3.954631994077729,3.4770764412045283,4.46341918760848,4.790990988666907,3.872654159402144,4.46341918760848,3.829216881080323,3.7350116080881417,3.171990482357007,3.900499293569276,3.900499293569276,2.967104399337628,2.967104399337628,2.967104399337628,4.202084082787368,3.76910745342651,3.76910745342651,2.3128098430109314,2.2348816916686207,3.8603904265119566,1.8589831147421378,3.3891384313587274,3.5526131783067516,2.2516562079251177,1.4187274792139866,3.3172820471053344,3.2161408876543054,3.2161408876543054,3.7536486665890405,3.642544351938158,3.642544351938158,3.930174910838124,4.700840901492254,2.71470232405243,2.71470232405243,3.6946276943301313,3.667957961640843,3.667957961640843,2.9382951783519786,3.5460120911308928,3.3847235112911758,2.225636842380532,3.0761415697846033,3.8427170309886707,3.8427170309886707,3.8427170309886707,3.8427170309886707,2.9839772156170046,4.135562285250287,4.135562285250287,3.3004284470372665,3.3004284470372665,3.3004284470372665,2.696436094276311,4.135562285250287,4.26640980455433,4.26640980455433,3.833721560176146,2.438269612217276,3.282132610224304,2.9849613222251805,1.2950011109887052,1.2950011109887052,5.773463497912774,5.773463497912774,0.0,0.0,0.0,0.0,4.023833677251503,4.102325460992521,2.4974222143126314,2.4974222143126314,2.4974222143126314,2.4887500989590707,2.1913471452839697,2.8083902634362756,1.8489627858448519,3.4701712728687073,3.4701712728687073,3.4701712728687073,2.297666172605722,2.0432115338945023,2.858427250416866,3.0238371790023844,3.0761026199342205,2.788671589081989,2.6014178000698025,2.760644670939942,2.760644670939942,4.505908501991206,4.505908501991206
Ricinodendron heudelotii,2.8992363634861404,3.1154828040399742,2.2574757387874493,2.8232622066892104,2.0744251298760377,2.8022714083673925,2.2531903808684475,2.1598364721773224,4.19450992085707,2.704455228279809,3.218889956380253,2.132635175570045,3.8830215905889456,4.6372279624430455,3.350641171222255,2.6659753842813783,2.283419167441486,2.1932468970628443,2.6161834890677844,4.144242559065918,3.8881880045780375,4.014932580661885,1.9548611212053801,3.3161855043217603,2.495378663609606,2.495378663609606,3.999767825881007,1.3561144760795132,1.3561144760795132,2.6980681830225133,3.441029029434384,3.513804248711594,3.954631994077729,3.954631994077729,3.954631994077729,3.4770764412045283,4.46341918760848,4.790990988666907,3.872654159402144,4.46341918760848,3.829216881080323,3.7350116080881417,3.171990482357007,3.900499293569276,3.900499293569276,2.967104399337628,2.967104399337628,2.967104399337628,4.202084082787368,3.76910745342651,3.76910745342651,2.3128098430109314,2.2348816916686207,3.8603904265119566,1.8589831147421378,3.3891384313587274,3.5526131783067516,2.2516562079251177,1.4187274792139866,3.3172820471053344,3.2161408876543054,3.2161408876543054,3.7536486665890405,3.642544351938158,3.642544351938158,3.930174910838124,4.700840901492254,2.71470232405243,2.71470232405243,3.6946276943301313,3.667957961640843,3.667957961640843,2.9382951783519786,3.5460120911308928,3.3847235112911758,2.225636842380532,3.0761415697846033,3.8427170309886707,3.8427170309886707,3.8427170309886707,3.8427170309886707,2.9839772156170046,4.135562285250287,4.135562285250287,3.3004284470372665,3.3004284470372665,3.3004284470372665,2.696436094276311,4.135562285250287,4.26640980455433,4.26640980455433,3.833721560176146,2.438269612217276,3.282132610224304,2.9849613222251805,1.2950011109887052,1.2950011109887052,5.773463497912774,5.773463497912774,0.0,0.0,0.0,0.0,4.023833677251503,4.102325460992521,2.4974222143126314,2.4974222143126314,2.4974222143126314,2.4887500989590707,2.1913471452839697,2.8083902634362756,1.8489627858448519,3.4701712728687073,3.4701712728687073,3.4701712728687073,2.297666172605722,2.0432115338945023,2.858427250416866,3.0238371790023844,3.0761026199342205,2.788671589081989,2.6014178000698025,2.760644670939942,2.760644670939942,4.505908501991206,4.505908501991206
Ricinodendron heudeotii,2.8992363634861404,3.1154828040399742,2.2574757387874493,2.8232622066892104,2.0744251298760377,2.8022714083673925,2.2531903808684475,2.1598364721773224,4.19450992085707,2.704455228279809,3.218889956380253,2.132635175570045,3.8830215905889456,4.6372279624430455,3.350641171222255,2.6659753842813783,2.283419167441486,2.1932468970628443,2.6161834890677844,4.144242559065918,3.8881880045780375,4.014932580661885,1.9548611212053801,3.3161855043217603,2.495378663609606,2.495378663609606,3.999767825881007,1.3561144760795132,1.3561144760795132,2.6980681830225133,3.441029029434384,3.513804248711594,3.954631994077729,3.954631994077729,3.954631994077729,3.4770764412045283,4.46341918760848,4.790990988666907,3.872654159402144,4.46341918760848,3.829216881080323,3.7350116080881417,3.171990482357007,3.900499293569276,3.900499293569276,2.967104399337628,2.967104399337628,2.967104399337628,4.202084082787368,3.76910745342651,3.76910745342651,2.3128098430109314,2.2348816916686207,3.8603904265119566,1.8589831147421378,3.3891384313587274,3.5526131783067516,2.2516562079251177,1.4187274792139866,3.3172820471053344,3.2161408876543054,3.2161408876543054,3.7536486665890405,3.642544351938158,3.642544351938158,3.930174910838124,4.700840901492254,2.71470232405243,2.71470232405243,3.6946276943301313,3.667957961640843,3.667957961640843,2.9382951783519786,3.5460120911308928,3.3847235112911758,2.225636842380532,3.0761415697846033,3.8427170309886707,3.8427170309886707,3.8427170309886707,3.8427170309886707,2.9839772156170046,4.135562285250287,4.135562285250287,3.3004284470372665,3.3004284470372665,3.3004284470372665,2.696436094276311,4.135562285250287,4.26640980455433,4.26640980455433,3.833721560176146,2.438269612217276,3.282132610224304,2.9849613222251805,1.2950011109887052,1.2950011109887052,5.773463497912774,5.773463497912774,0.0,0.0,0.0,0.0,4.023833677251503,4.102325460992521,2.4974222143126314,2.4974222143126314,2.4974222143126314,2.4887500989590707,2.1913471452839697,2.8083902634362756,1.8489627858448519,3.4701712728687073,3.4701712728687073,3.4701712728687073,2.297666172605722,2.0432115338945023,2.858427250416866,3.0238371790023844,3.0761026199342205,2.788671589081989,2.6014178000698025,2.760644670939942,2.760644670939942,4.505908501991206,4.505908501991206
Rinorea dentata,2.2235346538030463,1.5244966515049017,3.2676163660431436,1.5144459417796463,3.325392141016348,2.9581227298327946,3.2425235177689906,2.8071002198870967,2.228382064445823,1.5656546136565304,2.5096141775109833,2.8913500745065885,0.9639268777453527,1.4313649892264846,2.355879593623201,2.009663223581022,3.009338422064665,2.2722185666495793,3.2322662280904626,1.200748920172234,3.2901745165170673,2.5666559168330836,4.629119384679003,1.5132119513266515,4.067734080261803,4.067734080261803,2.107222789089123,3.1295490463228663,3.1295490463228663,1.9685055291026683,1.0957523366727542,1.7043927948857247,1.050480651216587,1.050480651216587,1.050480651216587,2.2393656992567332,3.085963068466127,3.015940983205353,0.8393986249612965,3.085963068466127,3.385688773372555,3.375885218541125,1.901895551153613,1.360562851552362,1.360562851552362,2.90564046529223,2.90564046529223,2.90564046529223,3.4696247777139693,3.9997320541020365,3.9997320541020365,2.7627732866202632,2.9874181965893847,3.0206015422787775,2.848786219953244,2.013923205145297,3.170452449048524,2.098980124095485,2.858781530439935,1.8133509247587734,3.156185411517596,3.156185411517596,3.539194535649814,1.174153253563428,1.174153253563428,0.7714799291308686,0.7564039740509566,1.8911228393755468,1.8911228393755468,1.1623718052301477,2.0250352847221755,2.0250352847221755,2.3176093160258806,3.614313059464477,1.2953147089033463,2.0312946087405326,1.4340425777710533,3.8085242852537444,3.8085242852537444,3.8085242852537444,3.8085242852537444,1.32975391617234,3.132727577234827,3.132727577234827,1.9637661355008678,1.9637661355008678,1.9637661355008678,2.5104209225123486,3.132727577234827,0.8576104162576809,0.8576104162576809,2.5361787025724767,3.188882496641167,1.778919788085165,1.8338564786381424,2.993548312350643,2.993548312350643,4.1036353847733436,4.1036353847733436,4.023833677251503,4.023833677251503,4.023833677251503,4.023833677251503,0.0,0.7010668066475345,3.1865903042592816,3.1865903042592816,3.1865903042592816,2.5625912426668096,2.912557754429164,2.771348368598738,2.978931941378111,3.2890358393133514,3.2890358393133514,3.2890358393133514,4.403941814870163,3.1160846065843835,1.7635724274482876,1.8768805482233066,3.60515083339656,1.3785680531943816,1.5628315855310844,1.8866654208973823,1.8866654208973823,1.7856037042977364,1.7856037042977364
Rothmania hispida,2.0117766189639323,1.3618735358961656,3.0125711975323544,1.6413439154241674,3.2917880163106554,2.6505425410804273,2.97925317343054,2.950057848369259,2.473656538530293,1.9346182707990094,2.366676114214009,2.982701765361,0.3934251538966818,0.7811917744082928,1.94093770235911,1.7456782404528464,3.2848109306848063,2.093944644294582,2.9426720253162237,0.9400389869297887,3.8645844162045333,2.0542466183168515,4.5595697084891835,1.569530794978405,3.8346722870458825,3.8346722870458825,1.6036419241474114,3.3021840862804055,3.3021840862804055,1.7990098541127564,0.9224733648142704,1.1811965060162828,0.6356176458846947,0.6356176458846947,0.6356176458846947,1.9476178555088135,2.5260080380075745,2.5459201924202968,0.2865504856572414,2.5260080380075745,2.84421818049783,2.8529445585757114,2.245660789012996,0.7466981445728611,0.7466981445728611,2.63323236608227,2.63323236608227,2.63323236608227,3.516184845149372,3.9988798650834325,3.9988798650834325,2.6845806484785615,2.904170199806742,2.48377819118073,2.7246829291593673,1.8582638050233873,3.0764138285614084,2.0695992472422233,2.9952656759633247,1.9263794585113256,2.715938509688239,2.715938509688239,3.080083937407365,0.7078054261320008,0.7078054261320008,0.3662674584641089,1.1349017997337796,2.034835887722477,2.034835887722477,0.9611313747702083,1.8192070287215283,1.8192070287215283,2.170566775632042,3.614037621456009,0.898236115180772,2.038064029217294,1.4713468514848664,3.9548431474975967,3.9548431474975967,3.9548431474975967,3.9548431474975967,1.7321910610539613,3.1335848885360646,3.1335848885360646,1.6270462272801307,1.6270462272801307,1.6270462272801307,2.2794181258710142,3.1335848885360646,0.8029616793296421,0.8029616793296421,1.966569477463849,2.9381369541826574,1.905189712113132,2.240212296762679,2.9624996374104104,2.9624996374104104,4.658136156380302,4.658136156380302,4.102325460992521,4.102325460992521,4.102325460992521,4.102325460992521,0.7010668066475345,0.0,3.0040554837310136,3.0040554837310136,3.0040554837310136,2.59085746985571,2.6333244889807133,2.3562176649177826,3.001056294100846,2.809277549974996,2.809277549974996,2.809277549974996,4.1833786050700015,2.915878841837688,1.4927733498327718,2.203644133865651,3.557922629017734,1.4062968717790205,1.6533748449217602,1.6250778303441478,1.6250778303441478,1.2711602692097037,1.2711602692097037
Scotellia coriacea,2.020543025897268,2.471198671608618,1.1094632130877058,1.9915865517554567,2.2402467378153963,0.638829552003832,1.0640675468348542,3.2784789439096222,3.402196516764486,2.5966164181698645,3.115593858135941,3.2250060403729006,2.8216736599173187,3.355145812512474,2.6002502432514136,2.0941793620765634,2.233127136408667,1.757657029597846,2.3509165587353964,3.3367373241688703,4.366436360502846,2.876330446490879,2.156001094998925,1.885235374782911,1.2147161671124254,1.2147161671124254,3.179231702033766,2.889076106369572,2.889076106369572,2.2731084612866823,2.864398230177394,2.3451789439296715,2.544506518160027,2.544506518160027,2.544506518160027,2.6926270374633576,3.660524159175289,4.215858412859916,2.7830775336348337,3.660524159175289,3.0960671638513224,3.0718862438217425,3.633712284438272,2.772425264020972,2.772425264020972,3.1562908023182623,3.1562908023182623,3.1562908023182623,3.673000751221237,3.207750008338486,3.207750008338486,2.1674904290490686,2.060290661062457,2.93537864566015,2.3042866302757616,3.3415262826204146,3.0636717657986257,2.3062073844813904,2.3899336640381668,2.875310860890141,1.277637604808074,1.277637604808074,2.851633087719457,2.7103394064191155,2.7103394064191155,2.7042007170919597,3.7275510920113013,2.861992245168441,2.861992245168441,3.0773524981034632,1.85851398056383,1.85851398056383,2.31280708413788,1.9771889176626263,2.2827376007926454,1.579569700188428,2.953451996590331,4.05836069685137,4.05836069685137,4.05836069685137,4.05836069685137,2.4467934263411686,2.3316835672332745,2.3316835672332745,1.632165489340881,1.632165489340881,1.632165489340881,2.463611460671425,2.3316835672332745,3.320500895994676,3.320500895994676,2.842908966918584,0.46057269328153444,1.8991874833279394,2.963157617564484,1.9454216156625388,1.9454216156625388,5.199456386813555,5.199456386813555,2.4974222143126314,2.4974222143126314,2.4974222143126314,2.4974222143126314,3.1865903042592816,3.0040554837310136,0.0,0.0,0.0,2.3487010691780577,1.788525194512157,1.676454029270499,2.88229930314427,1.4939824814892435,1.4939824814892435,1.4939824814892435,1.5877352204250545,1.5427477617013146,2.0103531746025314,3.4847431298306946,2.6993297503693734,2.1526023805108028,2.5081697003852486,1.775325965330374,1.775325965330374,3.199101652787641,3.199101652787641
Scotellia coriaceae,2.020543025897268,2.471198671608618,1.1094632130877058,1.9915865517554567,2.2402467378153963,0.638829552003832,1.0640675468348542,3.2784789439096222,3.402196516764486,2.5966164181698645,3.115593858135941,3.2250060403729006,2.8216736599173187,3.355145812512474,2.6002502432514136,2.0941793620765634,2.233127136408667,1.757657029597846,2.3509165587353964,3.3367373241688703,4.366436360502846,2.876330446490879,2.156001094998925,1.885235374782911,1.2147161671124254,1.2147161671124254,3.179231702033766,2.889076106369572,2.889076106369572,2.2731084612866823,2.864398230177394,2.3451789439296715,2.544506518160027,2.544506518160027,2.544506518160027,2.6926270374633576,3.660524159175289,4.215858412859916,2.7830775336348337,3.660524159175289,3.0960671638513224,3.0718862438217425,3.633712284438272,2.772425264020972,2.772425264020972,3.1562908023182623,3.1562908023182623,3.1562908023182623,3.673000751221237,3.207750008338486,3.207750008338486,2.1674904290490686,2.060290661062457,2.93537864566015,2.3042866302757616,3.3415262826204146,3.0636717657986257,2.3062073844813904,2.3899336640381668,2.875310860890141,1.277637604808074,1.277637604808074,2.851633087719457,2.7103394064191155,2.7103394064191155,2.7042007170919597,3.7275510920113013,2.861992245168441,2.861992245168441,3.0773524981034632,1.85851398056383,1.85851398056383,2.31280708413788,1.9771889176626263,2.2827376007926454,1.579569700188428,2.953451996590331,4.05836069685137,4.05836069685137,4.05836069685137,4.05836069685137,2.4467934263411686,2.3316835672332745,2.3316835672332745,1.632165489340881,1.632165489340881,1.632165489340881,2.463611460671425,2.3316835672332745,3.320500895994676,3.320500895994676,2.842908966918584,0.46057269328153444,1.8991874833279394,2.963157617564484,1.9454216156625388,1.9454216156625388,5.199456386813555,5.199456386813555,2.4974222143126314,2.4974222143126314,2.4974222143126314,2.4974222143126314,3.1865903042592816,3.0040554837310136,0.0,0.0,0.0,2.3487010691780577,1.788525194512157,1.676454029270499,2.88229930314427,1.4939824814892435,1.4939824814892435,1.4939824814892435,1.5877352204250545,1.5427477617013146,2.0103531746025314,3.4847431298306946,2.6993297503693734,2.1526023805108028,2.5081697003852486,1.775325965330374,1.775325965330374,3.199101652787641,3.199101652787641
Scotellia coricea,2.020543025897268,2.471198671608618,1.1094632130877058,1.9915865517554567,2.2402467378153963,0.638829552003832,1.0640675468348542,3.2784789439096222,3.402196516764486,2.5966164181698645,3.115593858135941,3.2250060403729006,2.8216736599173187,3.355145812512474,2.6002502432514136,2.0941793620765634,2.233127136408667,1.757657029597846,2.3509165587353964,3.3367373241688703,4.366436360502846,2.876330446490879,2.156001094998925,1.885235374782911,1.2147161671124254,1.2147161671124254,3.179231702033766,2.889076106369572,2.889076106369572,2.2731084612866823,2.864398230177394,2.3451789439296715,2.544506518160027,2.544506518160027,2.544506518160027,2.6926270374633576,3.660524159175289,4.215858412859916,2.7830775336348337,3.660524159175289,3.0960671638513224,3.0718862438217425,3.633712284438272,2.772425264020972,2.772425264020972,3.1562908023182623,3.1562908023182623,3.1562908023182623,3.673000751221237,3.207750008338486,3.207750008338486,2.1674904290490686,2.060290661062457,2.93537864566015,2.3042866302757616,3.3415262826204146,3.0636717657986257,2.3062073844813904,2.3899336640381668,2.875310860890141,1.277637604808074,1.277637604808074,2.851633087719457,2.7103394064191155,2.7103394064191155,2.7042007170919597,3.7275510920113013,2.861992245168441,2.861992245168441,3.0773524981034632,1.85851398056383,1.85851398056383,2.31280708413788,1.9771889176626263,2.2827376007926454,1.579569700188428,2.953451996590331,4.05836069685137,4.05836069685137,4.05836069685137,4.05836069685137,2.4467934263411686,2.3316835672332745,2.3316835672332745,1.632165489340881,1.632165489340881,1.632165489340881,2.463611460671425,2.3316835672332745,3.320500895994676,3.320500895994676,2.842908966918584,0.46057269328153444,1.8991874833279394,2.963157617564484,1.9454216156625388,1.9454216156625388,5.199456386813555,5.199456386813555,2.4974222143126314,2.4974222143126314,2.4974222143126314,2.4974222143126314,3.1865903042592816,3.0040554837310136,0.0,0.0,0.0,2.3487010691780577,1.788525194512157,1.676454029270499,2.88229930314427,1.4939824814892435,1.4939824814892435,1.4939824814892435,1.5877352204250545,1.5427477617013146,2.0103531746025314,3.4847431298306946,2.6993297503693734,2.1526023805108028,2.5081697003852486,1.775325965330374,1.775325965330374,3.199101652787641,3.199101652787641
Spondia mombin,2.7968804578356727,1.3360742501370353,1.796077210564757,1.3382178129171298,0.8552909968012715,2.3057087073915747,1.8619538016471953,2.382767294621186,1.9900433172601055,1.5036940461214554,3.28886296943293,2.4806775107849925,2.3377364099768254,3.106696324967922,2.91901218082772,1.5939398276103365,1.7955806631501967,1.6734450982107747,3.0669223662639022,2.2550903347703164,2.9074271164135443,2.1797464259786006,2.5131239426059246,2.186183509213835,3.2480193484650894,3.2480193484650894,2.3420735862918023,2.001353738369821,2.001353738369821,2.3544034380911643,2.201145347567164,2.054874573087527,2.62062101918763,2.62062101918763,2.62062101918763,1.3654052345715975,3.0122290361504453,3.205811931424619,2.3582903011548093,3.0122290361504453,2.93115925269436,2.8480011358277495,2.1400667983920725,2.3586666145918693,2.3586666145918693,2.4864131105802962,2.4864131105802962,2.4864131105802962,1.8958976137731105,1.9471166707770677,1.9471166707770677,0.5061202798341676,0.6508677081469508,3.4244897683240936,1.6706124203262882,2.0873763963941747,1.2312650592484393,2.019147352939626,1.2856561598697862,1.0405871301354108,2.5737420683313186,2.5737420683313186,3.8597709130910878,2.382327350765553,2.382327350765553,2.5147192007022388,3.2749583772007034,1.152322558955293,1.152322558955293,2.025541780789556,2.021863039525163,2.021863039525163,0.7263443136025539,2.5021960008068937,1.916810240680023,1.1691388393596152,2.1099686232670836,1.8878466658011088,1.8878466658011088,1.8878466658011088,1.8878466658011088,1.9089980816847132,2.720683703871819,2.720683703871819,1.8002448977566727,1.8002448977566727,1.8002448977566727,1.2621856093829265,2.720683703871819,2.3550998905416036,2.3550998905416036,3.0346204827766954,2.313070941441242,2.504788616251829,2.814287524569682,2.040360145801151,2.040360145801151,5.288521489692686,5.288521489692686,2.4887500989590707,2.4887500989590707,2.4887500989590707,2.4887500989590707,2.5625912426668096,2.59085746985571,2.3487010691780577,2.3487010691780577,2.3487010691780577,0.0,2.1389357445035158,2.3257876792299252,1.6737493306956501,2.8199213223086965,2.8199213223086965,2.8199213223086965,2.6789894523286395,1.3625669069957962,1.4744801427416196,2.4738481644428223,1.2614225319803698,1.3591201610912194,1.6683982678182274,1.4267553119599194,1.4267553119599194,2.515749864499729,2.515749864499729
Sterculia oblonga,1.4515362939582575,1.8464842922990625,1.254791472197245,2.1080733745978653,2.0910091703404805,1.510980987485311,1.1717391416711778,2.077653046046023,3.706986347392489,2.4058606315922586,1.9172572657788765,1.9346493547920462,2.3250557202071085,2.883260840363951,1.409839211824755,1.0435486326983285,2.923600764225911,0.7186215455755375,1.0125422331775111,2.729619499345986,4.515723708810988,2.2627157317289313,2.7088342416287787,2.4234725627513654,1.929876572672897,1.929876572672897,2.2097208973894404,2.0706560048087628,2.0706560048087628,1.2317773964077956,2.034929592306801,1.7145193912725138,2.470453129480195,2.470453129480195,2.470453129480195,2.135203323631707,2.5270366532290147,3.016680719274244,2.370517528856163,2.5270366532290147,1.805440402475703,1.7447580913748506,2.7746004843374967,2.170960931135376,2.170960931135376,1.453253688694277,1.453253688694277,1.453253688694277,3.874947994160914,3.720874282353543,3.720874282353543,1.7658634248687,1.8300899010570981,1.7440383559311208,0.9223835874061534,2.0829456827255126,2.955882967358993,1.2284800895225965,1.8713927887327222,2.6215835749934007,1.538073755842655,1.538073755842655,1.8739674364793355,2.0081565386828757,2.0081565386828757,2.5015888992625483,3.583408117807637,2.1326602825307566,2.1326602825307566,2.3137997609828904,2.526957716359693,2.526957716359693,1.9634764368854725,3.41204351522677,1.8232896108144145,1.5313405698978857,1.9586811330542424,3.9509470716665556,3.9509470716665556,3.9509470716665556,3.9509470716665556,2.538699196523103,3.6362966520994977,3.6362966520994977,1.868586131889403,1.868586131889403,1.868586131889403,1.3957521930887553,3.6362966520994977,2.9980632311463777,2.9980632311463777,1.7090306532660624,1.4098807401527311,2.5759640245530266,2.7128907898590224,1.067861300938183,1.067861300938183,5.966441391717449,5.966441391717449,2.1913471452839697,2.1913471452839697,2.1913471452839697,2.1913471452839697,2.912557754429164,2.6333244889807133,1.788525194512157,1.788525194512157,1.788525194512157,2.1389357445035158,0.0,0.7087847101104964,1.682349356047643,1.7344449985371548,1.7344449985371548,1.7344449985371548,2.1354142000756213,1.1816082406061936,1.3454414329137134,2.5795101768667084,2.932068250196323,1.79675919746218,1.7074188216986899,1.282030012545634,1.282030012545634,2.858907772827399,2.858907772827399
Sterculia rhinopetala,1.391348694336473,1.7982743916043895,1.2746628244034168,2.1067836902658303,2.3811905209189836,1.1821942839782693,1.1827700497476095,2.6291160959403093,3.622621434646738,2.5933743167980983,2.0768040276432593,2.502246856376143,2.0466965030785866,2.470215299639909,1.2270673768230087,1.088130864447005,3.157579800437193,1.006780563521854,1.2578187249394432,2.532396127636284,4.778390609237629,1.8840963867400746,3.002809873540411,2.2368348979617827,1.946805715064321,1.946805715064321,1.9423822861161566,2.6829619513300718,2.6829619513300718,1.3584731284643055,1.9730896605563777,1.3436958522732783,2.114692532024856,2.114692532024856,2.114692532024856,1.9863290191893952,2.218201690615024,2.8077473240459674,2.098198233785513,2.218201690615024,1.53507256417853,1.5187930014525597,3.063669591354734,1.8249479950730796,1.8249479950730796,1.7424483800306731,1.7424483800306731,1.7424483800306731,3.851765170908047,3.734347017018091,3.734347017018091,1.9804709569414647,2.0445286716517446,1.390214157171736,1.5081278455377236,2.1992137278170607,2.952274998160963,1.5922057462677366,2.3797306477079623,2.6482885059294192,0.9914810631661124,0.9914810631661124,1.628599758324721,1.7748239790068727,1.7748239790068727,2.2080106071119046,3.3809332602483826,2.3772638689274506,2.3772638689274506,2.2096347544461734,2.1714277225916243,2.1714277225916243,1.958371517948778,3.2817984849911035,1.5616993261932934,1.6689137033034234,2.103033268723883,4.128149761398402,4.128149761398402,4.128149761398402,4.128149761398402,2.608141731533238,3.3794905910571824,3.3794905910571824,1.4869040564122749,1.4869040564122749,1.4869040564122749,1.5454427173372802,3.3794905910571824,2.7822946646220905,2.7822946646220905,1.3055930054114606,1.279090462841411,2.4381656810671672,2.9165345505956712,1.688791421792555,1.688791421792555,5.972466876130105,5.972466876130105,2.8083902634362756,2.8083902634362756,2.8083902634362756,2.8083902634362756,2.771348368598738,2.3562176649177826,1.676454029270499,1.676454029270499,1.676454029270499,2.3257876792299252,0.7087847101104964,0.0,2.254325177778685,1.1376405259453155,1.1376405259453155,1.1376405259453155,2.2617049269143115,1.3969657851258672,1.2431281985081153,2.8911369074856625,3.0154775763373842,1.8267937253125253,1.9254716485544117,1.1567782936418385,1.1567782936418385,2.4521166237124903,2.4521166237124903
Sterculia tragacantha,2.4964268021265545,1.867894279430563,2.2353268417946515,2.1890468389798365,1.7262204072708751,2.813752607279047,2.2364801033945936,1.0184369945267038,3.3983762134005606,1.9411680080263285,2.4246787448164047,1.0451601336974665,2.7245149392085812,3.46491082204599,2.457818503453092,1.5583134747436833,2.6439222264416697,1.4494836875632893,2.275908642826848,2.74612077711607,3.5321940557983553,2.80710107881433,2.926635870850135,2.9412429759621475,3.2508612672134727,3.2508612672134727,2.5516286453901214,0.9143578861178802,0.9143578861178802,1.8769579436893957,2.1726321624224303,2.425215890776173,3.119953942615875,3.119953942615875,3.119953942615875,2.222214980187638,3.040960802469531,3.161960380490549,2.7720054822373448,3.040960802469531,2.7064393185314537,2.597074988876649,1.7726339108931612,2.713006795961486,2.713006795961486,1.5053013259605328,1.5053013259605328,1.5053013259605328,3.4422403467528877,3.4884238977246587,3.4884238977246587,1.4926935287841796,1.656350063005222,2.9954996930057156,0.7678263930039785,1.6948674191447748,2.64409834629591,1.3616938453259115,0.972641955952785,2.1830425138104363,2.9996406789779315,2.9996406789779315,3.31344438107574,2.497633946383333,2.497633946383333,2.984171833412184,3.7159311765681053,1.3261833032167731,1.3261833032167731,2.2842903428826435,3.178239554511239,3.178239554511239,1.9047716385845526,3.8557657568744066,2.354169960934632,1.7430355984921453,1.7404216359329219,3.039958063680206,3.039958063680206,3.039958063680206,3.039958063680206,2.4348238188233857,4.130789897699291,4.130789897699291,2.6745478656021064,2.6745478656021064,2.6745478656021064,1.3533529648749156,4.130789897699291,3.034493501309433,3.034493501309433,2.7868011047523824,2.6767964632911845,3.1230770509453785,2.586546220034729,1.2868794444219303,1.2868794444219303,5.877686576438543,5.877686576438543,1.8489627858448519,1.8489627858448519,1.8489627858448519,1.8489627858448519,2.978931941378111,3.001056294100846,2.88229930314427,2.88229930314427,2.88229930314427,1.6737493306956501,1.682349356047643,2.254325177778685,0.0,3.2350185210029005,3.2350185210029005,3.2350185210029005,2.985976672182195,1.7339574705107597,1.830638761408728,1.8360214291571137,2.6882814883160386,1.8536669619185082,1.461509380628265,1.890111169378641,1.890111169378641,3.2822970692673588,3.2822970692673588
Strombosia postulata,2.1112391685857546,2.455913722980146,1.4203338828386616,2.5521309184642775,2.8003398193020845,0.9050109198013129,1.353568385606351,3.6944316316482966,3.808982419955324,3.248362442414427,3.052283058586529,3.5881268891178113,2.5536528007307395,2.8002601230635946,2.122178315469979,2.003167816346474,3.459994082947777,1.9592531205499915,2.1842308475739807,3.0644678272153625,5.3031194168945515,2.1062436771395268,3.059162800573839,2.4232982537217294,1.8326040368032699,1.8326040368032699,2.522504829796278,3.6047274812649936,3.6047274812649936,2.332887932435074,2.76523806945186,1.866564597960664,2.400969257476029,2.400969257476029,2.400969257476029,2.4089929559091723,2.677030126439933,3.3824346272843635,2.582468090512552,2.677030126439933,2.078181814251166,2.1059066243528317,3.9736162993541204,2.3149348145130024,2.3149348145130024,2.818383838827133,2.818383838827133,2.818383838827133,3.9565004691466,3.6825105033983614,3.6825105033983614,2.5117669171584613,2.4820054357059593,2.037770466619356,2.5062869315019847,3.130303972417431,3.1627547849753364,2.602798741072676,3.1561120957624365,3.138082346147282,0.27683422782327644,0.27683422782327644,2.1332479183573314,2.435100825760452,2.435100825760452,2.5985247371765468,3.7896126813366418,3.1810143117492498,3.1810143117492498,2.8982154229856443,2.0108433639916066,2.0108433639916066,2.397047827566355,2.9081813674704318,2.1030152083837894,2.234450584981716,3.0352418175291738,4.488700188363387,4.488700188363387,4.488700188363387,4.488700188363387,3.1312449509553826,2.9797822132655147,2.9797822132655147,1.541424030319577,1.541424030319577,1.541424030319577,2.333737654857049,2.9797822132655147,3.2039657875867746,3.2039657875867746,1.9823425155971794,1.1950108134185928,2.616870564902782,3.643056765187504,2.5712981388281997,2.5712981388281997,6.162938736064612,6.162938736064612,3.4701712728687073,3.4701712728687073,3.4701712728687073,3.4701712728687073,3.2890358393133514,2.809277549974996,1.4939824814892435,1.4939824814892435,1.4939824814892435,2.8199213223086965,1.7344449985371548,1.1376405259453155,3.2350185210029005,0.0,0.0,0.0,2.1280040157813107,1.8503633758492637,1.9519394619011983,3.853112561286024,3.1268307708655363,2.4755154047542125,2.8143399293586686,1.7886115018963733,1.7886115018963733,2.637714255759638,2.637714255759638
Strombosia pustulata,2.1112391685857546,2.455913722980146,1.4203338828386616,2.5521309184642775,2.8003398193020845,0.9050109198013129,1.353568385606351,3.6944316316482966,3.808982419955324,3.248362442414427,3.052283058586529,3.5881268891178113,2.5536528007307395,2.8002601230635946,2.122178315469979,2.003167816346474,3.459994082947777,1.9592531205499915,2.1842308475739807,3.0644678272153625,5.3031194168945515,2.1062436771395268,3.059162800573839,2.4232982537217294,1.8326040368032699,1.8326040368032699,2.522504829796278,3.6047274812649936,3.6047274812649936,2.332887932435074,2.76523806945186,1.866564597960664,2.400969257476029,2.400969257476029,2.400969257476029,2.4089929559091723,2.677030126439933,3.3824346272843635,2.582468090512552,2.677030126439933,2.078181814251166,2.1059066243528317,3.9736162993541204,2.3149348145130024,2.3149348145130024,2.818383838827133,2.818383838827133,2.818383838827133,3.9565004691466,3.6825105033983614,3.6825105033983614,2.5117669171584613,2.4820054357059593,2.037770466619356,2.5062869315019847,3.130303972417431,3.1627547849753364,2.602798741072676,3.1561120957624365,3.138082346147282,0.27683422782327644,0.27683422782327644,2.1332479183573314,2.435100825760452,2.435100825760452,2.5985247371765468,3.7896126813366418,3.1810143117492498,3.1810143117492498,2.8982154229856443,2.0108433639916066,2.0108433639916066,2.397047827566355,2.9081813674704318,2.1030152083837894,2.234450584981716,3.0352418175291738,4.488700188363387,4.488700188363387,4.488700188363387,4.488700188363387,3.1312449509553826,2.9797822132655147,2.9797822132655147,1.541424030319577,1.541424030319577,1.541424030319577,2.333737654857049,2.9797822132655147,3.2039657875867746,3.2039657875867746,1.9823425155971794,1.1950108134185928,2.616870564902782,3.643056765187504,2.5712981388281997,2.5712981388281997,6.162938736064612,6.162938736064612,3.4701712728687073,3.4701712728687073,3.4701712728687073,3.4701712728687073,3.2890358393133514,2.809277549974996,1.4939824814892435,1.4939824814892435,1.4939824814892435,2.8199213223086965,1.7344449985371548,1.1376405259453155,3.2350185210029005,0.0,0.0,0.0,2.1280040157813107,1.8503633758492637,1.9519394619011983,3.853112561286024,3.1268307708655363,2.4755154047542125,2.8143399293586686,1.7886115018963733,1.7886115018963733,2.637714255759638,2.637714255759638
Strombosia putulata,2.1112391685857546,2.455913722980146,1.4203338828386616,2.5521309184642775,2.8003398193020845,0.9050109198013129,1.353568385606351,3.6944316316482966,3.808982419955324,3.248362442414427,3.052283058586529,3.5881268891178113,2.5536528007307395,2.8002601230635946,2.122178315469979,2.003167816346474,3.459994082947777,1.9592531205499915,2.1842308475739807,3.0644678272153625,5.3031194168945515,2.1062436771395268,3.059162800573839,2.4232982537217294,1.8326040368032699,1.8326040368032699,2.522504829796278,3.6047274812649936,3.6047274812649936,2.332887932435074,2.76523806945186,1.866564597960664,2.400969257476029,2.400969257476029,2.400969257476029,2.4089929559091723,2.677030126439933,3.3824346272843635,2.582468090512552,2.677030126439933,2.078181814251166,2.1059066243528317,3.9736162993541204,2.3149348145130024,2.3149348145130024,2.818383838827133,2.818383838827133,2.818383838827133,3.9565004691466,3.6825105033983614,3.6825105033983614,2.5117669171584613,2.4820054357059593,2.037770466619356,2.5062869315019847,3.130303972417431,3.1627547849753364,2.602798741072676,3.1561120957624365,3.138082346147282,0.27683422782327644,0.27683422782327644,2.1332479183573314,2.435100825760452,2.435100825760452,2.5985247371765468,3.7896126813366418,3.1810143117492498,3.1810143117492498,2.8982154229856443,2.0108433639916066,2.0108433639916066,2.397047827566355,2.9081813674704318,2.1030152083837894,2.234450584981716,3.0352418175291738,4.488700188363387,4.488700188363387,4.488700188363387,4.488700188363387,3.1312449509553826,2.9797822132655147,2.9797822132655147,1.541424030319577,1.541424030319577,1.541424030319577,2.333737654857049,2.9797822132655147,3.2039657875867746,3.2039657875867746,1.9823425155971794,1.1950108134185928,2.616870564902782,3.643056765187504,2.5712981388281997,2.5712981388281997,6.162938736064612,6.162938736064612,3.4701712728687073,3.4701712728687073,3.4701712728687073,3.4701712728687073,3.2890358393133514,2.809277549974996,1.4939824814892435,1.4939824814892435,1.4939824814892435,2.8199213223086965,1.7344449985371548,1.1376405259453155,3.2350185210029005,0.0,0.0,0.0,2.1280040157813107,1.8503633758492637,1.9519394619011983,3.853112561286024,3.1268307708655363,2.4755154047542125,2.8143399293586686,1.7886115018963733,1.7886115018963733,2.637714255759638,2.637714255759638
Termialia superba,3.1367055470872565,3.249053612833911,1.1972739780244717,3.0699048152508066,2.0662421711372483,1.7719890724559202,1.2252128396456732,3.6831448624262992,4.245127951500879,3.5318300069479696,3.946939929261816,3.6022262299435424,3.9013166463534583,4.466253832873029,3.4170150322172974,2.7689356632450552,2.919496359933536,2.4436242091747395,2.809436766683742,4.237186085587752,5.065173844751303,3.33834317427326,1.1282330943553802,3.3069303009771867,1.5215404300593474,1.5215404300593474,3.78968300499993,3.1186274388328608,3.1186274388328608,3.182034068713982,3.8340350198246997,3.2362613424999944,3.8527672044176398,3.8527672044176398,3.8527672044176398,3.1641809993842567,3.97557857529899,4.599441570988266,3.9164426108349875,3.97557857529899,3.2136403345723425,3.1590307101646897,4.329691627903336,3.7588441449982133,3.7588441449982133,3.3877533514793523,3.3877533514793523,3.3877533514793523,3.9063928930494582,3.154264735478404,3.154264735478404,2.323239783550092,2.09478018287758,3.5461455561748014,2.4717564053595,3.887309905013902,3.1572264508420242,3.058531524773996,2.659942085784871,3.559435822259082,1.9524332401950601,1.9524332401950601,3.439921326721188,3.7576413821484747,3.7576413821484747,3.9589546263237554,5.049526300406206,3.4513153117272273,3.4513153117272273,3.9491743374027752,3.046197284677324,3.046197284677324,2.750026858019442,2.6729130975892845,3.318747461195484,2.4879217243765392,3.802384615799128,4.073175996067982,4.073175996067982,4.073175996067982,4.073175996067982,3.624871752757863,3.371438410109341,3.371438410109341,2.7169395401983185,2.7169395401983185,2.7169395401983185,2.7226965564418544,3.371438410109341,4.372535888117636,4.372535888117636,3.548384568902188,1.4550643633880371,3.392970016132642,4.1187684436139556,2.3012553622228586,2.3012553622228586,6.551365628673233,6.551365628673233,2.297666172605722,2.297666172605722,2.297666172605722,2.297666172605722,4.403941814870163,4.1833786050700015,1.5877352204250545,1.5877352204250545,1.5877352204250545,2.6789894523286395,2.1354142000756213,2.2617049269143115,2.985976672182195,2.1280040157813107,2.1280040157813107,2.1280040157813107,0.0,1.5256175921416082,2.8305442003748267,4.286799981729975,2.5647328871287742,3.125290950694278,3.349242933062214,2.625825600584024,2.625825600584024,4.086753065863767,4.086753065863767
Terminalia superba,2.3026722985874044,1.7914150209231217,0.5735054576527067,1.8747979617611883,1.0514565793078796,1.4266705311339718,0.6296545343498693,2.506647501646579,3.115961696503074,2.278497052416766,2.9464470169709798,2.46561331727203,2.5975176461372578,3.2566715549588623,2.4013628532820257,1.3770301293168208,2.315094646887903,1.1977801556290322,2.1746584040667765,2.815283136726002,4.062907480325944,2.1327620288376434,1.8395818937288542,2.390136594587407,2.1038623787789694,2.1038623787789694,2.426628036033777,2.1219806849983414,2.1219806849983414,2.053263898572289,2.4586020321633875,1.969143519247559,2.749825585619915,2.749825585619915,2.749825585619915,1.7650089562039823,2.7993816331434913,3.2838589236408193,2.6355244036309036,2.7993816331434913,2.259302796274784,2.1809263978934377,2.910578749601529,2.471058978204125,2.471058978204125,2.1401140131019893,2.1401140131019893,2.1401140131019893,2.9434748440070133,2.604916553340338,2.604916553340338,0.9278044607694633,0.8260633791706585,2.7114642002352562,1.210280566039021,2.402012617544784,2.0487279301440915,1.8561160822427465,1.5590032780034773,2.1681549511937477,1.595359217303348,1.595359217303348,2.944361214663567,2.469229014127804,2.469229014127804,2.7659618400596435,3.8270214727718086,1.985671146128579,1.985671146128579,2.5008926935048215,2.1777731568575596,2.1777731568575596,1.3386018787093683,2.5935151939613243,2.0291130894574083,1.2857420161830948,2.4089475265728892,3.0509815330214947,3.0509815330214947,3.0509815330214947,3.0509815330214947,2.4985816861887424,2.9956268754196875,2.9956268754196875,1.6867538322609164,1.6867538322609164,1.6867538322609164,1.226225248958831,2.9956268754196875,3.015152286189211,3.015152286189211,2.5176136163840694,1.303483385258797,2.6205810141018646,3.1011404176899213,1.4601302923175448,1.4601302923175448,5.911996627211978,5.911996627211978,2.0432115338945023,2.0432115338945023,2.0432115338945023,2.0432115338945023,3.1160846065843835,2.915878841837688,1.5427477617013146,1.5427477617013146,1.5427477617013146,1.3625669069957962,1.1816082406061936,1.3969657851258672,1.7339574705107597,1.8503633758492637,1.8503633758492637,1.8503633758492637,1.5256175921416082,0.0,1.4500111354742702,2.962682632176439,1.8122484832119399,1.780893665811168,1.9837222196066098,1.2930293925302974,1.2930293925302974,2.836626524705474,2.836626524705474
Tetrapleura tetraptera,1.5932277492424913,0.5763739861551757,1.645226635785827,1.1076587785141705,1.9555348444059795,1.6627671045506442,1.6226082808243607,2.1815099890687293,2.50481368114011,1.5533364674203332,2.1370730696454823,2.1742674026162354,1.1635452921140157,1.8811763992014732,1.534697103465361,0.4121239970808645,2.5316515462930536,0.805910002160349,2.0521100663052487,1.4802988021493153,3.723469382101882,1.4750546545512193,3.1929411857928747,1.5674107493480331,2.7831186707676903,2.7831186707676903,1.34772127611345,2.273547145982463,2.273547145982463,1.1815683212826866,1.068906834774415,0.7021082575421062,1.4608233665125805,1.4608233665125805,1.4608233665125805,1.1191620144007326,2.121090381620643,2.423018820200139,1.210290418165516,2.121090381620643,1.997622573002916,1.9557037839942801,2.053869121126834,1.088827541321161,1.088827541321161,1.7123914479715152,1.7123914479715152,1.7123914479715152,2.9530051560150983,3.1209074154618186,3.1209074154618186,1.356575281684646,1.556076111689496,2.068031463208659,1.3868770053417856,1.4007195075847512,2.186809520255909,1.2148868770179337,1.840758110688043,1.460659307110771,1.7588765257961072,1.7588765257961072,2.5808914194796673,1.0479246636759232,1.0479246636759232,1.402711423000954,2.4708179328434023,1.297368351961347,1.297368351961347,1.1361407854516539,1.5722185307436929,1.5722185307436929,1.0639735714634915,2.956327209138539,0.6242650991150018,0.9530258308190978,1.2436513944795293,3.2167169315248807,3.2167169315248807,3.2167169315248807,3.2167169315248807,1.6592861923448554,2.8875001128463476,2.8875001128463476,0.9706594630590054,0.9706594630590054,0.9706594630590054,0.9623790527979507,2.8875001128463476,1.6881849442387042,1.6881849442387042,1.6378886154359902,1.8304250056119544,1.9193139036721318,2.2874334340561226,1.7618596352879419,1.7618596352879419,5.236623148060619,5.236623148060619,2.858427250416866,2.858427250416866,2.858427250416866,2.858427250416866,1.7635724274482876,1.4927733498327718,2.0103531746025314,2.0103531746025314,2.0103531746025314,1.4744801427416196,1.3454414329137134,1.2431281985081153,1.830638761408728,1.9519394619011983,1.9519394619011983,1.9519394619011983,2.8305442003748267,1.4500111354742702,0.0,2.0688127238143066,2.4632621209282712,0.7054798285753278,1.0121730347688729,0.24423427276449713,0.24423427276449713,1.6797736224355464,1.6797736224355464
Theobroma cacao,2.276865916084525,1.9016899395078348,3.3114521570342754,2.030083970804399,3.0278190551577855,3.3920747178004835,3.2827272948670347,1.1873960285929348,3.150485957519474,1.4300953987291314,1.9137317578094062,1.3427752623806044,2.1528262370119218,2.8058014524746113,2.388654228859727,1.9761629349287406,2.9156436304970215,2.014673409062087,2.768502951784315,2.2157994951561655,3.01171657649382,3.2484931245381765,4.306310026437412,2.5260763253668,4.038004565440613,4.038004565440613,2.633903314448626,1.7898978656291857,1.7898978656291857,1.6934249747478005,1.4841749824306885,2.436389301283556,2.4854523919444955,2.4854523919444955,2.4854523919444955,2.7026709784113816,3.447918486956251,3.3103106830119065,2.1339477661422754,3.447918486956251,3.4657406214343394,3.403011836023032,0.721331513497028,2.369500978707189,2.369500978707189,2.203535759962322,2.203535759962322,2.203535759962322,3.9538983726972714,4.343097682409731,4.343097682409731,2.5900686193578943,2.83199252799758,3.169911252099111,2.0878296928730795,1.628984198387558,3.4589495983599114,1.3924328438464209,1.9827248652424818,2.205949556911232,3.652260131440595,3.652260131440595,3.5424382037838247,1.9577446220801173,1.9577446220801173,2.2574884511578737,2.4300450285881356,1.4076320711078767,1.4076320711078767,1.7786147927880798,3.189369750903146,3.189369750903146,2.5683753124190396,4.303203739140045,2.130722015113684,2.0761798369662032,0.9640472046782579,3.7275545172062734,3.7275545172062734,3.7275545172062734,3.7275545172062734,1.7287908266643053,4.21703919779712,4.21703919779712,2.851580283455385,2.851580283455385,2.851580283455385,2.308172756508477,4.21703919779712,2.3115102636700446,2.3115102636700446,2.8600397320394886,3.3965072039985875,2.6296031922908742,1.3893970584230977,2.188408664835342,2.188408664835342,4.708915297447275,4.708915297447275,3.0238371790023844,3.0238371790023844,3.0238371790023844,3.0238371790023844,1.8768805482233066,2.203644133865651,3.4847431298306946,3.4847431298306946,3.4847431298306946,2.4738481644428223,2.5795101768667084,2.8911369074856625,1.8360214291571137,3.853112561286024,3.853112561286024,3.853112561286024,4.286799981729975,2.962682632176439,2.0688127238143066,0.0,3.73199767776744,1.682961261855774,1.0884713249443485,2.2207193124452718,2.2207193124452718,3.064519532246711,3.064519532246711
Trema orientalis,3.7853687664446056,2.391430329810512,2.084527443935447,2.33421659817099,1.0801323623997134,2.7131629003916435,2.196042903278729,3.54393147376498,2.3547582490678587,2.659914689103836,4.4218526628198465,3.623048701508163,3.3000447111050453,3.9598739924531743,3.891832700249977,2.6107512402460182,2.282098218413828,2.6724855981312263,3.936538959159967,3.1703854729630634,3.5203299396976764,2.616210543236802,2.2278010940278654,2.9925476378208287,3.5929309779551,3.5929309779551,3.1227204827459367,3.0122737748101938,3.0122737748101938,3.455459638153853,3.3347490102492525,2.900977532603983,3.5080870322127766,3.5080870322127766,3.5080870322127766,1.9926454241674552,3.5712425048307703,3.86379686268174,3.3279620679440796,3.5712425048307703,3.470870629600903,3.3936180156897726,3.3527482658541667,3.253920389074464,3.253920389074464,3.4373172233015494,3.4373172233015494,3.4373172233015494,1.419381102529748,0.8636055418151838,0.8636055418151838,1.3230098496232663,1.1596262319962922,4.23253363637429,2.6216058490723424,3.1696037544822357,0.940224939238317,3.1758531227215827,2.276053440080504,1.9605747399885536,2.9127887335854523,2.9127887335854523,4.640041069449364,3.412541658638591,3.412541658638591,3.460767688912816,4.253481548979846,2.3828854440358485,2.3828854440358485,3.07469268316402,2.454569372252199,2.454569372252199,1.5025060439656401,2.2247382293111726,2.870722307588107,2.179193563704458,3.330871358559771,1.6339072934770615,1.6339072934770615,1.6339072934770615,1.6339072934770615,2.961273925281757,2.661809825517369,2.661809825517369,2.411596428077991,2.411596428077991,2.411596428077991,2.136370155055009,2.661809825517369,3.2422613616102396,3.2422613616102396,3.8701171501702225,2.7147936764037897,3.3103499611956324,3.9741479770869,2.9601003745894054,2.9601003745894054,5.964191112490148,5.964191112490148,3.0761026199342205,3.0761026199342205,3.0761026199342205,3.0761026199342205,3.60515083339656,3.557922629017734,2.6993297503693734,2.6993297503693734,2.6993297503693734,1.2614225319803698,2.932068250196323,3.0154775763373842,2.6882814883160386,3.1268307708655363,3.1268307708655363,3.1268307708655363,2.5647328871287742,1.8122484832119399,2.4632621209282712,3.73199767776744,0.0,2.4917151754612656,2.902841410915123,2.354496389502479,2.354496389502479,3.129077922032839,3.129077922032839
Trichilia gilgiana,1.72249271027015,0.6521670146880771,2.010644923105469,0.5533342576454067,2.006305564207533,1.9819054498118338,1.9994477883563309,2.0320545057575092,2.1016273550079436,0.873779185502991,2.2462517184157855,2.096033766082743,1.2171072541038768,2.0372187876437238,1.942715771760751,0.9458768853529567,2.076830341034184,1.0971435975046253,2.423988711422737,1.4798004785466077,3.077091856993469,2.019582008368136,3.29497338517162,1.2216088207274918,3.03629943452509,3.03629943452509,1.8143794162282894,2.066660766345846,2.066660766345846,1.3158881398645805,1.0302435339997797,1.2133991492582419,1.4139354355501506,1.4139354355501506,1.4139354355501506,1.456300399617071,2.712013300404232,2.872014357517833,1.186900910868384,2.712013300404232,2.6831716891377773,2.636443121561436,1.6463670402293216,1.3653850686174693,1.3653850686174693,2.12903469160474,2.12903469160474,2.12903469160474,2.8267335264286797,3.0658088628016826,3.0658088628016826,1.4659152105598225,1.6727721625122587,2.619281584672358,1.636397337719387,1.566066873866945,2.26267871098686,1.1977231036391063,1.6241765323177184,1.1536210626485401,2.262994227723505,2.262994227723505,3.0553823358299286,1.1924018004854342,1.1924018004854342,1.2855763883102456,2.111831881494135,0.9884046496393057,0.9884046496393057,1.1309580222684732,1.555643423949023,1.555643423949023,1.2229632446950107,2.8183353349833697,0.8359183188572654,0.7226806187256375,1.0865668057657536,3.0298422224701684,3.0298422224701684,3.0298422224701684,3.0298422224701684,0.9843801990126233,2.699455473625018,2.699455473625018,1.2196591006592337,1.2196591006592337,1.2196591006592337,1.3902411318415462,2.699455473625018,1.4945601977687326,1.4945601977687326,2.1961414667681924,2.1059990009169027,1.5489008188089761,1.7738141478976546,1.8128881193547197,1.8128881193547197,4.611540497926642,4.611540497926642,2.788671589081989,2.788671589081989,2.788671589081989,2.788671589081989,1.3785680531943816,1.4062968717790205,2.1526023805108028,2.1526023805108028,2.1526023805108028,1.3591201610912194,1.79675919746218,1.8267937253125253,1.8536669619185082,2.4755154047542125,2.4755154047542125,2.4755154047542125,3.125290950694278,1.780893665811168,0.7054798285753278,1.682961261855774,2.4917151754612656,0.0,0.6952031697434816,0.7565302612290525,0.7565302612290525,1.9094288373858592,1.9094288373858592
Trichilia monadelpha,1.6165409139841789,0.9827564534539819,2.287985277768414,1.1589570040182344,2.2204437461334443,2.3546503998732966,2.2608726115059388,1.3943651961745414,2.6258731282607584,0.9735152191435684,1.7785730796841426,1.4581778641479555,1.4723832784334716,2.25441693823884,1.7591813950720008,0.9676652415398617,2.3614637185267795,1.037576913854876,2.1648821161782275,1.6956498939647984,3.1554387166406728,2.352744433171781,3.4960052659106644,1.7405338853971721,3.1762546658986928,3.1762546658986928,1.930388666202886,1.6532894123828035,1.6532894123828035,1.0083970238404385,0.9098145614341945,1.5076875297282684,1.7783585246648668,1.7783585246648668,1.7783585246648668,1.8200858415977486,2.772030984467977,2.8502488375758017,1.4656859138373053,2.772030984467977,2.6846297831247563,2.6253326705204643,1.2112381088555766,1.6121830068035061,1.6121830068035061,1.7470550531365985,1.7470550531365985,1.7470550531365985,3.298288464111076,3.5541820178433663,3.5541820178433663,1.7062476947873793,1.9395227730212172,2.514733588060316,1.3711664114444175,1.2648343009214031,2.672977373623439,0.7182315146081769,1.4679894020396853,1.5520044256538879,2.6034929544197385,2.6034929544197385,2.922488977249619,1.271122623070823,1.271122623070823,1.611278891827981,2.2872465531525425,0.870041615509013,0.870041615509013,1.2096894630756676,2.229326142361197,2.229326142361197,1.6355726798108714,3.409185126083534,1.208754102552965,1.0872690732817503,0.5815255612422505,3.288249833285124,3.288249833285124,3.288249833285124,3.288249833285124,1.2422770455263832,3.3590722810692095,3.3590722810692095,1.8088997076223163,1.8088997076223163,1.8088997076223163,1.4336246583599372,3.3590722810692095,1.8266845727291166,1.8266845727291166,2.15501365060977,2.397594887530921,1.949270064282297,1.5117706787267755,1.5593129207874015,1.5593129207874015,4.796259393945817,4.796259393945817,2.6014178000698025,2.6014178000698025,2.6014178000698025,2.6014178000698025,1.5628315855310844,1.6533748449217602,2.5081697003852486,2.5081697003852486,2.5081697003852486,1.6683982678182274,1.7074188216986899,1.9254716485544117,1.461509380628265,2.8143399293586686,2.8143399293586686,2.8143399293586686,3.349242933062214,1.9837222196066098,1.0121730347688729,1.0884713249443485,2.902841410915123,0.6952031697434816,0.0,1.1391356130112442,1.1391356130112442,2.322616934233442,2.322616934233442
Uapaca heudeloti,1.5753983877262798,0.7506784433531953,1.4407768589920524,1.051316486091412,1.8506831045965912,1.438697385785611,1.4186297105158336,2.28192041513149,2.503277857549666,1.5863645435426181,2.240544849723274,2.270363025835563,1.3162152014440596,2.0145654644997832,1.619235361705482,0.5306464327807009,2.4006157577538936,0.7646865406013709,2.03889093176156,1.669107352311835,3.73688302284422,1.5372340944871978,3.0038711436279546,1.4749300008854207,2.5867486122369154,2.5867486122369154,1.5314103712208984,2.2863532171425214,2.2863532171425214,1.2533256798269157,1.2757488658090053,0.8152554607262642,1.5045993568157348,1.5045993568157348,1.5045993568157348,1.191861427108023,2.2561377181957027,2.610825478351329,1.345111791879178,2.2561377181957027,2.061337301800758,2.0207406608355227,2.2184705922980545,1.242298735624282,1.242298735624282,1.8570828751996658,1.8570828751996658,1.8570828751996658,2.9199447062648174,3.0078175251981816,3.0078175251981816,1.2897791456228698,1.4523003269216241,2.1289848552544446,1.4021922433586234,1.6330406729579696,2.1574991318707575,1.2807868518272565,1.8067325271612493,1.5230898547484724,1.579615659763147,1.579615659763147,2.5791940694983144,1.2170128710576564,1.2170128710576564,1.4875013018591818,2.580301122537025,1.4198351244924332,1.4198351244924332,1.3558990838121843,1.437571655147172,1.437571655147172,1.04575517324002,2.7483786824082364,0.7408541603148635,0.82235773102483,1.4394241393840927,3.217084183583002,3.217084183583002,3.217084183583002,3.217084183583002,1.6569395207721054,2.7164506322354134,2.7164506322354134,0.8198085386106428,0.8198085386106428,0.8198085386106428,1.0380423731359896,2.7164506322354134,1.8287423871876896,1.8287423871876896,1.7351727171845008,1.6068132408005522,1.817541460660659,2.326661018838698,1.6986703890899046,1.6986703890899046,5.200812978256918,5.200812978256918,2.760644670939942,2.760644670939942,2.760644670939942,2.760644670939942,1.8866654208973823,1.6250778303441478,1.775325965330374,1.775325965330374,1.775325965330374,1.4267553119599194,1.282030012545634,1.1567782936418385,1.890111169378641,1.7886115018963733,1.7886115018963733,1.7886115018963733,2.625825600584024,1.2930293925302974,0.24423427276449713,2.2207193124452718,2.354496389502479,0.7565302612290525,1.1391356130112442,0.0,0.0,1.7825341067539016,1.7825341067539016
Uapaca heudelotii,1.5753983877262798,0.7506784433531953,1.4407768589920524,1.051316486091412,1.8506831045965912,1.438697385785611,1.4186297105158336,2.28192041513149,2.503277857549666,1.5863645435426181,2.240544849723274,2.270363025835563,1.3162152014440596,2.0145654644997832,1.619235361705482,0.5306464327807009,2.4006157577538936,0.7646865406013709,2.03889093176156,1.669107352311835,3.73688302284422,1.5372340944871978,3.0038711436279546,1.4749300008854207,2.5867486122369154,2.5867486122369154,1.5314103712208984,2.2863532171425214,2.2863532171425214,1.2533256798269157,1.2757488658090053,0.8152554607262642,1.5045993568157348,1.5045993568157348,1.5045993568157348,1.191861427108023,2.2561377181957027,2.610825478351329,1.345111791879178,2.2561377181957027,2.061337301800758,2.0207406608355227,2.2184705922980545,1.242298735624282,1.242298735624282,1.8570828751996658,1.8570828751996658,1.8570828751996658,2.9199447062648174,3.0078175251981816,3.0078175251981816,1.2897791456228698,1.4523003269216241,2.1289848552544446,1.4021922433586234,1.6330406729579696,2.1574991318707575,1.2807868518272565,1.8067325271612493,1.5230898547484724,1.579615659763147,1.579615659763147,2.5791940694983144,1.2170128710576564,1.2170128710576564,1.4875013018591818,2.580301122537025,1.4198351244924332,1.4198351244924332,1.3558990838121843,1.437571655147172,1.437571655147172,1.04575517324002,2.7483786824082364,0.7408541603148635,0.82235773102483,1.4394241393840927,3.217084183583002,3.217084183583002,3.217084183583002,3.217084183583002,1.6569395207721054,2.7164506322354134,2.7164506322354134,0.8198085386106428,0.8198085386106428,0.8198085386106428,1.0380423731359896,2.7164506322354134,1.8287423871876896,1.8287423871876896,1.7351727171845008,1.6068132408005522,1.817541460660659,2.326661018838698,1.6986703890899046,1.6986703890899046,5.200812978256918,5.200812978256918,2.760644670939942,2.760644670939942,2.760644670939942,2.760644670939942,1.8866654208973823,1.6250778303441478,1.775325965330374,1.775325965330374,1.775325965330374,1.4267553119599194,1.282030012545634,1.1567782936418385,1.890111169378641,1.7886115018963733,1.7886115018963733,1.7886115018963733,2.625825600584024,1.2930293925302974,0.24423427276449713,2.2207193124452718,2.354496389502479,0.7565302612290525,1.1391356130112442,0.0,0.0,1.7825341067539016,1.7825341067539016
Zanthoxylum xanthoxyloides,2.790385345204603,1.4822421798203866,2.932286508585589,2.0985487173329673,3.1548943832720275,2.7306728805082323,2.930675356239031,3.579384823506746,2.3596501097595293,2.5825719777446974,3.2190230549055943,3.604013082367811,1.0968101975878735,1.1184950877758209,2.4552213108066683,1.9734008406678691,3.6710109032749245,2.4646052462578174,3.406116338833654,0.9585223820948774,4.345465491717332,1.170548707134443,4.508716130047155,2.21656057970254,4.093595251770099,4.093595251770099,1.1463448654541775,3.8174116182342335,3.8174116182342335,2.525424719368209,1.7065280910406886,1.1832400774540537,1.4876358332397515,1.4876358332397515,1.4876358332397515,1.371442460210919,1.8712270527339558,1.9632079194672545,1.1913033351474314,1.8712270527339558,2.4546176632716947,2.4747886909613395,2.8722088381288717,0.9573900681640701,0.9573900681640701,2.794743764911122,2.794743764911122,2.794743764911122,2.947139301449739,3.4968214111905764,3.4968214111905764,2.551633792922969,2.7447158894054424,2.682553620599134,2.9576051738746134,2.0521686590022217,2.4677393643764884,2.7374406085447616,3.3543796604233647,1.8799560530718522,2.589497933023984,2.589497933023984,3.4402829164435107,1.4578432337262086,1.4578432337262086,1.411332622268689,2.153923799814704,2.3382987161512516,2.3382987161512516,1.3092960788724621,1.7499942805747735,1.7499942805747735,1.8734065072870698,3.5350175122825225,1.2903789609173864,2.4102085486339075,2.2201402986472747,3.5880437659577264,3.5880437659577264,3.5880437659577264,3.5880437659577264,2.5399904396629047,3.0627428955769744,3.0627428955769744,1.5780948792131402,1.5780948792131402,1.5780948792131402,2.13227909087899,3.0627428955769744,1.1047397071576852,1.1047397071576852,2.102365236246925,3.081645701600065,2.671753162122868,3.3447300803367828,3.439907073002036,3.439907073002036,5.562563483527388,5.562563483527388,4.505908501991206,4.505908501991206,4.505908501991206,4.505908501991206,1.7856037042977364,1.2711602692097037,3.199101652787641,3.199101652787641,3.199101652787641,2.515749864499729,2.858907772827399,2.4521166237124903,3.2822970692673588,2.637714255759638,2.637714255759638,2.637714255759638,4.086753065863767,2.836626524705474,1.6797736224355464,3.064519532246711,3.129077922032839,1.9094288373858592,2.322616934233442,1.7825341067539016,1.7825341067539016,0.0,0.0
Zanthoxylum zanthoxyloides,2.790385345204603,1.4822421798203866,2.932286508585589,2.0985487173329673,3.1548943832720275,2.7306728805082323,2.930675356239031,3.579384823506746,2.3596501097595293,2.5825719777446974,3.2190230549055943,3.604013082367811,1.0968101975878735,1.1184950877758209,2.4552213108066683,1.9734008406678691,3.6710109032749245,2.4646052462578174,3.406116338833654,0.9585223820948774,4.345465491717332,1.170548707134443,4.508716130047155,2.21656057970254,4.093595251770099,4.093595251770099,1.1463448654541775,3.8174116182342335,3.8174116182342335,2.525424719368209,1.7065280910406886,1.1832400774540537,1.4876358332397515,1.4876358332397515,1.4876358332397515,1.371442460210919,1.8712270527339558,1.9632079194672545,1.1913033351474314,1.8712270527339558,2.4546176632716947,2.4747886909613395,2.8722088381288717,0.9573900681640701,0.9573900681640701,2.794743764911122,2.794743764911122,2.794743764911122,2.947139301449739,3.4968214111905764,3.4968214111905764,2.551633792922969,2.7447158894054424,2.682553620599134,2.9576051738746134,2.0521686590022217,2.4677393643764884,2.7374406085447616,3.3543796604233647,1.8799560530718522,2.589497933023984,2.589497933023984,3.4402829164435107,1.4578432337262086,1.4578432337262086,1.411332622268689,2.153923799814704,2.3382987161512516,2.3382987161512516,1.3092960788724621,1.7499942805747735,1.7499942805747735,1.8734065072870698,3.5350175122825225,1.2903789609173864,2.4102085486339075,2.2201402986472747,3.5880437659577264,3.5880437659577264,3.5880437659577264,3.5880437659577264,2.5399904396629047,3.0627428955769744,3.0627428955769744,1.5780948792131402,1.5780948792131402,1.5780948792131402,2.13227909087899,3.0627428955769744,1.1047397071576852,1.1047397071576852,2.102365236246925,3.081645701600065,2.671753162122868,3.3447300803367828,3.439907073002036,3.439907073002036,5.562563483527388,5.562563483527388,4.505908501991206,4.505908501991206,4.505908501991206,4.505908501991206,1.7856037042977364,1.2711602692097037,3.199101652787641,3.199101652787641,3.199101652787641,2.515749864499729,2.858907772827399,2.4521166237124903,3.2822970692673588,2.637714255759638,2.637714255759638,2.637714255759638,4.086753065863767,2.836626524705474,1.6797736224355464,3.064519532246711,3.129077922032839,1.9094288373858592,2.322616934233442,1.7825341067539016,1.7825341067539016,0.0,0.0
