Plot_ID,Zone,Habitat,Canonical_Species,Abundance,Species_Key,Zone_Key,Habitat_Key,Structural_Lookup_Key,Structural_Species_Key,Resolved_Record_ID,Master_Species,Mean_DBH,Mean_Height,Basal_Area,Final_Linkage_Class,Structural_Integration_QC,Structural_Data_Available,DBH_Weighted_Contribution,Height_Weighted_Contribution,BA_Weighted_Contribution,Structurally_Represented_Individuals
CmP1,Core,Major River,Amphimas tetracoides,1,amphimas tetracoides,core,major river,core||major river||amphimas tetracoides,amphimas tetracoides,OMO_STR_0026,Amphimas tetracoides,21.4,22.1,359.8,EXACT_NORMALIZED_SOURCE_KEY,BASELINE_ACCEPTED,True,21.4,22.1,359.8,1
CmP6,Core,Major River,Amphimas tetracoides,1,amphimas tetracoides,core,major river,core||major river||amphimas tetracoides,amphimas tetracoides,OMO_STR_0026,Amphimas tetracoides,21.4,22.1,359.8,EXACT_NORMALIZED_SOURCE_KEY,BASELINE_ACCEPTED,True,21.4,22.1,359.8,1
CmP8,Core,Major River,Amphimas tetracoides,1,amphimas tetracoides,core,major river,core||major river||amphimas tetracoides,amphimas tetracoides,OMO_STR_0026,Amphimas tetracoides,21.4,22.1,359.8,EXACT_NORMALIZED_SOURCE_KEY,BASELINE_ACCEPTED,True,21.4,22.1,359.8,1
CmP1,Core,Major River,Annonidium manni,2,annonidium manni,core,major river,core||major river||annonidium manni,annonidium manni,OMO_STR_0027,Annonidium manni,30.2,29.6,716.6,EXACT_NORMALIZED_SOURCE_KEY,BASELINE_ACCEPTED,True,60.4,59.2,1433.2,2
CmP2,Core,Major River,Annonidium manni,2,annonidium manni,core,major river,core||major river||annonidium manni,annonidium manni,OMO_STR_0027,Annonidium manni,30.2,29.6,716.6,EXACT_NORMALIZED_SOURCE_KEY,BASELINE_ACCEPTED,True,60.4,59.2,1433.2,2
CmP3,Core,Major River,Annonidium manni,1,annonidium manni,core,major river,core||major river||annonidium manni,annonidium manni,OMO_STR_0027,Annonidium manni,30.2,29.6,716.6,EXACT_NORMALIZED_SOURCE_KEY,BASELINE_ACCEPTED,True,30.2,29.6,716.6,1
CmP6,Core,Major River,Annonidium manni,1,annonidium manni,core,major river,core||major river||annonidium manni,annonidium manni,OMO_STR_0027,Annonidium manni,30.2,29.6,716.6,EXACT_NORMALIZED_SOURCE_KEY,BASELINE_ACCEPTED,True,30.2,29.6,716.6,1
CmP8,Core,Major River,Annonidium manni,2,annonidium manni,core,major river,core||major river||annonidium manni,annonidium manni,OMO_STR_0027,Annonidium manni,30.2,29.6,716.6,EXACT_NORMALIZED_SOURCE_KEY,BASELINE_ACCEPTED,True,60.4,59.2,1433.2,2
CmP9,Core,Major River,Annonidium manni,1,annonidium manni,core,major river,core||major river||annonidium manni,annonidium manni,OMO_STR_0027,Annonidium manni,30.2,29.6,716.6,EXACT_NORMALIZED_SOURCE_KEY,BASELINE_ACCEPTED,True,30.2,29.6,716.6,1
CuP2,Core,Upland,Annonidium manni,1,annonidium manni,core,upland,core||upland||annonidium manni,annonidium manni,OMO_STR_0052,Annonidium manni,20.4,20.9,326.9,EXACT_NORMALIZED_SOURCE_KEY,BASELINE_ACCEPTED,True,20.4,20.9,326.9,1
CuP4,Core,Upland,Annonidium manni,2,annonidium manni,core,upland,core||upland||annonidium manni,annonidium manni,OMO_STR_0052,Annonidium manni,20.4,20.9,326.9,EXACT_NORMALIZED_SOURCE_KEY,BASELINE_ACCEPTED,True,40.8,41.8,653.8,2
CuP8,Core,Upland,Annonidium manni,3,annonidium manni,core,upland,core||upland||annonidium manni,annonidium manni,OMO_STR_0052,Annonidium manni,20.4,20.9,326.9,EXACT_NORMALIZED_SOURCE_KEY,BASELINE_ACCEPTED,True,61.199999999999996,62.699999999999996,980.6999999999999,3
CuP10,Core,Upland,Annonidium manni,1,annonidium manni,core,upland,core||upland||annonidium manni,annonidium manni,OMO_STR_0052,Annonidium manni,20.4,20.9,326.9,EXACT_NORMALIZED_SOURCE_KEY,BASELINE_ACCEPTED,True,20.4,20.9,326.9,1
BuP4,Buffer,Upland,Annonidium manni,6,annonidium manni,buffer,upland,buffer||upland||annonidium manni,annonidium manni,OMO_STR_0136,Annonidium manni,23.2,24.0,422.9,EXACT_NORMALIZED_SOURCE_KEY,BASELINE_ACCEPTED,True,139.2,144.0,2537.3999999999996,6
BuP5,Buffer,Upland,Annonidium manni,2,annonidium manni,buffer,upland,buffer||upland||annonidium manni,annonidium manni,OMO_STR_0136,Annonidium manni,23.2,24.0,422.9,EXACT_NORMALIZED_SOURCE_KEY,BASELINE_ACCEPTED,True,46.4,48.0,845.8,2
BuP6,Buffer,Upland,Annonidium manni,2,annonidium manni,buffer,upland,buffer||upland||annonidium manni,annonidium manni,OMO_STR_0136,Annonidium manni,23.2,24.0,422.9,EXACT_NORMALIZED_SOURCE_KEY,BASELINE_ACCEPTED,True,46.4,48.0,845.8,2
BuP7,Buffer,Upland,Annonidium manni,2,annonidium manni,buffer,upland,buffer||upland||annonidium manni,annonidium manni,OMO_STR_0136,Annonidium manni,23.2,24.0,422.9,EXACT_NORMALIZED_SOURCE_KEY,BASELINE_ACCEPTED,True,46.4,48.0,845.8,2
BuP9,Buffer,Upland,Annonidium manni,1,annonidium manni,buffer,upland,buffer||upland||annonidium manni,annonidium manni,OMO_STR_0136,Annonidium manni,23.2,24.0,422.9,EXACT_NORMALIZED_SOURCE_KEY,BASELINE_ACCEPTED,True,23.2,24.0,422.9,1
BuP10,Buffer,Upland,Annonidium manni,1,annonidium manni,buffer,upland,buffer||upland||annonidium manni,annonidium manni,OMO_STR_0136,Annonidium manni,23.2,24.0,422.9,EXACT_NORMALIZED_SOURCE_KEY,BASELINE_ACCEPTED,True,23.2,24.0,422.9,1
CmP3,Core,Major River,Anthonotha macrophylla,1,anthonotha macrophylla,core,major river,core||major river||anthonotha macrophylla,anthonotha macrophylla,OMO_STR_0028,Anthonotha macrophylla,18.2,16.9,260.2,EXACT_NORMALIZED_SOURCE_KEY,BASELINE_ACCEPTED,True,18.2,16.9,260.2,1
CmP7,Core,Major River,Anthonotha macrophylla,2,anthonotha macrophylla,core,major river,core||major river||anthonotha macrophylla,anthonotha macrophylla,OMO_STR_0028,Anthonotha macrophylla,18.2,16.9,260.2,EXACT_NORMALIZED_SOURCE_KEY,BASELINE_ACCEPTED,True,36.4,33.8,520.4,2
CmP9,Core,Major River,Anthonotha macrophylla,2,anthonotha macrophylla,core,major river,core||major river||anthonotha macrophylla,anthonotha macrophylla,OMO_STR_0028,Anthonotha macrophylla,18.2,16.9,260.2,EXACT_NORMALIZED_SOURCE_KEY,BASELINE_ACCEPTED,True,36.4,33.8,520.4,2
CmP2,Core,Major River,Blighia sapida,1,blighia sapida,core,major river,core||major river||bligha sapida,bligha sapida,,,,,,,,False,,,,0
CmP9,Core,Major River,Blighia sapida,1,blighia sapida,core,major river,core||major river||bligha sapida,bligha sapida,,,,,,,,False,,,,0
CsP1,Core,Stream,Blighia sapida,2,blighia sapida,core,stream,core||stream||bligha sapida,bligha sapida,,,,,,,,False,,,,0
CsP3,Core,Stream,Blighia sapida,1,blighia sapida,core,stream,core||stream||bligha sapida,bligha sapida,,,,,,,,False,,,,0
CsP4,Core,Stream,Blighia sapida,1,blighia sapida,core,stream,core||stream||bligha sapida,bligha sapida,,,,,,,,False,,,,0
CsP6,Core,Stream,Blighia sapida,1,blighia sapida,core,stream,core||stream||bligha sapida,bligha sapida,,,,,,,,False,,,,0
CsP7,Core,Stream,Blighia sapida,1,blighia sapida,core,stream,core||stream||bligha sapida,bligha sapida,,,,,,,,False,,,,0
CsP10,Core,Stream,Blighia sapida,1,blighia sapida,core,stream,core||stream||bligha sapida,bligha sapida,,,,,,,,False,,,,0
CuP6,Core,Upland,Blighia sapida,1,blighia sapida,core,upland,core||upland||bligha sapida,bligha sapida,,,,,,,,False,,,,0
BmP1,Buffer,Major River,Blighia sapida,2,blighia sapida,buffer,major river,buffer||major river||bligha sapida,bligha sapida,,,,,,,,False,,,,0
BmP3,Buffer,Major River,Blighia sapida,1,blighia sapida,buffer,major river,buffer||major river||bligha sapida,bligha sapida,,,,,,,,False,,,,0
BmP4,Buffer,Major River,Blighia sapida,1,blighia sapida,buffer,major river,buffer||major river||bligha sapida,bligha sapida,,,,,,,,False,,,,0
BmP7,Buffer,Major River,Blighia sapida,1,blighia sapida,buffer,major river,buffer||major river||bligha sapida,bligha sapida,,,,,,,,False,,,,0
BmP9,Buffer,Major River,Blighia sapida,1,blighia sapida,buffer,major river,buffer||major river||bligha sapida,bligha sapida,,,,,,,,False,,,,0
BmP10,Buffer,Major River,Blighia sapida,1,blighia sapida,buffer,major river,buffer||major river||bligha sapida,bligha sapida,,,,,,,,False,,,,0
BuP4,Buffer,Upland,Blighia sapida,1,blighia sapida,buffer,upland,buffer||upland||bligha sapida,bligha sapida,,,,,,,,False,,,,0
BuP7,Buffer,Upland,Blighia sapida,1,blighia sapida,buffer,upland,buffer||upland||bligha sapida,bligha sapida,,,,,,,,False,,,,0
BuP8,Buffer,Upland,Blighia sapida,1,blighia sapida,buffer,upland,buffer||upland||bligha sapida,bligha sapida,,,,,,,,False,,,,0
TmP1,Transition,Major River,Blighia sapida,1,blighia sapida,transition,major river,transition||major river||bligha sapida,bligha sapida,OMO_STR_0166,Bligha sapida,26.3,27.1,543.4,ACCEPTED_STRONG_ORTHOGRAPHIC_AND_ABUNDANCE_EVIDENCE,ORTHOGRAPHIC_AND_ABUNDANCE_SUPPORTED,True,26.3,27.1,543.4,1
TmP7,Transition,Major River,Blighia sapida,2,blighia sapida,transition,major river,transition||major river||bligha sapida,bligha sapida,OMO_STR_0166,Bligha sapida,26.3,27.1,543.4,ACCEPTED_STRONG_ORTHOGRAPHIC_AND_ABUNDANCE_EVIDENCE,ORTHOGRAPHIC_AND_ABUNDANCE_SUPPORTED,True,52.6,54.2,1086.8,2
TmP9,Transition,Major River,Blighia sapida,1,blighia sapida,transition,major river,transition||major river||bligha sapida,bligha sapida,OMO_STR_0166,Bligha sapida,26.3,27.1,543.4,ACCEPTED_STRONG_ORTHOGRAPHIC_AND_ABUNDANCE_EVIDENCE,ORTHOGRAPHIC_AND_ABUNDANCE_SUPPORTED,True,26.3,27.1,543.4,1
CmP1,Core,Major River,Celtis zenkeri,4,celtis zenkeri,core,major river,core||major river||celtis zenkeri,celtis zenkeri,OMO_STR_0030,Celtis zenkeri,25.0,21.16,491.0,EXACT_NORMALIZED_SOURCE_KEY,BASELINE_ACCEPTED,True,100.0,84.64,1964.0,4
CmP6,Core,Major River,Celtis zenkeri,1,celtis zenkeri,core,major river,core||major river||celtis zenkeri,celtis zenkeri,OMO_STR_0030,Celtis zenkeri,25.0,21.16,491.0,EXACT_NORMALIZED_SOURCE_KEY,BASELINE_ACCEPTED,True,25.0,21.16,491.0,1
CmP8,Core,Major River,Celtis zenkeri,1,celtis zenkeri,core,major river,core||major river||celtis zenkeri,celtis zenkeri,OMO_STR_0030,Celtis zenkeri,25.0,21.16,491.0,EXACT_NORMALIZED_SOURCE_KEY,BASELINE_ACCEPTED,True,25.0,21.16,491.0,1
CsP2,Core,Stream,Celtis zenkeri,1,celtis zenkeri,core,stream,core||stream||celtis zenkeri,celtis zenkeri,OMO_STR_0005,Celtis zenkeri,29.4,31.0,679.14,EXACT_NORMALIZED_SOURCE_KEY,BASELINE_ACCEPTED,True,29.4,31.0,679.14,1
CsP4,Core,Stream,Celtis zenkeri,1,celtis zenkeri,core,stream,core||stream||celtis zenkeri,celtis zenkeri,OMO_STR_0005,Celtis zenkeri,29.4,31.0,679.14,EXACT_NORMALIZED_SOURCE_KEY,BASELINE_ACCEPTED,True,29.4,31.0,679.14,1
CsP5,Core,Stream,Celtis zenkeri,1,celtis zenkeri,core,stream,core||stream||celtis zenkeri,celtis zenkeri,OMO_STR_0005,Celtis zenkeri,29.4,31.0,679.14,EXACT_NORMALIZED_SOURCE_KEY,BASELINE_ACCEPTED,True,29.4,31.0,679.14,1
CsP6,Core,Stream,Celtis zenkeri,3,celtis zenkeri,core,stream,core||stream||celtis zenkeri,celtis zenkeri,OMO_STR_0005,Celtis zenkeri,29.4,31.0,679.14,EXACT_NORMALIZED_SOURCE_KEY,BASELINE_ACCEPTED,True,88.19999999999999,93.0,2037.42,3
CsP10,Core,Stream,Celtis zenkeri,2,celtis zenkeri,core,stream,core||stream||celtis zenkeri,celtis zenkeri,OMO_STR_0005,Celtis zenkeri,29.4,31.0,679.14,EXACT_NORMALIZED_SOURCE_KEY,BASELINE_ACCEPTED,True,58.8,62.0,1358.28,2
CuP2,Core,Upland,Celtis zenkeri,1,celtis zenkeri,core,upland,core||upland||celtis zenkeri,celtis zenkeri,OMO_STR_0054,Celtis zenkeri,20.6,21.31,333.4,EXACT_NORMALIZED_SOURCE_KEY,BASELINE_ACCEPTED,True,20.6,21.31,333.4,1
CuP6,Core,Upland,Celtis zenkeri,1,celtis zenkeri,core,upland,core||upland||celtis zenkeri,celtis zenkeri,OMO_STR_0054,Celtis zenkeri,20.6,21.31,333.4,EXACT_NORMALIZED_SOURCE_KEY,BASELINE_ACCEPTED,True,20.6,21.31,333.4,1
CuP8,Core,Upland,Celtis zenkeri,1,celtis zenkeri,core,upland,core||upland||celtis zenkeri,celtis zenkeri,OMO_STR_0054,Celtis zenkeri,20.6,21.31,333.4,EXACT_NORMALIZED_SOURCE_KEY,BASELINE_ACCEPTED,True,20.6,21.31,333.4,1
CuP9,Core,Upland,Celtis zenkeri,2,celtis zenkeri,core,upland,core||upland||celtis zenkeri,celtis zenkeri,OMO_STR_0054,Celtis zenkeri,20.6,21.31,333.4,EXACT_NORMALIZED_SOURCE_KEY,BASELINE_ACCEPTED,True,41.2,42.62,666.8,2
CuP10,Core,Upland,Celtis zenkeri,2,celtis zenkeri,core,upland,core||upland||celtis zenkeri,celtis zenkeri,OMO_STR_0054,Celtis zenkeri,20.6,21.31,333.4,EXACT_NORMALIZED_SOURCE_KEY,BASELINE_ACCEPTED,True,41.2,42.62,666.8,2
BmP2,Buffer,Major River,Celtis zenkeri,1,celtis zenkeri,buffer,major river,buffer||major river||celtis zenkeri,celtis zenkeri,OMO_STR_0080,Celtis zenkeri,42.0,42.1,1386.0,EXACT_NORMALIZED_SOURCE_KEY,BASELINE_ACCEPTED,True,42.0,42.1,1386.0,1
BmP4,Buffer,Major River,Celtis zenkeri,1,celtis zenkeri,buffer,major river,buffer||major river||celtis zenkeri,celtis zenkeri,OMO_STR_0080,Celtis zenkeri,42.0,42.1,1386.0,EXACT_NORMALIZED_SOURCE_KEY,BASELINE_ACCEPTED,True,42.0,42.1,1386.0,1
BmP5,Buffer,Major River,Celtis zenkeri,1,celtis zenkeri,buffer,major river,buffer||major river||celtis zenkeri,celtis zenkeri,OMO_STR_0080,Celtis zenkeri,42.0,42.1,1386.0,EXACT_NORMALIZED_SOURCE_KEY,BASELINE_ACCEPTED,True,42.0,42.1,1386.0,1
BmP7,Buffer,Major River,Celtis zenkeri,1,celtis zenkeri,buffer,major river,buffer||major river||celtis zenkeri,celtis zenkeri,OMO_STR_0080,Celtis zenkeri,42.0,42.1,1386.0,EXACT_NORMALIZED_SOURCE_KEY,BASELINE_ACCEPTED,True,42.0,42.1,1386.0,1
BmP8,Buffer,Major River,Celtis zenkeri,2,celtis zenkeri,buffer,major river,buffer||major river||celtis zenkeri,celtis zenkeri,OMO_STR_0080,Celtis zenkeri,42.0,42.1,1386.0,EXACT_NORMALIZED_SOURCE_KEY,BASELINE_ACCEPTED,True,84.0,84.2,2772.0,2
BuP2,Buffer,Upland,Celtis zenkeri,1,celtis zenkeri,buffer,upland,buffer||upland||celtis zenkeri,celtis zenkeri,OMO_STR_0139,Celtis zenkeri,26.5,30.0,551.7,EXACT_NORMALIZED_SOURCE_KEY,BASELINE_ACCEPTED,True,26.5,30.0,551.7,1
BuP3,Buffer,Upland,Celtis zenkeri,2,celtis zenkeri,buffer,upland,buffer||upland||celtis zenkeri,celtis zenkeri,OMO_STR_0139,Celtis zenkeri,26.5,30.0,551.7,EXACT_NORMALIZED_SOURCE_KEY,BASELINE_ACCEPTED,True,53.0,60.0,1103.4,2
BuP4,Buffer,Upland,Celtis zenkeri,3,celtis zenkeri,buffer,upland,buffer||upland||celtis zenkeri,celtis zenkeri,OMO_STR_0139,Celtis zenkeri,26.5,30.0,551.7,EXACT_NORMALIZED_SOURCE_KEY,BASELINE_ACCEPTED,True,79.5,90.0,1655.1000000000001,3
BuP5,Buffer,Upland,Celtis zenkeri,1,celtis zenkeri,buffer,upland,buffer||upland||celtis zenkeri,celtis zenkeri,OMO_STR_0139,Celtis zenkeri,26.5,30.0,551.7,EXACT_NORMALIZED_SOURCE_KEY,BASELINE_ACCEPTED,True,26.5,30.0,551.7,1
BuP6,Buffer,Upland,Celtis zenkeri,1,celtis zenkeri,buffer,upland,buffer||upland||celtis zenkeri,celtis zenkeri,OMO_STR_0139,Celtis zenkeri,26.5,30.0,551.7,EXACT_NORMALIZED_SOURCE_KEY,BASELINE_ACCEPTED,True,26.5,30.0,551.7,1
BuP7,Buffer,Upland,Celtis zenkeri,1,celtis zenkeri,buffer,upland,buffer||upland||celtis zenkeri,celtis zenkeri,OMO_STR_0139,Celtis zenkeri,26.5,30.0,551.7,EXACT_NORMALIZED_SOURCE_KEY,BASELINE_ACCEPTED,True,26.5,30.0,551.7,1
BuP8,Buffer,Upland,Celtis zenkeri,1,celtis zenkeri,buffer,upland,buffer||upland||celtis zenkeri,celtis zenkeri,OMO_STR_0139,Celtis zenkeri,26.5,30.0,551.7,EXACT_NORMALIZED_SOURCE_KEY,BASELINE_ACCEPTED,True,26.5,30.0,551.7,1
BuP9,Buffer,Upland,Celtis zenkeri,1,celtis zenkeri,buffer,upland,buffer||upland||celtis zenkeri,celtis zenkeri,OMO_STR_0139,Celtis zenkeri,26.5,30.0,551.7,EXACT_NORMALIZED_SOURCE_KEY,BASELINE_ACCEPTED,True,26.5,30.0,551.7,1
BuP10,Buffer,Upland,Celtis zenkeri,1,celtis zenkeri,buffer,upland,buffer||upland||celtis zenkeri,celtis zenkeri,OMO_STR_0139,Celtis zenkeri,26.5,30.0,551.7,EXACT_NORMALIZED_SOURCE_KEY,BASELINE_ACCEPTED,True,26.5,30.0,551.7,1
CmP1,Core,Major River,Cleistopholis patens,1,cleistopholis patens,core,major river,core||major river||cleistopholis patens,cleistopholis patens,OMO_STR_0031,Cleistopholis patens,39.8,40.34,1244.0,EXACT_NORMALIZED_SOURCE_KEY,BASELINE_ACCEPTED,True,39.8,40.34,1244.0,1
CmP4,Core,Major River,Cleistopholis patens,1,cleistopholis patens,core,major river,core||major river||cleistopholis patens,cleistopholis patens,OMO_STR_0031,Cleistopholis patens,39.8,40.34,1244.0,EXACT_NORMALIZED_SOURCE_KEY,BASELINE_ACCEPTED,True,39.8,40.34,1244.0,1
CmP7,Core,Major River,Cleistopholis patens,1,cleistopholis patens,core,major river,core||major river||cleistopholis patens,cleistopholis patens,OMO_STR_0031,Cleistopholis patens,39.8,40.34,1244.0,EXACT_NORMALIZED_SOURCE_KEY,BASELINE_ACCEPTED,True,39.8,40.34,1244.0,1
CmP8,Core,Major River,Cleistopholis patens,1,cleistopholis patens,core,major river,core||major river||cleistopholis patens,cleistopholis patens,OMO_STR_0031,Cleistopholis patens,39.8,40.34,1244.0,EXACT_NORMALIZED_SOURCE_KEY,BASELINE_ACCEPTED,True,39.8,40.34,1244.0,1
CmP10,Core,Major River,Cleistopholis patens,1,cleistopholis patens,core,major river,core||major river||cleistopholis patens,cleistopholis patens,OMO_STR_0031,Cleistopholis patens,39.8,40.34,1244.0,EXACT_NORMALIZED_SOURCE_KEY,BASELINE_ACCEPTED,True,39.8,40.34,1244.0,1
CsP2,Core,Stream,Cleistopholis patens,2,cleistopholis patens,core,stream,core||stream||cleistopholis patens,cleistopholis patens,OMO_STR_0006,Cleistopholis Patens,31.0,34.9,755.07,EXACT_NORMALIZED_SOURCE_KEY,BASELINE_ACCEPTED,True,62.0,69.8,1510.14,2
CsP3,Core,Stream,Cleistopholis patens,1,cleistopholis patens,core,stream,core||stream||cleistopholis patens,cleistopholis patens,OMO_STR_0006,Cleistopholis Patens,31.0,34.9,755.07,EXACT_NORMALIZED_SOURCE_KEY,BASELINE_ACCEPTED,True,31.0,34.9,755.07,1
CsP4,Core,Stream,Cleistopholis patens,1,cleistopholis patens,core,stream,core||stream||cleistopholis patens,cleistopholis patens,OMO_STR_0006,Cleistopholis Patens,31.0,34.9,755.07,EXACT_NORMALIZED_SOURCE_KEY,BASELINE_ACCEPTED,True,31.0,34.9,755.07,1
CsP6,Core,Stream,Cleistopholis patens,1,cleistopholis patens,core,stream,core||stream||cleistopholis patens,cleistopholis patens,OMO_STR_0006,Cleistopholis Patens,31.0,34.9,755.07,EXACT_NORMALIZED_SOURCE_KEY,BASELINE_ACCEPTED,True,31.0,34.9,755.07,1
CsP10,Core,Stream,Cleistopholis patens,3,cleistopholis patens,core,stream,core||stream||cleistopholis patens,cleistopholis patens,OMO_STR_0006,Cleistopholis Patens,31.0,34.9,755.07,EXACT_NORMALIZED_SOURCE_KEY,BASELINE_ACCEPTED,True,93.0,104.69999999999999,2265.21,3
BmP1,Buffer,Major River,Cleistopholis patens,1,cleistopholis patens,buffer,major river,buffer||major river||cleistopholis patens,cleistopholis patens,OMO_STR_0081,Cleistopholis patens,27.5,29.9,594.2,EXACT_NORMALIZED_SOURCE_KEY,BASELINE_ACCEPTED,True,27.5,29.9,594.2,1
BmP2,Buffer,Major River,Cleistopholis patens,2,cleistopholis patens,buffer,major river,buffer||major river||cleistopholis patens,cleistopholis patens,OMO_STR_0081,Cleistopholis patens,27.5,29.9,594.2,EXACT_NORMALIZED_SOURCE_KEY,BASELINE_ACCEPTED,True,55.0,59.8,1188.4,2
BmP3,Buffer,Major River,Cleistopholis patens,1,cleistopholis patens,buffer,major river,buffer||major river||cleistopholis patens,cleistopholis patens,OMO_STR_0081,Cleistopholis patens,27.5,29.9,594.2,EXACT_NORMALIZED_SOURCE_KEY,BASELINE_ACCEPTED,True,27.5,29.9,594.2,1
BmP4,Buffer,Major River,Cleistopholis patens,1,cleistopholis patens,buffer,major river,buffer||major river||cleistopholis patens,cleistopholis patens,OMO_STR_0081,Cleistopholis patens,27.5,29.9,594.2,EXACT_NORMALIZED_SOURCE_KEY,BASELINE_ACCEPTED,True,27.5,29.9,594.2,1
BmP6,Buffer,Major River,Cleistopholis patens,1,cleistopholis patens,buffer,major river,buffer||major river||cleistopholis patens,cleistopholis patens,OMO_STR_0081,Cleistopholis patens,27.5,29.9,594.2,EXACT_NORMALIZED_SOURCE_KEY,BASELINE_ACCEPTED,True,27.5,29.9,594.2,1
BmP7,Buffer,Major River,Cleistopholis patens,1,cleistopholis patens,buffer,major river,buffer||major river||cleistopholis patens,cleistopholis patens,OMO_STR_0081,Cleistopholis patens,27.5,29.9,594.2,EXACT_NORMALIZED_SOURCE_KEY,BASELINE_ACCEPTED,True,27.5,29.9,594.2,1
BmP8,Buffer,Major River,Cleistopholis patens,2,cleistopholis patens,buffer,major river,buffer||major river||cleistopholis patens,cleistopholis patens,OMO_STR_0081,Cleistopholis patens,27.5,29.9,594.2,EXACT_NORMALIZED_SOURCE_KEY,BASELINE_ACCEPTED,True,55.0,59.8,1188.4,2
BmP9,Buffer,Major River,Cleistopholis patens,1,cleistopholis patens,buffer,major river,buffer||major river||cleistopholis patens,cleistopholis patens,OMO_STR_0081,Cleistopholis patens,27.5,29.9,594.2,EXACT_NORMALIZED_SOURCE_KEY,BASELINE_ACCEPTED,True,27.5,29.9,594.2,1
BmP10,Buffer,Major River,Cleistopholis patens,1,cleistopholis patens,buffer,major river,buffer||major river||cleistopholis patens,cleistopholis patens,OMO_STR_0081,Cleistopholis patens,27.5,29.9,594.2,EXACT_NORMALIZED_SOURCE_KEY,BASELINE_ACCEPTED,True,27.5,29.9,594.2,1
BsP3,Buffer,Stream,Cleistopholis patens,1,cleistopholis patens,buffer,stream,buffer||stream||cleistopholis patens,cleistopholis patens,OMO_STR_0109,Cleistopholis patens,31.2,33.4,764.8,EXACT_NORMALIZED_SOURCE_KEY,BASELINE_ACCEPTED,True,31.2,33.4,764.8,1
BsP5,Buffer,Stream,Cleistopholis patens,2,cleistopholis patens,buffer,stream,buffer||stream||cleistopholis patens,cleistopholis patens,OMO_STR_0109,Cleistopholis patens,31.2,33.4,764.8,EXACT_NORMALIZED_SOURCE_KEY,BASELINE_ACCEPTED,True,62.4,66.8,1529.6,2
BsP6,Buffer,Stream,Cleistopholis patens,1,cleistopholis patens,buffer,stream,buffer||stream||cleistopholis patens,cleistopholis patens,OMO_STR_0109,Cleistopholis patens,31.2,33.4,764.8,EXACT_NORMALIZED_SOURCE_KEY,BASELINE_ACCEPTED,True,31.2,33.4,764.8,1
BsP7,Buffer,Stream,Cleistopholis patens,3,cleistopholis patens,buffer,stream,buffer||stream||cleistopholis patens,cleistopholis patens,OMO_STR_0109,Cleistopholis patens,31.2,33.4,764.8,EXACT_NORMALIZED_SOURCE_KEY,BASELINE_ACCEPTED,True,93.6,100.19999999999999,2294.3999999999996,3
BsP8,Buffer,Stream,Cleistopholis patens,1,cleistopholis patens,buffer,stream,buffer||stream||cleistopholis patens,cleistopholis patens,OMO_STR_0109,Cleistopholis patens,31.2,33.4,764.8,EXACT_NORMALIZED_SOURCE_KEY,BASELINE_ACCEPTED,True,31.2,33.4,764.8,1
BsP10,Buffer,Stream,Cleistopholis patens,3,cleistopholis patens,buffer,stream,buffer||stream||cleistopholis patens,cleistopholis patens,OMO_STR_0109,Cleistopholis patens,31.2,33.4,764.8,EXACT_NORMALIZED_SOURCE_KEY,BASELINE_ACCEPTED,True,93.6,100.19999999999999,2294.3999999999996,3
TmP5,Transition,Major River,Cleistopholis patens,2,cleistopholis patens,transition,major river,transition||major river||cleistopholis patens,cleistopholis patens,OMO_STR_0168,Cleistopholis patens,20.2,20.5,320.6,EXACT_NORMALIZED_SOURCE_KEY,BASELINE_ACCEPTED,True,40.4,41.0,641.2,2
TmP8,Transition,Major River,Cleistopholis patens,2,cleistopholis patens,transition,major river,transition||major river||cleistopholis patens,cleistopholis patens,OMO_STR_0168,Cleistopholis patens,20.2,20.5,320.6,EXACT_NORMALIZED_SOURCE_KEY,BASELINE_ACCEPTED,True,40.4,41.0,641.2,2
CmP1,Core,Major River,Diospyros dendo,3,diospyros dendo,core,major river,core||major river||diospyros dendo,diospyros dendo,OMO_STR_0032,Diospyros dendo,19.4,20.4,295.7,EXACT_NORMALIZED_SOURCE_KEY,BASELINE_ACCEPTED,True,58.199999999999996,61.199999999999996,887.0999999999999,3
CmP2,Core,Major River,Diospyros dendo,1,diospyros dendo,core,major river,core||major river||diospyros dendo,diospyros dendo,OMO_STR_0032,Diospyros dendo,19.4,20.4,295.7,EXACT_NORMALIZED_SOURCE_KEY,BASELINE_ACCEPTED,True,19.4,20.4,295.7,1
CmP3,Core,Major River,Diospyros dendo,2,diospyros dendo,core,major river,core||major river||diospyros dendo,diospyros dendo,OMO_STR_0032,Diospyros dendo,19.4,20.4,295.7,EXACT_NORMALIZED_SOURCE_KEY,BASELINE_ACCEPTED,True,38.8,40.8,591.4,2
CmP4,Core,Major River,Diospyros dendo,5,diospyros dendo,core,major river,core||major river||diospyros dendo,diospyros dendo,OMO_STR_0032,Diospyros dendo,19.4,20.4,295.7,EXACT_NORMALIZED_SOURCE_KEY,BASELINE_ACCEPTED,True,97.0,102.0,1478.5,5
CmP5,Core,Major River,Diospyros dendo,7,diospyros dendo,core,major river,core||major river||diospyros dendo,diospyros dendo,OMO_STR_0032,Diospyros dendo,19.4,20.4,295.7,EXACT_NORMALIZED_SOURCE_KEY,BASELINE_ACCEPTED,True,135.79999999999998,142.79999999999998,2069.9,7
CmP6,Core,Major River,Diospyros dendo,7,diospyros dendo,core,major river,core||major river||diospyros dendo,diospyros dendo,OMO_STR_0032,Diospyros dendo,19.4,20.4,295.7,EXACT_NORMALIZED_SOURCE_KEY,BASELINE_ACCEPTED,True,135.79999999999998,142.79999999999998,2069.9,7
CmP7,Core,Major River,Diospyros dendo,5,diospyros dendo,core,major river,core||major river||diospyros dendo,diospyros dendo,OMO_STR_0032,Diospyros dendo,19.4,20.4,295.7,EXACT_NORMALIZED_SOURCE_KEY,BASELINE_ACCEPTED,True,97.0,102.0,1478.5,5
CmP8,Core,Major River,Diospyros dendo,6,diospyros dendo,core,major river,core||major river||diospyros dendo,diospyros dendo,OMO_STR_0032,Diospyros dendo,19.4,20.4,295.7,EXACT_NORMALIZED_SOURCE_KEY,BASELINE_ACCEPTED,True,116.39999999999999,122.39999999999999,1774.1999999999998,6
CmP9,Core,Major River,Diospyros dendo,8,diospyros dendo,core,major river,core||major river||diospyros dendo,diospyros dendo,OMO_STR_0032,Diospyros dendo,19.4,20.4,295.7,EXACT_NORMALIZED_SOURCE_KEY,BASELINE_ACCEPTED,True,155.2,163.2,2365.6,8
CmP10,Core,Major River,Diospyros dendo,8,diospyros dendo,core,major river,core||major river||diospyros dendo,diospyros dendo,OMO_STR_0032,Diospyros dendo,19.4,20.4,295.7,EXACT_NORMALIZED_SOURCE_KEY,BASELINE_ACCEPTED,True,155.2,163.2,2365.6,8
CsP1,Core,Stream,Diospyros dendo,3,diospyros dendo,core,stream,core||stream||diospyros dendo,diospyros dendo,OMO_STR_0008,Diospyros dendo,21.5,24.9,363.2,EXACT_NORMALIZED_SOURCE_KEY,BASELINE_ACCEPTED,True,64.5,74.69999999999999,1089.6,3
CsP2,Core,Stream,Diospyros dendo,1,diospyros dendo,core,stream,core||stream||diospyros dendo,diospyros dendo,OMO_STR_0008,Diospyros dendo,21.5,24.9,363.2,EXACT_NORMALIZED_SOURCE_KEY,BASELINE_ACCEPTED,True,21.5,24.9,363.2,1
CsP3,Core,Stream,Diospyros dendo,6,diospyros dendo,core,stream,core||stream||diospyros dendo,diospyros dendo,OMO_STR_0008,Diospyros dendo,21.5,24.9,363.2,EXACT_NORMALIZED_SOURCE_KEY,BASELINE_ACCEPTED,True,129.0,149.39999999999998,2179.2,6
CsP4,Core,Stream,Diospyros dendo,4,diospyros dendo,core,stream,core||stream||diospyros dendo,diospyros dendo,OMO_STR_0008,Diospyros dendo,21.5,24.9,363.2,EXACT_NORMALIZED_SOURCE_KEY,BASELINE_ACCEPTED,True,86.0,99.6,1452.8,4
CsP6,Core,Stream,Diospyros dendo,3,diospyros dendo,core,stream,core||stream||diospyros dendo,diospyros dendo,OMO_STR_0008,Diospyros dendo,21.5,24.9,363.2,EXACT_NORMALIZED_SOURCE_KEY,BASELINE_ACCEPTED,True,64.5,74.69999999999999,1089.6,3
CsP7,Core,Stream,Diospyros dendo,3,diospyros dendo,core,stream,core||stream||diospyros dendo,diospyros dendo,OMO_STR_0008,Diospyros dendo,21.5,24.9,363.2,EXACT_NORMALIZED_SOURCE_KEY,BASELINE_ACCEPTED,True,64.5,74.69999999999999,1089.6,3
CsP8,Core,Stream,Diospyros dendo,6,diospyros dendo,core,stream,core||stream||diospyros dendo,diospyros dendo,OMO_STR_0008,Diospyros dendo,21.5,24.9,363.2,EXACT_NORMALIZED_SOURCE_KEY,BASELINE_ACCEPTED,True,129.0,149.39999999999998,2179.2,6
CuP1,Core,Upland,Diospyros dendo,8,diospyros dendo,core,upland,core||upland||diospyros dendo,diospyros dendo,OMO_STR_0056,Diospyros dendo,20.5,21.5,330.2,LINK_TAXONOMICALLY_SECURE_WITH_ABUNDANCE_DISCREPANCY,TAXONOMICALLY_SECURE_ABUNDANCE_DISCREPANCY,True,164.0,172.0,2641.6,8
CuP2,Core,Upland,Diospyros dendo,8,diospyros dendo,core,upland,core||upland||diospyros dendo,diospyros dendo,OMO_STR_0056,Diospyros dendo,20.5,21.5,330.2,LINK_TAXONOMICALLY_SECURE_WITH_ABUNDANCE_DISCREPANCY,TAXONOMICALLY_SECURE_ABUNDANCE_DISCREPANCY,True,164.0,172.0,2641.6,8
CuP3,Core,Upland,Diospyros dendo,7,diospyros dendo,core,upland,core||upland||diospyros dendo,diospyros dendo,OMO_STR_0056,Diospyros dendo,20.5,21.5,330.2,LINK_TAXONOMICALLY_SECURE_WITH_ABUNDANCE_DISCREPANCY,TAXONOMICALLY_SECURE_ABUNDANCE_DISCREPANCY,True,143.5,150.5,2311.4,7
CuP4,Core,Upland,Diospyros dendo,8,diospyros dendo,core,upland,core||upland||diospyros dendo,diospyros dendo,OMO_STR_0056,Diospyros dendo,20.5,21.5,330.2,LINK_TAXONOMICALLY_SECURE_WITH_ABUNDANCE_DISCREPANCY,TAXONOMICALLY_SECURE_ABUNDANCE_DISCREPANCY,True,164.0,172.0,2641.6,8
CuP5,Core,Upland,Diospyros dendo,6,diospyros dendo,core,upland,core||upland||diospyros dendo,diospyros dendo,OMO_STR_0056,Diospyros dendo,20.5,21.5,330.2,LINK_TAXONOMICALLY_SECURE_WITH_ABUNDANCE_DISCREPANCY,TAXONOMICALLY_SECURE_ABUNDANCE_DISCREPANCY,True,123.0,129.0,1981.1999999999998,6
CuP6,Core,Upland,Diospyros dendo,9,diospyros dendo,core,upland,core||upland||diospyros dendo,diospyros dendo,OMO_STR_0056,Diospyros dendo,20.5,21.5,330.2,LINK_TAXONOMICALLY_SECURE_WITH_ABUNDANCE_DISCREPANCY,TAXONOMICALLY_SECURE_ABUNDANCE_DISCREPANCY,True,184.5,193.5,2971.7999999999997,9
CuP7,Core,Upland,Diospyros dendo,9,diospyros dendo,core,upland,core||upland||diospyros dendo,diospyros dendo,OMO_STR_0056,Diospyros dendo,20.5,21.5,330.2,LINK_TAXONOMICALLY_SECURE_WITH_ABUNDANCE_DISCREPANCY,TAXONOMICALLY_SECURE_ABUNDANCE_DISCREPANCY,True,184.5,193.5,2971.7999999999997,9
CuP8,Core,Upland,Diospyros dendo,10,diospyros dendo,core,upland,core||upland||diospyros dendo,diospyros dendo,OMO_STR_0056,Diospyros dendo,20.5,21.5,330.2,LINK_TAXONOMICALLY_SECURE_WITH_ABUNDANCE_DISCREPANCY,TAXONOMICALLY_SECURE_ABUNDANCE_DISCREPANCY,True,205.0,215.0,3302.0,10
CuP9,Core,Upland,Diospyros dendo,8,diospyros dendo,core,upland,core||upland||diospyros dendo,diospyros dendo,OMO_STR_0056,Diospyros dendo,20.5,21.5,330.2,LINK_TAXONOMICALLY_SECURE_WITH_ABUNDANCE_DISCREPANCY,TAXONOMICALLY_SECURE_ABUNDANCE_DISCREPANCY,True,164.0,172.0,2641.6,8
CuP10,Core,Upland,Diospyros dendo,7,diospyros dendo,core,upland,core||upland||diospyros dendo,diospyros dendo,OMO_STR_0056,Diospyros dendo,20.5,21.5,330.2,LINK_TAXONOMICALLY_SECURE_WITH_ABUNDANCE_DISCREPANCY,TAXONOMICALLY_SECURE_ABUNDANCE_DISCREPANCY,True,143.5,150.5,2311.4,7
BmP1,Buffer,Major River,Diospyros dendo,5,diospyros dendo,buffer,major river,buffer||major river||diospyros dendo,diospyros dendo,OMO_STR_0084,Diospyros dendo,23.6,23.9,437.6,ACCEPTED_STRONG_ORTHOGRAPHIC_AND_ABUNDANCE_EVIDENCE,ORTHOGRAPHIC_AND_ABUNDANCE_SUPPORTED,True,118.0,119.5,2188.0,5
BmP2,Buffer,Major River,Diospyros dendo,1,diospyros dendo,buffer,major river,buffer||major river||diospyros dendo,diospyros dendo,OMO_STR_0084,Diospyros dendo,23.6,23.9,437.6,ACCEPTED_STRONG_ORTHOGRAPHIC_AND_ABUNDANCE_EVIDENCE,ORTHOGRAPHIC_AND_ABUNDANCE_SUPPORTED,True,23.6,23.9,437.6,1
BmP3,Buffer,Major River,Diospyros dendo,6,diospyros dendo,buffer,major river,buffer||major river||diospyros dendo,diospyros dendo,OMO_STR_0084,Diospyros dendo,23.6,23.9,437.6,ACCEPTED_STRONG_ORTHOGRAPHIC_AND_ABUNDANCE_EVIDENCE,ORTHOGRAPHIC_AND_ABUNDANCE_SUPPORTED,True,141.60000000000002,143.39999999999998,2625.6000000000004,6
BmP4,Buffer,Major River,Diospyros dendo,4,diospyros dendo,buffer,major river,buffer||major river||diospyros dendo,diospyros dendo,OMO_STR_0084,Diospyros dendo,23.6,23.9,437.6,ACCEPTED_STRONG_ORTHOGRAPHIC_AND_ABUNDANCE_EVIDENCE,ORTHOGRAPHIC_AND_ABUNDANCE_SUPPORTED,True,94.4,95.6,1750.4,4
BmP6,Buffer,Major River,Diospyros dendo,4,diospyros dendo,buffer,major river,buffer||major river||diospyros dendo,diospyros dendo,OMO_STR_0084,Diospyros dendo,23.6,23.9,437.6,ACCEPTED_STRONG_ORTHOGRAPHIC_AND_ABUNDANCE_EVIDENCE,ORTHOGRAPHIC_AND_ABUNDANCE_SUPPORTED,True,94.4,95.6,1750.4,4
BmP7,Buffer,Major River,Diospyros dendo,2,diospyros dendo,buffer,major river,buffer||major river||diospyros dendo,diospyros dendo,OMO_STR_0084,Diospyros dendo,23.6,23.9,437.6,ACCEPTED_STRONG_ORTHOGRAPHIC_AND_ABUNDANCE_EVIDENCE,ORTHOGRAPHIC_AND_ABUNDANCE_SUPPORTED,True,47.2,47.8,875.2,2
BmP8,Buffer,Major River,Diospyros dendo,5,diospyros dendo,buffer,major river,buffer||major river||diospyros dendo,diospyros dendo,OMO_STR_0084,Diospyros dendo,23.6,23.9,437.6,ACCEPTED_STRONG_ORTHOGRAPHIC_AND_ABUNDANCE_EVIDENCE,ORTHOGRAPHIC_AND_ABUNDANCE_SUPPORTED,True,118.0,119.5,2188.0,5
BmP9,Buffer,Major River,Diospyros dendo,1,diospyros dendo,buffer,major river,buffer||major river||diospyros dendo,diospyros dendo,OMO_STR_0084,Diospyros dendo,23.6,23.9,437.6,ACCEPTED_STRONG_ORTHOGRAPHIC_AND_ABUNDANCE_EVIDENCE,ORTHOGRAPHIC_AND_ABUNDANCE_SUPPORTED,True,23.6,23.9,437.6,1
BmP10,Buffer,Major River,Diospyros dendo,2,diospyros dendo,buffer,major river,buffer||major river||diospyros dendo,diospyros dendo,OMO_STR_0084,Diospyros dendo,23.6,23.9,437.6,ACCEPTED_STRONG_ORTHOGRAPHIC_AND_ABUNDANCE_EVIDENCE,ORTHOGRAPHIC_AND_ABUNDANCE_SUPPORTED,True,47.2,47.8,875.2,2
BsP3,Buffer,Stream,Diospyros dendo,2,diospyros dendo,buffer,stream,buffer||stream||diospyros dendo,diospyros dendo,OMO_STR_0110,Diospyros dendo,42.8,38.5,1439.0,ACCEPTED_STRONG_ORTHOGRAPHIC_AND_ABUNDANCE_EVIDENCE,ORTHOGRAPHIC_AND_ABUNDANCE_SUPPORTED,True,85.6,77.0,2878.0,2
BsP4,Buffer,Stream,Diospyros dendo,3,diospyros dendo,buffer,stream,buffer||stream||diospyros dendo,diospyros dendo,OMO_STR_0110,Diospyros dendo,42.8,38.5,1439.0,ACCEPTED_STRONG_ORTHOGRAPHIC_AND_ABUNDANCE_EVIDENCE,ORTHOGRAPHIC_AND_ABUNDANCE_SUPPORTED,True,128.39999999999998,115.5,4317.0,3
BsP7,Buffer,Stream,Diospyros dendo,3,diospyros dendo,buffer,stream,buffer||stream||diospyros dendo,diospyros dendo,OMO_STR_0110,Diospyros dendo,42.8,38.5,1439.0,ACCEPTED_STRONG_ORTHOGRAPHIC_AND_ABUNDANCE_EVIDENCE,ORTHOGRAPHIC_AND_ABUNDANCE_SUPPORTED,True,128.39999999999998,115.5,4317.0,3
BsP8,Buffer,Stream,Diospyros dendo,1,diospyros dendo,buffer,stream,buffer||stream||diospyros dendo,diospyros dendo,OMO_STR_0110,Diospyros dendo,42.8,38.5,1439.0,ACCEPTED_STRONG_ORTHOGRAPHIC_AND_ABUNDANCE_EVIDENCE,ORTHOGRAPHIC_AND_ABUNDANCE_SUPPORTED,True,42.8,38.5,1439.0,1
BuP2,Buffer,Upland,Diospyros dendo,3,diospyros dendo,buffer,upland,buffer||upland||diospyros dendo,diospyros dendo,OMO_STR_0142,Diospyros dendo,19.4,20.2,295.7,EXACT_NORMALIZED_SOURCE_KEY,BASELINE_ACCEPTED,True,58.199999999999996,60.599999999999994,887.0999999999999,3
BuP3,Buffer,Upland,Diospyros dendo,9,diospyros dendo,buffer,upland,buffer||upland||diospyros dendo,diospyros dendo,OMO_STR_0142,Diospyros dendo,19.4,20.2,295.7,EXACT_NORMALIZED_SOURCE_KEY,BASELINE_ACCEPTED,True,174.6,181.79999999999998,2661.2999999999997,9
BuP4,Buffer,Upland,Diospyros dendo,9,diospyros dendo,buffer,upland,buffer||upland||diospyros dendo,diospyros dendo,OMO_STR_0142,Diospyros dendo,19.4,20.2,295.7,EXACT_NORMALIZED_SOURCE_KEY,BASELINE_ACCEPTED,True,174.6,181.79999999999998,2661.2999999999997,9
BuP5,Buffer,Upland,Diospyros dendo,1,diospyros dendo,buffer,upland,buffer||upland||diospyros dendo,diospyros dendo,OMO_STR_0142,Diospyros dendo,19.4,20.2,295.7,EXACT_NORMALIZED_SOURCE_KEY,BASELINE_ACCEPTED,True,19.4,20.2,295.7,1
BuP7,Buffer,Upland,Diospyros dendo,2,diospyros dendo,buffer,upland,buffer||upland||diospyros dendo,diospyros dendo,OMO_STR_0142,Diospyros dendo,19.4,20.2,295.7,EXACT_NORMALIZED_SOURCE_KEY,BASELINE_ACCEPTED,True,38.8,40.4,591.4,2
BuP8,Buffer,Upland,Diospyros dendo,3,diospyros dendo,buffer,upland,buffer||upland||diospyros dendo,diospyros dendo,OMO_STR_0142,Diospyros dendo,19.4,20.2,295.7,EXACT_NORMALIZED_SOURCE_KEY,BASELINE_ACCEPTED,True,58.199999999999996,60.599999999999994,887.0999999999999,3
BuP9,Buffer,Upland,Diospyros dendo,3,diospyros dendo,buffer,upland,buffer||upland||diospyros dendo,diospyros dendo,OMO_STR_0142,Diospyros dendo,19.4,20.2,295.7,EXACT_NORMALIZED_SOURCE_KEY,BASELINE_ACCEPTED,True,58.199999999999996,60.599999999999994,887.0999999999999,3
BuP10,Buffer,Upland,Diospyros dendo,3,diospyros dendo,buffer,upland,buffer||upland||diospyros dendo,diospyros dendo,OMO_STR_0142,Diospyros dendo,19.4,20.2,295.7,EXACT_NORMALIZED_SOURCE_KEY,BASELINE_ACCEPTED,True,58.199999999999996,60.599999999999994,887.0999999999999,3
CmP1,Core,Major River,Drypetes species,6,drypetes species,core,major river,core||major river||drypetes species,drypetes species,,,,,,,,False,,,,0
CmP2,Core,Major River,Drypetes species,6,drypetes species,core,major river,core||major river||drypetes species,drypetes species,,,,,,,,False,,,,0
CmP3,Core,Major River,Drypetes species,2,drypetes species,core,major river,core||major river||drypetes species,drypetes species,,,,,,,,False,,,,0
CmP4,Core,Major River,Drypetes species,2,drypetes species,core,major river,core||major river||drypetes species,drypetes species,,,,,,,,False,,,,0
CmP5,Core,Major River,Drypetes species,4,drypetes species,core,major river,core||major river||drypetes species,drypetes species,,,,,,,,False,,,,0
CmP6,Core,Major River,Drypetes species,1,drypetes species,core,major river,core||major river||drypetes species,drypetes species,,,,,,,,False,,,,0
CmP7,Core,Major River,Drypetes species,3,drypetes species,core,major river,core||major river||drypetes species,drypetes species,,,,,,,,False,,,,0
CmP8,Core,Major River,Drypetes species,5,drypetes species,core,major river,core||major river||drypetes species,drypetes species,,,,,,,,False,,,,0
CmP9,Core,Major River,Drypetes species,6,drypetes species,core,major river,core||major river||drypetes species,drypetes species,,,,,,,,False,,,,0
CmP10,Core,Major River,Drypetes species,7,drypetes species,core,major river,core||major river||drypetes species,drypetes species,,,,,,,,False,,,,0
CsP1,Core,Stream,Drypetes species,4,drypetes species,core,stream,core||stream||drypetes species,drypetes species,,,,,,,,False,,,,0
CsP2,Core,Stream,Drypetes species,4,drypetes species,core,stream,core||stream||drypetes species,drypetes species,,,,,,,,False,,,,0
CsP3,Core,Stream,Drypetes species,5,drypetes species,core,stream,core||stream||drypetes species,drypetes species,,,,,,,,False,,,,0
CsP4,Core,Stream,Drypetes species,3,drypetes species,core,stream,core||stream||drypetes species,drypetes species,,,,,,,,False,,,,0
CsP5,Core,Stream,Drypetes species,1,drypetes species,core,stream,core||stream||drypetes species,drypetes species,,,,,,,,False,,,,0
CsP6,Core,Stream,Drypetes species,2,drypetes species,core,stream,core||stream||drypetes species,drypetes species,,,,,,,,False,,,,0
CsP7,Core,Stream,Drypetes species,3,drypetes species,core,stream,core||stream||drypetes species,drypetes species,,,,,,,,False,,,,0
CsP8,Core,Stream,Drypetes species,3,drypetes species,core,stream,core||stream||drypetes species,drypetes species,,,,,,,,False,,,,0
CsP10,Core,Stream,Drypetes species,2,drypetes species,core,stream,core||stream||drypetes species,drypetes species,,,,,,,,False,,,,0
BmP2,Buffer,Major River,Drypetes species,4,drypetes species,buffer,major river,buffer||major river||drypetes species,drypetes species,,,,,,,,False,,,,0
BmP3,Buffer,Major River,Drypetes species,5,drypetes species,buffer,major river,buffer||major river||drypetes species,drypetes species,,,,,,,,False,,,,0
BmP4,Buffer,Major River,Drypetes species,2,drypetes species,buffer,major river,buffer||major river||drypetes species,drypetes species,,,,,,,,False,,,,0
BmP5,Buffer,Major River,Drypetes species,1,drypetes species,buffer,major river,buffer||major river||drypetes species,drypetes species,,,,,,,,False,,,,0
BmP6,Buffer,Major River,Drypetes species,6,drypetes species,buffer,major river,buffer||major river||drypetes species,drypetes species,,,,,,,,False,,,,0
BmP7,Buffer,Major River,Drypetes species,3,drypetes species,buffer,major river,buffer||major river||drypetes species,drypetes species,,,,,,,,False,,,,0
BmP8,Buffer,Major River,Drypetes species,3,drypetes species,buffer,major river,buffer||major river||drypetes species,drypetes species,,,,,,,,False,,,,0
BmP9,Buffer,Major River,Drypetes species,3,drypetes species,buffer,major river,buffer||major river||drypetes species,drypetes species,,,,,,,,False,,,,0
BmP10,Buffer,Major River,Drypetes species,6,drypetes species,buffer,major river,buffer||major river||drypetes species,drypetes species,,,,,,,,False,,,,0
BuP2,Buffer,Upland,Drypetes species,3,drypetes species,buffer,upland,buffer||upland||drypetes species,drypetes species,,,,,,,,False,,,,0
BuP3,Buffer,Upland,Drypetes species,3,drypetes species,buffer,upland,buffer||upland||drypetes species,drypetes species,,,,,,,,False,,,,0
BuP4,Buffer,Upland,Drypetes species,12,drypetes species,buffer,upland,buffer||upland||drypetes species,drypetes species,,,,,,,,False,,,,0
BuP5,Buffer,Upland,Drypetes species,11,drypetes species,buffer,upland,buffer||upland||drypetes species,drypetes species,,,,,,,,False,,,,0
BuP6,Buffer,Upland,Drypetes species,4,drypetes species,buffer,upland,buffer||upland||drypetes species,drypetes species,,,,,,,,False,,,,0
BuP8,Buffer,Upland,Drypetes species,6,drypetes species,buffer,upland,buffer||upland||drypetes species,drypetes species,,,,,,,,False,,,,0
BuP9,Buffer,Upland,Drypetes species,2,drypetes species,buffer,upland,buffer||upland||drypetes species,drypetes species,,,,,,,,False,,,,0
BuP10,Buffer,Upland,Drypetes species,7,drypetes species,buffer,upland,buffer||upland||drypetes species,drypetes species,,,,,,,,False,,,,0
CmP4,Core,Major River,Funtumia elastica,2,funtumia elastica,core,major river,core||major river||funtumia elastica,funtumia elastica,OMO_STR_0034,Funtumia elastica,24.4,29.2,467.7,EXACT_NORMALIZED_SOURCE_KEY,BASELINE_ACCEPTED,True,48.8,58.4,935.4,2
CmP7,Core,Major River,Funtumia elastica,3,funtumia elastica,core,major river,core||major river||funtumia elastica,funtumia elastica,OMO_STR_0034,Funtumia elastica,24.4,29.2,467.7,EXACT_NORMALIZED_SOURCE_KEY,BASELINE_ACCEPTED,True,73.19999999999999,87.6,1403.1,3
CmP9,Core,Major River,Funtumia elastica,1,funtumia elastica,core,major river,core||major river||funtumia elastica,funtumia elastica,OMO_STR_0034,Funtumia elastica,24.4,29.2,467.7,EXACT_NORMALIZED_SOURCE_KEY,BASELINE_ACCEPTED,True,24.4,29.2,467.7,1
CmP10,Core,Major River,Funtumia elastica,1,funtumia elastica,core,major river,core||major river||funtumia elastica,funtumia elastica,OMO_STR_0034,Funtumia elastica,24.4,29.2,467.7,EXACT_NORMALIZED_SOURCE_KEY,BASELINE_ACCEPTED,True,24.4,29.2,467.7,1
CuP3,Core,Upland,Funtumia elastica,1,funtumia elastica,core,upland,core||upland||funtumia elastica,funtumia elastica,OMO_STR_0058,Funtumia elastica,21.6,22.4,366.5,EXACT_NORMALIZED_SOURCE_KEY,BASELINE_ACCEPTED,True,21.6,22.4,366.5,1
CuP4,Core,Upland,Funtumia elastica,1,funtumia elastica,core,upland,core||upland||funtumia elastica,funtumia elastica,OMO_STR_0058,Funtumia elastica,21.6,22.4,366.5,EXACT_NORMALIZED_SOURCE_KEY,BASELINE_ACCEPTED,True,21.6,22.4,366.5,1
CuP6,Core,Upland,Funtumia elastica,1,funtumia elastica,core,upland,core||upland||funtumia elastica,funtumia elastica,OMO_STR_0058,Funtumia elastica,21.6,22.4,366.5,EXACT_NORMALIZED_SOURCE_KEY,BASELINE_ACCEPTED,True,21.6,22.4,366.5,1
CuP9,Core,Upland,Funtumia elastica,1,funtumia elastica,core,upland,core||upland||funtumia elastica,funtumia elastica,OMO_STR_0058,Funtumia elastica,21.6,22.4,366.5,EXACT_NORMALIZED_SOURCE_KEY,BASELINE_ACCEPTED,True,21.6,22.4,366.5,1
CuP10,Core,Upland,Funtumia elastica,1,funtumia elastica,core,upland,core||upland||funtumia elastica,funtumia elastica,OMO_STR_0058,Funtumia elastica,21.6,22.4,366.5,EXACT_NORMALIZED_SOURCE_KEY,BASELINE_ACCEPTED,True,21.6,22.4,366.5,1
BsP3,Buffer,Stream,Funtumia elastica,2,funtumia elastica,buffer,stream,buffer||stream||funtumia elastica,funtumia elastica,OMO_STR_0114,Funtumia elastica,24.6,28.2,475.4,EXACT_NORMALIZED_SOURCE_KEY,BASELINE_ACCEPTED,True,49.2,56.4,950.8,2
BsP4,Buffer,Stream,Funtumia elastica,3,funtumia elastica,buffer,stream,buffer||stream||funtumia elastica,funtumia elastica,OMO_STR_0114,Funtumia elastica,24.6,28.2,475.4,EXACT_NORMALIZED_SOURCE_KEY,BASELINE_ACCEPTED,True,73.80000000000001,84.6,1426.1999999999998,3
BsP7,Buffer,Stream,Funtumia elastica,1,funtumia elastica,buffer,stream,buffer||stream||funtumia elastica,funtumia elastica,OMO_STR_0114,Funtumia elastica,24.6,28.2,475.4,EXACT_NORMALIZED_SOURCE_KEY,BASELINE_ACCEPTED,True,24.6,28.2,475.4,1
BsP8,Buffer,Stream,Funtumia elastica,1,funtumia elastica,buffer,stream,buffer||stream||funtumia elastica,funtumia elastica,OMO_STR_0114,Funtumia elastica,24.6,28.2,475.4,EXACT_NORMALIZED_SOURCE_KEY,BASELINE_ACCEPTED,True,24.6,28.2,475.4,1
BuP2,Buffer,Upland,Funtumia elastica,1,funtumia elastica,buffer,upland,buffer||upland||funtumia elastica,funtumia elastica,OMO_STR_0146,Funtumia elastica,21.75,23.2,371.6,EXACT_NORMALIZED_SOURCE_KEY,BASELINE_ACCEPTED,True,21.75,23.2,371.6,1
BuP5,Buffer,Upland,Funtumia elastica,6,funtumia elastica,buffer,upland,buffer||upland||funtumia elastica,funtumia elastica,OMO_STR_0146,Funtumia elastica,21.75,23.2,371.6,EXACT_NORMALIZED_SOURCE_KEY,BASELINE_ACCEPTED,True,130.5,139.2,2229.6000000000004,6
BuP7,Buffer,Upland,Funtumia elastica,1,funtumia elastica,buffer,upland,buffer||upland||funtumia elastica,funtumia elastica,OMO_STR_0146,Funtumia elastica,21.75,23.2,371.6,EXACT_NORMALIZED_SOURCE_KEY,BASELINE_ACCEPTED,True,21.75,23.2,371.6,1
BuP9,Buffer,Upland,Funtumia elastica,1,funtumia elastica,buffer,upland,buffer||upland||funtumia elastica,funtumia elastica,OMO_STR_0146,Funtumia elastica,21.75,23.2,371.6,EXACT_NORMALIZED_SOURCE_KEY,BASELINE_ACCEPTED,True,21.75,23.2,371.6,1
BuP10,Buffer,Upland,Funtumia elastica,1,funtumia elastica,buffer,upland,buffer||upland||funtumia elastica,funtumia elastica,OMO_STR_0146,Funtumia elastica,21.75,23.2,371.6,EXACT_NORMALIZED_SOURCE_KEY,BASELINE_ACCEPTED,True,21.75,23.2,371.6,1
CmP1,Core,Major River,Homalium aylmeri,1,homalium aylmeri,core,major river,core||major river||homalium aylmeri,homalium aylmeri,OMO_STR_0035,Homalium aylmeri,32.2,34.8,814.6,EXACT_NORMALIZED_SOURCE_KEY,BASELINE_ACCEPTED,True,32.2,34.8,814.6,1
CmP2,Core,Major River,Homalium aylmeri,2,homalium aylmeri,core,major river,core||major river||homalium aylmeri,homalium aylmeri,OMO_STR_0035,Homalium aylmeri,32.2,34.8,814.6,EXACT_NORMALIZED_SOURCE_KEY,BASELINE_ACCEPTED,True,64.4,69.6,1629.2,2
CmP4,Core,Major River,Homalium aylmeri,2,homalium aylmeri,core,major river,core||major river||homalium aylmeri,homalium aylmeri,OMO_STR_0035,Homalium aylmeri,32.2,34.8,814.6,EXACT_NORMALIZED_SOURCE_KEY,BASELINE_ACCEPTED,True,64.4,69.6,1629.2,2
CmP6,Core,Major River,Homalium aylmeri,1,homalium aylmeri,core,major river,core||major river||homalium aylmeri,homalium aylmeri,OMO_STR_0035,Homalium aylmeri,32.2,34.8,814.6,EXACT_NORMALIZED_SOURCE_KEY,BASELINE_ACCEPTED,True,32.2,34.8,814.6,1
CmP7,Core,Major River,Homalium aylmeri,1,homalium aylmeri,core,major river,core||major river||homalium aylmeri,homalium aylmeri,OMO_STR_0035,Homalium aylmeri,32.2,34.8,814.6,EXACT_NORMALIZED_SOURCE_KEY,BASELINE_ACCEPTED,True,32.2,34.8,814.6,1
CmP8,Core,Major River,Homalium aylmeri,1,homalium aylmeri,core,major river,core||major river||homalium aylmeri,homalium aylmeri,OMO_STR_0035,Homalium aylmeri,32.2,34.8,814.6,EXACT_NORMALIZED_SOURCE_KEY,BASELINE_ACCEPTED,True,32.2,34.8,814.6,1
CmP10,Core,Major River,Homalium aylmeri,1,homalium aylmeri,core,major river,core||major river||homalium aylmeri,homalium aylmeri,OMO_STR_0035,Homalium aylmeri,32.2,34.8,814.6,EXACT_NORMALIZED_SOURCE_KEY,BASELINE_ACCEPTED,True,32.2,34.8,814.6,1
BmP3,Buffer,Major River,Homalium aylmeri,2,homalium aylmeri,buffer,major river,buffer||major river||homalium aylmeri,homalium aylmeri,OMO_STR_0088,Homalium aylmeri,62.0,56.6,3020.0,EXACT_NORMALIZED_SOURCE_KEY,BASELINE_ACCEPTED,True,124.0,113.2,6040.0,2
BmP4,Buffer,Major River,Homalium aylmeri,1,homalium aylmeri,buffer,major river,buffer||major river||homalium aylmeri,homalium aylmeri,OMO_STR_0088,Homalium aylmeri,62.0,56.6,3020.0,EXACT_NORMALIZED_SOURCE_KEY,BASELINE_ACCEPTED,True,62.0,56.6,3020.0,1
BmP6,Buffer,Major River,Homalium aylmeri,1,homalium aylmeri,buffer,major river,buffer||major river||homalium aylmeri,homalium aylmeri,OMO_STR_0088,Homalium aylmeri,62.0,56.6,3020.0,EXACT_NORMALIZED_SOURCE_KEY,BASELINE_ACCEPTED,True,62.0,56.6,3020.0,1
BmP9,Buffer,Major River,Homalium aylmeri,1,homalium aylmeri,buffer,major river,buffer||major river||homalium aylmeri,homalium aylmeri,OMO_STR_0088,Homalium aylmeri,62.0,56.6,3020.0,EXACT_NORMALIZED_SOURCE_KEY,BASELINE_ACCEPTED,True,62.0,56.6,3020.0,1
CmP2,Core,Major River,Irvinga gabonensis,1,irvinga gabonensis,core,major river,core||major river||irvinga gabonensis,irvinga gabonensis,OMO_STR_0036,irvinga gabonensis,23.6,22.7,437.6,EXACT_NORMALIZED_SOURCE_KEY,BASELINE_ACCEPTED,True,23.6,22.7,437.6,1
CmP6,Core,Major River,Irvinga gabonensis,1,irvinga gabonensis,core,major river,core||major river||irvinga gabonensis,irvinga gabonensis,OMO_STR_0036,irvinga gabonensis,23.6,22.7,437.6,EXACT_NORMALIZED_SOURCE_KEY,BASELINE_ACCEPTED,True,23.6,22.7,437.6,1
CmP7,Core,Major River,Irvinga gabonensis,1,irvinga gabonensis,core,major river,core||major river||irvinga gabonensis,irvinga gabonensis,OMO_STR_0036,irvinga gabonensis,23.6,22.7,437.6,EXACT_NORMALIZED_SOURCE_KEY,BASELINE_ACCEPTED,True,23.6,22.7,437.6,1
CmP9,Core,Major River,Irvinga gabonensis,1,irvinga gabonensis,core,major river,core||major river||irvinga gabonensis,irvinga gabonensis,OMO_STR_0036,irvinga gabonensis,23.6,22.7,437.6,EXACT_NORMALIZED_SOURCE_KEY,BASELINE_ACCEPTED,True,23.6,22.7,437.6,1
CmP10,Core,Major River,Irvinga gabonensis,1,irvinga gabonensis,core,major river,core||major river||irvinga gabonensis,irvinga gabonensis,OMO_STR_0036,irvinga gabonensis,23.6,22.7,437.6,EXACT_NORMALIZED_SOURCE_KEY,BASELINE_ACCEPTED,True,23.6,22.7,437.6,1
CmP1,Core,Major River,Lecaniodiscus cupanioides,1,lecaniodiscus cupanioides,core,major river,core||major river||lecaniodiscus cupanioides,lecaniodiscus cupanioides,OMO_STR_0037,Lecaniodiscus cupanioides,19.4,21.34,295.7,EXACT_NORMALIZED_SOURCE_KEY,BASELINE_ACCEPTED,True,19.4,21.34,295.7,1
CmP2,Core,Major River,Lecaniodiscus cupanioides,1,lecaniodiscus cupanioides,core,major river,core||major river||lecaniodiscus cupanioides,lecaniodiscus cupanioides,OMO_STR_0037,Lecaniodiscus cupanioides,19.4,21.34,295.7,EXACT_NORMALIZED_SOURCE_KEY,BASELINE_ACCEPTED,True,19.4,21.34,295.7,1
CmP3,Core,Major River,Lecaniodiscus cupanioides,1,lecaniodiscus cupanioides,core,major river,core||major river||lecaniodiscus cupanioides,lecaniodiscus cupanioides,OMO_STR_0037,Lecaniodiscus cupanioides,19.4,21.34,295.7,EXACT_NORMALIZED_SOURCE_KEY,BASELINE_ACCEPTED,True,19.4,21.34,295.7,1
CmP5,Core,Major River,Lecaniodiscus cupanioides,1,lecaniodiscus cupanioides,core,major river,core||major river||lecaniodiscus cupanioides,lecaniodiscus cupanioides,OMO_STR_0037,Lecaniodiscus cupanioides,19.4,21.34,295.7,EXACT_NORMALIZED_SOURCE_KEY,BASELINE_ACCEPTED,True,19.4,21.34,295.7,1
CmP6,Core,Major River,Lecaniodiscus cupanioides,1,lecaniodiscus cupanioides,core,major river,core||major river||lecaniodiscus cupanioides,lecaniodiscus cupanioides,OMO_STR_0037,Lecaniodiscus cupanioides,19.4,21.34,295.7,EXACT_NORMALIZED_SOURCE_KEY,BASELINE_ACCEPTED,True,19.4,21.34,295.7,1
CmP7,Core,Major River,Lecaniodiscus cupanioides,2,lecaniodiscus cupanioides,core,major river,core||major river||lecaniodiscus cupanioides,lecaniodiscus cupanioides,OMO_STR_0037,Lecaniodiscus cupanioides,19.4,21.34,295.7,EXACT_NORMALIZED_SOURCE_KEY,BASELINE_ACCEPTED,True,38.8,42.68,591.4,2
CmP10,Core,Major River,Lecaniodiscus cupanioides,2,lecaniodiscus cupanioides,core,major river,core||major river||lecaniodiscus cupanioides,lecaniodiscus cupanioides,OMO_STR_0037,Lecaniodiscus cupanioides,19.4,21.34,295.7,EXACT_NORMALIZED_SOURCE_KEY,BASELINE_ACCEPTED,True,38.8,42.68,591.4,2
CsP2,Core,Stream,Lecaniodiscus cupanioides,1,lecaniodiscus cupanioides,core,stream,core||stream||lecaniodiscus cupanioides,lecaniodiscus cupanioides,OMO_STR_0013,Lecaniodiscus cupanioides,23.7,26.0,441.33,EXACT_NORMALIZED_SOURCE_KEY,BASELINE_ACCEPTED,True,23.7,26.0,441.33,1
CsP10,Core,Stream,Lecaniodiscus cupanioides,1,lecaniodiscus cupanioides,core,stream,core||stream||lecaniodiscus cupanioides,lecaniodiscus cupanioides,OMO_STR_0013,Lecaniodiscus cupanioides,23.7,26.0,441.33,EXACT_NORMALIZED_SOURCE_KEY,BASELINE_ACCEPTED,True,23.7,26.0,441.33,1
CmP6,Core,Major River,Lonchocarpus cilliata,1,lonchocarpus cilliata,core,major river,core||major river||lonchocarpus cilliata,lonchocarpus cilliata,OMO_STR_0038,Lonchocarpus cilliata,23.8,24.25,445.0,LINK_TAXONOMICALLY_SECURE_WITH_ABUNDANCE_DISCREPANCY,TAXONOMICALLY_SECURE_ABUNDANCE_DISCREPANCY,True,23.8,24.25,445.0,1
CmP10,Core,Major River,Lonchocarpus cilliata,2,lonchocarpus cilliata,core,major river,core||major river||lonchocarpus cilliata,lonchocarpus cilliata,OMO_STR_0038,Lonchocarpus cilliata,23.8,24.25,445.0,LINK_TAXONOMICALLY_SECURE_WITH_ABUNDANCE_DISCREPANCY,TAXONOMICALLY_SECURE_ABUNDANCE_DISCREPANCY,True,47.6,48.5,890.0,2
CmP3,Core,Major River,Margaritaria discoidea,1,margaritaria discoidea,core,major river,core||major river||margaritaria discoidea,margaritaria discoidea,OMO_STR_0039,Margaritaria discoidea,26.75,27.3,562.2,EXACT_NORMALIZED_SOURCE_KEY,BASELINE_ACCEPTED,True,26.75,27.3,562.2,1
CmP4,Core,Major River,Margaritaria discoidea,1,margaritaria discoidea,core,major river,core||major river||margaritaria discoidea,margaritaria discoidea,OMO_STR_0039,Margaritaria discoidea,26.75,27.3,562.2,EXACT_NORMALIZED_SOURCE_KEY,BASELINE_ACCEPTED,True,26.75,27.3,562.2,1
CmP5,Core,Major River,Margaritaria discoidea,1,margaritaria discoidea,core,major river,core||major river||margaritaria discoidea,margaritaria discoidea,OMO_STR_0039,Margaritaria discoidea,26.75,27.3,562.2,EXACT_NORMALIZED_SOURCE_KEY,BASELINE_ACCEPTED,True,26.75,27.3,562.2,1
CmP7,Core,Major River,Margaritaria discoidea,3,margaritaria discoidea,core,major river,core||major river||margaritaria discoidea,margaritaria discoidea,OMO_STR_0039,Margaritaria discoidea,26.75,27.3,562.2,EXACT_NORMALIZED_SOURCE_KEY,BASELINE_ACCEPTED,True,80.25,81.9,1686.6000000000001,3
CmP8,Core,Major River,Margaritaria discoidea,1,margaritaria discoidea,core,major river,core||major river||margaritaria discoidea,margaritaria discoidea,OMO_STR_0039,Margaritaria discoidea,26.75,27.3,562.2,EXACT_NORMALIZED_SOURCE_KEY,BASELINE_ACCEPTED,True,26.75,27.3,562.2,1
CmP9,Core,Major River,Margaritaria discoidea,3,margaritaria discoidea,core,major river,core||major river||margaritaria discoidea,margaritaria discoidea,OMO_STR_0039,Margaritaria discoidea,26.75,27.3,562.2,EXACT_NORMALIZED_SOURCE_KEY,BASELINE_ACCEPTED,True,80.25,81.9,1686.6000000000001,3
CsP1,Core,Stream,Margaritaria discoidea,1,margaritaria discoidea,core,stream,core||stream||margaritaria discoidea,margaritaria discoidea,OMO_STR_0014,Margaritaria discoidea,24.9,26.4,487.15,EXACT_NORMALIZED_SOURCE_KEY,BASELINE_ACCEPTED,True,24.9,26.4,487.15,1
CsP2,Core,Stream,Margaritaria discoidea,3,margaritaria discoidea,core,stream,core||stream||margaritaria discoidea,margaritaria discoidea,OMO_STR_0014,Margaritaria discoidea,24.9,26.4,487.15,EXACT_NORMALIZED_SOURCE_KEY,BASELINE_ACCEPTED,True,74.69999999999999,79.19999999999999,1461.4499999999998,3
CsP6,Core,Stream,Margaritaria discoidea,1,margaritaria discoidea,core,stream,core||stream||margaritaria discoidea,margaritaria discoidea,OMO_STR_0014,Margaritaria discoidea,24.9,26.4,487.15,EXACT_NORMALIZED_SOURCE_KEY,BASELINE_ACCEPTED,True,24.9,26.4,487.15,1
CsP9,Core,Stream,Margaritaria discoidea,2,margaritaria discoidea,core,stream,core||stream||margaritaria discoidea,margaritaria discoidea,OMO_STR_0014,Margaritaria discoidea,24.9,26.4,487.15,EXACT_NORMALIZED_SOURCE_KEY,BASELINE_ACCEPTED,True,49.8,52.8,974.3,2
CsP10,Core,Stream,Margaritaria discoidea,1,margaritaria discoidea,core,stream,core||stream||margaritaria discoidea,margaritaria discoidea,OMO_STR_0014,Margaritaria discoidea,24.9,26.4,487.15,EXACT_NORMALIZED_SOURCE_KEY,BASELINE_ACCEPTED,True,24.9,26.4,487.15,1
CuP1,Core,Upland,Margaritaria discoidea,1,margaritaria discoidea,core,upland,core||upland||margaritaria discoidea,margaritaria discoidea,OMO_STR_0063,Margaritaria discoidea,23.0,23.9,415.6,VALIDATED_CANONICAL_RESCUE,BASELINE_ACCEPTED,True,23.0,23.9,415.6,1
CuP2,Core,Upland,Margaritaria discoidea,3,margaritaria discoidea,core,upland,core||upland||margaritaria discoidea,margaritaria discoidea,OMO_STR_0063,Margaritaria discoidea,23.0,23.9,415.6,VALIDATED_CANONICAL_RESCUE,BASELINE_ACCEPTED,True,69.0,71.69999999999999,1246.8000000000002,3
CuP4,Core,Upland,Margaritaria discoidea,1,margaritaria discoidea,core,upland,core||upland||margaritaria discoidea,margaritaria discoidea,OMO_STR_0063,Margaritaria discoidea,23.0,23.9,415.6,VALIDATED_CANONICAL_RESCUE,BASELINE_ACCEPTED,True,23.0,23.9,415.6,1
CuP6,Core,Upland,Margaritaria discoidea,1,margaritaria discoidea,core,upland,core||upland||margaritaria discoidea,margaritaria discoidea,OMO_STR_0063,Margaritaria discoidea,23.0,23.9,415.6,VALIDATED_CANONICAL_RESCUE,BASELINE_ACCEPTED,True,23.0,23.9,415.6,1
CuP7,Core,Upland,Margaritaria discoidea,1,margaritaria discoidea,core,upland,core||upland||margaritaria discoidea,margaritaria discoidea,OMO_STR_0063,Margaritaria discoidea,23.0,23.9,415.6,VALIDATED_CANONICAL_RESCUE,BASELINE_ACCEPTED,True,23.0,23.9,415.6,1
CuP8,Core,Upland,Margaritaria discoidea,1,margaritaria discoidea,core,upland,core||upland||margaritaria discoidea,margaritaria discoidea,OMO_STR_0063,Margaritaria discoidea,23.0,23.9,415.6,VALIDATED_CANONICAL_RESCUE,BASELINE_ACCEPTED,True,23.0,23.9,415.6,1
CuP9,Core,Upland,Margaritaria discoidea,1,margaritaria discoidea,core,upland,core||upland||margaritaria discoidea,margaritaria discoidea,OMO_STR_0063,Margaritaria discoidea,23.0,23.9,415.6,VALIDATED_CANONICAL_RESCUE,BASELINE_ACCEPTED,True,23.0,23.9,415.6,1
CmP2,Core,Major River,Millettia thoningii,1,millettia thoningii,core,major river,core||major river||millettia thoningii,millettia thoningii,OMO_STR_0040,Millettia thoningii,18.8,17.8,277.7,EXACT_NORMALIZED_SOURCE_KEY,BASELINE_ACCEPTED,True,18.8,17.8,277.7,1
CmP7,Core,Major River,Millettia thoningii,1,millettia thoningii,core,major river,core||major river||millettia thoningii,millettia thoningii,OMO_STR_0040,Millettia thoningii,18.8,17.8,277.7,EXACT_NORMALIZED_SOURCE_KEY,BASELINE_ACCEPTED,True,18.8,17.8,277.7,1
CmP9,Core,Major River,Millettia thoningii,1,millettia thoningii,core,major river,core||major river||millettia thoningii,millettia thoningii,OMO_STR_0040,Millettia thoningii,18.8,17.8,277.7,EXACT_NORMALIZED_SOURCE_KEY,BASELINE_ACCEPTED,True,18.8,17.8,277.7,1
CmP1,Core,Major River,Monodora tenuifolia,2,monodora tenuifolia,core,major river,core||major river||monodora tenuifolia,monodora tenuifolia,OMO_STR_0041,Monodora tenuifolia,26.5,26.5,551.7,ACCEPTED_STRONG_ORTHOGRAPHIC_AND_ABUNDANCE_EVIDENCE,ORTHOGRAPHIC_AND_ABUNDANCE_SUPPORTED,True,53.0,53.0,1103.4,2
CmP3,Core,Major River,Monodora tenuifolia,2,monodora tenuifolia,core,major river,core||major river||monodora tenuifolia,monodora tenuifolia,OMO_STR_0041,Monodora tenuifolia,26.5,26.5,551.7,ACCEPTED_STRONG_ORTHOGRAPHIC_AND_ABUNDANCE_EVIDENCE,ORTHOGRAPHIC_AND_ABUNDANCE_SUPPORTED,True,53.0,53.0,1103.4,2
CmP7,Core,Major River,Monodora tenuifolia,1,monodora tenuifolia,core,major river,core||major river||monodora tenuifolia,monodora tenuifolia,OMO_STR_0041,Monodora tenuifolia,26.5,26.5,551.7,ACCEPTED_STRONG_ORTHOGRAPHIC_AND_ABUNDANCE_EVIDENCE,ORTHOGRAPHIC_AND_ABUNDANCE_SUPPORTED,True,26.5,26.5,551.7,1
CmP8,Core,Major River,Monodora tenuifolia,2,monodora tenuifolia,core,major river,core||major river||monodora tenuifolia,monodora tenuifolia,OMO_STR_0041,Monodora tenuifolia,26.5,26.5,551.7,ACCEPTED_STRONG_ORTHOGRAPHIC_AND_ABUNDANCE_EVIDENCE,ORTHOGRAPHIC_AND_ABUNDANCE_SUPPORTED,True,53.0,53.0,1103.4,2
CmP1,Core,Major River,Nesodogornia papaverifera,1,nesodogornia papaverifera,core,major river,core||major river||nesodogornia papaverifera,nesodogornia papaverifera,OMO_STR_0042,Nesodogornia papaverifera,56.6,54.8,2517.0,EXACT_NORMALIZED_SOURCE_KEY,BASELINE_ACCEPTED,True,56.6,54.8,2517.0,1
CmP2,Core,Major River,Nesodogornia papaverifera,1,nesodogornia papaverifera,core,major river,core||major river||nesodogornia papaverifera,nesodogornia papaverifera,OMO_STR_0042,Nesodogornia papaverifera,56.6,54.8,2517.0,EXACT_NORMALIZED_SOURCE_KEY,BASELINE_ACCEPTED,True,56.6,54.8,2517.0,1
CmP7,Core,Major River,Nesodogornia papaverifera,1,nesodogornia papaverifera,core,major river,core||major river||nesodogornia papaverifera,nesodogornia papaverifera,OMO_STR_0042,Nesodogornia papaverifera,56.6,54.8,2517.0,EXACT_NORMALIZED_SOURCE_KEY,BASELINE_ACCEPTED,True,56.6,54.8,2517.0,1
CmP9,Core,Major River,Nesodogornia papaverifera,2,nesodogornia papaverifera,core,major river,core||major river||nesodogornia papaverifera,nesodogornia papaverifera,OMO_STR_0042,Nesodogornia papaverifera,56.6,54.8,2517.0,EXACT_NORMALIZED_SOURCE_KEY,BASELINE_ACCEPTED,True,113.2,109.6,5034.0,2
BuP2,Buffer,Upland,Nesodogornia papaverifera,2,nesodogornia papaverifera,buffer,upland,buffer||upland||nesodogornia papaverifera,nesodogornia papaverifera,OMO_STR_0153,Nesodogornia papaverifera,32.8,32.1,845.3,EXACT_NORMALIZED_SOURCE_KEY,BASELINE_ACCEPTED,True,65.6,64.2,1690.6,2
BuP3,Buffer,Upland,Nesodogornia papaverifera,1,nesodogornia papaverifera,buffer,upland,buffer||upland||nesodogornia papaverifera,nesodogornia papaverifera,OMO_STR_0153,Nesodogornia papaverifera,32.8,32.1,845.3,EXACT_NORMALIZED_SOURCE_KEY,BASELINE_ACCEPTED,True,32.8,32.1,845.3,1
BuP4,Buffer,Upland,Nesodogornia papaverifera,1,nesodogornia papaverifera,buffer,upland,buffer||upland||nesodogornia papaverifera,nesodogornia papaverifera,OMO_STR_0153,Nesodogornia papaverifera,32.8,32.1,845.3,EXACT_NORMALIZED_SOURCE_KEY,BASELINE_ACCEPTED,True,32.8,32.1,845.3,1
BuP5,Buffer,Upland,Nesodogornia papaverifera,1,nesodogornia papaverifera,buffer,upland,buffer||upland||nesodogornia papaverifera,nesodogornia papaverifera,OMO_STR_0153,Nesodogornia papaverifera,32.8,32.1,845.3,EXACT_NORMALIZED_SOURCE_KEY,BASELINE_ACCEPTED,True,32.8,32.1,845.3,1
BuP6,Buffer,Upland,Nesodogornia papaverifera,1,nesodogornia papaverifera,buffer,upland,buffer||upland||nesodogornia papaverifera,nesodogornia papaverifera,OMO_STR_0153,Nesodogornia papaverifera,32.8,32.1,845.3,EXACT_NORMALIZED_SOURCE_KEY,BASELINE_ACCEPTED,True,32.8,32.1,845.3,1
BuP7,Buffer,Upland,Nesodogornia papaverifera,2,nesodogornia papaverifera,buffer,upland,buffer||upland||nesodogornia papaverifera,nesodogornia papaverifera,OMO_STR_0153,Nesodogornia papaverifera,32.8,32.1,845.3,EXACT_NORMALIZED_SOURCE_KEY,BASELINE_ACCEPTED,True,65.6,64.2,1690.6,2
BuP8,Buffer,Upland,Nesodogornia papaverifera,2,nesodogornia papaverifera,buffer,upland,buffer||upland||nesodogornia papaverifera,nesodogornia papaverifera,OMO_STR_0153,Nesodogornia papaverifera,32.8,32.1,845.3,EXACT_NORMALIZED_SOURCE_KEY,BASELINE_ACCEPTED,True,65.6,64.2,1690.6,2
BuP10,Buffer,Upland,Nesodogornia papaverifera,1,nesodogornia papaverifera,buffer,upland,buffer||upland||nesodogornia papaverifera,nesodogornia papaverifera,OMO_STR_0153,Nesodogornia papaverifera,32.8,32.1,845.3,EXACT_NORMALIZED_SOURCE_KEY,BASELINE_ACCEPTED,True,32.8,32.1,845.3,1
CmP2,Core,Major River,Picralima nitida,7,picralima nitida,core,major river,core||major river||picralima nitida,picralima nitida,OMO_STR_0043,Picralima nitida,20.7,20.3,336.6,EXACT_NORMALIZED_SOURCE_KEY,BASELINE_ACCEPTED,True,144.9,142.1,2356.2000000000003,7
CmP3,Core,Major River,Picralima nitida,4,picralima nitida,core,major river,core||major river||picralima nitida,picralima nitida,OMO_STR_0043,Picralima nitida,20.7,20.3,336.6,EXACT_NORMALIZED_SOURCE_KEY,BASELINE_ACCEPTED,True,82.8,81.2,1346.4,4
CmP4,Core,Major River,Picralima nitida,2,picralima nitida,core,major river,core||major river||picralima nitida,picralima nitida,OMO_STR_0043,Picralima nitida,20.7,20.3,336.6,EXACT_NORMALIZED_SOURCE_KEY,BASELINE_ACCEPTED,True,41.4,40.6,673.2,2
CmP5,Core,Major River,Picralima nitida,6,picralima nitida,core,major river,core||major river||picralima nitida,picralima nitida,OMO_STR_0043,Picralima nitida,20.7,20.3,336.6,EXACT_NORMALIZED_SOURCE_KEY,BASELINE_ACCEPTED,True,124.19999999999999,121.80000000000001,2019.6000000000001,6
CmP6,Core,Major River,Picralima nitida,4,picralima nitida,core,major river,core||major river||picralima nitida,picralima nitida,OMO_STR_0043,Picralima nitida,20.7,20.3,336.6,EXACT_NORMALIZED_SOURCE_KEY,BASELINE_ACCEPTED,True,82.8,81.2,1346.4,4
CmP7,Core,Major River,Picralima nitida,1,picralima nitida,core,major river,core||major river||picralima nitida,picralima nitida,OMO_STR_0043,Picralima nitida,20.7,20.3,336.6,EXACT_NORMALIZED_SOURCE_KEY,BASELINE_ACCEPTED,True,20.7,20.3,336.6,1
CmP10,Core,Major River,Picralima nitida,2,picralima nitida,core,major river,core||major river||picralima nitida,picralima nitida,OMO_STR_0043,Picralima nitida,20.7,20.3,336.6,EXACT_NORMALIZED_SOURCE_KEY,BASELINE_ACCEPTED,True,41.4,40.6,673.2,2
CsP2,Core,Stream,Picralima nitida,1,picralima nitida,core,stream,core||stream||picralima nitida,picralima nitida,OMO_STR_0018,Picralima nitida,46.5,47.8,1698.9,EXACT_NORMALIZED_SOURCE_KEY,BASELINE_ACCEPTED,True,46.5,47.8,1698.9,1
CsP6,Core,Stream,Picralima nitida,1,picralima nitida,core,stream,core||stream||picralima nitida,picralima nitida,OMO_STR_0018,Picralima nitida,46.5,47.8,1698.9,EXACT_NORMALIZED_SOURCE_KEY,BASELINE_ACCEPTED,True,46.5,47.8,1698.9,1
CsP10,Core,Stream,Picralima nitida,3,picralima nitida,core,stream,core||stream||picralima nitida,picralima nitida,OMO_STR_0018,Picralima nitida,46.5,47.8,1698.9,EXACT_NORMALIZED_SOURCE_KEY,BASELINE_ACCEPTED,True,139.5,143.39999999999998,5096.700000000001,3
BmP2,Buffer,Major River,Picralima nitida,1,picralima nitida,buffer,major river,buffer||major river||picralima nitida,picralima nitida,OMO_STR_0094,Picralima nitida,28.8,25.9,651.7,EXACT_NORMALIZED_SOURCE_KEY,BASELINE_ACCEPTED,True,28.8,25.9,651.7,1
BmP8,Buffer,Major River,Picralima nitida,2,picralima nitida,buffer,major river,buffer||major river||picralima nitida,picralima nitida,OMO_STR_0094,Picralima nitida,28.8,25.9,651.7,EXACT_NORMALIZED_SOURCE_KEY,BASELINE_ACCEPTED,True,57.6,51.8,1303.4,2
CmP1,Core,Major River,Pycnanthus angolensis,2,pycnanthus angolensis,core,major river,core||major river||pycnanthus angolensis,pycnanthus angolensis,OMO_STR_0044,Pycnanthus angolensis,26.0,25.8,531.1,ACCEPTED_STRONG_ORTHOGRAPHIC_AND_ABUNDANCE_EVIDENCE,ORTHOGRAPHIC_AND_ABUNDANCE_SUPPORTED,True,52.0,51.6,1062.2,2
CmP2,Core,Major River,Pycnanthus angolensis,1,pycnanthus angolensis,core,major river,core||major river||pycnanthus angolensis,pycnanthus angolensis,OMO_STR_0044,Pycnanthus angolensis,26.0,25.8,531.1,ACCEPTED_STRONG_ORTHOGRAPHIC_AND_ABUNDANCE_EVIDENCE,ORTHOGRAPHIC_AND_ABUNDANCE_SUPPORTED,True,26.0,25.8,531.1,1
CmP7,Core,Major River,Pycnanthus angolensis,3,pycnanthus angolensis,core,major river,core||major river||pycnanthus angolensis,pycnanthus angolensis,OMO_STR_0044,Pycnanthus angolensis,26.0,25.8,531.1,ACCEPTED_STRONG_ORTHOGRAPHIC_AND_ABUNDANCE_EVIDENCE,ORTHOGRAPHIC_AND_ABUNDANCE_SUPPORTED,True,78.0,77.4,1593.3000000000002,3
CmP9,Core,Major River,Pycnanthus angolensis,1,pycnanthus angolensis,core,major river,core||major river||pycnanthus angolensis,pycnanthus angolensis,OMO_STR_0044,Pycnanthus angolensis,26.0,25.8,531.1,ACCEPTED_STRONG_ORTHOGRAPHIC_AND_ABUNDANCE_EVIDENCE,ORTHOGRAPHIC_AND_ABUNDANCE_SUPPORTED,True,26.0,25.8,531.1,1
CsP3,Core,Stream,Pycnanthus angolensis,1,pycnanthus angolensis,core,stream,core||stream||pycnanthus angolensis,pycnanthus angolensis,OMO_STR_0020,Pycnanthus angolensis,77.7,67.5,4743.6,EXACT_NORMALIZED_SOURCE_KEY,BASELINE_ACCEPTED,True,77.7,67.5,4743.6,1
CsP6,Core,Stream,Pycnanthus angolensis,2,pycnanthus angolensis,core,stream,core||stream||pycnanthus angolensis,pycnanthus angolensis,OMO_STR_0020,Pycnanthus angolensis,77.7,67.5,4743.6,EXACT_NORMALIZED_SOURCE_KEY,BASELINE_ACCEPTED,True,155.4,135.0,9487.2,2
CsP8,Core,Stream,Pycnanthus angolensis,1,pycnanthus angolensis,core,stream,core||stream||pycnanthus angolensis,pycnanthus angolensis,OMO_STR_0020,Pycnanthus angolensis,77.7,67.5,4743.6,EXACT_NORMALIZED_SOURCE_KEY,BASELINE_ACCEPTED,True,77.7,67.5,4743.6,1
CuP2,Core,Upland,Pycnanthus angolensis,1,pycnanthus angolensis,core,upland,core||upland||pycnanthus angolensis,pycnanthus angolensis,OMO_STR_0068,Pycnanthus angolensis,22.1,24.5,383.7,VALIDATED_CANONICAL_RESCUE,BASELINE_ACCEPTED,True,22.1,24.5,383.7,1
CuP7,Core,Upland,Pycnanthus angolensis,1,pycnanthus angolensis,core,upland,core||upland||pycnanthus angolensis,pycnanthus angolensis,OMO_STR_0068,Pycnanthus angolensis,22.1,24.5,383.7,VALIDATED_CANONICAL_RESCUE,BASELINE_ACCEPTED,True,22.1,24.5,383.7,1
CuP8,Core,Upland,Pycnanthus angolensis,1,pycnanthus angolensis,core,upland,core||upland||pycnanthus angolensis,pycnanthus angolensis,OMO_STR_0068,Pycnanthus angolensis,22.1,24.5,383.7,VALIDATED_CANONICAL_RESCUE,BASELINE_ACCEPTED,True,22.1,24.5,383.7,1
CuP10,Core,Upland,Pycnanthus angolensis,1,pycnanthus angolensis,core,upland,core||upland||pycnanthus angolensis,pycnanthus angolensis,OMO_STR_0068,Pycnanthus angolensis,22.1,24.5,383.7,VALIDATED_CANONICAL_RESCUE,BASELINE_ACCEPTED,True,22.1,24.5,383.7,1
CmP2,Core,Major River,Ricinodendron heudelotii,1,ricinodendron heudelotii,core,major river,core||major river||ricinodendron heudelotii,ricinodendron heudelotii,OMO_STR_0045,Ricinodendron heudelotii,64.8,66.5,3299.0,ACCEPTED_STRONG_ORTHOGRAPHIC_AND_ABUNDANCE_EVIDENCE,ORTHOGRAPHIC_AND_ABUNDANCE_SUPPORTED,True,64.8,66.5,3299.0,1
CmP3,Core,Major River,Ricinodendron heudelotii,2,ricinodendron heudelotii,core,major river,core||major river||ricinodendron heudelotii,ricinodendron heudelotii,OMO_STR_0045,Ricinodendron heudelotii,64.8,66.5,3299.0,ACCEPTED_STRONG_ORTHOGRAPHIC_AND_ABUNDANCE_EVIDENCE,ORTHOGRAPHIC_AND_ABUNDANCE_SUPPORTED,True,129.6,133.0,6598.0,2
CmP9,Core,Major River,Ricinodendron heudelotii,2,ricinodendron heudelotii,core,major river,core||major river||ricinodendron heudelotii,ricinodendron heudelotii,OMO_STR_0045,Ricinodendron heudelotii,64.8,66.5,3299.0,ACCEPTED_STRONG_ORTHOGRAPHIC_AND_ABUNDANCE_EVIDENCE,ORTHOGRAPHIC_AND_ABUNDANCE_SUPPORTED,True,129.6,133.0,6598.0,2
CuP3,Core,Upland,Ricinodendron heudelotii,1,ricinodendron heudelotii,core,upland,core||upland||ricinodendron heudelotii,ricinodendron heudelotii,OMO_STR_0069,Ricinodendron heudelotii,27.5,28.5,594.2,ACCEPTED_STRONG_ORTHOGRAPHIC_AND_ABUNDANCE_EVIDENCE,ORTHOGRAPHIC_AND_ABUNDANCE_SUPPORTED,True,27.5,28.5,594.2,1
CuP5,Core,Upland,Ricinodendron heudelotii,1,ricinodendron heudelotii,core,upland,core||upland||ricinodendron heudelotii,ricinodendron heudelotii,OMO_STR_0069,Ricinodendron heudelotii,27.5,28.5,594.2,ACCEPTED_STRONG_ORTHOGRAPHIC_AND_ABUNDANCE_EVIDENCE,ORTHOGRAPHIC_AND_ABUNDANCE_SUPPORTED,True,27.5,28.5,594.2,1
CuP8,Core,Upland,Ricinodendron heudelotii,1,ricinodendron heudelotii,core,upland,core||upland||ricinodendron heudelotii,ricinodendron heudelotii,OMO_STR_0069,Ricinodendron heudelotii,27.5,28.5,594.2,ACCEPTED_STRONG_ORTHOGRAPHIC_AND_ABUNDANCE_EVIDENCE,ORTHOGRAPHIC_AND_ABUNDANCE_SUPPORTED,True,27.5,28.5,594.2,1
TmP4,Transition,Major River,Ricinodendron heudelotii,1,ricinodendron heudelotii,transition,major river,transition||major river||ricinodendron heudelotii,ricinodendron heudelotii,OMO_STR_0184,Ricinodendron heudelotii,18.2,22.6,260.2,EXACT_NORMALIZED_SOURCE_KEY,BASELINE_ACCEPTED,True,18.2,22.6,260.2,1
TmP6,Transition,Major River,Ricinodendron heudelotii,1,ricinodendron heudelotii,transition,major river,transition||major river||ricinodendron heudelotii,ricinodendron heudelotii,OMO_STR_0184,Ricinodendron heudelotii,18.2,22.6,260.2,EXACT_NORMALIZED_SOURCE_KEY,BASELINE_ACCEPTED,True,18.2,22.6,260.2,1
TmP8,Transition,Major River,Ricinodendron heudelotii,1,ricinodendron heudelotii,transition,major river,transition||major river||ricinodendron heudelotii,ricinodendron heudelotii,OMO_STR_0184,Ricinodendron heudelotii,18.2,22.6,260.2,EXACT_NORMALIZED_SOURCE_KEY,BASELINE_ACCEPTED,True,18.2,22.6,260.2,1
CmP3,Core,Major River,Scotellia coricea,1,scotellia coricea,core,major river,core||major river||scotellia coricea,scotellia coricea,OMO_STR_0046,Scotellia coricea,27.5,33.2,594.2,EXACT_NORMALIZED_SOURCE_KEY,BASELINE_ACCEPTED,True,27.5,33.2,594.2,1
CmP7,Core,Major River,Scotellia coricea,1,scotellia coricea,core,major river,core||major river||scotellia coricea,scotellia coricea,OMO_STR_0046,Scotellia coricea,27.5,33.2,594.2,EXACT_NORMALIZED_SOURCE_KEY,BASELINE_ACCEPTED,True,27.5,33.2,594.2,1
CmP10,Core,Major River,Scotellia coricea,1,scotellia coricea,core,major river,core||major river||scotellia coricea,scotellia coricea,OMO_STR_0046,Scotellia coricea,27.5,33.2,594.2,EXACT_NORMALIZED_SOURCE_KEY,BASELINE_ACCEPTED,True,27.5,33.2,594.2,1
CmP2,Core,Major River,Sterculia rhinopetala,1,sterculia rhinopetala,core,major river,core||major river||sterculia rhinopetala,sterculia rhinopetala,OMO_STR_0047,Sterculia rhinopetala,16.6,14.9,216.5,EXACT_NORMALIZED_SOURCE_KEY,BASELINE_ACCEPTED,True,16.6,14.9,216.5,1
CmP3,Core,Major River,Sterculia rhinopetala,1,sterculia rhinopetala,core,major river,core||major river||sterculia rhinopetala,sterculia rhinopetala,OMO_STR_0047,Sterculia rhinopetala,16.6,14.9,216.5,EXACT_NORMALIZED_SOURCE_KEY,BASELINE_ACCEPTED,True,16.6,14.9,216.5,1
CmP4,Core,Major River,Sterculia rhinopetala,3,sterculia rhinopetala,core,major river,core||major river||sterculia rhinopetala,sterculia rhinopetala,OMO_STR_0047,Sterculia rhinopetala,16.6,14.9,216.5,EXACT_NORMALIZED_SOURCE_KEY,BASELINE_ACCEPTED,True,49.800000000000004,44.7,649.5,3
CmP5,Core,Major River,Sterculia rhinopetala,1,sterculia rhinopetala,core,major river,core||major river||sterculia rhinopetala,sterculia rhinopetala,OMO_STR_0047,Sterculia rhinopetala,16.6,14.9,216.5,EXACT_NORMALIZED_SOURCE_KEY,BASELINE_ACCEPTED,True,16.6,14.9,216.5,1
CmP6,Core,Major River,Sterculia rhinopetala,1,sterculia rhinopetala,core,major river,core||major river||sterculia rhinopetala,sterculia rhinopetala,OMO_STR_0047,Sterculia rhinopetala,16.6,14.9,216.5,EXACT_NORMALIZED_SOURCE_KEY,BASELINE_ACCEPTED,True,16.6,14.9,216.5,1
CmP7,Core,Major River,Sterculia rhinopetala,1,sterculia rhinopetala,core,major river,core||major river||sterculia rhinopetala,sterculia rhinopetala,OMO_STR_0047,Sterculia rhinopetala,16.6,14.9,216.5,EXACT_NORMALIZED_SOURCE_KEY,BASELINE_ACCEPTED,True,16.6,14.9,216.5,1
CsP1,Core,Stream,Sterculia rhinopetala,2,sterculia rhinopetala,core,stream,core||stream||sterculia rhinopetala,sterculia rhinopetala,OMO_STR_0022,Sterculia rhinopetala,49.4,45.2,1917.4,EXACT_NORMALIZED_SOURCE_KEY,BASELINE_ACCEPTED,True,98.8,90.4,3834.8,2
CsP5,Core,Stream,Sterculia rhinopetala,1,sterculia rhinopetala,core,stream,core||stream||sterculia rhinopetala,sterculia rhinopetala,OMO_STR_0022,Sterculia rhinopetala,49.4,45.2,1917.4,EXACT_NORMALIZED_SOURCE_KEY,BASELINE_ACCEPTED,True,49.4,45.2,1917.4,1
CsP6,Core,Stream,Sterculia rhinopetala,1,sterculia rhinopetala,core,stream,core||stream||sterculia rhinopetala,sterculia rhinopetala,OMO_STR_0022,Sterculia rhinopetala,49.4,45.2,1917.4,EXACT_NORMALIZED_SOURCE_KEY,BASELINE_ACCEPTED,True,49.4,45.2,1917.4,1
CsP9,Core,Stream,Sterculia rhinopetala,3,sterculia rhinopetala,core,stream,core||stream||sterculia rhinopetala,sterculia rhinopetala,OMO_STR_0022,Sterculia rhinopetala,49.4,45.2,1917.4,EXACT_NORMALIZED_SOURCE_KEY,BASELINE_ACCEPTED,True,148.2,135.60000000000002,5752.200000000001,3
CuP2,Core,Upland,Sterculia rhinopetala,1,sterculia rhinopetala,core,upland,core||upland||sterculia rhinopetala,sterculia rhinopetala,OMO_STR_0072,Sterculia rhinopetala,15.0,15.8,176.7,EXACT_NORMALIZED_SOURCE_KEY,BASELINE_ACCEPTED,True,15.0,15.8,176.7,1
CuP4,Core,Upland,Sterculia rhinopetala,1,sterculia rhinopetala,core,upland,core||upland||sterculia rhinopetala,sterculia rhinopetala,OMO_STR_0072,Sterculia rhinopetala,15.0,15.8,176.7,EXACT_NORMALIZED_SOURCE_KEY,BASELINE_ACCEPTED,True,15.0,15.8,176.7,1
CuP5,Core,Upland,Sterculia rhinopetala,1,sterculia rhinopetala,core,upland,core||upland||sterculia rhinopetala,sterculia rhinopetala,OMO_STR_0072,Sterculia rhinopetala,15.0,15.8,176.7,EXACT_NORMALIZED_SOURCE_KEY,BASELINE_ACCEPTED,True,15.0,15.8,176.7,1
CuP6,Core,Upland,Sterculia rhinopetala,1,sterculia rhinopetala,core,upland,core||upland||sterculia rhinopetala,sterculia rhinopetala,OMO_STR_0072,Sterculia rhinopetala,15.0,15.8,176.7,EXACT_NORMALIZED_SOURCE_KEY,BASELINE_ACCEPTED,True,15.0,15.8,176.7,1
CuP7,Core,Upland,Sterculia rhinopetala,2,sterculia rhinopetala,core,upland,core||upland||sterculia rhinopetala,sterculia rhinopetala,OMO_STR_0072,Sterculia rhinopetala,15.0,15.8,176.7,EXACT_NORMALIZED_SOURCE_KEY,BASELINE_ACCEPTED,True,30.0,31.6,353.4,2
CuP9,Core,Upland,Sterculia rhinopetala,1,sterculia rhinopetala,core,upland,core||upland||sterculia rhinopetala,sterculia rhinopetala,OMO_STR_0072,Sterculia rhinopetala,15.0,15.8,176.7,EXACT_NORMALIZED_SOURCE_KEY,BASELINE_ACCEPTED,True,15.0,15.8,176.7,1
BmP1,Buffer,Major River,Sterculia rhinopetala,3,sterculia rhinopetala,buffer,major river,buffer||major river||sterculia rhinopetala,sterculia rhinopetala,OMO_STR_0097,Sterculia rhinopetala,29.3,26.7,674.5,EXACT_NORMALIZED_SOURCE_KEY,BASELINE_ACCEPTED,True,87.9,80.1,2023.5,3
BmP5,Buffer,Major River,Sterculia rhinopetala,1,sterculia rhinopetala,buffer,major river,buffer||major river||sterculia rhinopetala,sterculia rhinopetala,OMO_STR_0097,Sterculia rhinopetala,29.3,26.7,674.5,EXACT_NORMALIZED_SOURCE_KEY,BASELINE_ACCEPTED,True,29.3,26.7,674.5,1
BmP6,Buffer,Major River,Sterculia rhinopetala,1,sterculia rhinopetala,buffer,major river,buffer||major river||sterculia rhinopetala,sterculia rhinopetala,OMO_STR_0097,Sterculia rhinopetala,29.3,26.7,674.5,EXACT_NORMALIZED_SOURCE_KEY,BASELINE_ACCEPTED,True,29.3,26.7,674.5,1
BmP9,Buffer,Major River,Sterculia rhinopetala,1,sterculia rhinopetala,buffer,major river,buffer||major river||sterculia rhinopetala,sterculia rhinopetala,OMO_STR_0097,Sterculia rhinopetala,29.3,26.7,674.5,EXACT_NORMALIZED_SOURCE_KEY,BASELINE_ACCEPTED,True,29.3,26.7,674.5,1
BsP5,Buffer,Stream,Sterculia rhinopetala,1,sterculia rhinopetala,buffer,stream,buffer||stream||sterculia rhinopetala,sterculia rhinopetala,OMO_STR_0131,Sterculia rhinopetala,19.0,15.3,283.6,EXACT_NORMALIZED_SOURCE_KEY,BASELINE_ACCEPTED,True,19.0,15.3,283.6,1
BsP9,Buffer,Stream,Sterculia rhinopetala,1,sterculia rhinopetala,buffer,stream,buffer||stream||sterculia rhinopetala,sterculia rhinopetala,OMO_STR_0131,Sterculia rhinopetala,19.0,15.3,283.6,EXACT_NORMALIZED_SOURCE_KEY,BASELINE_ACCEPTED,True,19.0,15.3,283.6,1
BuP5,Buffer,Upland,Sterculia rhinopetala,4,sterculia rhinopetala,buffer,upland,buffer||upland||sterculia rhinopetala,sterculia rhinopetala,OMO_STR_0157,Sterculia rhinopetala,12.6,12.9,124.7,EXACT_NORMALIZED_SOURCE_KEY,BASELINE_ACCEPTED,True,50.4,51.6,498.8,4
BuP7,Buffer,Upland,Sterculia rhinopetala,1,sterculia rhinopetala,buffer,upland,buffer||upland||sterculia rhinopetala,sterculia rhinopetala,OMO_STR_0157,Sterculia rhinopetala,12.6,12.9,124.7,EXACT_NORMALIZED_SOURCE_KEY,BASELINE_ACCEPTED,True,12.6,12.9,124.7,1
BuP10,Buffer,Upland,Sterculia rhinopetala,1,sterculia rhinopetala,buffer,upland,buffer||upland||sterculia rhinopetala,sterculia rhinopetala,OMO_STR_0157,Sterculia rhinopetala,12.6,12.9,124.7,EXACT_NORMALIZED_SOURCE_KEY,BASELINE_ACCEPTED,True,12.6,12.9,124.7,1
CmP1,Core,Major River,Strombosia pustulata,3,strombosia pustulata,core,major river,core||major river||strombosia pustulata,strombosia pustulata,OMO_STR_0048,Strombosia pustulata,27.2,26.8,581.3,EXACT_NORMALIZED_SOURCE_KEY,BASELINE_ACCEPTED,True,81.6,80.4,1743.8999999999999,3
CmP2,Core,Major River,Strombosia pustulata,6,strombosia pustulata,core,major river,core||major river||strombosia pustulata,strombosia pustulata,OMO_STR_0048,Strombosia pustulata,27.2,26.8,581.3,EXACT_NORMALIZED_SOURCE_KEY,BASELINE_ACCEPTED,True,163.2,160.8,3487.7999999999997,6
CmP3,Core,Major River,Strombosia pustulata,4,strombosia pustulata,core,major river,core||major river||strombosia pustulata,strombosia pustulata,OMO_STR_0048,Strombosia pustulata,27.2,26.8,581.3,EXACT_NORMALIZED_SOURCE_KEY,BASELINE_ACCEPTED,True,108.8,107.2,2325.2,4
CmP4,Core,Major River,Strombosia pustulata,2,strombosia pustulata,core,major river,core||major river||strombosia pustulata,strombosia pustulata,OMO_STR_0048,Strombosia pustulata,27.2,26.8,581.3,EXACT_NORMALIZED_SOURCE_KEY,BASELINE_ACCEPTED,True,54.4,53.6,1162.6,2
CmP5,Core,Major River,Strombosia pustulata,6,strombosia pustulata,core,major river,core||major river||strombosia pustulata,strombosia pustulata,OMO_STR_0048,Strombosia pustulata,27.2,26.8,581.3,EXACT_NORMALIZED_SOURCE_KEY,BASELINE_ACCEPTED,True,163.2,160.8,3487.7999999999997,6
CmP6,Core,Major River,Strombosia pustulata,1,strombosia pustulata,core,major river,core||major river||strombosia pustulata,strombosia pustulata,OMO_STR_0048,Strombosia pustulata,27.2,26.8,581.3,EXACT_NORMALIZED_SOURCE_KEY,BASELINE_ACCEPTED,True,27.2,26.8,581.3,1
CmP8,Core,Major River,Strombosia pustulata,3,strombosia pustulata,core,major river,core||major river||strombosia pustulata,strombosia pustulata,OMO_STR_0048,Strombosia pustulata,27.2,26.8,581.3,EXACT_NORMALIZED_SOURCE_KEY,BASELINE_ACCEPTED,True,81.6,80.4,1743.8999999999999,3
CmP10,Core,Major River,Strombosia pustulata,2,strombosia pustulata,core,major river,core||major river||strombosia pustulata,strombosia pustulata,OMO_STR_0048,Strombosia pustulata,27.2,26.8,581.3,EXACT_NORMALIZED_SOURCE_KEY,BASELINE_ACCEPTED,True,54.4,53.6,1162.6,2
CuP1,Core,Upland,Strombosia pustulata,5,strombosia pustulata,core,upland,core||upland||strombosia pustulata,strombosia pustulata,OMO_STR_0073,Strombosia pustulata,19.8,20.0,308.0,EXACT_NORMALIZED_SOURCE_KEY,BASELINE_ACCEPTED,True,99.0,100.0,1540.0,5
CuP2,Core,Upland,Strombosia pustulata,1,strombosia pustulata,core,upland,core||upland||strombosia pustulata,strombosia pustulata,OMO_STR_0073,Strombosia pustulata,19.8,20.0,308.0,EXACT_NORMALIZED_SOURCE_KEY,BASELINE_ACCEPTED,True,19.8,20.0,308.0,1
CuP3,Core,Upland,Strombosia pustulata,1,strombosia pustulata,core,upland,core||upland||strombosia pustulata,strombosia pustulata,OMO_STR_0073,Strombosia pustulata,19.8,20.0,308.0,EXACT_NORMALIZED_SOURCE_KEY,BASELINE_ACCEPTED,True,19.8,20.0,308.0,1
CuP5,Core,Upland,Strombosia pustulata,7,strombosia pustulata,core,upland,core||upland||strombosia pustulata,strombosia pustulata,OMO_STR_0073,Strombosia pustulata,19.8,20.0,308.0,EXACT_NORMALIZED_SOURCE_KEY,BASELINE_ACCEPTED,True,138.6,140.0,2156.0,7
CuP6,Core,Upland,Strombosia pustulata,1,strombosia pustulata,core,upland,core||upland||strombosia pustulata,strombosia pustulata,OMO_STR_0073,Strombosia pustulata,19.8,20.0,308.0,EXACT_NORMALIZED_SOURCE_KEY,BASELINE_ACCEPTED,True,19.8,20.0,308.0,1
CuP7,Core,Upland,Strombosia pustulata,2,strombosia pustulata,core,upland,core||upland||strombosia pustulata,strombosia pustulata,OMO_STR_0073,Strombosia pustulata,19.8,20.0,308.0,EXACT_NORMALIZED_SOURCE_KEY,BASELINE_ACCEPTED,True,39.6,40.0,616.0,2
CuP8,Core,Upland,Strombosia pustulata,1,strombosia pustulata,core,upland,core||upland||strombosia pustulata,strombosia pustulata,OMO_STR_0073,Strombosia pustulata,19.8,20.0,308.0,EXACT_NORMALIZED_SOURCE_KEY,BASELINE_ACCEPTED,True,19.8,20.0,308.0,1
CuP9,Core,Upland,Strombosia pustulata,2,strombosia pustulata,core,upland,core||upland||strombosia pustulata,strombosia pustulata,OMO_STR_0073,Strombosia pustulata,19.8,20.0,308.0,EXACT_NORMALIZED_SOURCE_KEY,BASELINE_ACCEPTED,True,39.6,40.0,616.0,2
CuP10,Core,Upland,Strombosia pustulata,2,strombosia pustulata,core,upland,core||upland||strombosia pustulata,strombosia pustulata,OMO_STR_0073,Strombosia pustulata,19.8,20.0,308.0,EXACT_NORMALIZED_SOURCE_KEY,BASELINE_ACCEPTED,True,39.6,40.0,616.0,2
BsP4,Buffer,Stream,Strombosia pustulata,2,strombosia pustulata,buffer,stream,buffer||stream||strombosia pustulata,strombosia pustulata,OMO_STR_0132,Strombosia pustulata,39.7,33.9,1238.0,EXACT_NORMALIZED_SOURCE_KEY,BASELINE_ACCEPTED,True,79.4,67.8,2476.0,2
BsP7,Buffer,Stream,Strombosia pustulata,1,strombosia pustulata,buffer,stream,buffer||stream||strombosia pustulata,strombosia pustulata,OMO_STR_0132,Strombosia pustulata,39.7,33.9,1238.0,EXACT_NORMALIZED_SOURCE_KEY,BASELINE_ACCEPTED,True,39.7,33.9,1238.0,1
BsP8,Buffer,Stream,Strombosia pustulata,1,strombosia pustulata,buffer,stream,buffer||stream||strombosia pustulata,strombosia pustulata,OMO_STR_0132,Strombosia pustulata,39.7,33.9,1238.0,EXACT_NORMALIZED_SOURCE_KEY,BASELINE_ACCEPTED,True,39.7,33.9,1238.0,1
TmP1,Transition,Major River,Strombosia pustulata,1,strombosia pustulata,transition,major river,transition||major river||strombosia pustulata,strombosia pustulata,OMO_STR_0186,Strombosia pustulata,35.7,27.6,1001.0,ACCEPTED_STRONG_ORTHOGRAPHIC_AND_ABUNDANCE_EVIDENCE,ORTHOGRAPHIC_AND_ABUNDANCE_SUPPORTED,True,35.7,27.6,1001.0,1
TmP3,Transition,Major River,Strombosia pustulata,1,strombosia pustulata,transition,major river,transition||major river||strombosia pustulata,strombosia pustulata,OMO_STR_0186,Strombosia pustulata,35.7,27.6,1001.0,ACCEPTED_STRONG_ORTHOGRAPHIC_AND_ABUNDANCE_EVIDENCE,ORTHOGRAPHIC_AND_ABUNDANCE_SUPPORTED,True,35.7,27.6,1001.0,1
TmP6,Transition,Major River,Strombosia pustulata,1,strombosia pustulata,transition,major river,transition||major river||strombosia pustulata,strombosia pustulata,OMO_STR_0186,Strombosia pustulata,35.7,27.6,1001.0,ACCEPTED_STRONG_ORTHOGRAPHIC_AND_ABUNDANCE_EVIDENCE,ORTHOGRAPHIC_AND_ABUNDANCE_SUPPORTED,True,35.7,27.6,1001.0,1
TmP8,Transition,Major River,Strombosia pustulata,1,strombosia pustulata,transition,major river,transition||major river||strombosia pustulata,strombosia pustulata,OMO_STR_0186,Strombosia pustulata,35.7,27.6,1001.0,ACCEPTED_STRONG_ORTHOGRAPHIC_AND_ABUNDANCE_EVIDENCE,ORTHOGRAPHIC_AND_ABUNDANCE_SUPPORTED,True,35.7,27.6,1001.0,1
CmP2,Core,Major River,Trichilia gilgiana,1,trichilia gilgiana,core,major river,core||major river||trichilia gilgiana,trichilia gilgiana,OMO_STR_0049,Trichilia gilgiana,16.9,20.5,224.4,EXACT_NORMALIZED_SOURCE_KEY,BASELINE_ACCEPTED,True,16.9,20.5,224.4,1
CmP4,Core,Major River,Trichilia gilgiana,1,trichilia gilgiana,core,major river,core||major river||trichilia gilgiana,trichilia gilgiana,OMO_STR_0049,Trichilia gilgiana,16.9,20.5,224.4,EXACT_NORMALIZED_SOURCE_KEY,BASELINE_ACCEPTED,True,16.9,20.5,224.4,1
CmP9,Core,Major River,Trichilia gilgiana,1,trichilia gilgiana,core,major river,core||major river||trichilia gilgiana,trichilia gilgiana,OMO_STR_0049,Trichilia gilgiana,16.9,20.5,224.4,EXACT_NORMALIZED_SOURCE_KEY,BASELINE_ACCEPTED,True,16.9,20.5,224.4,1
CmP6,Core,Major River,Trichilia monadelpha,1,trichilia monadelpha,core,major river,core||major river||trichilia monadelpha,trichilia monadelpha,OMO_STR_0050,Trichilia monadelpha,21.0,18.7,346.5,EXACT_NORMALIZED_SOURCE_KEY,BASELINE_ACCEPTED,True,21.0,18.7,346.5,1
CmP10,Core,Major River,Trichilia monadelpha,2,trichilia monadelpha,core,major river,core||major river||trichilia monadelpha,trichilia monadelpha,OMO_STR_0050,Trichilia monadelpha,21.0,18.7,346.5,EXACT_NORMALIZED_SOURCE_KEY,BASELINE_ACCEPTED,True,42.0,37.4,693.0,2
CsP3,Core,Stream,Trichilia monadelpha,1,trichilia monadelpha,core,stream,core||stream||trichilia monadelpha,trichilia monadelpha,OMO_STR_0025,Trichilia monadelpha,40.7,39.2,1301.5,EXACT_NORMALIZED_SOURCE_KEY,BASELINE_ACCEPTED,True,40.7,39.2,1301.5,1
CsP4,Core,Stream,Trichilia monadelpha,2,trichilia monadelpha,core,stream,core||stream||trichilia monadelpha,trichilia monadelpha,OMO_STR_0025,Trichilia monadelpha,40.7,39.2,1301.5,EXACT_NORMALIZED_SOURCE_KEY,BASELINE_ACCEPTED,True,81.4,78.4,2603.0,2
CsP6,Core,Stream,Trichilia monadelpha,2,trichilia monadelpha,core,stream,core||stream||trichilia monadelpha,trichilia monadelpha,OMO_STR_0025,Trichilia monadelpha,40.7,39.2,1301.5,EXACT_NORMALIZED_SOURCE_KEY,BASELINE_ACCEPTED,True,81.4,78.4,2603.0,2
CsP7,Core,Stream,Trichilia monadelpha,5,trichilia monadelpha,core,stream,core||stream||trichilia monadelpha,trichilia monadelpha,OMO_STR_0025,Trichilia monadelpha,40.7,39.2,1301.5,EXACT_NORMALIZED_SOURCE_KEY,BASELINE_ACCEPTED,True,203.5,196.0,6507.5,5
BmP3,Buffer,Major River,Trichilia monadelpha,1,trichilia monadelpha,buffer,major river,buffer||major river||trichilia monadelpha,trichilia monadelpha,OMO_STR_0100,Trichilia monadelpha,21.4,27.3,359.8,EXACT_NORMALIZED_SOURCE_KEY,BASELINE_ACCEPTED,True,21.4,27.3,359.8,1
BmP4,Buffer,Major River,Trichilia monadelpha,2,trichilia monadelpha,buffer,major river,buffer||major river||trichilia monadelpha,trichilia monadelpha,OMO_STR_0100,Trichilia monadelpha,21.4,27.3,359.8,EXACT_NORMALIZED_SOURCE_KEY,BASELINE_ACCEPTED,True,42.8,54.6,719.6,2
BmP6,Buffer,Major River,Trichilia monadelpha,1,trichilia monadelpha,buffer,major river,buffer||major river||trichilia monadelpha,trichilia monadelpha,OMO_STR_0100,Trichilia monadelpha,21.4,27.3,359.8,EXACT_NORMALIZED_SOURCE_KEY,BASELINE_ACCEPTED,True,21.4,27.3,359.8,1
BmP10,Buffer,Major River,Trichilia monadelpha,1,trichilia monadelpha,buffer,major river,buffer||major river||trichilia monadelpha,trichilia monadelpha,OMO_STR_0100,Trichilia monadelpha,21.4,27.3,359.8,EXACT_NORMALIZED_SOURCE_KEY,BASELINE_ACCEPTED,True,21.4,27.3,359.8,1
TmP3,Transition,Major River,Trichilia monadelpha,6,trichilia monadelpha,transition,major river,transition||major river||trichilia monadelpha,trichilia monadelpha,OMO_STR_0189,Trichilia monadelpha,30.8,28.5,745.3,EXACT_NORMALIZED_SOURCE_KEY,BASELINE_ACCEPTED,True,184.8,171.0,4471.799999999999,6
TmP6,Transition,Major River,Trichilia monadelpha,3,trichilia monadelpha,transition,major river,transition||major river||trichilia monadelpha,trichilia monadelpha,OMO_STR_0189,Trichilia monadelpha,30.8,28.5,745.3,EXACT_NORMALIZED_SOURCE_KEY,BASELINE_ACCEPTED,True,92.4,85.5,2235.8999999999996,3
TmP7,Transition,Major River,Trichilia monadelpha,1,trichilia monadelpha,transition,major river,transition||major river||trichilia monadelpha,trichilia monadelpha,OMO_STR_0189,Trichilia monadelpha,30.8,28.5,745.3,EXACT_NORMALIZED_SOURCE_KEY,BASELINE_ACCEPTED,True,30.8,28.5,745.3,1
TmP10,Transition,Major River,Trichilia monadelpha,3,trichilia monadelpha,transition,major river,transition||major river||trichilia monadelpha,trichilia monadelpha,OMO_STR_0189,Trichilia monadelpha,30.8,28.5,745.3,EXACT_NORMALIZED_SOURCE_KEY,BASELINE_ACCEPTED,True,92.4,85.5,2235.8999999999996,3
CmP8,Core,Major River,Uapaca heudelotii,1,uapaca heudelotii,core,major river,core||major river||uapaca heudelotii,uapaca heudelotii,OMO_STR_0051,Uapaca heudelotii,43.3,54.9,1473.0,EXACT_NORMALIZED_SOURCE_KEY,BASELINE_ACCEPTED,True,43.3,54.9,1473.0,1
CmP10,Core,Major River,Uapaca heudelotii,2,uapaca heudelotii,core,major river,core||major river||uapaca heudelotii,uapaca heudelotii,OMO_STR_0051,Uapaca heudelotii,43.3,54.9,1473.0,EXACT_NORMALIZED_SOURCE_KEY,BASELINE_ACCEPTED,True,86.6,109.8,2946.0,2
BuP3,Buffer,Upland,Uapaca heudelotii,1,uapaca heudelotii,buffer,upland,buffer||upland||uapaca heudelotii,uapaca heudelotii,OMO_STR_0160,Uapaca heudelotii,26.4,27.5,547.6,EXACT_NORMALIZED_SOURCE_KEY,BASELINE_ACCEPTED,True,26.4,27.5,547.6,1
CsP1,Core,Stream,Alstonia boonei,2,alstonia boonei,core,stream,core||stream||alstonei bonei,alstonei bonei,,,,,,,,False,,,,0
CsP9,Core,Stream,Alstonia boonei,3,alstonia boonei,core,stream,core||stream||alstonei bonei,alstonei bonei,,,,,,,,False,,,,0
BmP1,Buffer,Major River,Alstonia boonei,1,alstonia boonei,buffer,major river,buffer||major river||alstonei bonei,alstonei bonei,,,,,,,,False,,,,0
BmP6,Buffer,Major River,Alstonia boonei,1,alstonia boonei,buffer,major river,buffer||major river||alstonei bonei,alstonei bonei,,,,,,,,False,,,,0
BmP10,Buffer,Major River,Alstonia boonei,1,alstonia boonei,buffer,major river,buffer||major river||alstonei bonei,alstonei bonei,,,,,,,,False,,,,0
BsP5,Buffer,Stream,Alstonia boonei,2,alstonia boonei,buffer,stream,buffer||stream||alstonei bonei,alstonei bonei,,,,,,,,False,,,,0
BsP8,Buffer,Stream,Alstonia boonei,1,alstonia boonei,buffer,stream,buffer||stream||alstonei bonei,alstonei bonei,,,,,,,,False,,,,0
BsP9,Buffer,Stream,Alstonia boonei,1,alstonia boonei,buffer,stream,buffer||stream||alstonei bonei,alstonei bonei,,,,,,,,False,,,,0
BsP10,Buffer,Stream,Alstonia boonei,1,alstonia boonei,buffer,stream,buffer||stream||alstonei bonei,alstonei bonei,,,,,,,,False,,,,0
BuP1,Buffer,Upland,Alstonia boonei,1,alstonia boonei,buffer,upland,buffer||upland||alstonei bonei,alstonei bonei,,,,,,,,False,,,,0
BuP5,Buffer,Upland,Alstonia boonei,1,alstonia boonei,buffer,upland,buffer||upland||alstonei bonei,alstonei bonei,,,,,,,,False,,,,0
BuP7,Buffer,Upland,Alstonia boonei,1,alstonia boonei,buffer,upland,buffer||upland||alstonei bonei,alstonei bonei,,,,,,,,False,,,,0
BuP8,Buffer,Upland,Alstonia boonei,1,alstonia boonei,buffer,upland,buffer||upland||alstonei bonei,alstonei bonei,,,,,,,,False,,,,0
BuP9,Buffer,Upland,Alstonia boonei,2,alstonia boonei,buffer,upland,buffer||upland||alstonei bonei,alstonei bonei,,,,,,,,False,,,,0
BuP10,Buffer,Upland,Alstonia boonei,1,alstonia boonei,buffer,upland,buffer||upland||alstonei bonei,alstonei bonei,,,,,,,,False,,,,0
TsP2,Transition,Stream,Alstonia boonei,1,alstonia boonei,transition,stream,transition||stream||alstonei bonei,alstonei bonei,OMO_STR_0192,Alstonei bonei,29.4,28.9,679.1,LINK_TAXONOMICALLY_SECURE_WITH_ABUNDANCE_DISCREPANCY,TAXONOMICALLY_SECURE_ABUNDANCE_DISCREPANCY,True,29.4,28.9,679.1,1
TsP3,Transition,Stream,Alstonia boonei,1,alstonia boonei,transition,stream,transition||stream||alstonei bonei,alstonei bonei,OMO_STR_0192,Alstonei bonei,29.4,28.9,679.1,LINK_TAXONOMICALLY_SECURE_WITH_ABUNDANCE_DISCREPANCY,TAXONOMICALLY_SECURE_ABUNDANCE_DISCREPANCY,True,29.4,28.9,679.1,1
TsP4,Transition,Stream,Alstonia boonei,4,alstonia boonei,transition,stream,transition||stream||alstonei bonei,alstonei bonei,OMO_STR_0192,Alstonei bonei,29.4,28.9,679.1,LINK_TAXONOMICALLY_SECURE_WITH_ABUNDANCE_DISCREPANCY,TAXONOMICALLY_SECURE_ABUNDANCE_DISCREPANCY,True,117.6,115.6,2716.4,4
TsP6,Transition,Stream,Alstonia boonei,1,alstonia boonei,transition,stream,transition||stream||alstonei bonei,alstonei bonei,OMO_STR_0192,Alstonei bonei,29.4,28.9,679.1,LINK_TAXONOMICALLY_SECURE_WITH_ABUNDANCE_DISCREPANCY,TAXONOMICALLY_SECURE_ABUNDANCE_DISCREPANCY,True,29.4,28.9,679.1,1
TsP7,Transition,Stream,Alstonia boonei,4,alstonia boonei,transition,stream,transition||stream||alstonei bonei,alstonei bonei,OMO_STR_0192,Alstonei bonei,29.4,28.9,679.1,LINK_TAXONOMICALLY_SECURE_WITH_ABUNDANCE_DISCREPANCY,TAXONOMICALLY_SECURE_ABUNDANCE_DISCREPANCY,True,117.6,115.6,2716.4,4
TsP8,Transition,Stream,Alstonia boonei,3,alstonia boonei,transition,stream,transition||stream||alstonei bonei,alstonei bonei,OMO_STR_0192,Alstonei bonei,29.4,28.9,679.1,LINK_TAXONOMICALLY_SECURE_WITH_ABUNDANCE_DISCREPANCY,TAXONOMICALLY_SECURE_ABUNDANCE_DISCREPANCY,True,88.19999999999999,86.69999999999999,2037.3000000000002,3
TsP10,Transition,Stream,Alstonia boonei,4,alstonia boonei,transition,stream,transition||stream||alstonei bonei,alstonei bonei,OMO_STR_0192,Alstonei bonei,29.4,28.9,679.1,LINK_TAXONOMICALLY_SECURE_WITH_ABUNDANCE_DISCREPANCY,TAXONOMICALLY_SECURE_ABUNDANCE_DISCREPANCY,True,117.6,115.6,2716.4,4
CsP4,Core,Stream,Bombax buonopozense,2,bombax buonopozense,core,stream,core||stream||bombax buonopozense,bombax buonopozense,,,,,,,,False,,,,0
CsP5,Core,Stream,Bombax buonopozense,1,bombax buonopozense,core,stream,core||stream||bombax buonopozense,bombax buonopozense,,,,,,,,False,,,,0
CsP7,Core,Stream,Bombax buonopozense,1,bombax buonopozense,core,stream,core||stream||bombax buonopozense,bombax buonopozense,,,,,,,,False,,,,0
BmP4,Buffer,Major River,Bombax buonopozense,2,bombax buonopozense,buffer,major river,buffer||major river||bombax buonopozense,bombax buonopozense,,,,,,,,False,,,,0
BmP5,Buffer,Major River,Bombax buonopozense,1,bombax buonopozense,buffer,major river,buffer||major river||bombax buonopozense,bombax buonopozense,,,,,,,,False,,,,0
BmP6,Buffer,Major River,Bombax buonopozense,2,bombax buonopozense,buffer,major river,buffer||major river||bombax buonopozense,bombax buonopozense,,,,,,,,False,,,,0
BmP7,Buffer,Major River,Bombax buonopozense,1,bombax buonopozense,buffer,major river,buffer||major river||bombax buonopozense,bombax buonopozense,,,,,,,,False,,,,0
BmP9,Buffer,Major River,Bombax buonopozense,1,bombax buonopozense,buffer,major river,buffer||major river||bombax buonopozense,bombax buonopozense,,,,,,,,False,,,,0
TsP2,Transition,Stream,Bombax buonopozense,1,bombax buonopozense,transition,stream,transition||stream||bombax buonopozense,bombax buonopozense,OMO_STR_0194,Bombax buonopozense,19.6,17.7,301.8,EXACT_NORMALIZED_SOURCE_KEY,BASELINE_ACCEPTED,True,19.6,17.7,301.8,1
TsP6,Transition,Stream,Bombax buonopozense,1,bombax buonopozense,transition,stream,transition||stream||bombax buonopozense,bombax buonopozense,OMO_STR_0194,Bombax buonopozense,19.6,17.7,301.8,EXACT_NORMALIZED_SOURCE_KEY,BASELINE_ACCEPTED,True,19.6,17.7,301.8,1
TsP9,Transition,Stream,Bombax buonopozense,11,bombax buonopozense,transition,stream,transition||stream||bombax buonopozense,bombax buonopozense,OMO_STR_0194,Bombax buonopozense,19.6,17.7,301.8,EXACT_NORMALIZED_SOURCE_KEY,BASELINE_ACCEPTED,True,215.60000000000002,194.7,3319.8,11
TuP2,Transition,Upland,Bombax buonopozense,1,bombax buonopozense,transition,upland,transition||upland||bombax buonopozense,bombax buonopozense,,,,,,,,False,,,,0
TuP10,Transition,Upland,Bombax buonopozense,1,bombax buonopozense,transition,upland,transition||upland||bombax buonopozense,bombax buonopozense,,,,,,,,False,,,,0
CsP4,Core,Stream,Bosqueia angolensis,2,bosqueia angolensis,core,stream,core||stream||bosqueia angolensis,bosqueia angolensis,,,,,,,,False,,,,0
CsP7,Core,Stream,Bosqueia angolensis,1,bosqueia angolensis,core,stream,core||stream||bosqueia angolensis,bosqueia angolensis,,,,,,,,False,,,,0
BmP4,Buffer,Major River,Bosqueia angolensis,2,bosqueia angolensis,buffer,major river,buffer||major river||bosqueia angolensis,bosqueia angolensis,OMO_STR_0079,Bosqueia angolensis,26.8,29.5,564.3,EXACT_NORMALIZED_SOURCE_KEY,BASELINE_ACCEPTED,True,53.6,59.0,1128.6,2
BmP7,Buffer,Major River,Bosqueia angolensis,1,bosqueia angolensis,buffer,major river,buffer||major river||bosqueia angolensis,bosqueia angolensis,OMO_STR_0079,Bosqueia angolensis,26.8,29.5,564.3,EXACT_NORMALIZED_SOURCE_KEY,BASELINE_ACCEPTED,True,26.8,29.5,564.3,1
BmP9,Buffer,Major River,Bosqueia angolensis,1,bosqueia angolensis,buffer,major river,buffer||major river||bosqueia angolensis,bosqueia angolensis,OMO_STR_0079,Bosqueia angolensis,26.8,29.5,564.3,EXACT_NORMALIZED_SOURCE_KEY,BASELINE_ACCEPTED,True,26.8,29.5,564.3,1
CsP4,Core,Stream,Dialium guinensis,1,dialium guinensis,core,stream,core||stream||dialium guinensis,dialium guinensis,OMO_STR_0007,Dialium guinensis,33.1,32.6,860.84,EXACT_NORMALIZED_SOURCE_KEY,BASELINE_ACCEPTED,True,33.1,32.6,860.84,1
CsP6,Core,Stream,Dialium guinensis,1,dialium guinensis,core,stream,core||stream||dialium guinensis,dialium guinensis,OMO_STR_0007,Dialium guinensis,33.1,32.6,860.84,EXACT_NORMALIZED_SOURCE_KEY,BASELINE_ACCEPTED,True,33.1,32.6,860.84,1
CsP1,Core,Stream,Ficus exasperata,2,ficus exasperata,core,stream,core||stream||ficus exasperata,ficus exasperata,OMO_STR_0010,Ficus exasperata,56.4,54.4,2499.3,EXACT_NORMALIZED_SOURCE_KEY,BASELINE_ACCEPTED,True,112.8,108.8,4998.6,2
CsP9,Core,Stream,Ficus exasperata,2,ficus exasperata,core,stream,core||stream||ficus exasperata,ficus exasperata,OMO_STR_0010,Ficus exasperata,56.4,54.4,2499.3,EXACT_NORMALIZED_SOURCE_KEY,BASELINE_ACCEPTED,True,112.8,108.8,4998.6,2
BmP1,Buffer,Major River,Ficus exasperata,1,ficus exasperata,buffer,major river,buffer||major river||ficus exasperata,ficus exasperata,OMO_STR_0086,Ficus exasperata,42.7,40.0,1432.0,EXACT_NORMALIZED_SOURCE_KEY,BASELINE_ACCEPTED,True,42.7,40.0,1432.0,1
BmP6,Buffer,Major River,Ficus exasperata,1,ficus exasperata,buffer,major river,buffer||major river||ficus exasperata,ficus exasperata,OMO_STR_0086,Ficus exasperata,42.7,40.0,1432.0,EXACT_NORMALIZED_SOURCE_KEY,BASELINE_ACCEPTED,True,42.7,40.0,1432.0,1
BmP10,Buffer,Major River,Ficus exasperata,2,ficus exasperata,buffer,major river,buffer||major river||ficus exasperata,ficus exasperata,OMO_STR_0086,Ficus exasperata,42.7,40.0,1432.0,EXACT_NORMALIZED_SOURCE_KEY,BASELINE_ACCEPTED,True,85.4,80.0,2864.0,2
TmP2,Transition,Major River,Ficus exasperata,2,ficus exasperata,transition,major river,transition||major river||ficus exasperata,ficus exasperata,OMO_STR_0173,Ficus exasperata,17.7,19.7,246.1,EXACT_NORMALIZED_SOURCE_KEY,BASELINE_ACCEPTED,True,35.4,39.4,492.2,2
TmP3,Transition,Major River,Ficus exasperata,2,ficus exasperata,transition,major river,transition||major river||ficus exasperata,ficus exasperata,OMO_STR_0173,Ficus exasperata,17.7,19.7,246.1,EXACT_NORMALIZED_SOURCE_KEY,BASELINE_ACCEPTED,True,35.4,39.4,492.2,2
TmP6,Transition,Major River,Ficus exasperata,1,ficus exasperata,transition,major river,transition||major river||ficus exasperata,ficus exasperata,OMO_STR_0173,Ficus exasperata,17.7,19.7,246.1,EXACT_NORMALIZED_SOURCE_KEY,BASELINE_ACCEPTED,True,17.7,19.7,246.1,1
TmP8,Transition,Major River,Ficus exasperata,1,ficus exasperata,transition,major river,transition||major river||ficus exasperata,ficus exasperata,OMO_STR_0173,Ficus exasperata,17.7,19.7,246.1,EXACT_NORMALIZED_SOURCE_KEY,BASELINE_ACCEPTED,True,17.7,19.7,246.1,1
TmP10,Transition,Major River,Ficus exasperata,1,ficus exasperata,transition,major river,transition||major river||ficus exasperata,ficus exasperata,OMO_STR_0173,Ficus exasperata,17.7,19.7,246.1,EXACT_NORMALIZED_SOURCE_KEY,BASELINE_ACCEPTED,True,17.7,19.7,246.1,1
TuP4,Transition,Upland,Ficus exasperata,1,ficus exasperata,transition,upland,transition||upland||ficus exasperata,ficus exasperata,OMO_STR_0215,Ficus exasperata,27.8,31.7,607.2,EXACT_NORMALIZED_SOURCE_KEY,BASELINE_ACCEPTED,True,27.8,31.7,607.2,1
TuP7,Transition,Upland,Ficus exasperata,1,ficus exasperata,transition,upland,transition||upland||ficus exasperata,ficus exasperata,OMO_STR_0215,Ficus exasperata,27.8,31.7,607.2,EXACT_NORMALIZED_SOURCE_KEY,BASELINE_ACCEPTED,True,27.8,31.7,607.2,1
TuP8,Transition,Upland,Ficus exasperata,1,ficus exasperata,transition,upland,transition||upland||ficus exasperata,ficus exasperata,OMO_STR_0215,Ficus exasperata,27.8,31.7,607.2,EXACT_NORMALIZED_SOURCE_KEY,BASELINE_ACCEPTED,True,27.8,31.7,607.2,1
TuP9,Transition,Upland,Ficus exasperata,1,ficus exasperata,transition,upland,transition||upland||ficus exasperata,ficus exasperata,OMO_STR_0215,Ficus exasperata,27.8,31.7,607.2,EXACT_NORMALIZED_SOURCE_KEY,BASELINE_ACCEPTED,True,27.8,31.7,607.2,1
CsP1,Core,Stream,Grewia pubescens,3,grewia pubescens,core,stream,core||stream||grewia pubescens,grewia pubescens,OMO_STR_0011,Grewia pubescens,31.5,32.6,779.63,EXACT_NORMALIZED_SOURCE_KEY,BASELINE_ACCEPTED,True,94.5,97.80000000000001,2338.89,3
CsP2,Core,Stream,Grewia pubescens,2,grewia pubescens,core,stream,core||stream||grewia pubescens,grewia pubescens,OMO_STR_0011,Grewia pubescens,31.5,32.6,779.63,EXACT_NORMALIZED_SOURCE_KEY,BASELINE_ACCEPTED,True,63.0,65.2,1559.26,2
CsP3,Core,Stream,Grewia pubescens,1,grewia pubescens,core,stream,core||stream||grewia pubescens,grewia pubescens,OMO_STR_0011,Grewia pubescens,31.5,32.6,779.63,EXACT_NORMALIZED_SOURCE_KEY,BASELINE_ACCEPTED,True,31.5,32.6,779.63,1
CsP6,Core,Stream,Grewia pubescens,3,grewia pubescens,core,stream,core||stream||grewia pubescens,grewia pubescens,OMO_STR_0011,Grewia pubescens,31.5,32.6,779.63,EXACT_NORMALIZED_SOURCE_KEY,BASELINE_ACCEPTED,True,94.5,97.80000000000001,2338.89,3
CsP8,Core,Stream,Grewia pubescens,2,grewia pubescens,core,stream,core||stream||grewia pubescens,grewia pubescens,OMO_STR_0011,Grewia pubescens,31.5,32.6,779.63,EXACT_NORMALIZED_SOURCE_KEY,BASELINE_ACCEPTED,True,63.0,65.2,1559.26,2
CsP10,Core,Stream,Grewia pubescens,2,grewia pubescens,core,stream,core||stream||grewia pubescens,grewia pubescens,OMO_STR_0011,Grewia pubescens,31.5,32.6,779.63,EXACT_NORMALIZED_SOURCE_KEY,BASELINE_ACCEPTED,True,63.0,65.2,1559.26,2
BmP1,Buffer,Major River,Grewia pubescens,5,grewia pubescens,buffer,major river,buffer||major river||grewia pubescens,grewia pubescens,OMO_STR_0087,Grewia pubescens,22.0,20.2,380.2,EXACT_NORMALIZED_SOURCE_KEY,BASELINE_ACCEPTED,True,110.0,101.0,1901.0,5
BmP2,Buffer,Major River,Grewia pubescens,2,grewia pubescens,buffer,major river,buffer||major river||grewia pubescens,grewia pubescens,OMO_STR_0087,Grewia pubescens,22.0,20.2,380.2,EXACT_NORMALIZED_SOURCE_KEY,BASELINE_ACCEPTED,True,44.0,40.4,760.4,2
BmP3,Buffer,Major River,Grewia pubescens,1,grewia pubescens,buffer,major river,buffer||major river||grewia pubescens,grewia pubescens,OMO_STR_0087,Grewia pubescens,22.0,20.2,380.2,EXACT_NORMALIZED_SOURCE_KEY,BASELINE_ACCEPTED,True,22.0,20.2,380.2,1
BmP6,Buffer,Major River,Grewia pubescens,3,grewia pubescens,buffer,major river,buffer||major river||grewia pubescens,grewia pubescens,OMO_STR_0087,Grewia pubescens,22.0,20.2,380.2,EXACT_NORMALIZED_SOURCE_KEY,BASELINE_ACCEPTED,True,66.0,60.599999999999994,1140.6,3
BmP9,Buffer,Major River,Grewia pubescens,1,grewia pubescens,buffer,major river,buffer||major river||grewia pubescens,grewia pubescens,OMO_STR_0087,Grewia pubescens,22.0,20.2,380.2,EXACT_NORMALIZED_SOURCE_KEY,BASELINE_ACCEPTED,True,22.0,20.2,380.2,1
BmP10,Buffer,Major River,Grewia pubescens,3,grewia pubescens,buffer,major river,buffer||major river||grewia pubescens,grewia pubescens,OMO_STR_0087,Grewia pubescens,22.0,20.2,380.2,EXACT_NORMALIZED_SOURCE_KEY,BASELINE_ACCEPTED,True,66.0,60.599999999999994,1140.6,3
CsP3,Core,Stream,Homalium alymeri,2,homalium alymeri,core,stream,core||stream||homalium alymeri,homalium alymeri,OMO_STR_0012,Homalium alymeri,52.1,50.45,2132.8,EXACT_NORMALIZED_SOURCE_KEY,BASELINE_ACCEPTED,True,104.2,100.9,4265.6,2
CsP4,Core,Stream,Homalium alymeri,1,homalium alymeri,core,stream,core||stream||homalium alymeri,homalium alymeri,OMO_STR_0012,Homalium alymeri,52.1,50.45,2132.8,EXACT_NORMALIZED_SOURCE_KEY,BASELINE_ACCEPTED,True,52.1,50.45,2132.8,1
CsP7,Core,Stream,Homalium alymeri,2,homalium alymeri,core,stream,core||stream||homalium alymeri,homalium alymeri,OMO_STR_0012,Homalium alymeri,52.1,50.45,2132.8,EXACT_NORMALIZED_SOURCE_KEY,BASELINE_ACCEPTED,True,104.2,100.9,4265.6,2
CsP10,Core,Stream,Homalium alymeri,1,homalium alymeri,core,stream,core||stream||homalium alymeri,homalium alymeri,OMO_STR_0012,Homalium alymeri,52.1,50.45,2132.8,EXACT_NORMALIZED_SOURCE_KEY,BASELINE_ACCEPTED,True,52.1,50.45,2132.8,1
CsP1,Core,Stream,Musanga cecropiodes,2,musanga cecropiodes,core,stream,core||stream||musanga cecropiodes,musanga cecropiodes,,,,,,,,False,,,,0
CsP3,Core,Stream,Musanga cecropiodes,2,musanga cecropiodes,core,stream,core||stream||musanga cecropiodes,musanga cecropiodes,,,,,,,,False,,,,0
CsP4,Core,Stream,Musanga cecropiodes,1,musanga cecropiodes,core,stream,core||stream||musanga cecropiodes,musanga cecropiodes,,,,,,,,False,,,,0
CsP5,Core,Stream,Musanga cecropiodes,2,musanga cecropiodes,core,stream,core||stream||musanga cecropiodes,musanga cecropiodes,,,,,,,,False,,,,0
CsP6,Core,Stream,Musanga cecropiodes,2,musanga cecropiodes,core,stream,core||stream||musanga cecropiodes,musanga cecropiodes,,,,,,,,False,,,,0
CsP8,Core,Stream,Musanga cecropiodes,2,musanga cecropiodes,core,stream,core||stream||musanga cecropiodes,musanga cecropiodes,,,,,,,,False,,,,0
CsP3,Core,Stream,Nesodogornia papaverivera,1,nesodogornia papaverivera,core,stream,core||stream||nesodogornia papaverivera,nesodogornia papaverivera,OMO_STR_0016,Nesodogornia papaverivera,52.5,41.0,2165.6,EXACT_NORMALIZED_SOURCE_KEY,BASELINE_ACCEPTED,True,52.5,41.0,2165.6,1
CsP8,Core,Stream,Nesodogornia papaverivera,1,nesodogornia papaverivera,core,stream,core||stream||nesodogornia papaverivera,nesodogornia papaverivera,OMO_STR_0016,Nesodogornia papaverivera,52.5,41.0,2165.6,EXACT_NORMALIZED_SOURCE_KEY,BASELINE_ACCEPTED,True,52.5,41.0,2165.6,1
CsP4,Core,Stream,Pavetta corymbosa,1,pavetta corymbosa,core,stream,core||stream||pavetta corymbosa,pavetta corymbosa,,,,,,,,False,,,,0
CsP7,Core,Stream,Pavetta corymbosa,1,pavetta corymbosa,core,stream,core||stream||pavetta corymbosa,pavetta corymbosa,,,,,,,,False,,,,0
CsP1,Core,Stream,Ricinodendron heudeloti,1,ricinodendron heudeloti,core,stream,core||stream||ricinodendron heudeloti,ricinodendron heudeloti,OMO_STR_0021,Ricinodendron heudeloti,102.2,82.1,8206.7,EXACT_NORMALIZED_SOURCE_KEY,BASELINE_ACCEPTED,True,102.2,82.1,8206.7,1
CsP2,Core,Stream,Ricinodendron heudeloti,1,ricinodendron heudeloti,core,stream,core||stream||ricinodendron heudeloti,ricinodendron heudeloti,OMO_STR_0021,Ricinodendron heudeloti,102.2,82.1,8206.7,EXACT_NORMALIZED_SOURCE_KEY,BASELINE_ACCEPTED,True,102.2,82.1,8206.7,1
CsP3,Core,Stream,Ricinodendron heudeloti,1,ricinodendron heudeloti,core,stream,core||stream||ricinodendron heudeloti,ricinodendron heudeloti,OMO_STR_0021,Ricinodendron heudeloti,102.2,82.1,8206.7,EXACT_NORMALIZED_SOURCE_KEY,BASELINE_ACCEPTED,True,102.2,82.1,8206.7,1
CsP6,Core,Stream,Ricinodendron heudeloti,1,ricinodendron heudeloti,core,stream,core||stream||ricinodendron heudeloti,ricinodendron heudeloti,OMO_STR_0021,Ricinodendron heudeloti,102.2,82.1,8206.7,EXACT_NORMALIZED_SOURCE_KEY,BASELINE_ACCEPTED,True,102.2,82.1,8206.7,1
CsP9,Core,Stream,Ricinodendron heudeloti,1,ricinodendron heudeloti,core,stream,core||stream||ricinodendron heudeloti,ricinodendron heudeloti,OMO_STR_0021,Ricinodendron heudeloti,102.2,82.1,8206.7,EXACT_NORMALIZED_SOURCE_KEY,BASELINE_ACCEPTED,True,102.2,82.1,8206.7,1
TuP1,Transition,Upland,Ricinodendron heudeloti,1,ricinodendron heudeloti,transition,upland,transition||upland||ricinodendron heudeloti,ricinodendron heudeloti,OMO_STR_0219,Ricinodendron heudeloti,26.2,28.9,539.3,EXACT_NORMALIZED_SOURCE_KEY,BASELINE_ACCEPTED,True,26.2,28.9,539.3,1
TuP6,Transition,Upland,Ricinodendron heudeloti,1,ricinodendron heudeloti,transition,upland,transition||upland||ricinodendron heudeloti,ricinodendron heudeloti,OMO_STR_0219,Ricinodendron heudeloti,26.2,28.9,539.3,EXACT_NORMALIZED_SOURCE_KEY,BASELINE_ACCEPTED,True,26.2,28.9,539.3,1
TuP10,Transition,Upland,Ricinodendron heudeloti,1,ricinodendron heudeloti,transition,upland,transition||upland||ricinodendron heudeloti,ricinodendron heudeloti,OMO_STR_0219,Ricinodendron heudeloti,26.2,28.9,539.3,EXACT_NORMALIZED_SOURCE_KEY,BASELINE_ACCEPTED,True,26.2,28.9,539.3,1
CsP1,Core,Stream,Sterculia tragacantha,2,sterculia tragacantha,core,stream,core||stream||sterculia tragacantha,sterculia tragacantha,OMO_STR_0023,Sterculia tragacantha,37.6,39.0,1110.8,EXACT_NORMALIZED_SOURCE_KEY,BASELINE_ACCEPTED,True,75.2,78.0,2221.6,2
CsP9,Core,Stream,Sterculia tragacantha,1,sterculia tragacantha,core,stream,core||stream||sterculia tragacantha,sterculia tragacantha,OMO_STR_0023,Sterculia tragacantha,37.6,39.0,1110.8,EXACT_NORMALIZED_SOURCE_KEY,BASELINE_ACCEPTED,True,37.6,39.0,1110.8,1
BmP1,Buffer,Major River,Sterculia tragacantha,1,sterculia tragacantha,buffer,major river,buffer||major river||sterculia tragacantha,sterculia tragacantha,OMO_STR_0098,Sterculia tragacantha,24.8,15.8,483.2,EXACT_NORMALIZED_SOURCE_KEY,BASELINE_ACCEPTED,True,24.8,15.8,483.2,1
CsP2,Core,Stream,Strombosia postulata,1,strombosia postulata,core,stream,core||stream||strombosia postulata,strombosia postulata,OMO_STR_0024,Strombosia postulata,42.6,35.2,1425.9,LINK_TAXONOMICALLY_SECURE_WITH_ABUNDANCE_DISCREPANCY,TAXONOMICALLY_SECURE_ABUNDANCE_DISCREPANCY,True,42.6,35.2,1425.9,1
CsP3,Core,Stream,Strombosia postulata,2,strombosia postulata,core,stream,core||stream||strombosia postulata,strombosia postulata,OMO_STR_0024,Strombosia postulata,42.6,35.2,1425.9,LINK_TAXONOMICALLY_SECURE_WITH_ABUNDANCE_DISCREPANCY,TAXONOMICALLY_SECURE_ABUNDANCE_DISCREPANCY,True,85.2,70.4,2851.8,2
CsP4,Core,Stream,Strombosia postulata,1,strombosia postulata,core,stream,core||stream||strombosia postulata,strombosia postulata,OMO_STR_0024,Strombosia postulata,42.6,35.2,1425.9,LINK_TAXONOMICALLY_SECURE_WITH_ABUNDANCE_DISCREPANCY,TAXONOMICALLY_SECURE_ABUNDANCE_DISCREPANCY,True,42.6,35.2,1425.9,1
CsP6,Core,Stream,Strombosia postulata,1,strombosia postulata,core,stream,core||stream||strombosia postulata,strombosia postulata,OMO_STR_0024,Strombosia postulata,42.6,35.2,1425.9,LINK_TAXONOMICALLY_SECURE_WITH_ABUNDANCE_DISCREPANCY,TAXONOMICALLY_SECURE_ABUNDANCE_DISCREPANCY,True,42.6,35.2,1425.9,1
CsP7,Core,Stream,Strombosia postulata,2,strombosia postulata,core,stream,core||stream||strombosia postulata,strombosia postulata,OMO_STR_0024,Strombosia postulata,42.6,35.2,1425.9,LINK_TAXONOMICALLY_SECURE_WITH_ABUNDANCE_DISCREPANCY,TAXONOMICALLY_SECURE_ABUNDANCE_DISCREPANCY,True,85.2,70.4,2851.8,2
CsP8,Core,Stream,Strombosia postulata,2,strombosia postulata,core,stream,core||stream||strombosia postulata,strombosia postulata,OMO_STR_0024,Strombosia postulata,42.6,35.2,1425.9,LINK_TAXONOMICALLY_SECURE_WITH_ABUNDANCE_DISCREPANCY,TAXONOMICALLY_SECURE_ABUNDANCE_DISCREPANCY,True,85.2,70.4,2851.8,2
CsP10,Core,Stream,Strombosia postulata,2,strombosia postulata,core,stream,core||stream||strombosia postulata,strombosia postulata,OMO_STR_0024,Strombosia postulata,42.6,35.2,1425.9,LINK_TAXONOMICALLY_SECURE_WITH_ABUNDANCE_DISCREPANCY,TAXONOMICALLY_SECURE_ABUNDANCE_DISCREPANCY,True,85.2,70.4,2851.8,2
BmP2,Buffer,Major River,Strombosia postulata,1,strombosia postulata,buffer,major river,buffer||major river||strombosia postulata,strombosia postulata,OMO_STR_0099,Strombosia postulata,29.3,26.0,674.5,ACCEPTED_STRONG_ORTHOGRAPHIC_AND_ABUNDANCE_EVIDENCE,ORTHOGRAPHIC_AND_ABUNDANCE_SUPPORTED,True,29.3,26.0,674.5,1
BmP3,Buffer,Major River,Strombosia postulata,1,strombosia postulata,buffer,major river,buffer||major river||strombosia postulata,strombosia postulata,OMO_STR_0099,Strombosia postulata,29.3,26.0,674.5,ACCEPTED_STRONG_ORTHOGRAPHIC_AND_ABUNDANCE_EVIDENCE,ORTHOGRAPHIC_AND_ABUNDANCE_SUPPORTED,True,29.3,26.0,674.5,1
BmP4,Buffer,Major River,Strombosia postulata,1,strombosia postulata,buffer,major river,buffer||major river||strombosia postulata,strombosia postulata,OMO_STR_0099,Strombosia postulata,29.3,26.0,674.5,ACCEPTED_STRONG_ORTHOGRAPHIC_AND_ABUNDANCE_EVIDENCE,ORTHOGRAPHIC_AND_ABUNDANCE_SUPPORTED,True,29.3,26.0,674.5,1
BmP6,Buffer,Major River,Strombosia postulata,2,strombosia postulata,buffer,major river,buffer||major river||strombosia postulata,strombosia postulata,OMO_STR_0099,Strombosia postulata,29.3,26.0,674.5,ACCEPTED_STRONG_ORTHOGRAPHIC_AND_ABUNDANCE_EVIDENCE,ORTHOGRAPHIC_AND_ABUNDANCE_SUPPORTED,True,58.6,52.0,1349.0,2
BmP9,Buffer,Major River,Strombosia postulata,1,strombosia postulata,buffer,major river,buffer||major river||strombosia postulata,strombosia postulata,OMO_STR_0099,Strombosia postulata,29.3,26.0,674.5,ACCEPTED_STRONG_ORTHOGRAPHIC_AND_ABUNDANCE_EVIDENCE,ORTHOGRAPHIC_AND_ABUNDANCE_SUPPORTED,True,29.3,26.0,674.5,1
CuP2,Core,Upland,Baphia nitida,1,baphia nitida,core,upland,core||upland||baphia nitida,baphia nitida,OMO_STR_0053,Baphia nitida,17.8,19.3,248.9,EXACT_NORMALIZED_SOURCE_KEY,BASELINE_ACCEPTED,True,17.8,19.3,248.9,1
CuP5,Core,Upland,Baphia nitida,1,baphia nitida,core,upland,core||upland||baphia nitida,baphia nitida,OMO_STR_0053,Baphia nitida,17.8,19.3,248.9,EXACT_NORMALIZED_SOURCE_KEY,BASELINE_ACCEPTED,True,17.8,19.3,248.9,1
CuP9,Core,Upland,Baphia nitida,3,baphia nitida,core,upland,core||upland||baphia nitida,baphia nitida,OMO_STR_0053,Baphia nitida,17.8,19.3,248.9,EXACT_NORMALIZED_SOURCE_KEY,BASELINE_ACCEPTED,True,53.400000000000006,57.900000000000006,746.7,3
CuP10,Core,Upland,Baphia nitida,1,baphia nitida,core,upland,core||upland||baphia nitida,baphia nitida,OMO_STR_0053,Baphia nitida,17.8,19.3,248.9,EXACT_NORMALIZED_SOURCE_KEY,BASELINE_ACCEPTED,True,17.8,19.3,248.9,1
CuP1,Core,Upland,Cola species,1,cola species,core,upland,core||upland||cola species,cola species,,,,,,,,False,,,,0
CuP9,Core,Upland,Cola species,1,cola species,core,upland,core||upland||cola species,cola species,,,,,,,,False,,,,0
CuP5,Core,Upland,Diospyrous mespiliformis,1,diospyrous mespiliformis,core,upland,core||upland||diospyrous mespiliformis,diospyrous mespiliformis,OMO_STR_0057,Diospyrous mespiliformis,24.2,26.0,460.1,LINK_TAXONOMICALLY_SECURE_WITH_ABUNDANCE_DISCREPANCY,TAXONOMICALLY_SECURE_ABUNDANCE_DISCREPANCY,True,24.2,26.0,460.1,1
CuP6,Core,Upland,Diospyrous mespiliformis,1,diospyrous mespiliformis,core,upland,core||upland||diospyrous mespiliformis,diospyrous mespiliformis,OMO_STR_0057,Diospyrous mespiliformis,24.2,26.0,460.1,LINK_TAXONOMICALLY_SECURE_WITH_ABUNDANCE_DISCREPANCY,TAXONOMICALLY_SECURE_ABUNDANCE_DISCREPANCY,True,24.2,26.0,460.1,1
CuP7,Core,Upland,Diospyrous mespiliformis,1,diospyrous mespiliformis,core,upland,core||upland||diospyrous mespiliformis,diospyrous mespiliformis,OMO_STR_0057,Diospyrous mespiliformis,24.2,26.0,460.1,LINK_TAXONOMICALLY_SECURE_WITH_ABUNDANCE_DISCREPANCY,TAXONOMICALLY_SECURE_ABUNDANCE_DISCREPANCY,True,24.2,26.0,460.1,1
CuP8,Core,Upland,Diospyrous mespiliformis,1,diospyrous mespiliformis,core,upland,core||upland||diospyrous mespiliformis,diospyrous mespiliformis,OMO_STR_0057,Diospyrous mespiliformis,24.2,26.0,460.1,LINK_TAXONOMICALLY_SECURE_WITH_ABUNDANCE_DISCREPANCY,TAXONOMICALLY_SECURE_ABUNDANCE_DISCREPANCY,True,24.2,26.0,460.1,1
CuP5,Core,Upland,Garcinia kola,1,garcinia kola,core,upland,core||upland||garcinia kola,garcinia kola,OMO_STR_0059,Garcinia kola,26.4,27.2,547.6,EXACT_NORMALIZED_SOURCE_KEY,BASELINE_ACCEPTED,True,26.4,27.2,547.6,1
CuP6,Core,Upland,Garcinia kola,2,garcinia kola,core,upland,core||upland||garcinia kola,garcinia kola,OMO_STR_0059,Garcinia kola,26.4,27.2,547.6,EXACT_NORMALIZED_SOURCE_KEY,BASELINE_ACCEPTED,True,52.8,54.4,1095.2,2
CuP8,Core,Upland,Garcinia kola,1,garcinia kola,core,upland,core||upland||garcinia kola,garcinia kola,OMO_STR_0059,Garcinia kola,26.4,27.2,547.6,EXACT_NORMALIZED_SOURCE_KEY,BASELINE_ACCEPTED,True,26.4,27.2,547.6,1
BuP4,Buffer,Upland,Garcinia kola,1,garcinia kola,buffer,upland,buffer||upland||garcinia kola,garcinia kola,OMO_STR_0147,Garcinia kola,27.7,27.7,602.8,EXACT_NORMALIZED_SOURCE_KEY,BASELINE_ACCEPTED,True,27.7,27.7,602.8,1
BuP8,Buffer,Upland,Garcinia kola,1,garcinia kola,buffer,upland,buffer||upland||garcinia kola,garcinia kola,OMO_STR_0147,Garcinia kola,27.7,27.7,602.8,EXACT_NORMALIZED_SOURCE_KEY,BASELINE_ACCEPTED,True,27.7,27.7,602.8,1
BuP10,Buffer,Upland,Garcinia kola,1,garcinia kola,buffer,upland,buffer||upland||garcinia kola,garcinia kola,OMO_STR_0147,Garcinia kola,27.7,27.7,602.8,EXACT_NORMALIZED_SOURCE_KEY,BASELINE_ACCEPTED,True,27.7,27.7,602.8,1
CuP5,Core,Upland,Hildegardia barteri,1,hildegardia barteri,core,upland,core||upland||hildegardia barteri,hildegardia barteri,OMO_STR_0060,Hildegardia barteri,23.0,21.2,415.6,ACCEPTED_STRONG_ORTHOGRAPHIC_AND_ABUNDANCE_EVIDENCE,ORTHOGRAPHIC_AND_ABUNDANCE_SUPPORTED,True,23.0,21.2,415.6,1
CuP7,Core,Upland,Hildegardia barteri,1,hildegardia barteri,core,upland,core||upland||hildegardia barteri,hildegardia barteri,OMO_STR_0060,Hildegardia barteri,23.0,21.2,415.6,ACCEPTED_STRONG_ORTHOGRAPHIC_AND_ABUNDANCE_EVIDENCE,ORTHOGRAPHIC_AND_ABUNDANCE_SUPPORTED,True,23.0,21.2,415.6,1
CuP9,Core,Upland,Hildegardia barteri,1,hildegardia barteri,core,upland,core||upland||hildegardia barteri,hildegardia barteri,OMO_STR_0060,Hildegardia barteri,23.0,21.2,415.6,ACCEPTED_STRONG_ORTHOGRAPHIC_AND_ABUNDANCE_EVIDENCE,ORTHOGRAPHIC_AND_ABUNDANCE_SUPPORTED,True,23.0,21.2,415.6,1
CuP4,Core,Upland,Lecaniodiscus cupaniodes,1,lecaniodiscus cupaniodes,core,upland,core||upland||lecaniodiscus cupaniodes,lecaniodiscus cupaniodes,OMO_STR_0061,Lecaniodiscus cupaniodes,18.0,18.2,254.5,EXACT_NORMALIZED_SOURCE_KEY,BASELINE_ACCEPTED,True,18.0,18.2,254.5,1
CuP9,Core,Upland,Lecaniodiscus cupaniodes,1,lecaniodiscus cupaniodes,core,upland,core||upland||lecaniodiscus cupaniodes,lecaniodiscus cupaniodes,OMO_STR_0061,Lecaniodiscus cupaniodes,18.0,18.2,254.5,EXACT_NORMALIZED_SOURCE_KEY,BASELINE_ACCEPTED,True,18.0,18.2,254.5,1
CuP10,Core,Upland,Lecaniodiscus cupaniodes,1,lecaniodiscus cupaniodes,core,upland,core||upland||lecaniodiscus cupaniodes,lecaniodiscus cupaniodes,OMO_STR_0061,Lecaniodiscus cupaniodes,18.0,18.2,254.5,EXACT_NORMALIZED_SOURCE_KEY,BASELINE_ACCEPTED,True,18.0,18.2,254.5,1
BmP2,Buffer,Major River,Lecaniodiscus cupaniodes,1,lecaniodiscus cupaniodes,buffer,major river,buffer||major river||lecaniodiscus cupaniodes,lecaniodiscus cupaniodes,OMO_STR_0089,Lecaniodiscus cupaniodes,10.8,9.8,91.64,ACCEPTED_STRONG_ORTHOGRAPHIC_AND_ABUNDANCE_EVIDENCE,ORTHOGRAPHIC_AND_ABUNDANCE_SUPPORTED,True,10.8,9.8,91.64,1
BmP8,Buffer,Major River,Lecaniodiscus cupaniodes,1,lecaniodiscus cupaniodes,buffer,major river,buffer||major river||lecaniodiscus cupaniodes,lecaniodiscus cupaniodes,OMO_STR_0089,Lecaniodiscus cupaniodes,10.8,9.8,91.64,ACCEPTED_STRONG_ORTHOGRAPHIC_AND_ABUNDANCE_EVIDENCE,ORTHOGRAPHIC_AND_ABUNDANCE_SUPPORTED,True,10.8,9.8,91.64,1
BuP2,Buffer,Upland,Lecaniodiscus cupaniodes,1,lecaniodiscus cupaniodes,buffer,upland,buffer||upland||lecaniodiscus cupaniodes,lecaniodiscus cupaniodes,OMO_STR_0149,lecaniodiscus cupaniodes,32.2,33.2,814.6,EXACT_NORMALIZED_SOURCE_KEY,BASELINE_ACCEPTED,True,32.2,33.2,814.6,1
BuP6,Buffer,Upland,Lecaniodiscus cupaniodes,1,lecaniodiscus cupaniodes,buffer,upland,buffer||upland||lecaniodiscus cupaniodes,lecaniodiscus cupaniodes,OMO_STR_0149,lecaniodiscus cupaniodes,32.2,33.2,814.6,EXACT_NORMALIZED_SOURCE_KEY,BASELINE_ACCEPTED,True,32.2,33.2,814.6,1
BuP10,Buffer,Upland,Lecaniodiscus cupaniodes,1,lecaniodiscus cupaniodes,buffer,upland,buffer||upland||lecaniodiscus cupaniodes,lecaniodiscus cupaniodes,OMO_STR_0149,lecaniodiscus cupaniodes,32.2,33.2,814.6,EXACT_NORMALIZED_SOURCE_KEY,BASELINE_ACCEPTED,True,32.2,33.2,814.6,1
CuP1,Core,Upland,Maesobotrya barteri,1,maesobotrya barteri,core,upland,core||upland||maesobotrya barteri,maesobotrya barteri,OMO_STR_0064,Maesobotrya barteri,22.4,23.3,394.2,VALIDATED_CANONICAL_RESCUE,BASELINE_ACCEPTED,True,22.4,23.3,394.2,1
CuP3,Core,Upland,Maesobotrya barteri,1,maesobotrya barteri,core,upland,core||upland||maesobotrya barteri,maesobotrya barteri,OMO_STR_0064,Maesobotrya barteri,22.4,23.3,394.2,VALIDATED_CANONICAL_RESCUE,BASELINE_ACCEPTED,True,22.4,23.3,394.2,1
CuP4,Core,Upland,Maesobotrya barteri,3,maesobotrya barteri,core,upland,core||upland||maesobotrya barteri,maesobotrya barteri,OMO_STR_0064,Maesobotrya barteri,22.4,23.3,394.2,VALIDATED_CANONICAL_RESCUE,BASELINE_ACCEPTED,True,67.19999999999999,69.9,1182.6,3
CuP5,Core,Upland,Maesobotrya barteri,2,maesobotrya barteri,core,upland,core||upland||maesobotrya barteri,maesobotrya barteri,OMO_STR_0064,Maesobotrya barteri,22.4,23.3,394.2,VALIDATED_CANONICAL_RESCUE,BASELINE_ACCEPTED,True,44.8,46.6,788.4,2
CuP9,Core,Upland,Maesobotrya barteri,1,maesobotrya barteri,core,upland,core||upland||maesobotrya barteri,maesobotrya barteri,OMO_STR_0064,Maesobotrya barteri,22.4,23.3,394.2,VALIDATED_CANONICAL_RESCUE,BASELINE_ACCEPTED,True,22.4,23.3,394.2,1
CuP10,Core,Upland,Maesobotrya barteri,1,maesobotrya barteri,core,upland,core||upland||maesobotrya barteri,maesobotrya barteri,OMO_STR_0064,Maesobotrya barteri,22.4,23.3,394.2,VALIDATED_CANONICAL_RESCUE,BASELINE_ACCEPTED,True,22.4,23.3,394.2,1
CuP4,Core,Upland,Nauclea diderrichi,1,nauclea diderrichi,core,upland,core||upland||nauclea diderrichi,nauclea diderrichi,OMO_STR_0065,Nauclea diderrichi,24.0,27.7,452.5,EXACT_NORMALIZED_SOURCE_KEY,BASELINE_ACCEPTED,True,24.0,27.7,452.5,1
CuP6,Core,Upland,Nauclea diderrichi,1,nauclea diderrichi,core,upland,core||upland||nauclea diderrichi,nauclea diderrichi,OMO_STR_0065,Nauclea diderrichi,24.0,27.7,452.5,EXACT_NORMALIZED_SOURCE_KEY,BASELINE_ACCEPTED,True,24.0,27.7,452.5,1
CuP9,Core,Upland,Nauclea diderrichi,1,nauclea diderrichi,core,upland,core||upland||nauclea diderrichi,nauclea diderrichi,OMO_STR_0065,Nauclea diderrichi,24.0,27.7,452.5,EXACT_NORMALIZED_SOURCE_KEY,BASELINE_ACCEPTED,True,24.0,27.7,452.5,1
BsP5,Buffer,Stream,Nauclea diderrichi,2,nauclea diderrichi,buffer,stream,buffer||stream||nauclea diderrichi,nauclea diderrichi,OMO_STR_0123,Nauclea diderrichi,28.4,29.7,633.7,EXACT_NORMALIZED_SOURCE_KEY,BASELINE_ACCEPTED,True,56.8,59.4,1267.4,2
BsP8,Buffer,Stream,Nauclea diderrichi,3,nauclea diderrichi,buffer,stream,buffer||stream||nauclea diderrichi,nauclea diderrichi,OMO_STR_0123,Nauclea diderrichi,28.4,29.7,633.7,EXACT_NORMALIZED_SOURCE_KEY,BASELINE_ACCEPTED,True,85.19999999999999,89.1,1901.1000000000001,3
BsP9,Buffer,Stream,Nauclea diderrichi,2,nauclea diderrichi,buffer,stream,buffer||stream||nauclea diderrichi,nauclea diderrichi,OMO_STR_0123,Nauclea diderrichi,28.4,29.7,633.7,EXACT_NORMALIZED_SOURCE_KEY,BASELINE_ACCEPTED,True,56.8,59.4,1267.4,2
BsP10,Buffer,Stream,Nauclea diderrichi,2,nauclea diderrichi,buffer,stream,buffer||stream||nauclea diderrichi,nauclea diderrichi,OMO_STR_0123,Nauclea diderrichi,28.4,29.7,633.7,EXACT_NORMALIZED_SOURCE_KEY,BASELINE_ACCEPTED,True,56.8,59.4,1267.4,2
CuP1,Core,Upland,Nesogordonia papaverifera,1,nesogordonia papaverifera,core,upland,core||upland||nesogordonia papaverifera,nesogordonia papaverifera,OMO_STR_0066,Nesogordonia papaverifera,32.7,34.1,840.1,VALIDATED_CANONICAL_RESCUE,BASELINE_ACCEPTED,True,32.7,34.1,840.1,1
CuP2,Core,Upland,Nesogordonia papaverifera,2,nesogordonia papaverifera,core,upland,core||upland||nesogordonia papaverifera,nesogordonia papaverifera,OMO_STR_0066,Nesogordonia papaverifera,32.7,34.1,840.1,VALIDATED_CANONICAL_RESCUE,BASELINE_ACCEPTED,True,65.4,68.2,1680.2,2
CuP3,Core,Upland,Nesogordonia papaverifera,3,nesogordonia papaverifera,core,upland,core||upland||nesogordonia papaverifera,nesogordonia papaverifera,OMO_STR_0066,Nesogordonia papaverifera,32.7,34.1,840.1,VALIDATED_CANONICAL_RESCUE,BASELINE_ACCEPTED,True,98.10000000000001,102.30000000000001,2520.3,3
CuP4,Core,Upland,Nesogordonia papaverifera,1,nesogordonia papaverifera,core,upland,core||upland||nesogordonia papaverifera,nesogordonia papaverifera,OMO_STR_0066,Nesogordonia papaverifera,32.7,34.1,840.1,VALIDATED_CANONICAL_RESCUE,BASELINE_ACCEPTED,True,32.7,34.1,840.1,1
CuP5,Core,Upland,Nesogordonia papaverifera,2,nesogordonia papaverifera,core,upland,core||upland||nesogordonia papaverifera,nesogordonia papaverifera,OMO_STR_0066,Nesogordonia papaverifera,32.7,34.1,840.1,VALIDATED_CANONICAL_RESCUE,BASELINE_ACCEPTED,True,65.4,68.2,1680.2,2
CuP8,Core,Upland,Nesogordonia papaverifera,2,nesogordonia papaverifera,core,upland,core||upland||nesogordonia papaverifera,nesogordonia papaverifera,OMO_STR_0066,Nesogordonia papaverifera,32.7,34.1,840.1,VALIDATED_CANONICAL_RESCUE,BASELINE_ACCEPTED,True,65.4,68.2,1680.2,2
CuP9,Core,Upland,Nesogordonia papaverifera,1,nesogordonia papaverifera,core,upland,core||upland||nesogordonia papaverifera,nesogordonia papaverifera,OMO_STR_0066,Nesogordonia papaverifera,32.7,34.1,840.1,VALIDATED_CANONICAL_RESCUE,BASELINE_ACCEPTED,True,32.7,34.1,840.1,1
BmP3,Buffer,Major River,Nesogordonia papaverifera,1,nesogordonia papaverifera,buffer,major river,buffer||major river||nesogordonia papaverifera,nesogordonia papaverifera,OMO_STR_0092,Nesogordonia papaverifera,84.0,62.4,5544.0,EXACT_NORMALIZED_SOURCE_KEY,BASELINE_ACCEPTED,True,84.0,62.4,5544.0,1
CuP2,Core,Upland,Pterocarpus osun,1,pterocarpus osun,core,upland,core||upland||pterocarpus osun,pterocarpus osun,OMO_STR_0067,Pterocarpus osun,41.5,42.6,1353.0,EXACT_NORMALIZED_SOURCE_KEY,BASELINE_ACCEPTED,True,41.5,42.6,1353.0,1
CuP7,Core,Upland,Pterocarpus osun,1,pterocarpus osun,core,upland,core||upland||pterocarpus osun,pterocarpus osun,OMO_STR_0067,Pterocarpus osun,41.5,42.6,1353.0,EXACT_NORMALIZED_SOURCE_KEY,BASELINE_ACCEPTED,True,41.5,42.6,1353.0,1
CuP10,Core,Upland,Pterocarpus osun,1,pterocarpus osun,core,upland,core||upland||pterocarpus osun,pterocarpus osun,OMO_STR_0067,Pterocarpus osun,41.5,42.6,1353.0,EXACT_NORMALIZED_SOURCE_KEY,BASELINE_ACCEPTED,True,41.5,42.6,1353.0,1
BsP4,Buffer,Stream,Pterocarpus osun,1,pterocarpus osun,buffer,stream,buffer||stream||pterocarpus osun,pterocarpus osun,OMO_STR_0126,Pterocarpus osun,17.0,13.8,227.0,EXACT_NORMALIZED_SOURCE_KEY,BASELINE_ACCEPTED,True,17.0,13.8,227.0,1
CuP5,Core,Upland,Rinorea dentata,1,rinorea dentata,core,upland,core||upland||rinorea dentata,rinorea dentata,OMO_STR_0070,Rinorea dentata,19.2,20.0,289.6,EXACT_NORMALIZED_SOURCE_KEY,BASELINE_ACCEPTED,True,19.2,20.0,289.6,1
CuP7,Core,Upland,Rinorea dentata,3,rinorea dentata,core,upland,core||upland||rinorea dentata,rinorea dentata,OMO_STR_0070,Rinorea dentata,19.2,20.0,289.6,EXACT_NORMALIZED_SOURCE_KEY,BASELINE_ACCEPTED,True,57.599999999999994,60.0,868.8000000000001,3
CuP1,Core,Upland,Scotellia coriaceae,1,scotellia coriaceae,core,upland,core||upland||scotellia coriaceae,scotellia coriaceae,OMO_STR_0071,Scotellia coriaceae,21.1,22.6,349.8,ACCEPTED_STRONG_ORTHOGRAPHIC_AND_ABUNDANCE_EVIDENCE,ORTHOGRAPHIC_AND_ABUNDANCE_SUPPORTED,True,21.1,22.6,349.8,1
CuP3,Core,Upland,Scotellia coriaceae,4,scotellia coriaceae,core,upland,core||upland||scotellia coriaceae,scotellia coriaceae,OMO_STR_0071,Scotellia coriaceae,21.1,22.6,349.8,ACCEPTED_STRONG_ORTHOGRAPHIC_AND_ABUNDANCE_EVIDENCE,ORTHOGRAPHIC_AND_ABUNDANCE_SUPPORTED,True,84.4,90.4,1399.2,4
CuP4,Core,Upland,Scotellia coriaceae,7,scotellia coriaceae,core,upland,core||upland||scotellia coriaceae,scotellia coriaceae,OMO_STR_0071,Scotellia coriaceae,21.1,22.6,349.8,ACCEPTED_STRONG_ORTHOGRAPHIC_AND_ABUNDANCE_EVIDENCE,ORTHOGRAPHIC_AND_ABUNDANCE_SUPPORTED,True,147.70000000000002,158.20000000000002,2448.6,7
CuP5,Core,Upland,Scotellia coriaceae,4,scotellia coriaceae,core,upland,core||upland||scotellia coriaceae,scotellia coriaceae,OMO_STR_0071,Scotellia coriaceae,21.1,22.6,349.8,ACCEPTED_STRONG_ORTHOGRAPHIC_AND_ABUNDANCE_EVIDENCE,ORTHOGRAPHIC_AND_ABUNDANCE_SUPPORTED,True,84.4,90.4,1399.2,4
CuP6,Core,Upland,Scotellia coriaceae,1,scotellia coriaceae,core,upland,core||upland||scotellia coriaceae,scotellia coriaceae,OMO_STR_0071,Scotellia coriaceae,21.1,22.6,349.8,ACCEPTED_STRONG_ORTHOGRAPHIC_AND_ABUNDANCE_EVIDENCE,ORTHOGRAPHIC_AND_ABUNDANCE_SUPPORTED,True,21.1,22.6,349.8,1
CuP7,Core,Upland,Scotellia coriaceae,4,scotellia coriaceae,core,upland,core||upland||scotellia coriaceae,scotellia coriaceae,OMO_STR_0071,Scotellia coriaceae,21.1,22.6,349.8,ACCEPTED_STRONG_ORTHOGRAPHIC_AND_ABUNDANCE_EVIDENCE,ORTHOGRAPHIC_AND_ABUNDANCE_SUPPORTED,True,84.4,90.4,1399.2,4
CuP9,Core,Upland,Scotellia coriaceae,1,scotellia coriaceae,core,upland,core||upland||scotellia coriaceae,scotellia coriaceae,OMO_STR_0071,Scotellia coriaceae,21.1,22.6,349.8,ACCEPTED_STRONG_ORTHOGRAPHIC_AND_ABUNDANCE_EVIDENCE,ORTHOGRAPHIC_AND_ABUNDANCE_SUPPORTED,True,21.1,22.6,349.8,1
CuP10,Core,Upland,Scotellia coriaceae,3,scotellia coriaceae,core,upland,core||upland||scotellia coriaceae,scotellia coriaceae,OMO_STR_0071,Scotellia coriaceae,21.1,22.6,349.8,ACCEPTED_STRONG_ORTHOGRAPHIC_AND_ABUNDANCE_EVIDENCE,ORTHOGRAPHIC_AND_ABUNDANCE_SUPPORTED,True,63.300000000000004,67.80000000000001,1049.4,3
CuP1,Core,Upland,Terminalia superba,1,terminalia superba,core,upland,core||upland||terminalia superba,terminalia superba,OMO_STR_0074,Terminalia superba,36.4,30.0,1041.0,EXACT_NORMALIZED_SOURCE_KEY,BASELINE_ACCEPTED,True,36.4,30.0,1041.0,1
CuP8,Core,Upland,Terminalia superba,2,terminalia superba,core,upland,core||upland||terminalia superba,terminalia superba,OMO_STR_0074,Terminalia superba,36.4,30.0,1041.0,EXACT_NORMALIZED_SOURCE_KEY,BASELINE_ACCEPTED,True,72.8,60.0,2082.0,2
CuP10,Core,Upland,Terminalia superba,1,terminalia superba,core,upland,core||upland||terminalia superba,terminalia superba,OMO_STR_0074,Terminalia superba,36.4,30.0,1041.0,EXACT_NORMALIZED_SOURCE_KEY,BASELINE_ACCEPTED,True,36.4,30.0,1041.0,1
BsP5,Buffer,Stream,Terminalia superba,1,terminalia superba,buffer,stream,buffer||stream||terminalia superba,terminalia superba,OMO_STR_0133,Terminalia superba,38.5,39.7,1164.0,EXACT_NORMALIZED_SOURCE_KEY,BASELINE_ACCEPTED,True,38.5,39.7,1164.0,1
BsP8,Buffer,Stream,Terminalia superba,1,terminalia superba,buffer,stream,buffer||stream||terminalia superba,terminalia superba,OMO_STR_0133,Terminalia superba,38.5,39.7,1164.0,EXACT_NORMALIZED_SOURCE_KEY,BASELINE_ACCEPTED,True,38.5,39.7,1164.0,1
BsP9,Buffer,Stream,Terminalia superba,1,terminalia superba,buffer,stream,buffer||stream||terminalia superba,terminalia superba,OMO_STR_0133,Terminalia superba,38.5,39.7,1164.0,EXACT_NORMALIZED_SOURCE_KEY,BASELINE_ACCEPTED,True,38.5,39.7,1164.0,1
BuP4,Buffer,Upland,Terminalia superba,11,terminalia superba,buffer,upland,buffer||upland||terminalia superba,terminalia superba,OMO_STR_0159,Terminalia superba,29.7,35.8,693.0,EXACT_NORMALIZED_SOURCE_KEY,BASELINE_ACCEPTED,True,326.7,393.79999999999995,7623.0,11
BuP6,Buffer,Upland,Terminalia superba,1,terminalia superba,buffer,upland,buffer||upland||terminalia superba,terminalia superba,OMO_STR_0159,Terminalia superba,29.7,35.8,693.0,EXACT_NORMALIZED_SOURCE_KEY,BASELINE_ACCEPTED,True,29.7,35.8,693.0,1
BuP9,Buffer,Upland,Terminalia superba,1,terminalia superba,buffer,upland,buffer||upland||terminalia superba,terminalia superba,OMO_STR_0159,Terminalia superba,29.7,35.8,693.0,EXACT_NORMALIZED_SOURCE_KEY,BASELINE_ACCEPTED,True,29.7,35.8,693.0,1
TmP4,Transition,Major River,Terminalia superba,1,terminalia superba,transition,major river,transition||major river||terminalia superba,terminalia superba,OMO_STR_0187,Terminalia superba,30.1,31.3,711.8,EXACT_NORMALIZED_SOURCE_KEY,BASELINE_ACCEPTED,True,30.1,31.3,711.8,1
TmP6,Transition,Major River,Terminalia superba,1,terminalia superba,transition,major river,transition||major river||terminalia superba,terminalia superba,OMO_STR_0187,Terminalia superba,30.1,31.3,711.8,EXACT_NORMALIZED_SOURCE_KEY,BASELINE_ACCEPTED,True,30.1,31.3,711.8,1
TmP10,Transition,Major River,Terminalia superba,2,terminalia superba,transition,major river,transition||major river||terminalia superba,terminalia superba,OMO_STR_0187,Terminalia superba,30.1,31.3,711.8,EXACT_NORMALIZED_SOURCE_KEY,BASELINE_ACCEPTED,True,60.2,62.6,1423.6,2
CuP5,Core,Upland,Zanthoxylum xanthoxyloides,1,zanthoxylum xanthoxyloides,core,upland,core||upland||zanthoxylum xanthoxyloides,zanthoxylum xanthoxyloides,OMO_STR_0075,Zanthoxylum xanthoxyloides,36.3,39.4,1035.0,EXACT_NORMALIZED_SOURCE_KEY,BASELINE_ACCEPTED,True,36.3,39.4,1035.0,1
CuP6,Core,Upland,Zanthoxylum xanthoxyloides,1,zanthoxylum xanthoxyloides,core,upland,core||upland||zanthoxylum xanthoxyloides,zanthoxylum xanthoxyloides,OMO_STR_0075,Zanthoxylum xanthoxyloides,36.3,39.4,1035.0,EXACT_NORMALIZED_SOURCE_KEY,BASELINE_ACCEPTED,True,36.3,39.4,1035.0,1
CuP10,Core,Upland,Zanthoxylum xanthoxyloides,1,zanthoxylum xanthoxyloides,core,upland,core||upland||zanthoxylum xanthoxyloides,zanthoxylum xanthoxyloides,OMO_STR_0075,Zanthoxylum xanthoxyloides,36.3,39.4,1035.0,EXACT_NORMALIZED_SOURCE_KEY,BASELINE_ACCEPTED,True,36.3,39.4,1035.0,1
BmP7,Buffer,Major River,Diallium guineense,1,diallium guineense,buffer,major river,buffer||major river||diallium guineense,diallium guineense,OMO_STR_0082,Diallium guineense,25.8,24.5,523.0,EXACT_NORMALIZED_SOURCE_KEY,BASELINE_ACCEPTED,True,25.8,24.5,523.0,1
BmP9,Buffer,Major River,Diallium guineense,1,diallium guineense,buffer,major river,buffer||major river||diallium guineense,diallium guineense,OMO_STR_0082,Diallium guineense,25.8,24.5,523.0,EXACT_NORMALIZED_SOURCE_KEY,BASELINE_ACCEPTED,True,25.8,24.5,523.0,1
BmP6,Buffer,Major River,Dillenia indica,1,dillenia indica,buffer,major river,buffer||major river||dillenia indica,dillenia indica,OMO_STR_0083,Dillenia indica,33.6,31.3,887.0,EXACT_NORMALIZED_SOURCE_KEY,BASELINE_ACCEPTED,True,33.6,31.3,887.0,1
BmP9,Buffer,Major River,Dillenia indica,1,dillenia indica,buffer,major river,buffer||major river||dillenia indica,dillenia indica,OMO_STR_0083,Dillenia indica,33.6,31.3,887.0,EXACT_NORMALIZED_SOURCE_KEY,BASELINE_ACCEPTED,True,33.6,31.3,887.0,1
BmP2,Buffer,Major River,Margartaria discoidea,3,margartaria discoidea,buffer,major river,buffer||major river||margartaria discoidea,margartaria discoidea,OMO_STR_0090,Margartaria discoidea,27.9,26.1,611.6,ACCEPTED_STRONG_ORTHOGRAPHIC_AND_ABUNDANCE_EVIDENCE,ORTHOGRAPHIC_AND_ABUNDANCE_SUPPORTED,True,83.69999999999999,78.30000000000001,1834.8000000000002,3
BmP8,Buffer,Major River,Margartaria discoidea,1,margartaria discoidea,buffer,major river,buffer||major river||margartaria discoidea,margartaria discoidea,OMO_STR_0090,Margartaria discoidea,27.9,26.1,611.6,ACCEPTED_STRONG_ORTHOGRAPHIC_AND_ABUNDANCE_EVIDENCE,ORTHOGRAPHIC_AND_ABUNDANCE_SUPPORTED,True,27.9,26.1,611.6,1
BmP10,Buffer,Major River,Margartaria discoidea,2,margartaria discoidea,buffer,major river,buffer||major river||margartaria discoidea,margartaria discoidea,OMO_STR_0090,Margartaria discoidea,27.9,26.1,611.6,ACCEPTED_STRONG_ORTHOGRAPHIC_AND_ABUNDANCE_EVIDENCE,ORTHOGRAPHIC_AND_ABUNDANCE_SUPPORTED,True,55.8,52.2,1223.2,2
BmP1,Buffer,Major River,Musanga cecropioides,1,musanga cecropioides,buffer,major river,buffer||major river||musanga cecropioides,musanga cecropioides,OMO_STR_0091,Musanga cecropioides,25.0,21.4,491.0,EXACT_NORMALIZED_SOURCE_KEY,BASELINE_ACCEPTED,True,25.0,21.4,491.0,1
BmP3,Buffer,Major River,Musanga cecropioides,2,musanga cecropioides,buffer,major river,buffer||major river||musanga cecropioides,musanga cecropioides,OMO_STR_0091,Musanga cecropioides,25.0,21.4,491.0,EXACT_NORMALIZED_SOURCE_KEY,BASELINE_ACCEPTED,True,50.0,42.8,982.0,2
BmP4,Buffer,Major River,Musanga cecropioides,1,musanga cecropioides,buffer,major river,buffer||major river||musanga cecropioides,musanga cecropioides,OMO_STR_0091,Musanga cecropioides,25.0,21.4,491.0,EXACT_NORMALIZED_SOURCE_KEY,BASELINE_ACCEPTED,True,25.0,21.4,491.0,1
BmP5,Buffer,Major River,Musanga cecropioides,2,musanga cecropioides,buffer,major river,buffer||major river||musanga cecropioides,musanga cecropioides,OMO_STR_0091,Musanga cecropioides,25.0,21.4,491.0,EXACT_NORMALIZED_SOURCE_KEY,BASELINE_ACCEPTED,True,50.0,42.8,982.0,2
BmP6,Buffer,Major River,Musanga cecropioides,2,musanga cecropioides,buffer,major river,buffer||major river||musanga cecropioides,musanga cecropioides,OMO_STR_0091,Musanga cecropioides,25.0,21.4,491.0,EXACT_NORMALIZED_SOURCE_KEY,BASELINE_ACCEPTED,True,50.0,42.8,982.0,2
BmP7,Buffer,Major River,Musanga cecropioides,2,musanga cecropioides,buffer,major river,buffer||major river||musanga cecropioides,musanga cecropioides,OMO_STR_0091,Musanga cecropioides,25.0,21.4,491.0,EXACT_NORMALIZED_SOURCE_KEY,BASELINE_ACCEPTED,True,50.0,42.8,982.0,2
BmP9,Buffer,Major River,Musanga cecropioides,1,musanga cecropioides,buffer,major river,buffer||major river||musanga cecropioides,musanga cecropioides,OMO_STR_0091,Musanga cecropioides,25.0,21.4,491.0,EXACT_NORMALIZED_SOURCE_KEY,BASELINE_ACCEPTED,True,25.0,21.4,491.0,1
BmP10,Buffer,Major River,Musanga cecropioides,1,musanga cecropioides,buffer,major river,buffer||major river||musanga cecropioides,musanga cecropioides,OMO_STR_0091,Musanga cecropioides,25.0,21.4,491.0,EXACT_NORMALIZED_SOURCE_KEY,BASELINE_ACCEPTED,True,25.0,21.4,491.0,1
BmP7,Buffer,Major River,Pavetta corymbosia,1,pavetta corymbosia,buffer,major river,buffer||major river||pavetta corymbosia,pavetta corymbosia,OMO_STR_0093,Pavetta Corymbosia,66.8,58.1,3506.0,EXACT_NORMALIZED_SOURCE_KEY,BASELINE_ACCEPTED,True,66.8,58.1,3506.0,1
BmP3,Buffer,Major River,Pycanthus angolensis,2,pycanthus angolensis,buffer,major river,buffer||major river||pycanthus angolensis,pycanthus angolensis,OMO_STR_0095,Pycanthus angolensis,26.6,24.3,555.9,ACCEPTED_STRONG_ORTHOGRAPHIC_AND_ABUNDANCE_EVIDENCE,ORTHOGRAPHIC_AND_ABUNDANCE_SUPPORTED,True,53.2,48.6,1111.8,2
BmP6,Buffer,Major River,Pycanthus angolensis,2,pycanthus angolensis,buffer,major river,buffer||major river||pycanthus angolensis,pycanthus angolensis,OMO_STR_0095,Pycanthus angolensis,26.6,24.3,555.9,ACCEPTED_STRONG_ORTHOGRAPHIC_AND_ABUNDANCE_EVIDENCE,ORTHOGRAPHIC_AND_ABUNDANCE_SUPPORTED,True,53.2,48.6,1111.8,2
BmP8,Buffer,Major River,Pycanthus angolensis,1,pycanthus angolensis,buffer,major river,buffer||major river||pycanthus angolensis,pycanthus angolensis,OMO_STR_0095,Pycanthus angolensis,26.6,24.3,555.9,ACCEPTED_STRONG_ORTHOGRAPHIC_AND_ABUNDANCE_EVIDENCE,ORTHOGRAPHIC_AND_ABUNDANCE_SUPPORTED,True,26.6,24.3,555.9,1
BmP9,Buffer,Major River,Pycanthus angolensis,1,pycanthus angolensis,buffer,major river,buffer||major river||pycanthus angolensis,pycanthus angolensis,OMO_STR_0095,Pycanthus angolensis,26.6,24.3,555.9,ACCEPTED_STRONG_ORTHOGRAPHIC_AND_ABUNDANCE_EVIDENCE,ORTHOGRAPHIC_AND_ABUNDANCE_SUPPORTED,True,26.6,24.3,555.9,1
TmP1,Transition,Major River,Pycanthus angolensis,2,pycanthus angolensis,transition,major river,transition||major river||pycanthus angolensis,pycanthus angolensis,OMO_STR_0182,Pycanthus angolensis,26.3,27.3,543.4,EXACT_NORMALIZED_SOURCE_KEY,BASELINE_ACCEPTED,True,52.6,54.6,1086.8,2
TmP4,Transition,Major River,Pycanthus angolensis,1,pycanthus angolensis,transition,major river,transition||major river||pycanthus angolensis,pycanthus angolensis,OMO_STR_0182,Pycanthus angolensis,26.3,27.3,543.4,EXACT_NORMALIZED_SOURCE_KEY,BASELINE_ACCEPTED,True,26.3,27.3,543.4,1
TmP6,Transition,Major River,Pycanthus angolensis,1,pycanthus angolensis,transition,major river,transition||major river||pycanthus angolensis,pycanthus angolensis,OMO_STR_0182,Pycanthus angolensis,26.3,27.3,543.4,EXACT_NORMALIZED_SOURCE_KEY,BASELINE_ACCEPTED,True,26.3,27.3,543.4,1
TmP7,Transition,Major River,Pycanthus angolensis,1,pycanthus angolensis,transition,major river,transition||major river||pycanthus angolensis,pycanthus angolensis,OMO_STR_0182,Pycanthus angolensis,26.3,27.3,543.4,EXACT_NORMALIZED_SOURCE_KEY,BASELINE_ACCEPTED,True,26.3,27.3,543.4,1
TmP9,Transition,Major River,Pycanthus angolensis,1,pycanthus angolensis,transition,major river,transition||major river||pycanthus angolensis,pycanthus angolensis,OMO_STR_0182,Pycanthus angolensis,26.3,27.3,543.4,EXACT_NORMALIZED_SOURCE_KEY,BASELINE_ACCEPTED,True,26.3,27.3,543.4,1
TmP10,Transition,Major River,Pycanthus angolensis,1,pycanthus angolensis,transition,major river,transition||major river||pycanthus angolensis,pycanthus angolensis,OMO_STR_0182,Pycanthus angolensis,26.3,27.3,543.4,EXACT_NORMALIZED_SOURCE_KEY,BASELINE_ACCEPTED,True,26.3,27.3,543.4,1
BmP1,Buffer,Major River,Ricinodendron heudeotii,1,ricinodendron heudeotii,buffer,major river,buffer||major river||ricinodendron heudeotii,ricinodendron heudeotii,OMO_STR_0096,Ricinodendron heudeotii,51.2,55.9,2059.0,EXACT_NORMALIZED_SOURCE_KEY,BASELINE_ACCEPTED,True,51.2,55.9,2059.0,1
BmP2,Buffer,Major River,Ricinodendron heudeotii,1,ricinodendron heudeotii,buffer,major river,buffer||major river||ricinodendron heudeotii,ricinodendron heudeotii,OMO_STR_0096,Ricinodendron heudeotii,51.2,55.9,2059.0,EXACT_NORMALIZED_SOURCE_KEY,BASELINE_ACCEPTED,True,51.2,55.9,2059.0,1
BsP5,Buffer,Stream,Afzelia africana,1,afzelia africana,buffer,stream,buffer||stream||afzelia africana,afzelia africana,,,,,,,,False,,,,0
BsP7,Buffer,Stream,Afzelia africana,1,afzelia africana,buffer,stream,buffer||stream||afzelia africana,afzelia africana,,,,,,,,False,,,,0
BsP8,Buffer,Stream,Afzelia africana,1,afzelia africana,buffer,stream,buffer||stream||afzelia africana,afzelia africana,,,,,,,,False,,,,0
BsP9,Buffer,Stream,Afzelia africana,1,afzelia africana,buffer,stream,buffer||stream||afzelia africana,afzelia africana,,,,,,,,False,,,,0
BsP2,Buffer,Stream,Albizia zygia,1,albizia zygia,buffer,stream,buffer||stream||albizia zygia,albizia zygia,OMO_STR_0101,Albizia zygia,28.5,28.3,638.2,EXACT_NORMALIZED_SOURCE_KEY,BASELINE_ACCEPTED,True,28.5,28.3,638.2,1
BsP6,Buffer,Stream,Albizia zygia,1,albizia zygia,buffer,stream,buffer||stream||albizia zygia,albizia zygia,OMO_STR_0101,Albizia zygia,28.5,28.3,638.2,EXACT_NORMALIZED_SOURCE_KEY,BASELINE_ACCEPTED,True,28.5,28.3,638.2,1
TsP3,Transition,Stream,Albizia zygia,1,albizia zygia,transition,stream,transition||stream||albizia zygia,albizia zygia,OMO_STR_0191,Albizia zygia,22.0,24.5,380.2,EXACT_NORMALIZED_SOURCE_KEY,BASELINE_ACCEPTED,True,22.0,24.5,380.2,1
TsP7,Transition,Stream,Albizia zygia,1,albizia zygia,transition,stream,transition||stream||albizia zygia,albizia zygia,OMO_STR_0191,Albizia zygia,22.0,24.5,380.2,EXACT_NORMALIZED_SOURCE_KEY,BASELINE_ACCEPTED,True,22.0,24.5,380.2,1
BsP1,Buffer,Stream,Anthocleista djalonensis,1,anthocleista djalonensis,buffer,stream,buffer||stream||anthocleista djalonensis,anthocleista djalonensis,OMO_STR_0103,Anthocleista djalonensis,43.9,38.5,1514.0,EXACT_NORMALIZED_SOURCE_KEY,BASELINE_ACCEPTED,True,43.9,38.5,1514.0,1
BsP2,Buffer,Stream,Anthocleista djalonensis,1,anthocleista djalonensis,buffer,stream,buffer||stream||anthocleista djalonensis,anthocleista djalonensis,OMO_STR_0103,Anthocleista djalonensis,43.9,38.5,1514.0,EXACT_NORMALIZED_SOURCE_KEY,BASELINE_ACCEPTED,True,43.9,38.5,1514.0,1
BsP4,Buffer,Stream,Anthocleista djalonensis,1,anthocleista djalonensis,buffer,stream,buffer||stream||anthocleista djalonensis,anthocleista djalonensis,OMO_STR_0103,Anthocleista djalonensis,43.9,38.5,1514.0,EXACT_NORMALIZED_SOURCE_KEY,BASELINE_ACCEPTED,True,43.9,38.5,1514.0,1
BsP5,Buffer,Stream,Anthocleista djalonensis,3,anthocleista djalonensis,buffer,stream,buffer||stream||anthocleista djalonensis,anthocleista djalonensis,OMO_STR_0103,Anthocleista djalonensis,43.9,38.5,1514.0,EXACT_NORMALIZED_SOURCE_KEY,BASELINE_ACCEPTED,True,131.7,115.5,4542.0,3
BsP8,Buffer,Stream,Anthocleista djalonensis,1,anthocleista djalonensis,buffer,stream,buffer||stream||anthocleista djalonensis,anthocleista djalonensis,OMO_STR_0103,Anthocleista djalonensis,43.9,38.5,1514.0,EXACT_NORMALIZED_SOURCE_KEY,BASELINE_ACCEPTED,True,43.9,38.5,1514.0,1
BsP9,Buffer,Stream,Anthocleista djalonensis,1,anthocleista djalonensis,buffer,stream,buffer||stream||anthocleista djalonensis,anthocleista djalonensis,OMO_STR_0103,Anthocleista djalonensis,43.9,38.5,1514.0,EXACT_NORMALIZED_SOURCE_KEY,BASELINE_ACCEPTED,True,43.9,38.5,1514.0,1
BsP10,Buffer,Stream,Anthocleista djalonensis,2,anthocleista djalonensis,buffer,stream,buffer||stream||anthocleista djalonensis,anthocleista djalonensis,OMO_STR_0103,Anthocleista djalonensis,43.9,38.5,1514.0,EXACT_NORMALIZED_SOURCE_KEY,BASELINE_ACCEPTED,True,87.8,77.0,3028.0,2
BsP9,Buffer,Stream,Anthocleista vogelii,1,anthocleista vogelii,buffer,stream,buffer||stream||anthocleista vogelii,anthocleista vogelii,,,,,,,,False,,,,0
TsP1,Transition,Stream,Anthocleista vogelii,1,anthocleista vogelii,transition,stream,transition||stream||anthocleista vogelii,anthocleista vogelii,,,,,,,,False,,,,0
TsP3,Transition,Stream,Anthocleista vogelii,1,anthocleista vogelii,transition,stream,transition||stream||anthocleista vogelii,anthocleista vogelii,,,,,,,,False,,,,0
TsP4,Transition,Stream,Anthocleista vogelii,14,anthocleista vogelii,transition,stream,transition||stream||anthocleista vogelii,anthocleista vogelii,,,,,,,,False,,,,0
TsP5,Transition,Stream,Anthocleista vogelii,12,anthocleista vogelii,transition,stream,transition||stream||anthocleista vogelii,anthocleista vogelii,,,,,,,,False,,,,0
TsP7,Transition,Stream,Anthocleista vogelii,7,anthocleista vogelii,transition,stream,transition||stream||anthocleista vogelii,anthocleista vogelii,,,,,,,,False,,,,0
TsP8,Transition,Stream,Anthocleista vogelii,12,anthocleista vogelii,transition,stream,transition||stream||anthocleista vogelii,anthocleista vogelii,,,,,,,,False,,,,0
TsP9,Transition,Stream,Anthocleista vogelii,1,anthocleista vogelii,transition,stream,transition||stream||anthocleista vogelii,anthocleista vogelii,,,,,,,,False,,,,0
TsP10,Transition,Stream,Anthocleista vogelii,3,anthocleista vogelii,transition,stream,transition||stream||anthocleista vogelii,anthocleista vogelii,,,,,,,,False,,,,0
BsP3,Buffer,Stream,Brachystegia eurycoma,7,brachystegia eurycoma,buffer,stream,buffer||stream||brachystegia eurycoma,brachystegia eurycoma,OMO_STR_0105,Brachystegia eurycoma,22.2,24.0,387.2,EXACT_NORMALIZED_SOURCE_KEY,BASELINE_ACCEPTED,True,155.4,168.0,2710.4,7
BsP4,Buffer,Stream,Brachystegia eurycoma,1,brachystegia eurycoma,buffer,stream,buffer||stream||brachystegia eurycoma,brachystegia eurycoma,OMO_STR_0105,Brachystegia eurycoma,22.2,24.0,387.2,EXACT_NORMALIZED_SOURCE_KEY,BASELINE_ACCEPTED,True,22.2,24.0,387.2,1
BsP7,Buffer,Stream,Brachystegia eurycoma,3,brachystegia eurycoma,buffer,stream,buffer||stream||brachystegia eurycoma,brachystegia eurycoma,OMO_STR_0105,Brachystegia eurycoma,22.2,24.0,387.2,EXACT_NORMALIZED_SOURCE_KEY,BASELINE_ACCEPTED,True,66.6,72.0,1161.6,3
BsP8,Buffer,Stream,Brachystegia eurycoma,1,brachystegia eurycoma,buffer,stream,buffer||stream||brachystegia eurycoma,brachystegia eurycoma,OMO_STR_0105,Brachystegia eurycoma,22.2,24.0,387.2,EXACT_NORMALIZED_SOURCE_KEY,BASELINE_ACCEPTED,True,22.2,24.0,387.2,1
BsP10,Buffer,Stream,Brachystegia eurycoma,2,brachystegia eurycoma,buffer,stream,buffer||stream||brachystegia eurycoma,brachystegia eurycoma,OMO_STR_0105,Brachystegia eurycoma,22.2,24.0,387.2,EXACT_NORMALIZED_SOURCE_KEY,BASELINE_ACCEPTED,True,44.4,48.0,774.4,2
BsP1,Buffer,Stream,Bridelia ferruginea,1,bridelia ferruginea,buffer,stream,buffer||stream||bridelia ferruginea,bridelia ferruginea,OMO_STR_0106,Bridelia ferruginea,19.0,20.0,283.6,VALIDATED_CANONICAL_RESCUE,BASELINE_ACCEPTED,True,19.0,20.0,283.6,1
BsP2,Buffer,Stream,Bridelia ferruginea,1,bridelia ferruginea,buffer,stream,buffer||stream||bridelia ferruginea,bridelia ferruginea,OMO_STR_0106,Bridelia ferruginea,19.0,20.0,283.6,VALIDATED_CANONICAL_RESCUE,BASELINE_ACCEPTED,True,19.0,20.0,283.6,1
BsP5,Buffer,Stream,Bridelia ferruginea,1,bridelia ferruginea,buffer,stream,buffer||stream||bridelia ferruginea,bridelia ferruginea,OMO_STR_0106,Bridelia ferruginea,19.0,20.0,283.6,VALIDATED_CANONICAL_RESCUE,BASELINE_ACCEPTED,True,19.0,20.0,283.6,1
BsP6,Buffer,Stream,Bridelia ferruginea,1,bridelia ferruginea,buffer,stream,buffer||stream||bridelia ferruginea,bridelia ferruginea,OMO_STR_0106,Bridelia ferruginea,19.0,20.0,283.6,VALIDATED_CANONICAL_RESCUE,BASELINE_ACCEPTED,True,19.0,20.0,283.6,1
BsP8,Buffer,Stream,Bridelia ferruginea,1,bridelia ferruginea,buffer,stream,buffer||stream||bridelia ferruginea,bridelia ferruginea,OMO_STR_0106,Bridelia ferruginea,19.0,20.0,283.6,VALIDATED_CANONICAL_RESCUE,BASELINE_ACCEPTED,True,19.0,20.0,283.6,1
BsP9,Buffer,Stream,Bridelia ferruginea,2,bridelia ferruginea,buffer,stream,buffer||stream||bridelia ferruginea,bridelia ferruginea,OMO_STR_0106,Bridelia ferruginea,19.0,20.0,283.6,VALIDATED_CANONICAL_RESCUE,BASELINE_ACCEPTED,True,38.0,40.0,567.2,2
BsP10,Buffer,Stream,Bridelia ferruginea,1,bridelia ferruginea,buffer,stream,buffer||stream||bridelia ferruginea,bridelia ferruginea,OMO_STR_0106,Bridelia ferruginea,19.0,20.0,283.6,VALIDATED_CANONICAL_RESCUE,BASELINE_ACCEPTED,True,19.0,20.0,283.6,1
TsP1,Transition,Stream,Bridelia ferruginea,1,bridelia ferruginea,transition,stream,transition||stream||bridelia ferruginea,bridelia ferruginea,OMO_STR_0195,Bridelia ferruginea,23.2,22.1,422.9,EXACT_NORMALIZED_SOURCE_KEY,BASELINE_ACCEPTED,True,23.2,22.1,422.9,1
TsP3,Transition,Stream,Bridelia ferruginea,2,bridelia ferruginea,transition,stream,transition||stream||bridelia ferruginea,bridelia ferruginea,OMO_STR_0195,Bridelia ferruginea,23.2,22.1,422.9,EXACT_NORMALIZED_SOURCE_KEY,BASELINE_ACCEPTED,True,46.4,44.2,845.8,2
TsP6,Transition,Stream,Bridelia ferruginea,2,bridelia ferruginea,transition,stream,transition||stream||bridelia ferruginea,bridelia ferruginea,OMO_STR_0195,Bridelia ferruginea,23.2,22.1,422.9,EXACT_NORMALIZED_SOURCE_KEY,BASELINE_ACCEPTED,True,46.4,44.2,845.8,2
TsP7,Transition,Stream,Bridelia ferruginea,1,bridelia ferruginea,transition,stream,transition||stream||bridelia ferruginea,bridelia ferruginea,OMO_STR_0195,Bridelia ferruginea,23.2,22.1,422.9,EXACT_NORMALIZED_SOURCE_KEY,BASELINE_ACCEPTED,True,23.2,22.1,422.9,1
TsP10,Transition,Stream,Bridelia ferruginea,1,bridelia ferruginea,transition,stream,transition||stream||bridelia ferruginea,bridelia ferruginea,OMO_STR_0195,Bridelia ferruginea,23.2,22.1,422.9,EXACT_NORMALIZED_SOURCE_KEY,BASELINE_ACCEPTED,True,23.2,22.1,422.9,1
BsP1,Buffer,Stream,Cassia saimen,12,cassia saimen,buffer,stream,buffer||stream||cassia saimen,cassia saimen,OMO_STR_0107,Cassia saimen,27.2,27.2,581.3,EXACT_NORMALIZED_SOURCE_KEY,BASELINE_ACCEPTED,True,326.4,326.4,6975.599999999999,12
BsP2,Buffer,Stream,Cassia saimen,10,cassia saimen,buffer,stream,buffer||stream||cassia saimen,cassia saimen,OMO_STR_0107,Cassia saimen,27.2,27.2,581.3,EXACT_NORMALIZED_SOURCE_KEY,BASELINE_ACCEPTED,True,272.0,272.0,5813.0,10
BsP6,Buffer,Stream,Cassia saimen,8,cassia saimen,buffer,stream,buffer||stream||cassia saimen,cassia saimen,OMO_STR_0107,Cassia saimen,27.2,27.2,581.3,EXACT_NORMALIZED_SOURCE_KEY,BASELINE_ACCEPTED,True,217.6,217.6,4650.4,8
BsP9,Buffer,Stream,Cassia saimen,6,cassia saimen,buffer,stream,buffer||stream||cassia saimen,cassia saimen,OMO_STR_0107,Cassia saimen,27.2,27.2,581.3,EXACT_NORMALIZED_SOURCE_KEY,BASELINE_ACCEPTED,True,163.2,163.2,3487.7999999999997,6
BsP10,Buffer,Stream,Cassia saimen,2,cassia saimen,buffer,stream,buffer||stream||cassia saimen,cassia saimen,OMO_STR_0107,Cassia saimen,27.2,27.2,581.3,EXACT_NORMALIZED_SOURCE_KEY,BASELINE_ACCEPTED,True,54.4,54.4,1162.6,2
BsP3,Buffer,Stream,Ceiba pentandra,1,ceiba pentandra,buffer,stream,buffer||stream||ceiba pentandra,ceiba pentandra,OMO_STR_0108,Ceiba pentandra,22.8,25.3,408.4,EXACT_NORMALIZED_SOURCE_KEY,BASELINE_ACCEPTED,True,22.8,25.3,408.4,1
BsP7,Buffer,Stream,Ceiba pentandra,1,ceiba pentandra,buffer,stream,buffer||stream||ceiba pentandra,ceiba pentandra,OMO_STR_0108,Ceiba pentandra,22.8,25.3,408.4,EXACT_NORMALIZED_SOURCE_KEY,BASELINE_ACCEPTED,True,22.8,25.3,408.4,1
BsP10,Buffer,Stream,Ceiba pentandra,1,ceiba pentandra,buffer,stream,buffer||stream||ceiba pentandra,ceiba pentandra,OMO_STR_0108,Ceiba pentandra,22.8,25.3,408.4,EXACT_NORMALIZED_SOURCE_KEY,BASELINE_ACCEPTED,True,22.8,25.3,408.4,1
TuP1,Transition,Upland,Ceiba pentandra,1,ceiba pentandra,transition,upland,transition||upland||ceiba pentandra,ceiba pentandra,OMO_STR_0209,Ceiba pentandra,16.2,17.4,206.2,EXACT_NORMALIZED_SOURCE_KEY,BASELINE_ACCEPTED,True,16.2,17.4,206.2,1
TuP6,Transition,Upland,Ceiba pentandra,1,ceiba pentandra,transition,upland,transition||upland||ceiba pentandra,ceiba pentandra,OMO_STR_0209,Ceiba pentandra,16.2,17.4,206.2,EXACT_NORMALIZED_SOURCE_KEY,BASELINE_ACCEPTED,True,16.2,17.4,206.2,1
TuP9,Transition,Upland,Ceiba pentandra,1,ceiba pentandra,transition,upland,transition||upland||ceiba pentandra,ceiba pentandra,OMO_STR_0209,Ceiba pentandra,16.2,17.4,206.2,EXACT_NORMALIZED_SOURCE_KEY,BASELINE_ACCEPTED,True,16.2,17.4,206.2,1
BsP4,Buffer,Stream,Diospyrous melistoformis,1,diospyrous melistoformis,buffer,stream,buffer||stream||diospyrous melistoformis,diospyrous melistoformis,OMO_STR_0111,Diospyrous melistoformis,19.7,19.3,304.9,EXACT_NORMALIZED_SOURCE_KEY,BASELINE_ACCEPTED,True,19.7,19.3,304.9,1
BsP8,Buffer,Stream,Diospyrous melistoformis,1,diospyrous melistoformis,buffer,stream,buffer||stream||diospyrous melistoformis,diospyrous melistoformis,OMO_STR_0111,Diospyrous melistoformis,19.7,19.3,304.9,EXACT_NORMALIZED_SOURCE_KEY,BASELINE_ACCEPTED,True,19.7,19.3,304.9,1
BsP3,Buffer,Stream,Drypetes,2,drypetes,buffer,stream,buffer||stream||drypetes,drypetes,OMO_STR_0112,Drypetes,30.6,31.0,735.7,EXACT_NORMALIZED_SOURCE_KEY,BASELINE_ACCEPTED,True,61.2,62.0,1471.4,2
BsP4,Buffer,Stream,Drypetes,1,drypetes,buffer,stream,buffer||stream||drypetes,drypetes,OMO_STR_0112,Drypetes,30.6,31.0,735.7,EXACT_NORMALIZED_SOURCE_KEY,BASELINE_ACCEPTED,True,30.6,31.0,735.7,1
BsP8,Buffer,Stream,Drypetes,1,drypetes,buffer,stream,buffer||stream||drypetes,drypetes,OMO_STR_0112,Drypetes,30.6,31.0,735.7,EXACT_NORMALIZED_SOURCE_KEY,BASELINE_ACCEPTED,True,30.6,31.0,735.7,1
BsP3,Buffer,Stream,Funtumia africana,2,funtumia africana,buffer,stream,buffer||stream||funtumia africana,funtumia africana,OMO_STR_0113,Funtumia africana,33.1,37.1,860.8,EXACT_NORMALIZED_SOURCE_KEY,BASELINE_ACCEPTED,True,66.2,74.2,1721.6,2
BsP7,Buffer,Stream,Funtumia africana,1,funtumia africana,buffer,stream,buffer||stream||funtumia africana,funtumia africana,OMO_STR_0113,Funtumia africana,33.1,37.1,860.8,EXACT_NORMALIZED_SOURCE_KEY,BASELINE_ACCEPTED,True,33.1,37.1,860.8,1
BsP10,Buffer,Stream,Funtumia africana,2,funtumia africana,buffer,stream,buffer||stream||funtumia africana,funtumia africana,OMO_STR_0113,Funtumia africana,33.1,37.1,860.8,EXACT_NORMALIZED_SOURCE_KEY,BASELINE_ACCEPTED,True,66.2,74.2,1721.6,2
BsP1,Buffer,Stream,Gmelina arborea,6,gmelina arborea,buffer,stream,buffer||stream||gmelina arborea,gmelina arborea,OMO_STR_0115,Gmelina arborea,24.0,24.5,452.5,EXACT_NORMALIZED_SOURCE_KEY,BASELINE_ACCEPTED,True,144.0,147.0,2715.0,6
BsP2,Buffer,Stream,Gmelina arborea,1,gmelina arborea,buffer,stream,buffer||stream||gmelina arborea,gmelina arborea,OMO_STR_0115,Gmelina arborea,24.0,24.5,452.5,EXACT_NORMALIZED_SOURCE_KEY,BASELINE_ACCEPTED,True,24.0,24.5,452.5,1
BsP6,Buffer,Stream,Gmelina arborea,3,gmelina arborea,buffer,stream,buffer||stream||gmelina arborea,gmelina arborea,OMO_STR_0115,Gmelina arborea,24.0,24.5,452.5,EXACT_NORMALIZED_SOURCE_KEY,BASELINE_ACCEPTED,True,72.0,73.5,1357.5,3
BsP10,Buffer,Stream,Gmelina arborea,1,gmelina arborea,buffer,stream,buffer||stream||gmelina arborea,gmelina arborea,OMO_STR_0115,Gmelina arborea,24.0,24.5,452.5,EXACT_NORMALIZED_SOURCE_KEY,BASELINE_ACCEPTED,True,24.0,24.5,452.5,1
TsP3,Transition,Stream,Gmelina arborea,2,gmelina arborea,transition,stream,transition||stream||gmelina arborea,gmelina arborea,OMO_STR_0199,Gmelina arborea,35.1,38.2,968.0,EXACT_NORMALIZED_SOURCE_KEY,BASELINE_ACCEPTED,True,70.2,76.4,1936.0,2
TsP4,Transition,Stream,Gmelina arborea,1,gmelina arborea,transition,stream,transition||stream||gmelina arborea,gmelina arborea,OMO_STR_0199,Gmelina arborea,35.1,38.2,968.0,EXACT_NORMALIZED_SOURCE_KEY,BASELINE_ACCEPTED,True,35.1,38.2,968.0,1
TsP5,Transition,Stream,Gmelina arborea,1,gmelina arborea,transition,stream,transition||stream||gmelina arborea,gmelina arborea,OMO_STR_0199,Gmelina arborea,35.1,38.2,968.0,EXACT_NORMALIZED_SOURCE_KEY,BASELINE_ACCEPTED,True,35.1,38.2,968.0,1
TsP7,Transition,Stream,Gmelina arborea,2,gmelina arborea,transition,stream,transition||stream||gmelina arborea,gmelina arborea,OMO_STR_0199,Gmelina arborea,35.1,38.2,968.0,EXACT_NORMALIZED_SOURCE_KEY,BASELINE_ACCEPTED,True,70.2,76.4,1936.0,2
TsP8,Transition,Stream,Gmelina arborea,2,gmelina arborea,transition,stream,transition||stream||gmelina arborea,gmelina arborea,OMO_STR_0199,Gmelina arborea,35.1,38.2,968.0,EXACT_NORMALIZED_SOURCE_KEY,BASELINE_ACCEPTED,True,70.2,76.4,1936.0,2
TsP10,Transition,Stream,Gmelina arborea,1,gmelina arborea,transition,stream,transition||stream||gmelina arborea,gmelina arborea,OMO_STR_0199,Gmelina arborea,35.1,38.2,968.0,EXACT_NORMALIZED_SOURCE_KEY,BASELINE_ACCEPTED,True,35.1,38.2,968.0,1
BsP2,Buffer,Stream,Harungana madagascariensis,2,harungana madagascariensis,buffer,stream,buffer||stream||harungana madagascariensis,harungana madagascariensis,OMO_STR_0116,Harungana madagascariensis,16.7,17.5,219.1,EXACT_NORMALIZED_SOURCE_KEY,BASELINE_ACCEPTED,True,33.4,35.0,438.2,2
BsP6,Buffer,Stream,Harungana madagascariensis,2,harungana madagascariensis,buffer,stream,buffer||stream||harungana madagascariensis,harungana madagascariensis,OMO_STR_0116,Harungana madagascariensis,16.7,17.5,219.1,EXACT_NORMALIZED_SOURCE_KEY,BASELINE_ACCEPTED,True,33.4,35.0,438.2,2
BsP10,Buffer,Stream,Harungana madagascariensis,1,harungana madagascariensis,buffer,stream,buffer||stream||harungana madagascariensis,harungana madagascariensis,OMO_STR_0116,Harungana madagascariensis,16.7,17.5,219.1,EXACT_NORMALIZED_SOURCE_KEY,BASELINE_ACCEPTED,True,16.7,17.5,219.1,1
TsP6,Transition,Stream,Harungana madagascariensis,1,harungana madagascariensis,transition,stream,transition||stream||harungana madagascariensis,harungana madagascariensis,OMO_STR_0200,Harungana madagascariensis,28.6,30.4,642.6,EXACT_NORMALIZED_SOURCE_KEY,BASELINE_ACCEPTED,True,28.6,30.4,642.6,1
TsP10,Transition,Stream,Harungana madagascariensis,1,harungana madagascariensis,transition,stream,transition||stream||harungana madagascariensis,harungana madagascariensis,OMO_STR_0200,Harungana madagascariensis,28.6,30.4,642.6,EXACT_NORMALIZED_SOURCE_KEY,BASELINE_ACCEPTED,True,28.6,30.4,642.6,1
BsP4,Buffer,Stream,Hexalobus crispiflorus,8,hexalobus crispiflorus,buffer,stream,buffer||stream||hexalobus crispiflorus,hexalobus crispiflorus,OMO_STR_0117,Hexalobus crispiflorus,28.4,28.0,633.7,EXACT_NORMALIZED_SOURCE_KEY,BASELINE_ACCEPTED,True,227.2,224.0,5069.6,8
BsP7,Buffer,Stream,Hexalobus crispiflorus,1,hexalobus crispiflorus,buffer,stream,buffer||stream||hexalobus crispiflorus,hexalobus crispiflorus,OMO_STR_0117,Hexalobus crispiflorus,28.4,28.0,633.7,EXACT_NORMALIZED_SOURCE_KEY,BASELINE_ACCEPTED,True,28.4,28.0,633.7,1
BsP8,Buffer,Stream,Hexalobus crispiflorus,2,hexalobus crispiflorus,buffer,stream,buffer||stream||hexalobus crispiflorus,hexalobus crispiflorus,OMO_STR_0117,Hexalobus crispiflorus,28.4,28.0,633.7,EXACT_NORMALIZED_SOURCE_KEY,BASELINE_ACCEPTED,True,56.8,56.0,1267.4,2
BsP4,Buffer,Stream,Holarrhena floribunda,1,holarrhena floribunda,buffer,stream,buffer||stream||holarrhena floribunda,holarrhena floribunda,OMO_STR_0118,Holarrhena floribunda,27.0,27.0,572.7,EXACT_NORMALIZED_SOURCE_KEY,BASELINE_ACCEPTED,True,27.0,27.0,572.7,1
BsP7,Buffer,Stream,Holarrhena floribunda,1,holarrhena floribunda,buffer,stream,buffer||stream||holarrhena floribunda,holarrhena floribunda,OMO_STR_0118,Holarrhena floribunda,27.0,27.0,572.7,EXACT_NORMALIZED_SOURCE_KEY,BASELINE_ACCEPTED,True,27.0,27.0,572.7,1
BuP3,Buffer,Upland,Holarrhena floribunda,2,holarrhena floribunda,buffer,upland,buffer||upland||holarrhena floribunda,holarrhena floribunda,OMO_STR_0148,Holarrhena floribunda,38.2,37.2,1146.0,EXACT_NORMALIZED_SOURCE_KEY,BASELINE_ACCEPTED,True,76.4,74.4,2292.0,2
BuP8,Buffer,Upland,Holarrhena floribunda,1,holarrhena floribunda,buffer,upland,buffer||upland||holarrhena floribunda,holarrhena floribunda,OMO_STR_0148,Holarrhena floribunda,38.2,37.2,1146.0,EXACT_NORMALIZED_SOURCE_KEY,BASELINE_ACCEPTED,True,38.2,37.2,1146.0,1
TmP3,Transition,Major River,Holarrhena floribunda,1,holarrhena floribunda,transition,major river,transition||major river||holarrhena floribunda,holarrhena floribunda,OMO_STR_0174,Holarrhena floribunda,17.7,14.3,246.1,EXACT_NORMALIZED_SOURCE_KEY,BASELINE_ACCEPTED,True,17.7,14.3,246.1,1
TmP9,Transition,Major River,Holarrhena floribunda,1,holarrhena floribunda,transition,major river,transition||major river||holarrhena floribunda,holarrhena floribunda,OMO_STR_0174,Holarrhena floribunda,17.7,14.3,246.1,EXACT_NORMALIZED_SOURCE_KEY,BASELINE_ACCEPTED,True,17.7,14.3,246.1,1
BsP1,Buffer,Stream,Macaranga barteri,5,macaranga barteri,buffer,stream,buffer||stream||macaranga barteri,macaranga barteri,OMO_STR_0119,Macaranga barteri,40.1,39.7,1263.0,EXACT_NORMALIZED_SOURCE_KEY,BASELINE_ACCEPTED,True,200.5,198.5,6315.0,5
BsP2,Buffer,Stream,Macaranga barteri,4,macaranga barteri,buffer,stream,buffer||stream||macaranga barteri,macaranga barteri,OMO_STR_0119,Macaranga barteri,40.1,39.7,1263.0,EXACT_NORMALIZED_SOURCE_KEY,BASELINE_ACCEPTED,True,160.4,158.8,5052.0,4
BsP3,Buffer,Stream,Macaranga barteri,1,macaranga barteri,buffer,stream,buffer||stream||macaranga barteri,macaranga barteri,OMO_STR_0119,Macaranga barteri,40.1,39.7,1263.0,EXACT_NORMALIZED_SOURCE_KEY,BASELINE_ACCEPTED,True,40.1,39.7,1263.0,1
BsP4,Buffer,Stream,Macaranga barteri,10,macaranga barteri,buffer,stream,buffer||stream||macaranga barteri,macaranga barteri,OMO_STR_0119,Macaranga barteri,40.1,39.7,1263.0,EXACT_NORMALIZED_SOURCE_KEY,BASELINE_ACCEPTED,True,401.0,397.0,12630.0,10
BsP6,Buffer,Stream,Macaranga barteri,3,macaranga barteri,buffer,stream,buffer||stream||macaranga barteri,macaranga barteri,OMO_STR_0119,Macaranga barteri,40.1,39.7,1263.0,EXACT_NORMALIZED_SOURCE_KEY,BASELINE_ACCEPTED,True,120.30000000000001,119.10000000000001,3789.0,3
BsP7,Buffer,Stream,Macaranga barteri,2,macaranga barteri,buffer,stream,buffer||stream||macaranga barteri,macaranga barteri,OMO_STR_0119,Macaranga barteri,40.1,39.7,1263.0,EXACT_NORMALIZED_SOURCE_KEY,BASELINE_ACCEPTED,True,80.2,79.4,2526.0,2
BsP8,Buffer,Stream,Macaranga barteri,1,macaranga barteri,buffer,stream,buffer||stream||macaranga barteri,macaranga barteri,OMO_STR_0119,Macaranga barteri,40.1,39.7,1263.0,EXACT_NORMALIZED_SOURCE_KEY,BASELINE_ACCEPTED,True,40.1,39.7,1263.0,1
BsP9,Buffer,Stream,Macaranga barteri,4,macaranga barteri,buffer,stream,buffer||stream||macaranga barteri,macaranga barteri,OMO_STR_0119,Macaranga barteri,40.1,39.7,1263.0,EXACT_NORMALIZED_SOURCE_KEY,BASELINE_ACCEPTED,True,160.4,158.8,5052.0,4
BsP10,Buffer,Stream,Macaranga barteri,1,macaranga barteri,buffer,stream,buffer||stream||macaranga barteri,macaranga barteri,OMO_STR_0119,Macaranga barteri,40.1,39.7,1263.0,EXACT_NORMALIZED_SOURCE_KEY,BASELINE_ACCEPTED,True,40.1,39.7,1263.0,1
TmP3,Transition,Major River,Macaranga barteri,5,macaranga barteri,transition,major river,transition||major river||macaranga barteri,macaranga barteri,OMO_STR_0178,Macaranga barteri,50.1,26.1,1972.0,EXACT_NORMALIZED_SOURCE_KEY,BASELINE_ACCEPTED,True,250.5,130.5,9860.0,5
TmP9,Transition,Major River,Macaranga barteri,2,macaranga barteri,transition,major river,transition||major river||macaranga barteri,macaranga barteri,OMO_STR_0178,Macaranga barteri,50.1,26.1,1972.0,EXACT_NORMALIZED_SOURCE_KEY,BASELINE_ACCEPTED,True,100.2,52.2,3944.0,2
BsP4,Buffer,Stream,Melacantha alnifolia,3,melacantha alnifolia,buffer,stream,buffer||stream||melacantha alnifolia,melacantha alnifolia,OMO_STR_0120,Melacantha alnifolia,43.4,44.9,1479.0,EXACT_NORMALIZED_SOURCE_KEY,BASELINE_ACCEPTED,True,130.2,134.7,4437.0,3
BsP8,Buffer,Stream,Melacantha alnifolia,1,melacantha alnifolia,buffer,stream,buffer||stream||melacantha alnifolia,melacantha alnifolia,OMO_STR_0120,Melacantha alnifolia,43.4,44.9,1479.0,EXACT_NORMALIZED_SOURCE_KEY,BASELINE_ACCEPTED,True,43.4,44.9,1479.0,1
BsP5,Buffer,Stream,Musanga cecropoides,2,musanga cecropoides,buffer,stream,buffer||stream||musanga cecropoides,musanga cecropoides,OMO_STR_0122,Musanga cecropoides,42.5,28.4,1419.0,EXACT_NORMALIZED_SOURCE_KEY,BASELINE_ACCEPTED,True,85.0,56.8,2838.0,2
BsP10,Buffer,Stream,Musanga cecropoides,2,musanga cecropoides,buffer,stream,buffer||stream||musanga cecropoides,musanga cecropoides,OMO_STR_0122,Musanga cecropoides,42.5,28.4,1419.0,EXACT_NORMALIZED_SOURCE_KEY,BASELINE_ACCEPTED,True,85.0,56.8,2838.0,2
TmP2,Transition,Major River,Musanga cecropoides,4,musanga cecropoides,transition,major river,transition||major river||musanga cecropoides,musanga cecropoides,OMO_STR_0180,Musanga cecropoides,16.2,12.4,206.2,EXACT_NORMALIZED_SOURCE_KEY,BASELINE_ACCEPTED,True,64.8,49.6,824.8,4
BsP5,Buffer,Stream,Nothospondia staudtii,3,nothospondia staudtii,buffer,stream,buffer||stream||nothospondia staudtii,nothospondia staudtii,OMO_STR_0124,Nothospondia staudtii,33.25,35.5,868.6,EXACT_NORMALIZED_SOURCE_KEY,BASELINE_ACCEPTED,True,99.75,106.5,2605.8,3
BsP10,Buffer,Stream,Nothospondia staudtii,3,nothospondia staudtii,buffer,stream,buffer||stream||nothospondia staudtii,nothospondia staudtii,OMO_STR_0124,Nothospondia staudtii,33.25,35.5,868.6,EXACT_NORMALIZED_SOURCE_KEY,BASELINE_ACCEPTED,True,99.75,106.5,2605.8,3
BsP5,Buffer,Stream,Nuclea diderrichi,1,nuclea diderrichi,buffer,stream,buffer||stream||nuclea diderrichi,nuclea diderrichi,OMO_STR_0125,Nuclea diderrichi,33.6,26.9,887.0,EXACT_NORMALIZED_SOURCE_KEY,BASELINE_ACCEPTED,True,33.6,26.9,887.0,1
BsP1,Buffer,Stream,Rauvolvia vomitoria,1,rauvolvia vomitoria,buffer,stream,buffer||stream||rauvolvia vomitoria,rauvolvia vomitoria,OMO_STR_0127,Rauvolvia vomitoria,34.0,36.5,908.2,EXACT_NORMALIZED_SOURCE_KEY,BASELINE_ACCEPTED,True,34.0,36.5,908.2,1
TmP3,Transition,Major River,Rauvolvia vomitoria,4,rauvolvia vomitoria,transition,major river,transition||major river||rauvolvia vomitoria,rauvolvia vomitoria,OMO_STR_0183,Rauvolvia vomitoria,13.5,12.7,143.2,EXACT_NORMALIZED_SOURCE_KEY,BASELINE_ACCEPTED,True,54.0,50.8,572.8,4
TmP7,Transition,Major River,Rauvolvia vomitoria,1,rauvolvia vomitoria,transition,major river,transition||major river||rauvolvia vomitoria,rauvolvia vomitoria,OMO_STR_0183,Rauvolvia vomitoria,13.5,12.7,143.2,EXACT_NORMALIZED_SOURCE_KEY,BASELINE_ACCEPTED,True,13.5,12.7,143.2,1
BsP4,Buffer,Stream,Rothmania hispida,1,rothmania hispida,buffer,stream,buffer||stream||rothmania hispida,rothmania hispida,OMO_STR_0128,Rothmania hispida,44.0,48.4,1521.0,EXACT_NORMALIZED_SOURCE_KEY,BASELINE_ACCEPTED,True,44.0,48.4,1521.0,1
BsP9,Buffer,Stream,Rothmania hispida,1,rothmania hispida,buffer,stream,buffer||stream||rothmania hispida,rothmania hispida,OMO_STR_0128,Rothmania hispida,44.0,48.4,1521.0,EXACT_NORMALIZED_SOURCE_KEY,BASELINE_ACCEPTED,True,44.0,48.4,1521.0,1
BsP1,Buffer,Stream,Spondia mombin,1,spondia mombin,buffer,stream,buffer||stream||spondia mombin,spondia mombin,OMO_STR_0129,Spondia mombin,16.9,20.8,224.4,EXACT_NORMALIZED_SOURCE_KEY,BASELINE_ACCEPTED,True,16.9,20.8,224.4,1
BsP6,Buffer,Stream,Spondia mombin,1,spondia mombin,buffer,stream,buffer||stream||spondia mombin,spondia mombin,OMO_STR_0129,Spondia mombin,16.9,20.8,224.4,EXACT_NORMALIZED_SOURCE_KEY,BASELINE_ACCEPTED,True,16.9,20.8,224.4,1
BsP9,Buffer,Stream,Spondia mombin,1,spondia mombin,buffer,stream,buffer||stream||spondia mombin,spondia mombin,OMO_STR_0129,Spondia mombin,16.9,20.8,224.4,EXACT_NORMALIZED_SOURCE_KEY,BASELINE_ACCEPTED,True,16.9,20.8,224.4,1
TmP7,Transition,Major River,Spondia mombin,1,spondia mombin,transition,major river,transition||major river||spondia mombin,spondia mombin,OMO_STR_0185,Spondia mombin,34.4,31.7,929.7,EXACT_NORMALIZED_SOURCE_KEY,BASELINE_ACCEPTED,True,34.4,31.7,929.7,1
TmP10,Transition,Major River,Spondia mombin,1,spondia mombin,transition,major river,transition||major river||spondia mombin,spondia mombin,OMO_STR_0185,Spondia mombin,34.4,31.7,929.7,EXACT_NORMALIZED_SOURCE_KEY,BASELINE_ACCEPTED,True,34.4,31.7,929.7,1
BsP5,Buffer,Stream,Sterculia oblonga,1,sterculia oblonga,buffer,stream,buffer||stream||sterculia oblonga,sterculia oblonga,OMO_STR_0130,Sterculia oblonga,53.5,43.8,2248.0,EXACT_NORMALIZED_SOURCE_KEY,BASELINE_ACCEPTED,True,53.5,43.8,2248.0,1
BsP9,Buffer,Stream,Sterculia oblonga,1,sterculia oblonga,buffer,stream,buffer||stream||sterculia oblonga,sterculia oblonga,OMO_STR_0130,Sterculia oblonga,53.5,43.8,2248.0,EXACT_NORMALIZED_SOURCE_KEY,BASELINE_ACCEPTED,True,53.5,43.8,2248.0,1
BuP1,Buffer,Upland,Albizia auxilary,1,albizia auxilary,buffer,upland,buffer||upland||albizia auxilary,albizia auxilary,OMO_STR_0134,Albizia auxilary,22.3,23.7,390.7,ACCEPTED_STRONG_ORTHOGRAPHIC_AND_ABUNDANCE_EVIDENCE,ORTHOGRAPHIC_AND_ABUNDANCE_SUPPORTED,True,22.3,23.7,390.7,1
BuP6,Buffer,Upland,Albizia auxilary,1,albizia auxilary,buffer,upland,buffer||upland||albizia auxilary,albizia auxilary,OMO_STR_0134,Albizia auxilary,22.3,23.7,390.7,ACCEPTED_STRONG_ORTHOGRAPHIC_AND_ABUNDANCE_EVIDENCE,ORTHOGRAPHIC_AND_ABUNDANCE_SUPPORTED,True,22.3,23.7,390.7,1
BuP8,Buffer,Upland,Albizia auxilary,1,albizia auxilary,buffer,upland,buffer||upland||albizia auxilary,albizia auxilary,OMO_STR_0134,Albizia auxilary,22.3,23.7,390.7,ACCEPTED_STRONG_ORTHOGRAPHIC_AND_ABUNDANCE_EVIDENCE,ORTHOGRAPHIC_AND_ABUNDANCE_SUPPORTED,True,22.3,23.7,390.7,1
BuP2,Buffer,Upland,Blighia unijigata,1,blighia unijigata,buffer,upland,buffer||upland||blighia unijigata,blighia unijigata,OMO_STR_0138,Blighia unijigata,22.5,24.1,397.7,EXACT_NORMALIZED_SOURCE_KEY,BASELINE_ACCEPTED,True,22.5,24.1,397.7,1
BuP9,Buffer,Upland,Blighia unijigata,1,blighia unijigata,buffer,upland,buffer||upland||blighia unijigata,blighia unijigata,OMO_STR_0138,Blighia unijigata,22.5,24.1,397.7,EXACT_NORMALIZED_SOURCE_KEY,BASELINE_ACCEPTED,True,22.5,24.1,397.7,1
BuP10,Buffer,Upland,Blighia unijigata,1,blighia unijigata,buffer,upland,buffer||upland||blighia unijigata,blighia unijigata,OMO_STR_0138,Blighia unijigata,22.5,24.1,397.7,EXACT_NORMALIZED_SOURCE_KEY,BASELINE_ACCEPTED,True,22.5,24.1,397.7,1
BuP1,Buffer,Upland,Cleistoformis patens,1,cleistoformis patens,buffer,upland,buffer||upland||cleistoformis patens,cleistoformis patens,OMO_STR_0140,Cleistoformis patens,17.76,40.4,247.8,VALIDATED_CANONICAL_RESCUE,BASELINE_ACCEPTED,True,17.76,40.4,247.8,1
BuP5,Buffer,Upland,Cleistoformis patens,1,cleistoformis patens,buffer,upland,buffer||upland||cleistoformis patens,cleistoformis patens,OMO_STR_0140,Cleistoformis patens,17.76,40.4,247.8,VALIDATED_CANONICAL_RESCUE,BASELINE_ACCEPTED,True,17.76,40.4,247.8,1
BuP8,Buffer,Upland,Cleistoformis patens,1,cleistoformis patens,buffer,upland,buffer||upland||cleistoformis patens,cleistoformis patens,OMO_STR_0140,Cleistoformis patens,17.76,40.4,247.8,VALIDATED_CANONICAL_RESCUE,BASELINE_ACCEPTED,True,17.76,40.4,247.8,1
BuP9,Buffer,Upland,Cleistoformis patens,1,cleistoformis patens,buffer,upland,buffer||upland||cleistoformis patens,cleistoformis patens,OMO_STR_0140,Cleistoformis patens,17.76,40.4,247.8,VALIDATED_CANONICAL_RESCUE,BASELINE_ACCEPTED,True,17.76,40.4,247.8,1
TsP1,Transition,Stream,Cleistoformis patens,4,cleistoformis patens,transition,stream,transition||stream||cleistoformis patens,cleistoformis patens,OMO_STR_0196,Cleistoformis patens,23.1,24.1,419.2,EXACT_NORMALIZED_SOURCE_KEY,BASELINE_ACCEPTED,True,92.4,96.4,1676.8,4
TsP2,Transition,Stream,Cleistoformis patens,2,cleistoformis patens,transition,stream,transition||stream||cleistoformis patens,cleistoformis patens,OMO_STR_0196,Cleistoformis patens,23.1,24.1,419.2,EXACT_NORMALIZED_SOURCE_KEY,BASELINE_ACCEPTED,True,46.2,48.2,838.4,2
TsP4,Transition,Stream,Cleistoformis patens,7,cleistoformis patens,transition,stream,transition||stream||cleistoformis patens,cleistoformis patens,OMO_STR_0196,Cleistoformis patens,23.1,24.1,419.2,EXACT_NORMALIZED_SOURCE_KEY,BASELINE_ACCEPTED,True,161.70000000000002,168.70000000000002,2934.4,7
TsP5,Transition,Stream,Cleistoformis patens,11,cleistoformis patens,transition,stream,transition||stream||cleistoformis patens,cleistoformis patens,OMO_STR_0196,Cleistoformis patens,23.1,24.1,419.2,EXACT_NORMALIZED_SOURCE_KEY,BASELINE_ACCEPTED,True,254.10000000000002,265.1,4611.2,11
TsP6,Transition,Stream,Cleistoformis patens,4,cleistoformis patens,transition,stream,transition||stream||cleistoformis patens,cleistoformis patens,OMO_STR_0196,Cleistoformis patens,23.1,24.1,419.2,EXACT_NORMALIZED_SOURCE_KEY,BASELINE_ACCEPTED,True,92.4,96.4,1676.8,4
TsP7,Transition,Stream,Cleistoformis patens,5,cleistoformis patens,transition,stream,transition||stream||cleistoformis patens,cleistoformis patens,OMO_STR_0196,Cleistoformis patens,23.1,24.1,419.2,EXACT_NORMALIZED_SOURCE_KEY,BASELINE_ACCEPTED,True,115.5,120.5,2096.0,5
TsP8,Transition,Stream,Cleistoformis patens,9,cleistoformis patens,transition,stream,transition||stream||cleistoformis patens,cleistoformis patens,OMO_STR_0196,Cleistoformis patens,23.1,24.1,419.2,EXACT_NORMALIZED_SOURCE_KEY,BASELINE_ACCEPTED,True,207.9,216.9,3772.7999999999997,9
TsP9,Transition,Stream,Cleistoformis patens,4,cleistoformis patens,transition,stream,transition||stream||cleistoformis patens,cleistoformis patens,OMO_STR_0196,Cleistoformis patens,23.1,24.1,419.2,EXACT_NORMALIZED_SOURCE_KEY,BASELINE_ACCEPTED,True,92.4,96.4,1676.8,4
TsP10,Transition,Stream,Cleistoformis patens,3,cleistoformis patens,transition,stream,transition||stream||cleistoformis patens,cleistoformis patens,OMO_STR_0196,Cleistoformis patens,23.1,24.1,419.2,EXACT_NORMALIZED_SOURCE_KEY,BASELINE_ACCEPTED,True,69.30000000000001,72.30000000000001,1257.6,3
BuP2,Buffer,Upland,Dialium guineense,1,dialium guineense,buffer,upland,buffer||upland||dialium guineense,dialium guineense,OMO_STR_0141,Dialium guineense,47.4,44.7,1765.0,ACCEPTED_STRONG_ORTHOGRAPHIC_AND_ABUNDANCE_EVIDENCE,ORTHOGRAPHIC_AND_ABUNDANCE_SUPPORTED,True,47.4,44.7,1765.0,1
BuP3,Buffer,Upland,Dialium guineense,1,dialium guineense,buffer,upland,buffer||upland||dialium guineense,dialium guineense,OMO_STR_0141,Dialium guineense,47.4,44.7,1765.0,ACCEPTED_STRONG_ORTHOGRAPHIC_AND_ABUNDANCE_EVIDENCE,ORTHOGRAPHIC_AND_ABUNDANCE_SUPPORTED,True,47.4,44.7,1765.0,1
BuP6,Buffer,Upland,Dialium guineense,1,dialium guineense,buffer,upland,buffer||upland||dialium guineense,dialium guineense,OMO_STR_0141,Dialium guineense,47.4,44.7,1765.0,ACCEPTED_STRONG_ORTHOGRAPHIC_AND_ABUNDANCE_EVIDENCE,ORTHOGRAPHIC_AND_ABUNDANCE_SUPPORTED,True,47.4,44.7,1765.0,1
BuP7,Buffer,Upland,Dialium guineense,1,dialium guineense,buffer,upland,buffer||upland||dialium guineense,dialium guineense,OMO_STR_0141,Dialium guineense,47.4,44.7,1765.0,ACCEPTED_STRONG_ORTHOGRAPHIC_AND_ABUNDANCE_EVIDENCE,ORTHOGRAPHIC_AND_ABUNDANCE_SUPPORTED,True,47.4,44.7,1765.0,1
BuP8,Buffer,Upland,Dialium guineense,2,dialium guineense,buffer,upland,buffer||upland||dialium guineense,dialium guineense,OMO_STR_0141,Dialium guineense,47.4,44.7,1765.0,ACCEPTED_STRONG_ORTHOGRAPHIC_AND_ABUNDANCE_EVIDENCE,ORTHOGRAPHIC_AND_ABUNDANCE_SUPPORTED,True,94.8,89.4,3530.0,2
BuP10,Buffer,Upland,Dialium guineense,1,dialium guineense,buffer,upland,buffer||upland||dialium guineense,dialium guineense,OMO_STR_0141,Dialium guineense,47.4,44.7,1765.0,ACCEPTED_STRONG_ORTHOGRAPHIC_AND_ABUNDANCE_EVIDENCE,ORTHOGRAPHIC_AND_ABUNDANCE_SUPPORTED,True,47.4,44.7,1765.0,1
BuP4,Buffer,Upland,Diospyros soubreana,1,diospyros soubreana,buffer,upland,buffer||upland||diospyros soubreana,diospyros soubreana,OMO_STR_0143,Diospyros soubreana,30.8,32.1,745.3,EXACT_NORMALIZED_SOURCE_KEY,BASELINE_ACCEPTED,True,30.8,32.1,745.3,1
BuP6,Buffer,Upland,Diospyros soubreana,3,diospyros soubreana,buffer,upland,buffer||upland||diospyros soubreana,diospyros soubreana,OMO_STR_0143,Diospyros soubreana,30.8,32.1,745.3,EXACT_NORMALIZED_SOURCE_KEY,BASELINE_ACCEPTED,True,92.4,96.30000000000001,2235.8999999999996,3
BuP9,Buffer,Upland,Diospyros soubreana,2,diospyros soubreana,buffer,upland,buffer||upland||diospyros soubreana,diospyros soubreana,OMO_STR_0143,Diospyros soubreana,30.8,32.1,745.3,EXACT_NORMALIZED_SOURCE_KEY,BASELINE_ACCEPTED,True,61.6,64.2,1490.6,2
BuP1,Buffer,Upland,Diospyros undebunda,1,diospyros undebunda,buffer,upland,buffer||upland||diospyros undebunda,diospyros undebunda,OMO_STR_0144,Diospyros undebunda,13.3,15.9,138.9,EXACT_NORMALIZED_SOURCE_KEY,BASELINE_ACCEPTED,True,13.3,15.9,138.9,1
BuP8,Buffer,Upland,Diospyros undebunda,1,diospyros undebunda,buffer,upland,buffer||upland||diospyros undebunda,diospyros undebunda,OMO_STR_0144,Diospyros undebunda,13.3,15.9,138.9,EXACT_NORMALIZED_SOURCE_KEY,BASELINE_ACCEPTED,True,13.3,15.9,138.9,1
BuP5,Buffer,Upland,Milicia excelsa,1,milicia excelsa,buffer,upland,buffer||upland||milicia excelsa,milicia excelsa,OMO_STR_0150,Milicia excelsa,13.7,14.8,147.4,EXACT_NORMALIZED_SOURCE_KEY,BASELINE_ACCEPTED,True,13.7,14.8,147.4,1
BuP6,Buffer,Upland,Milicia excelsa,1,milicia excelsa,buffer,upland,buffer||upland||milicia excelsa,milicia excelsa,OMO_STR_0150,Milicia excelsa,13.7,14.8,147.4,EXACT_NORMALIZED_SOURCE_KEY,BASELINE_ACCEPTED,True,13.7,14.8,147.4,1
BuP1,Buffer,Upland,Musanga cecropoidies,1,musanga cecropoidies,buffer,upland,buffer||upland||musanga cecropoidies,musanga cecropoidies,OMO_STR_0151,Musanga cecropoidies,30.1,31.4,711.8,ACCEPTED_STRONG_ORTHOGRAPHIC_AND_ABUNDANCE_EVIDENCE,ORTHOGRAPHIC_AND_ABUNDANCE_SUPPORTED,True,30.1,31.4,711.8,1
BuP4,Buffer,Upland,Musanga cecropoidies,1,musanga cecropoidies,buffer,upland,buffer||upland||musanga cecropoidies,musanga cecropoidies,OMO_STR_0151,Musanga cecropoidies,30.1,31.4,711.8,ACCEPTED_STRONG_ORTHOGRAPHIC_AND_ABUNDANCE_EVIDENCE,ORTHOGRAPHIC_AND_ABUNDANCE_SUPPORTED,True,30.1,31.4,711.8,1
BuP6,Buffer,Upland,Musanga cecropoidies,1,musanga cecropoidies,buffer,upland,buffer||upland||musanga cecropoidies,musanga cecropoidies,OMO_STR_0151,Musanga cecropoidies,30.1,31.4,711.8,ACCEPTED_STRONG_ORTHOGRAPHIC_AND_ABUNDANCE_EVIDENCE,ORTHOGRAPHIC_AND_ABUNDANCE_SUPPORTED,True,30.1,31.4,711.8,1
BuP7,Buffer,Upland,Musanga cecropoidies,1,musanga cecropoidies,buffer,upland,buffer||upland||musanga cecropoidies,musanga cecropoidies,OMO_STR_0151,Musanga cecropoidies,30.1,31.4,711.8,ACCEPTED_STRONG_ORTHOGRAPHIC_AND_ABUNDANCE_EVIDENCE,ORTHOGRAPHIC_AND_ABUNDANCE_SUPPORTED,True,30.1,31.4,711.8,1
BuP10,Buffer,Upland,Musanga cecropoidies,1,musanga cecropoidies,buffer,upland,buffer||upland||musanga cecropoidies,musanga cecropoidies,OMO_STR_0151,Musanga cecropoidies,30.1,31.4,711.8,ACCEPTED_STRONG_ORTHOGRAPHIC_AND_ABUNDANCE_EVIDENCE,ORTHOGRAPHIC_AND_ABUNDANCE_SUPPORTED,True,30.1,31.4,711.8,1
BuP1,Buffer,Upland,Myrianthus arboreus,1,myrianthus arboreus,buffer,upland,buffer||upland||myrianthus arboreus,myrianthus arboreus,OMO_STR_0152,Myrianthus arboreus,49.0,50.0,1886.0,EXACT_NORMALIZED_SOURCE_KEY,BASELINE_ACCEPTED,True,49.0,50.0,1886.0,1
BuP2,Buffer,Upland,Piptadeniastrum africanum,1,piptadeniastrum africanum,buffer,upland,buffer||upland||piptadeniastrum africanum,piptadeniastrum africanum,OMO_STR_0154,Piptadeniastrum africanum,38.8,39.7,1182.0,EXACT_NORMALIZED_SOURCE_KEY,BASELINE_ACCEPTED,True,38.8,39.7,1182.0,1
BuP7,Buffer,Upland,Piptadeniastrum africanum,1,piptadeniastrum africanum,buffer,upland,buffer||upland||piptadeniastrum africanum,piptadeniastrum africanum,OMO_STR_0154,Piptadeniastrum africanum,38.8,39.7,1182.0,EXACT_NORMALIZED_SOURCE_KEY,BASELINE_ACCEPTED,True,38.8,39.7,1182.0,1
BuP10,Buffer,Upland,Piptadeniastrum africanum,1,piptadeniastrum africanum,buffer,upland,buffer||upland||piptadeniastrum africanum,piptadeniastrum africanum,OMO_STR_0154,Piptadeniastrum africanum,38.8,39.7,1182.0,EXACT_NORMALIZED_SOURCE_KEY,BASELINE_ACCEPTED,True,38.8,39.7,1182.0,1
BuP5,Buffer,Upland,Ricinidendron heudeloti,1,ricinidendron heudeloti,buffer,upland,buffer||upland||ricinidendron heudeloti,ricinidendron heudeloti,OMO_STR_0155,Ricinidendron heudeloti,33.8,33.5,897.6,ACCEPTED_STRONG_ORTHOGRAPHIC_AND_ABUNDANCE_EVIDENCE,ORTHOGRAPHIC_AND_ABUNDANCE_SUPPORTED,True,33.8,33.5,897.6,1
BuP9,Buffer,Upland,Ricinidendron heudeloti,1,ricinidendron heudeloti,buffer,upland,buffer||upland||ricinidendron heudeloti,ricinidendron heudeloti,OMO_STR_0155,Ricinidendron heudeloti,33.8,33.5,897.6,ACCEPTED_STRONG_ORTHOGRAPHIC_AND_ABUNDANCE_EVIDENCE,ORTHOGRAPHIC_AND_ABUNDANCE_SUPPORTED,True,33.8,33.5,897.6,1
BuP10,Buffer,Upland,Ricinidendron heudeloti,1,ricinidendron heudeloti,buffer,upland,buffer||upland||ricinidendron heudeloti,ricinidendron heudeloti,OMO_STR_0155,Ricinidendron heudeloti,33.8,33.5,897.6,ACCEPTED_STRONG_ORTHOGRAPHIC_AND_ABUNDANCE_EVIDENCE,ORTHOGRAPHIC_AND_ABUNDANCE_SUPPORTED,True,33.8,33.5,897.6,1
BuP8,Buffer,Upland,Scotellia coriacea,1,scotellia coriacea,buffer,upland,buffer||upland||scotellia coriacea,scotellia coriacea,OMO_STR_0156,Scotellia coriacea,29.1,30.1,665.3,EXACT_NORMALIZED_SOURCE_KEY,BASELINE_ACCEPTED,True,29.1,30.1,665.3,1
BuP9,Buffer,Upland,Scotellia coriacea,2,scotellia coriacea,buffer,upland,buffer||upland||scotellia coriacea,scotellia coriacea,OMO_STR_0156,Scotellia coriacea,29.1,30.1,665.3,EXACT_NORMALIZED_SOURCE_KEY,BASELINE_ACCEPTED,True,58.2,60.2,1330.6,2
BuP1,Buffer,Upland,Strombosia putulata,1,strombosia putulata,buffer,upland,buffer||upland||strombosia putulata,strombosia putulata,OMO_STR_0158,Strombosia putulata,27.4,30.6,589.8,EXACT_NORMALIZED_SOURCE_KEY,BASELINE_ACCEPTED,True,27.4,30.6,589.8,1
BuP2,Buffer,Upland,Strombosia putulata,1,strombosia putulata,buffer,upland,buffer||upland||strombosia putulata,strombosia putulata,OMO_STR_0158,Strombosia putulata,27.4,30.6,589.8,EXACT_NORMALIZED_SOURCE_KEY,BASELINE_ACCEPTED,True,27.4,30.6,589.8,1
BuP3,Buffer,Upland,Strombosia putulata,2,strombosia putulata,buffer,upland,buffer||upland||strombosia putulata,strombosia putulata,OMO_STR_0158,Strombosia putulata,27.4,30.6,589.8,EXACT_NORMALIZED_SOURCE_KEY,BASELINE_ACCEPTED,True,54.8,61.2,1179.6,2
BuP4,Buffer,Upland,Strombosia putulata,5,strombosia putulata,buffer,upland,buffer||upland||strombosia putulata,strombosia putulata,OMO_STR_0158,Strombosia putulata,27.4,30.6,589.8,EXACT_NORMALIZED_SOURCE_KEY,BASELINE_ACCEPTED,True,137.0,153.0,2949.0,5
BuP6,Buffer,Upland,Strombosia putulata,1,strombosia putulata,buffer,upland,buffer||upland||strombosia putulata,strombosia putulata,OMO_STR_0158,Strombosia putulata,27.4,30.6,589.8,EXACT_NORMALIZED_SOURCE_KEY,BASELINE_ACCEPTED,True,27.4,30.6,589.8,1
BuP7,Buffer,Upland,Strombosia putulata,2,strombosia putulata,buffer,upland,buffer||upland||strombosia putulata,strombosia putulata,OMO_STR_0158,Strombosia putulata,27.4,30.6,589.8,EXACT_NORMALIZED_SOURCE_KEY,BASELINE_ACCEPTED,True,54.8,61.2,1179.6,2
BuP8,Buffer,Upland,Strombosia putulata,3,strombosia putulata,buffer,upland,buffer||upland||strombosia putulata,strombosia putulata,OMO_STR_0158,Strombosia putulata,27.4,30.6,589.8,EXACT_NORMALIZED_SOURCE_KEY,BASELINE_ACCEPTED,True,82.19999999999999,91.80000000000001,1769.3999999999999,3
BuP9,Buffer,Upland,Strombosia putulata,2,strombosia putulata,buffer,upland,buffer||upland||strombosia putulata,strombosia putulata,OMO_STR_0158,Strombosia putulata,27.4,30.6,589.8,EXACT_NORMALIZED_SOURCE_KEY,BASELINE_ACCEPTED,True,54.8,61.2,1179.6,2
BuP10,Buffer,Upland,Strombosia putulata,1,strombosia putulata,buffer,upland,buffer||upland||strombosia putulata,strombosia putulata,OMO_STR_0158,Strombosia putulata,27.4,30.6,589.8,EXACT_NORMALIZED_SOURCE_KEY,BASELINE_ACCEPTED,True,27.4,30.6,589.8,1
BuP3,Buffer,Upland,Zanthoxylum zanthoxyloides,1,zanthoxylum zanthoxyloides,buffer,upland,buffer||upland||zanthoxylum zanthoxyloides,zanthoxylum zanthoxyloides,OMO_STR_0161,Zanthoxylum zanthoxyloides,18.2,19.7,260.2,EXACT_NORMALIZED_SOURCE_KEY,BASELINE_ACCEPTED,True,18.2,19.7,260.2,1
BuP7,Buffer,Upland,Zanthoxylum zanthoxyloides,1,zanthoxylum zanthoxyloides,buffer,upland,buffer||upland||zanthoxylum zanthoxyloides,zanthoxylum zanthoxyloides,OMO_STR_0161,Zanthoxylum zanthoxyloides,18.2,19.7,260.2,EXACT_NORMALIZED_SOURCE_KEY,BASELINE_ACCEPTED,True,18.2,19.7,260.2,1
TmP4,Transition,Major River,Albizia ferruginea,5,albizia ferruginea,transition,major river,transition||major river||albizia ferruginea,albizia ferruginea,OMO_STR_0162,Albizia ferruginea,21.1,20.9,349.8,EXACT_NORMALIZED_SOURCE_KEY,BASELINE_ACCEPTED,True,105.5,104.5,1749.0,5
TmP5,Transition,Major River,Albizia ferruginea,1,albizia ferruginea,transition,major river,transition||major river||albizia ferruginea,albizia ferruginea,OMO_STR_0162,Albizia ferruginea,21.1,20.9,349.8,EXACT_NORMALIZED_SOURCE_KEY,BASELINE_ACCEPTED,True,21.1,20.9,349.8,1
TmP6,Transition,Major River,Albizia ferruginea,1,albizia ferruginea,transition,major river,transition||major river||albizia ferruginea,albizia ferruginea,OMO_STR_0162,Albizia ferruginea,21.1,20.9,349.8,EXACT_NORMALIZED_SOURCE_KEY,BASELINE_ACCEPTED,True,21.1,20.9,349.8,1
TmP8,Transition,Major River,Albizia ferruginea,3,albizia ferruginea,transition,major river,transition||major river||albizia ferruginea,albizia ferruginea,OMO_STR_0162,Albizia ferruginea,21.1,20.9,349.8,EXACT_NORMALIZED_SOURCE_KEY,BASELINE_ACCEPTED,True,63.300000000000004,62.699999999999996,1049.4,3
TmP9,Transition,Major River,Albizia ferruginea,2,albizia ferruginea,transition,major river,transition||major river||albizia ferruginea,albizia ferruginea,OMO_STR_0162,Albizia ferruginea,21.1,20.9,349.8,EXACT_NORMALIZED_SOURCE_KEY,BASELINE_ACCEPTED,True,42.2,41.8,699.6,2
TmP3,Transition,Major River,Aningeria robusta,1,aningeria robusta,transition,major river,transition||major river||aningeria robusta,aningeria robusta,OMO_STR_0163,Aningeria robusta,13.5,13.9,143.2,EXACT_NORMALIZED_SOURCE_KEY,BASELINE_ACCEPTED,True,13.5,13.9,143.2,1
TmP6,Transition,Major River,Aningeria robusta,1,aningeria robusta,transition,major river,transition||major river||aningeria robusta,aningeria robusta,OMO_STR_0163,Aningeria robusta,13.5,13.9,143.2,EXACT_NORMALIZED_SOURCE_KEY,BASELINE_ACCEPTED,True,13.5,13.9,143.2,1
TmP4,Transition,Major River,Artocarpus communis,1,artocarpus communis,transition,major river,transition||major river||artocarpus communis,artocarpus communis,OMO_STR_0164,Artocarpus communis,28.45,30.8,635.9,EXACT_NORMALIZED_SOURCE_KEY,BASELINE_ACCEPTED,True,28.45,30.8,635.9,1
TmP6,Transition,Major River,Artocarpus communis,1,artocarpus communis,transition,major river,transition||major river||artocarpus communis,artocarpus communis,OMO_STR_0164,Artocarpus communis,28.45,30.8,635.9,EXACT_NORMALIZED_SOURCE_KEY,BASELINE_ACCEPTED,True,28.45,30.8,635.9,1
TmP7,Transition,Major River,Artocarpus communis,1,artocarpus communis,transition,major river,transition||major river||artocarpus communis,artocarpus communis,OMO_STR_0164,Artocarpus communis,28.45,30.8,635.9,EXACT_NORMALIZED_SOURCE_KEY,BASELINE_ACCEPTED,True,28.45,30.8,635.9,1
TmP10,Transition,Major River,Artocarpus communis,1,artocarpus communis,transition,major river,transition||major river||artocarpus communis,artocarpus communis,OMO_STR_0164,Artocarpus communis,28.45,30.8,635.9,EXACT_NORMALIZED_SOURCE_KEY,BASELINE_ACCEPTED,True,28.45,30.8,635.9,1
TuP5,Transition,Upland,Artocarpus communis,5,artocarpus communis,transition,upland,transition||upland||artocarpus communis,artocarpus communis,OMO_STR_0205,Artocarpus communis,22.0,22.6,380.2,EXACT_NORMALIZED_SOURCE_KEY,BASELINE_ACCEPTED,True,110.0,113.0,1901.0,5
TuP9,Transition,Upland,Artocarpus communis,2,artocarpus communis,transition,upland,transition||upland||artocarpus communis,artocarpus communis,OMO_STR_0205,Artocarpus communis,22.0,22.6,380.2,EXACT_NORMALIZED_SOURCE_KEY,BASELINE_ACCEPTED,True,44.0,45.2,760.4,2
TmP1,Transition,Major River,Bambusa vulgaris,1,bambusa vulgaris,transition,major river,transition||major river||bambusa vulgaris,bambusa vulgaris,OMO_STR_0165,Bambusa vulgaris,227.7,58.4,40737.0,EXACT_NORMALIZED_SOURCE_KEY,BASELINE_ACCEPTED,True,227.7,58.4,40737.0,1
TmP2,Transition,Major River,Bambusa vulgaris,1,bambusa vulgaris,transition,major river,transition||major river||bambusa vulgaris,bambusa vulgaris,OMO_STR_0165,Bambusa vulgaris,227.7,58.4,40737.0,EXACT_NORMALIZED_SOURCE_KEY,BASELINE_ACCEPTED,True,227.7,58.4,40737.0,1
TmP9,Transition,Major River,Bambusa vulgaris,2,bambusa vulgaris,transition,major river,transition||major river||bambusa vulgaris,bambusa vulgaris,OMO_STR_0165,Bambusa vulgaris,227.7,58.4,40737.0,EXACT_NORMALIZED_SOURCE_KEY,BASELINE_ACCEPTED,True,455.4,116.8,81474.0,2
TmP10,Transition,Major River,Bambusa vulgaris,1,bambusa vulgaris,transition,major river,transition||major river||bambusa vulgaris,bambusa vulgaris,OMO_STR_0165,Bambusa vulgaris,227.7,58.4,40737.0,EXACT_NORMALIZED_SOURCE_KEY,BASELINE_ACCEPTED,True,227.7,58.4,40737.0,1
TuP6,Transition,Upland,Bambusa vulgaris,1,bambusa vulgaris,transition,upland,transition||upland||bambusa vulgaris,bambusa vulgaris,OMO_STR_0206,Bambusa vulgaris,12.6,17.8,124.7,EXACT_NORMALIZED_SOURCE_KEY,BASELINE_ACCEPTED,True,12.6,17.8,124.7,1
TuP8,Transition,Upland,Bambusa vulgaris,1,bambusa vulgaris,transition,upland,transition||upland||bambusa vulgaris,bambusa vulgaris,OMO_STR_0206,Bambusa vulgaris,12.6,17.8,124.7,EXACT_NORMALIZED_SOURCE_KEY,BASELINE_ACCEPTED,True,12.6,17.8,124.7,1
TmP2,Transition,Major River,Chrysophylum albidum,1,chrysophylum albidum,transition,major river,transition||major river||chrysophylum albidum,chrysophylum albidum,OMO_STR_0167,Chrysophylum albidum,19.0,16.0,283.6,EXACT_NORMALIZED_SOURCE_KEY,BASELINE_ACCEPTED,True,19.0,16.0,283.6,1
TmP6,Transition,Major River,Chrysophylum albidum,1,chrysophylum albidum,transition,major river,transition||major river||chrysophylum albidum,chrysophylum albidum,OMO_STR_0167,Chrysophylum albidum,19.0,16.0,283.6,EXACT_NORMALIZED_SOURCE_KEY,BASELINE_ACCEPTED,True,19.0,16.0,283.6,1
TmP9,Transition,Major River,Chrysophylum albidum,1,chrysophylum albidum,transition,major river,transition||major river||chrysophylum albidum,chrysophylum albidum,OMO_STR_0167,Chrysophylum albidum,19.0,16.0,283.6,EXACT_NORMALIZED_SOURCE_KEY,BASELINE_ACCEPTED,True,19.0,16.0,283.6,1
TmP5,Transition,Major River,Cola nitida,1,cola nitida,transition,major river,transition||major river||cola nitida,cola nitida,OMO_STR_0169,Cola nitida,21.4,20.8,359.8,EXACT_NORMALIZED_SOURCE_KEY,BASELINE_ACCEPTED,True,21.4,20.8,359.8,1
TmP7,Transition,Major River,Cola nitida,1,cola nitida,transition,major river,transition||major river||cola nitida,cola nitida,OMO_STR_0169,Cola nitida,21.4,20.8,359.8,EXACT_NORMALIZED_SOURCE_KEY,BASELINE_ACCEPTED,True,21.4,20.8,359.8,1
TmP8,Transition,Major River,Cola nitida,1,cola nitida,transition,major river,transition||major river||cola nitida,cola nitida,OMO_STR_0169,Cola nitida,21.4,20.8,359.8,EXACT_NORMALIZED_SOURCE_KEY,BASELINE_ACCEPTED,True,21.4,20.8,359.8,1
TmP10,Transition,Major River,Cola nitida,2,cola nitida,transition,major river,transition||major river||cola nitida,cola nitida,OMO_STR_0169,Cola nitida,21.4,20.8,359.8,EXACT_NORMALIZED_SOURCE_KEY,BASELINE_ACCEPTED,True,42.8,41.6,719.6,2
TuP5,Transition,Upland,Cola nitida,3,cola nitida,transition,upland,transition||upland||cola nitida,cola nitida,OMO_STR_0212,Cola nitida,16.9,17.9,224.4,EXACT_NORMALIZED_SOURCE_KEY,BASELINE_ACCEPTED,True,50.699999999999996,53.699999999999996,673.2,3
TuP7,Transition,Upland,Cola nitida,1,cola nitida,transition,upland,transition||upland||cola nitida,cola nitida,OMO_STR_0212,Cola nitida,16.9,17.9,224.4,EXACT_NORMALIZED_SOURCE_KEY,BASELINE_ACCEPTED,True,16.9,17.9,224.4,1
TuP10,Transition,Upland,Cola nitida,1,cola nitida,transition,upland,transition||upland||cola nitida,cola nitida,OMO_STR_0212,Cola nitida,16.9,17.9,224.4,EXACT_NORMALIZED_SOURCE_KEY,BASELINE_ACCEPTED,True,16.9,17.9,224.4,1
TmP3,Transition,Major River,Corynante pachycercus,5,corynante pachycercus,transition,major river,transition||major river||corynante pachycercus,corynante pachycercus,OMO_STR_0170,Corynante pachycercus,35.6,34.6,995.7,EXACT_NORMALIZED_SOURCE_KEY,BASELINE_ACCEPTED,True,178.0,173.0,4978.5,5
TmP6,Transition,Major River,Corynante pachycercus,3,corynante pachycercus,transition,major river,transition||major river||corynante pachycercus,corynante pachycercus,OMO_STR_0170,Corynante pachycercus,35.6,34.6,995.7,EXACT_NORMALIZED_SOURCE_KEY,BASELINE_ACCEPTED,True,106.80000000000001,103.80000000000001,2987.1000000000004,3
TmP10,Transition,Major River,Corynante pachycercus,1,corynante pachycercus,transition,major river,transition||major river||corynante pachycercus,corynante pachycercus,OMO_STR_0170,Corynante pachycercus,35.6,34.6,995.7,EXACT_NORMALIZED_SOURCE_KEY,BASELINE_ACCEPTED,True,35.6,34.6,995.7,1
TmP3,Transition,Major River,Diospyrous dendo,1,diospyrous dendo,transition,major river,transition||major river||diospyrous dendo,diospyrous dendo,OMO_STR_0171,Diospyrous dendo,15.5,15.3,188.7,EXACT_NORMALIZED_SOURCE_KEY,BASELINE_ACCEPTED,True,15.5,15.3,188.7,1
TmP10,Transition,Major River,Diospyrous dendo,2,diospyrous dendo,transition,major river,transition||major river||diospyrous dendo,diospyrous dendo,OMO_STR_0171,Diospyrous dendo,15.5,15.3,188.7,EXACT_NORMALIZED_SOURCE_KEY,BASELINE_ACCEPTED,True,31.0,30.6,377.4,2
TmP2,Transition,Major River,Elaeis guineensis,1,elaeis guineensis,transition,major river,transition||major river||elaeis guineensis,elaeis guineensis,OMO_STR_0172,Elaeis guineensis,46.1,36.1,1669.0,EXACT_NORMALIZED_SOURCE_KEY,BASELINE_ACCEPTED,True,46.1,36.1,1669.0,1
TmP7,Transition,Major River,Elaeis guineensis,1,elaeis guineensis,transition,major river,transition||major river||elaeis guineensis,elaeis guineensis,OMO_STR_0172,Elaeis guineensis,46.1,36.1,1669.0,EXACT_NORMALIZED_SOURCE_KEY,BASELINE_ACCEPTED,True,46.1,36.1,1669.0,1
TmP9,Transition,Major River,Elaeis guineensis,2,elaeis guineensis,transition,major river,transition||major river||elaeis guineensis,elaeis guineensis,OMO_STR_0172,Elaeis guineensis,46.1,36.1,1669.0,EXACT_NORMALIZED_SOURCE_KEY,BASELINE_ACCEPTED,True,92.2,72.2,3338.0,2
TmP6,Transition,Major River,Lonchocarpus cyanescens,1,lonchocarpus cyanescens,transition,major river,transition||major river||lonchocarpus cyanescens,lonchocarpus cyanescens,OMO_STR_0177,Lonchocarpus cyanescens,12.8,10.4,128.7,EXACT_NORMALIZED_SOURCE_KEY,BASELINE_ACCEPTED,True,12.8,10.4,128.7,1
TmP7,Transition,Major River,Lonchocarpus cyanescens,1,lonchocarpus cyanescens,transition,major river,transition||major river||lonchocarpus cyanescens,lonchocarpus cyanescens,OMO_STR_0177,Lonchocarpus cyanescens,12.8,10.4,128.7,EXACT_NORMALIZED_SOURCE_KEY,BASELINE_ACCEPTED,True,12.8,10.4,128.7,1
TmP9,Transition,Major River,Lonchocarpus cyanescens,1,lonchocarpus cyanescens,transition,major river,transition||major river||lonchocarpus cyanescens,lonchocarpus cyanescens,OMO_STR_0177,Lonchocarpus cyanescens,12.8,10.4,128.7,EXACT_NORMALIZED_SOURCE_KEY,BASELINE_ACCEPTED,True,12.8,10.4,128.7,1
TmP3,Transition,Major River,Mitragyna cilliata,5,mitragyna cilliata,transition,major river,transition||major river||mitragyna cilliata,mitragyna cilliata,OMO_STR_0179,Mitragyna cilliata,25.8,26.1,523.0,EXACT_NORMALIZED_SOURCE_KEY,BASELINE_ACCEPTED,True,129.0,130.5,2615.0,5
TmP8,Transition,Major River,Mitragyna cilliata,3,mitragyna cilliata,transition,major river,transition||major river||mitragyna cilliata,mitragyna cilliata,OMO_STR_0179,Mitragyna cilliata,25.8,26.1,523.0,EXACT_NORMALIZED_SOURCE_KEY,BASELINE_ACCEPTED,True,77.4,78.30000000000001,1569.0,3
TmP1,Transition,Major River,Pterocarpus santoxyloides,3,pterocarpus santoxyloides,transition,major river,transition||major river||pterocarpus santoxyloides,pterocarpus santoxyloides,OMO_STR_0181,Pterocarpus santoxyloides,21.7,20.6,369.9,LINK_TAXONOMICALLY_SECURE_WITH_ABUNDANCE_DISCREPANCY,TAXONOMICALLY_SECURE_ABUNDANCE_DISCREPANCY,True,65.1,61.800000000000004,1109.6999999999998,3
TmP2,Transition,Major River,Pterocarpus santoxyloides,2,pterocarpus santoxyloides,transition,major river,transition||major river||pterocarpus santoxyloides,pterocarpus santoxyloides,OMO_STR_0181,Pterocarpus santoxyloides,21.7,20.6,369.9,LINK_TAXONOMICALLY_SECURE_WITH_ABUNDANCE_DISCREPANCY,TAXONOMICALLY_SECURE_ABUNDANCE_DISCREPANCY,True,43.4,41.2,739.8,2
TmP5,Transition,Major River,Pterocarpus santoxyloides,4,pterocarpus santoxyloides,transition,major river,transition||major river||pterocarpus santoxyloides,pterocarpus santoxyloides,OMO_STR_0181,Pterocarpus santoxyloides,21.7,20.6,369.9,LINK_TAXONOMICALLY_SECURE_WITH_ABUNDANCE_DISCREPANCY,TAXONOMICALLY_SECURE_ABUNDANCE_DISCREPANCY,True,86.8,82.4,1479.6,4
TmP1,Transition,Major River,Tetrapleura tetraptera,1,tetrapleura tetraptera,transition,major river,transition||major river||tetrapleura tetraptera,tetrapleura tetraptera,OMO_STR_0188,Tetrapleura tetraptera,36.9,35.6,1069.0,EXACT_NORMALIZED_SOURCE_KEY,BASELINE_ACCEPTED,True,36.9,35.6,1069.0,1
TmP6,Transition,Major River,Tetrapleura tetraptera,1,tetrapleura tetraptera,transition,major river,transition||major river||tetrapleura tetraptera,tetrapleura tetraptera,OMO_STR_0188,Tetrapleura tetraptera,36.9,35.6,1069.0,EXACT_NORMALIZED_SOURCE_KEY,BASELINE_ACCEPTED,True,36.9,35.6,1069.0,1
TmP2,Transition,Major River,Uapaca heudeloti,1,uapaca heudeloti,transition,major river,transition||major river||uapaca heudeloti,uapaca heudeloti,OMO_STR_0190,Uapaca heudeloti,53.5,58.4,2248.0,ACCEPTED_STRONG_ORTHOGRAPHIC_AND_ABUNDANCE_EVIDENCE,ORTHOGRAPHIC_AND_ABUNDANCE_SUPPORTED,True,53.5,58.4,2248.0,1
TmP6,Transition,Major River,Uapaca heudeloti,1,uapaca heudeloti,transition,major river,transition||major river||uapaca heudeloti,uapaca heudeloti,OMO_STR_0190,Uapaca heudeloti,53.5,58.4,2248.0,ACCEPTED_STRONG_ORTHOGRAPHIC_AND_ABUNDANCE_EVIDENCE,ORTHOGRAPHIC_AND_ABUNDANCE_SUPPORTED,True,53.5,58.4,2248.0,1
TuP6,Transition,Upland,Uapaca heudeloti,1,uapaca heudeloti,transition,upland,transition||upland||uapaca heudeloti,uapaca heudeloti,OMO_STR_0222,Uapaca heudeloti,17.0,23.0,227.0,EXACT_NORMALIZED_SOURCE_KEY,BASELINE_ACCEPTED,True,17.0,23.0,227.0,1
TsP1,Transition,Stream,Elaeis guinensis,2,elaeis guinensis,transition,stream,transition||stream||elaeis guinensis,elaeis guinensis,,,,,,,,False,,,,0
TsP2,Transition,Stream,Elaeis guinensis,4,elaeis guinensis,transition,stream,transition||stream||elaeis guinensis,elaeis guinensis,,,,,,,,False,,,,0
TsP6,Transition,Stream,Elaeis guinensis,4,elaeis guinensis,transition,stream,transition||stream||elaeis guinensis,elaeis guinensis,,,,,,,,False,,,,0
TsP9,Transition,Stream,Elaeis guinensis,4,elaeis guinensis,transition,stream,transition||stream||elaeis guinensis,elaeis guinensis,,,,,,,,False,,,,0
TsP1,Transition,Stream,Ficus mucosa,6,ficus mucosa,transition,stream,transition||stream||ficus mucosa,ficus mucosa,OMO_STR_0198,Ficus mucosa,31.7,33.5,789.5,EXACT_NORMALIZED_SOURCE_KEY,BASELINE_ACCEPTED,True,190.2,201.0,4737.0,6
TsP2,Transition,Stream,Ficus mucosa,3,ficus mucosa,transition,stream,transition||stream||ficus mucosa,ficus mucosa,OMO_STR_0198,Ficus mucosa,31.7,33.5,789.5,EXACT_NORMALIZED_SOURCE_KEY,BASELINE_ACCEPTED,True,95.1,100.5,2368.5,3
TsP3,Transition,Stream,Ficus mucosa,1,ficus mucosa,transition,stream,transition||stream||ficus mucosa,ficus mucosa,OMO_STR_0198,Ficus mucosa,31.7,33.5,789.5,EXACT_NORMALIZED_SOURCE_KEY,BASELINE_ACCEPTED,True,31.7,33.5,789.5,1
TsP6,Transition,Stream,Ficus mucosa,5,ficus mucosa,transition,stream,transition||stream||ficus mucosa,ficus mucosa,OMO_STR_0198,Ficus mucosa,31.7,33.5,789.5,EXACT_NORMALIZED_SOURCE_KEY,BASELINE_ACCEPTED,True,158.5,167.5,3947.5,5
TsP9,Transition,Stream,Ficus mucosa,8,ficus mucosa,transition,stream,transition||stream||ficus mucosa,ficus mucosa,OMO_STR_0198,Ficus mucosa,31.7,33.5,789.5,EXACT_NORMALIZED_SOURCE_KEY,BASELINE_ACCEPTED,True,253.6,268.0,6316.0,8
TsP10,Transition,Stream,Ficus mucosa,1,ficus mucosa,transition,stream,transition||stream||ficus mucosa,ficus mucosa,OMO_STR_0198,Ficus mucosa,31.7,33.5,789.5,EXACT_NORMALIZED_SOURCE_KEY,BASELINE_ACCEPTED,True,31.7,33.5,789.5,1
TsP1,Transition,Stream,Macranga bateri,1,macranga bateri,transition,stream,transition||stream||macranga bateri,macranga bateri,OMO_STR_0201,Macranga bateri,11.0,13.0,95.07,EXACT_NORMALIZED_SOURCE_KEY,BASELINE_ACCEPTED,True,11.0,13.0,95.07,1
TsP6,Transition,Stream,Macranga bateri,1,macranga bateri,transition,stream,transition||stream||macranga bateri,macranga bateri,OMO_STR_0201,Macranga bateri,11.0,13.0,95.07,EXACT_NORMALIZED_SOURCE_KEY,BASELINE_ACCEPTED,True,11.0,13.0,95.07,1
TsP1,Transition,Stream,Nauclea diderrichii,3,nauclea diderrichii,transition,stream,transition||stream||nauclea diderrichii,nauclea diderrichii,OMO_STR_0202,Nauclea diderrichii,29.7,27.3,693.0,EXACT_NORMALIZED_SOURCE_KEY,BASELINE_ACCEPTED,True,89.1,81.9,2079.0,3
TsP9,Transition,Stream,Nauclea diderrichii,1,nauclea diderrichii,transition,stream,transition||stream||nauclea diderrichii,nauclea diderrichii,OMO_STR_0202,Nauclea diderrichii,29.7,27.3,693.0,EXACT_NORMALIZED_SOURCE_KEY,BASELINE_ACCEPTED,True,29.7,27.3,693.0,1
TsP2,Transition,Stream,Termialia superba,1,termialia superba,transition,stream,transition||stream||termialia superba,termialia superba,OMO_STR_0203,Termialia superba,45.0,44.5,1591.0,ACCEPTED_STRONG_ORTHOGRAPHIC_AND_ABUNDANCE_EVIDENCE,ORTHOGRAPHIC_AND_ABUNDANCE_SUPPORTED,True,45.0,44.5,1591.0,1
TsP3,Transition,Stream,Termialia superba,4,termialia superba,transition,stream,transition||stream||termialia superba,termialia superba,OMO_STR_0203,Termialia superba,45.0,44.5,1591.0,ACCEPTED_STRONG_ORTHOGRAPHIC_AND_ABUNDANCE_EVIDENCE,ORTHOGRAPHIC_AND_ABUNDANCE_SUPPORTED,True,180.0,178.0,6364.0,4
TsP6,Transition,Stream,Termialia superba,1,termialia superba,transition,stream,transition||stream||termialia superba,termialia superba,OMO_STR_0203,Termialia superba,45.0,44.5,1591.0,ACCEPTED_STRONG_ORTHOGRAPHIC_AND_ABUNDANCE_EVIDENCE,ORTHOGRAPHIC_AND_ABUNDANCE_SUPPORTED,True,45.0,44.5,1591.0,1
TsP7,Transition,Stream,Termialia superba,2,termialia superba,transition,stream,transition||stream||termialia superba,termialia superba,OMO_STR_0203,Termialia superba,45.0,44.5,1591.0,ACCEPTED_STRONG_ORTHOGRAPHIC_AND_ABUNDANCE_EVIDENCE,ORTHOGRAPHIC_AND_ABUNDANCE_SUPPORTED,True,90.0,89.0,3182.0,2
TsP10,Transition,Stream,Termialia superba,3,termialia superba,transition,stream,transition||stream||termialia superba,termialia superba,OMO_STR_0203,Termialia superba,45.0,44.5,1591.0,ACCEPTED_STRONG_ORTHOGRAPHIC_AND_ABUNDANCE_EVIDENCE,ORTHOGRAPHIC_AND_ABUNDANCE_SUPPORTED,True,135.0,133.5,4773.0,3
TsP2,Transition,Stream,Theobroma cacao,1,theobroma cacao,transition,stream,transition||stream||theobroma cacao,theobroma cacao,OMO_STR_0204,Theobroma cacao,16.9,13.5,224.4,EXACT_NORMALIZED_SOURCE_KEY,BASELINE_ACCEPTED,True,16.9,13.5,224.4,1
TsP6,Transition,Stream,Theobroma cacao,1,theobroma cacao,transition,stream,transition||stream||theobroma cacao,theobroma cacao,OMO_STR_0204,Theobroma cacao,16.9,13.5,224.4,EXACT_NORMALIZED_SOURCE_KEY,BASELINE_ACCEPTED,True,16.9,13.5,224.4,1
TsP9,Transition,Stream,Theobroma cacao,1,theobroma cacao,transition,stream,transition||stream||theobroma cacao,theobroma cacao,OMO_STR_0204,Theobroma cacao,16.9,13.5,224.4,EXACT_NORMALIZED_SOURCE_KEY,BASELINE_ACCEPTED,True,16.9,13.5,224.4,1
TuP2,Transition,Upland,Theobroma cacao,3,theobroma cacao,transition,upland,transition||upland||theobroma cacao,theobroma cacao,OMO_STR_0220,Theobroma cacao,18.3,18.6,263.1,EXACT_NORMALIZED_SOURCE_KEY,BASELINE_ACCEPTED,True,54.900000000000006,55.800000000000004,789.3000000000001,3
TuP3,Transition,Upland,Theobroma cacao,5,theobroma cacao,transition,upland,transition||upland||theobroma cacao,theobroma cacao,OMO_STR_0220,Theobroma cacao,18.3,18.6,263.1,EXACT_NORMALIZED_SOURCE_KEY,BASELINE_ACCEPTED,True,91.5,93.0,1315.5,5
TuP4,Transition,Upland,Theobroma cacao,5,theobroma cacao,transition,upland,transition||upland||theobroma cacao,theobroma cacao,OMO_STR_0220,Theobroma cacao,18.3,18.6,263.1,EXACT_NORMALIZED_SOURCE_KEY,BASELINE_ACCEPTED,True,91.5,93.0,1315.5,5
TuP6,Transition,Upland,Theobroma cacao,1,theobroma cacao,transition,upland,transition||upland||theobroma cacao,theobroma cacao,OMO_STR_0220,Theobroma cacao,18.3,18.6,263.1,EXACT_NORMALIZED_SOURCE_KEY,BASELINE_ACCEPTED,True,18.3,18.6,263.1,1
TuP7,Transition,Upland,Theobroma cacao,5,theobroma cacao,transition,upland,transition||upland||theobroma cacao,theobroma cacao,OMO_STR_0220,Theobroma cacao,18.3,18.6,263.1,EXACT_NORMALIZED_SOURCE_KEY,BASELINE_ACCEPTED,True,91.5,93.0,1315.5,5
TuP8,Transition,Upland,Theobroma cacao,3,theobroma cacao,transition,upland,transition||upland||theobroma cacao,theobroma cacao,OMO_STR_0220,Theobroma cacao,18.3,18.6,263.1,EXACT_NORMALIZED_SOURCE_KEY,BASELINE_ACCEPTED,True,54.900000000000006,55.800000000000004,789.3000000000001,3
TuP9,Transition,Upland,Theobroma cacao,4,theobroma cacao,transition,upland,transition||upland||theobroma cacao,theobroma cacao,OMO_STR_0220,Theobroma cacao,18.3,18.6,263.1,EXACT_NORMALIZED_SOURCE_KEY,BASELINE_ACCEPTED,True,73.2,74.4,1052.4,4
TuP10,Transition,Upland,Theobroma cacao,2,theobroma cacao,transition,upland,transition||upland||theobroma cacao,theobroma cacao,OMO_STR_0220,Theobroma cacao,18.3,18.6,263.1,EXACT_NORMALIZED_SOURCE_KEY,BASELINE_ACCEPTED,True,36.6,37.2,526.2,2
TuP4,Transition,Upland,Carica papaya,1,carica papaya,transition,upland,transition||upland||carica papaya,carica papaya,OMO_STR_0208,Carica papaya,14.7,18.0,169.7,EXACT_NORMALIZED_SOURCE_KEY,BASELINE_ACCEPTED,True,14.7,18.0,169.7,1
TuP8,Transition,Upland,Carica papaya,1,carica papaya,transition,upland,transition||upland||carica papaya,carica papaya,OMO_STR_0208,Carica papaya,14.7,18.0,169.7,EXACT_NORMALIZED_SOURCE_KEY,BASELINE_ACCEPTED,True,14.7,18.0,169.7,1
TuP6,Transition,Upland,Chrysophyllum albidum,1,chrysophyllum albidum,transition,upland,transition||upland||chrysophyllum albidum,chrysophyllum albidum,OMO_STR_0210,Chrysophyllum albidum,12.1,14.7,115.0,EXACT_NORMALIZED_SOURCE_KEY,BASELINE_ACCEPTED,True,12.1,14.7,115.0,1
TuP4,Transition,Upland,Citrus sinenses,1,citrus sinenses,transition,upland,transition||upland||citrus sinenses,citrus sinenses,OMO_STR_0211,Citrus sinenses,24.5,22.2,471.6,EXACT_NORMALIZED_SOURCE_KEY,BASELINE_ACCEPTED,True,24.5,22.2,471.6,1
TuP1,Transition,Upland,Dracena manni,1,dracena manni,transition,upland,transition||upland||dracena manni,dracena manni,OMO_STR_0213,Dracena manni,19.0,20.5,283.6,EXACT_NORMALIZED_SOURCE_KEY,BASELINE_ACCEPTED,True,19.0,20.5,283.6,1
TuP8,Transition,Upland,Dracena manni,1,dracena manni,transition,upland,transition||upland||dracena manni,dracena manni,OMO_STR_0213,Dracena manni,19.0,20.5,283.6,EXACT_NORMALIZED_SOURCE_KEY,BASELINE_ACCEPTED,True,19.0,20.5,283.6,1
TuP10,Transition,Upland,Dracena manni,1,dracena manni,transition,upland,transition||upland||dracena manni,dracena manni,OMO_STR_0213,Dracena manni,19.0,20.5,283.6,EXACT_NORMALIZED_SOURCE_KEY,BASELINE_ACCEPTED,True,19.0,20.5,283.6,1
TuP1,Transition,Upland,Elaeis guineense,2,elaeis guineense,transition,upland,transition||upland||elaeis guineense,elaeis guineense,OMO_STR_0214,Elaeis guineense,34.7,34.2,946.0,LINK_TAXONOMICALLY_SECURE_WITH_ABUNDANCE_DISCREPANCY,TAXONOMICALLY_SECURE_ABUNDANCE_DISCREPANCY,True,69.4,68.4,1892.0,2
TuP2,Transition,Upland,Elaeis guineense,3,elaeis guineense,transition,upland,transition||upland||elaeis guineense,elaeis guineense,OMO_STR_0214,Elaeis guineense,34.7,34.2,946.0,LINK_TAXONOMICALLY_SECURE_WITH_ABUNDANCE_DISCREPANCY,TAXONOMICALLY_SECURE_ABUNDANCE_DISCREPANCY,True,104.10000000000001,102.60000000000001,2838.0,3
TuP3,Transition,Upland,Elaeis guineense,4,elaeis guineense,transition,upland,transition||upland||elaeis guineense,elaeis guineense,OMO_STR_0214,Elaeis guineense,34.7,34.2,946.0,LINK_TAXONOMICALLY_SECURE_WITH_ABUNDANCE_DISCREPANCY,TAXONOMICALLY_SECURE_ABUNDANCE_DISCREPANCY,True,138.8,136.8,3784.0,4
TuP4,Transition,Upland,Elaeis guineense,2,elaeis guineense,transition,upland,transition||upland||elaeis guineense,elaeis guineense,OMO_STR_0214,Elaeis guineense,34.7,34.2,946.0,LINK_TAXONOMICALLY_SECURE_WITH_ABUNDANCE_DISCREPANCY,TAXONOMICALLY_SECURE_ABUNDANCE_DISCREPANCY,True,69.4,68.4,1892.0,2
TuP5,Transition,Upland,Elaeis guineense,2,elaeis guineense,transition,upland,transition||upland||elaeis guineense,elaeis guineense,OMO_STR_0214,Elaeis guineense,34.7,34.2,946.0,LINK_TAXONOMICALLY_SECURE_WITH_ABUNDANCE_DISCREPANCY,TAXONOMICALLY_SECURE_ABUNDANCE_DISCREPANCY,True,69.4,68.4,1892.0,2
TuP6,Transition,Upland,Elaeis guineense,1,elaeis guineense,transition,upland,transition||upland||elaeis guineense,elaeis guineense,OMO_STR_0214,Elaeis guineense,34.7,34.2,946.0,LINK_TAXONOMICALLY_SECURE_WITH_ABUNDANCE_DISCREPANCY,TAXONOMICALLY_SECURE_ABUNDANCE_DISCREPANCY,True,34.7,34.2,946.0,1
TuP7,Transition,Upland,Elaeis guineense,2,elaeis guineense,transition,upland,transition||upland||elaeis guineense,elaeis guineense,OMO_STR_0214,Elaeis guineense,34.7,34.2,946.0,LINK_TAXONOMICALLY_SECURE_WITH_ABUNDANCE_DISCREPANCY,TAXONOMICALLY_SECURE_ABUNDANCE_DISCREPANCY,True,69.4,68.4,1892.0,2
TuP8,Transition,Upland,Elaeis guineense,2,elaeis guineense,transition,upland,transition||upland||elaeis guineense,elaeis guineense,OMO_STR_0214,Elaeis guineense,34.7,34.2,946.0,LINK_TAXONOMICALLY_SECURE_WITH_ABUNDANCE_DISCREPANCY,TAXONOMICALLY_SECURE_ABUNDANCE_DISCREPANCY,True,69.4,68.4,1892.0,2
TuP10,Transition,Upland,Elaeis guineense,1,elaeis guineense,transition,upland,transition||upland||elaeis guineense,elaeis guineense,OMO_STR_0214,Elaeis guineense,34.7,34.2,946.0,LINK_TAXONOMICALLY_SECURE_WITH_ABUNDANCE_DISCREPANCY,TAXONOMICALLY_SECURE_ABUNDANCE_DISCREPANCY,True,34.7,34.2,946.0,1
TuP2,Transition,Upland,Ficus mucuso,1,ficus mucuso,transition,upland,transition||upland||ficus mucuso,ficus mucuso,,,,,,,,False,,,,0
TuP6,Transition,Upland,Ficus mucuso,1,ficus mucuso,transition,upland,transition||upland||ficus mucuso,ficus mucuso,,,,,,,,False,,,,0
TuP4,Transition,Upland,Musa sapiensis,2,musa sapiensis,transition,upland,transition||upland||musa sapiensis,musa sapiensis,OMO_STR_0217,Musa sapiensis,27.6,27.8,598.5,EXACT_NORMALIZED_SOURCE_KEY,BASELINE_ACCEPTED,True,55.2,55.6,1197.0,2
TuP1,Transition,Upland,Raulvolfia vomitoria,2,raulvolfia vomitoria,transition,upland,transition||upland||raulvolfia vomitoria,raulvolfia vomitoria,OMO_STR_0218,Raulvolfia vomitoria,11.4,13.9,102.1,EXACT_NORMALIZED_SOURCE_KEY,BASELINE_ACCEPTED,True,22.8,27.8,204.2,2
TuP7,Transition,Upland,Raulvolfia vomitoria,1,raulvolfia vomitoria,transition,upland,transition||upland||raulvolfia vomitoria,raulvolfia vomitoria,OMO_STR_0218,Raulvolfia vomitoria,11.4,13.9,102.1,EXACT_NORMALIZED_SOURCE_KEY,BASELINE_ACCEPTED,True,11.4,13.9,102.1,1
TuP2,Transition,Upland,Trema orientalis,2,trema orientalis,transition,upland,transition||upland||trema orientalis,trema orientalis,OMO_STR_0221,Trema orientalis,21.5,23.8,363.2,EXACT_NORMALIZED_SOURCE_KEY,BASELINE_ACCEPTED,True,43.0,47.6,726.4,2
