Plot_ID,Zone,Habitat,Canonical_Species,Abundance,Zone_Key_26b,Habitat_Key_26b,Community_Species_Key_26b,Alias_Lookup_Key,Alias_Type,Alias_Name,Resolved_Record_ID,Master_Species,Structural_Source_Species,Structural_Canonical_Species,Mean_DBH,Mean_Height,Basal_Area,Final_Linkage_Class,Structural_Integration_QC,Structural_Data_Available,Structurally_Represented_Individuals,DBH_Weighted_Contribution,Height_Weighted_Contribution,BA_Weighted_Contribution
CmP1,Core,Major River,Amphimas tetracoides,1,core,major river,amphimas tetracoides,core||major river||amphimas tetracoides,MASTER_SPECIES,Amphimas tetracoides,OMO_STR_0026,Amphimas tetracoides,Amphimas tetracoides,Amphimas tetracoides,21.4,22.1,359.8,EXACT_NORMALIZED_SOURCE_KEY,BASELINE_ACCEPTED,True,1,21.4,22.1,359.8
CmP6,Core,Major River,Amphimas tetracoides,1,core,major river,amphimas tetracoides,core||major river||amphimas tetracoides,MASTER_SPECIES,Amphimas tetracoides,OMO_STR_0026,Amphimas tetracoides,Amphimas tetracoides,Amphimas tetracoides,21.4,22.1,359.8,EXACT_NORMALIZED_SOURCE_KEY,BASELINE_ACCEPTED,True,1,21.4,22.1,359.8
CmP8,Core,Major River,Amphimas tetracoides,1,core,major river,amphimas tetracoides,core||major river||amphimas tetracoides,MASTER_SPECIES,Amphimas tetracoides,OMO_STR_0026,Amphimas tetracoides,Amphimas tetracoides,Amphimas tetracoides,21.4,22.1,359.8,EXACT_NORMALIZED_SOURCE_KEY,BASELINE_ACCEPTED,True,1,21.4,22.1,359.8
CmP1,Core,Major River,Annonidium manni,2,core,major river,annonidium manni,core||major river||annonidium manni,MASTER_SPECIES,Annonidium manni,OMO_STR_0027,Annonidium manni,Annonidium manni,Annonidium manni,30.2,29.6,716.6,EXACT_NORMALIZED_SOURCE_KEY,BASELINE_ACCEPTED,True,2,60.4,59.2,1433.2
CmP2,Core,Major River,Annonidium manni,2,core,major river,annonidium manni,core||major river||annonidium manni,MASTER_SPECIES,Annonidium manni,OMO_STR_0027,Annonidium manni,Annonidium manni,Annonidium manni,30.2,29.6,716.6,EXACT_NORMALIZED_SOURCE_KEY,BASELINE_ACCEPTED,True,2,60.4,59.2,1433.2
CmP3,Core,Major River,Annonidium manni,1,core,major river,annonidium manni,core||major river||annonidium manni,MASTER_SPECIES,Annonidium manni,OMO_STR_0027,Annonidium manni,Annonidium manni,Annonidium manni,30.2,29.6,716.6,EXACT_NORMALIZED_SOURCE_KEY,BASELINE_ACCEPTED,True,1,30.2,29.6,716.6
CmP6,Core,Major River,Annonidium manni,1,core,major river,annonidium manni,core||major river||annonidium manni,MASTER_SPECIES,Annonidium manni,OMO_STR_0027,Annonidium manni,Annonidium manni,Annonidium manni,30.2,29.6,716.6,EXACT_NORMALIZED_SOURCE_KEY,BASELINE_ACCEPTED,True,1,30.2,29.6,716.6
CmP8,Core,Major River,Annonidium manni,2,core,major river,annonidium manni,core||major river||annonidium manni,MASTER_SPECIES,Annonidium manni,OMO_STR_0027,Annonidium manni,Annonidium manni,Annonidium manni,30.2,29.6,716.6,EXACT_NORMALIZED_SOURCE_KEY,BASELINE_ACCEPTED,True,2,60.4,59.2,1433.2
CmP9,Core,Major River,Annonidium manni,1,core,major river,annonidium manni,core||major river||annonidium manni,MASTER_SPECIES,Annonidium manni,OMO_STR_0027,Annonidium manni,Annonidium manni,Annonidium manni,30.2,29.6,716.6,EXACT_NORMALIZED_SOURCE_KEY,BASELINE_ACCEPTED,True,1,30.2,29.6,716.6
CuP2,Core,Upland,Annonidium manni,1,core,upland,annonidium manni,core||upland||annonidium manni,MASTER_SPECIES,Annonidium manni,OMO_STR_0052,Annonidium manni,Annonidium manni,Annonidium manni,20.4,20.9,326.9,EXACT_NORMALIZED_SOURCE_KEY,BASELINE_ACCEPTED,True,1,20.4,20.9,326.9
CuP4,Core,Upland,Annonidium manni,2,core,upland,annonidium manni,core||upland||annonidium manni,MASTER_SPECIES,Annonidium manni,OMO_STR_0052,Annonidium manni,Annonidium manni,Annonidium manni,20.4,20.9,326.9,EXACT_NORMALIZED_SOURCE_KEY,BASELINE_ACCEPTED,True,2,40.8,41.8,653.8
CuP8,Core,Upland,Annonidium manni,3,core,upland,annonidium manni,core||upland||annonidium manni,MASTER_SPECIES,Annonidium manni,OMO_STR_0052,Annonidium manni,Annonidium manni,Annonidium manni,20.4,20.9,326.9,EXACT_NORMALIZED_SOURCE_KEY,BASELINE_ACCEPTED,True,3,61.199999999999996,62.699999999999996,980.6999999999999
CuP10,Core,Upland,Annonidium manni,1,core,upland,annonidium manni,core||upland||annonidium manni,MASTER_SPECIES,Annonidium manni,OMO_STR_0052,Annonidium manni,Annonidium manni,Annonidium manni,20.4,20.9,326.9,EXACT_NORMALIZED_SOURCE_KEY,BASELINE_ACCEPTED,True,1,20.4,20.9,326.9
BuP4,Buffer,Upland,Annonidium manni,6,buffer,upland,annonidium manni,buffer||upland||annonidium manni,MASTER_SPECIES,Annonidium manni,OMO_STR_0136,Annonidium manni,Annonidium manni,Annonidium manni,23.2,24.0,422.9,EXACT_NORMALIZED_SOURCE_KEY,BASELINE_ACCEPTED,True,6,139.2,144.0,2537.3999999999996
BuP5,Buffer,Upland,Annonidium manni,2,buffer,upland,annonidium manni,buffer||upland||annonidium manni,MASTER_SPECIES,Annonidium manni,OMO_STR_0136,Annonidium manni,Annonidium manni,Annonidium manni,23.2,24.0,422.9,EXACT_NORMALIZED_SOURCE_KEY,BASELINE_ACCEPTED,True,2,46.4,48.0,845.8
BuP6,Buffer,Upland,Annonidium manni,2,buffer,upland,annonidium manni,buffer||upland||annonidium manni,MASTER_SPECIES,Annonidium manni,OMO_STR_0136,Annonidium manni,Annonidium manni,Annonidium manni,23.2,24.0,422.9,EXACT_NORMALIZED_SOURCE_KEY,BASELINE_ACCEPTED,True,2,46.4,48.0,845.8
BuP7,Buffer,Upland,Annonidium manni,2,buffer,upland,annonidium manni,buffer||upland||annonidium manni,MASTER_SPECIES,Annonidium manni,OMO_STR_0136,Annonidium manni,Annonidium manni,Annonidium manni,23.2,24.0,422.9,EXACT_NORMALIZED_SOURCE_KEY,BASELINE_ACCEPTED,True,2,46.4,48.0,845.8
BuP9,Buffer,Upland,Annonidium manni,1,buffer,upland,annonidium manni,buffer||upland||annonidium manni,MASTER_SPECIES,Annonidium manni,OMO_STR_0136,Annonidium manni,Annonidium manni,Annonidium manni,23.2,24.0,422.9,EXACT_NORMALIZED_SOURCE_KEY,BASELINE_ACCEPTED,True,1,23.2,24.0,422.9
BuP10,Buffer,Upland,Annonidium manni,1,buffer,upland,annonidium manni,buffer||upland||annonidium manni,MASTER_SPECIES,Annonidium manni,OMO_STR_0136,Annonidium manni,Annonidium manni,Annonidium manni,23.2,24.0,422.9,EXACT_NORMALIZED_SOURCE_KEY,BASELINE_ACCEPTED,True,1,23.2,24.0,422.9
CmP3,Core,Major River,Anthonotha macrophylla,1,core,major river,anthonotha macrophylla,core||major river||anthonotha macrophylla,MASTER_SPECIES,Anthonotha macrophylla,OMO_STR_0028,Anthonotha macrophylla,Anthonotha macrophylla,Anthonotha macrophylla,18.2,16.9,260.2,EXACT_NORMALIZED_SOURCE_KEY,BASELINE_ACCEPTED,True,1,18.2,16.9,260.2
CmP7,Core,Major River,Anthonotha macrophylla,2,core,major river,anthonotha macrophylla,core||major river||anthonotha macrophylla,MASTER_SPECIES,Anthonotha macrophylla,OMO_STR_0028,Anthonotha macrophylla,Anthonotha macrophylla,Anthonotha macrophylla,18.2,16.9,260.2,EXACT_NORMALIZED_SOURCE_KEY,BASELINE_ACCEPTED,True,2,36.4,33.8,520.4
CmP9,Core,Major River,Anthonotha macrophylla,2,core,major river,anthonotha macrophylla,core||major river||anthonotha macrophylla,MASTER_SPECIES,Anthonotha macrophylla,OMO_STR_0028,Anthonotha macrophylla,Anthonotha macrophylla,Anthonotha macrophylla,18.2,16.9,260.2,EXACT_NORMALIZED_SOURCE_KEY,BASELINE_ACCEPTED,True,2,36.4,33.8,520.4
CmP2,Core,Major River,Blighia sapida,1,core,major river,blighia sapida,core||major river||blighia sapida,MASTER_SPECIES,Blighia Sapida,OMO_STR_0029,Blighia Sapida,Blighia Sapida,Blighia sapida,20.2,24.25,320.6,EXACT_NORMALIZED_SOURCE_KEY,BASELINE_ACCEPTED,True,1,20.2,24.25,320.6
CmP9,Core,Major River,Blighia sapida,1,core,major river,blighia sapida,core||major river||blighia sapida,MASTER_SPECIES,Blighia Sapida,OMO_STR_0029,Blighia Sapida,Blighia Sapida,Blighia sapida,20.2,24.25,320.6,EXACT_NORMALIZED_SOURCE_KEY,BASELINE_ACCEPTED,True,1,20.2,24.25,320.6
CsP1,Core,Stream,Blighia sapida,2,core,stream,blighia sapida,core||stream||blighia sapida,MASTER_SPECIES,Blighia sapida,OMO_STR_0002,Blighia sapida,Blighia sapida,Blighia sapida,33.4,35.2,876.51,EXACT_NORMALIZED_SOURCE_KEY,BASELINE_ACCEPTED,True,2,66.8,70.4,1753.02
CsP3,Core,Stream,Blighia sapida,1,core,stream,blighia sapida,core||stream||blighia sapida,MASTER_SPECIES,Blighia sapida,OMO_STR_0002,Blighia sapida,Blighia sapida,Blighia sapida,33.4,35.2,876.51,EXACT_NORMALIZED_SOURCE_KEY,BASELINE_ACCEPTED,True,1,33.4,35.2,876.51
CsP4,Core,Stream,Blighia sapida,1,core,stream,blighia sapida,core||stream||blighia sapida,MASTER_SPECIES,Blighia sapida,OMO_STR_0002,Blighia sapida,Blighia sapida,Blighia sapida,33.4,35.2,876.51,EXACT_NORMALIZED_SOURCE_KEY,BASELINE_ACCEPTED,True,1,33.4,35.2,876.51
CsP6,Core,Stream,Blighia sapida,1,core,stream,blighia sapida,core||stream||blighia sapida,MASTER_SPECIES,Blighia sapida,OMO_STR_0002,Blighia sapida,Blighia sapida,Blighia sapida,33.4,35.2,876.51,EXACT_NORMALIZED_SOURCE_KEY,BASELINE_ACCEPTED,True,1,33.4,35.2,876.51
CsP7,Core,Stream,Blighia sapida,1,core,stream,blighia sapida,core||stream||blighia sapida,MASTER_SPECIES,Blighia sapida,OMO_STR_0002,Blighia sapida,Blighia sapida,Blighia sapida,33.4,35.2,876.51,EXACT_NORMALIZED_SOURCE_KEY,BASELINE_ACCEPTED,True,1,33.4,35.2,876.51
CsP10,Core,Stream,Blighia sapida,1,core,stream,blighia sapida,core||stream||blighia sapida,MASTER_SPECIES,Blighia sapida,OMO_STR_0002,Blighia sapida,Blighia sapida,Blighia sapida,33.4,35.2,876.51,EXACT_NORMALIZED_SOURCE_KEY,BASELINE_ACCEPTED,True,1,33.4,35.2,876.51
CuP6,Core,Upland,Blighia sapida,1,core,upland,blighia sapida,core||upland||blighia sapida,,,,,,,,,,,,False,0,,,
BmP1,Buffer,Major River,Blighia sapida,2,buffer,major river,blighia sapida,buffer||major river||blighia sapida,MASTER_SPECIES,Blighia sapida,OMO_STR_0077,Blighia sapida,Blighia sapida,Blighia sapida,27.2,24.2,581.3,EXACT_NORMALIZED_SOURCE_KEY,BASELINE_ACCEPTED,True,2,54.4,48.4,1162.6
BmP3,Buffer,Major River,Blighia sapida,1,buffer,major river,blighia sapida,buffer||major river||blighia sapida,MASTER_SPECIES,Blighia sapida,OMO_STR_0077,Blighia sapida,Blighia sapida,Blighia sapida,27.2,24.2,581.3,EXACT_NORMALIZED_SOURCE_KEY,BASELINE_ACCEPTED,True,1,27.2,24.2,581.3
BmP4,Buffer,Major River,Blighia sapida,1,buffer,major river,blighia sapida,buffer||major river||blighia sapida,MASTER_SPECIES,Blighia sapida,OMO_STR_0077,Blighia sapida,Blighia sapida,Blighia sapida,27.2,24.2,581.3,EXACT_NORMALIZED_SOURCE_KEY,BASELINE_ACCEPTED,True,1,27.2,24.2,581.3
BmP7,Buffer,Major River,Blighia sapida,1,buffer,major river,blighia sapida,buffer||major river||blighia sapida,MASTER_SPECIES,Blighia sapida,OMO_STR_0077,Blighia sapida,Blighia sapida,Blighia sapida,27.2,24.2,581.3,EXACT_NORMALIZED_SOURCE_KEY,BASELINE_ACCEPTED,True,1,27.2,24.2,581.3
BmP9,Buffer,Major River,Blighia sapida,1,buffer,major river,blighia sapida,buffer||major river||blighia sapida,MASTER_SPECIES,Blighia sapida,OMO_STR_0077,Blighia sapida,Blighia sapida,Blighia sapida,27.2,24.2,581.3,EXACT_NORMALIZED_SOURCE_KEY,BASELINE_ACCEPTED,True,1,27.2,24.2,581.3
BmP10,Buffer,Major River,Blighia sapida,1,buffer,major river,blighia sapida,buffer||major river||blighia sapida,MASTER_SPECIES,Blighia sapida,OMO_STR_0077,Blighia sapida,Blighia sapida,Blighia sapida,27.2,24.2,581.3,EXACT_NORMALIZED_SOURCE_KEY,BASELINE_ACCEPTED,True,1,27.2,24.2,581.3
BuP4,Buffer,Upland,Blighia sapida,1,buffer,upland,blighia sapida,buffer||upland||blighia sapida,MASTER_SPECIES,Blighia sapida,OMO_STR_0137,Blighia sapida,Blighia sapida,Blighia sapida,48.8,55.2,1871.0,EXACT_NORMALIZED_SOURCE_KEY,BASELINE_ACCEPTED,True,1,48.8,55.2,1871.0
BuP7,Buffer,Upland,Blighia sapida,1,buffer,upland,blighia sapida,buffer||upland||blighia sapida,MASTER_SPECIES,Blighia sapida,OMO_STR_0137,Blighia sapida,Blighia sapida,Blighia sapida,48.8,55.2,1871.0,EXACT_NORMALIZED_SOURCE_KEY,BASELINE_ACCEPTED,True,1,48.8,55.2,1871.0
BuP8,Buffer,Upland,Blighia sapida,1,buffer,upland,blighia sapida,buffer||upland||blighia sapida,MASTER_SPECIES,Blighia sapida,OMO_STR_0137,Blighia sapida,Blighia sapida,Blighia sapida,48.8,55.2,1871.0,EXACT_NORMALIZED_SOURCE_KEY,BASELINE_ACCEPTED,True,1,48.8,55.2,1871.0
TmP1,Transition,Major River,Blighia sapida,1,transition,major river,blighia sapida,transition||major river||blighia sapida,NOTEBOOK07A_CANONICAL_SPECIES,Blighia sapida,OMO_STR_0166,Bligha sapida,Blghia sapida,Blighia sapida,26.3,27.1,543.4,ACCEPTED_STRONG_ORTHOGRAPHIC_AND_ABUNDANCE_EVIDENCE,ORTHOGRAPHIC_AND_ABUNDANCE_SUPPORTED,True,1,26.3,27.1,543.4
TmP7,Transition,Major River,Blighia sapida,2,transition,major river,blighia sapida,transition||major river||blighia sapida,NOTEBOOK07A_CANONICAL_SPECIES,Blighia sapida,OMO_STR_0166,Bligha sapida,Blghia sapida,Blighia sapida,26.3,27.1,543.4,ACCEPTED_STRONG_ORTHOGRAPHIC_AND_ABUNDANCE_EVIDENCE,ORTHOGRAPHIC_AND_ABUNDANCE_SUPPORTED,True,2,52.6,54.2,1086.8
TmP9,Transition,Major River,Blighia sapida,1,transition,major river,blighia sapida,transition||major river||blighia sapida,NOTEBOOK07A_CANONICAL_SPECIES,Blighia sapida,OMO_STR_0166,Bligha sapida,Blghia sapida,Blighia sapida,26.3,27.1,543.4,ACCEPTED_STRONG_ORTHOGRAPHIC_AND_ABUNDANCE_EVIDENCE,ORTHOGRAPHIC_AND_ABUNDANCE_SUPPORTED,True,1,26.3,27.1,543.4
CmP1,Core,Major River,Celtis zenkeri,4,core,major river,celtis zenkeri,core||major river||celtis zenkeri,MASTER_SPECIES,Celtis zenkeri,OMO_STR_0030,Celtis zenkeri,Celtis zenkeri,Celtis zenkeri,25.0,21.16,491.0,EXACT_NORMALIZED_SOURCE_KEY,BASELINE_ACCEPTED,True,4,100.0,84.64,1964.0
CmP6,Core,Major River,Celtis zenkeri,1,core,major river,celtis zenkeri,core||major river||celtis zenkeri,MASTER_SPECIES,Celtis zenkeri,OMO_STR_0030,Celtis zenkeri,Celtis zenkeri,Celtis zenkeri,25.0,21.16,491.0,EXACT_NORMALIZED_SOURCE_KEY,BASELINE_ACCEPTED,True,1,25.0,21.16,491.0
CmP8,Core,Major River,Celtis zenkeri,1,core,major river,celtis zenkeri,core||major river||celtis zenkeri,MASTER_SPECIES,Celtis zenkeri,OMO_STR_0030,Celtis zenkeri,Celtis zenkeri,Celtis zenkeri,25.0,21.16,491.0,EXACT_NORMALIZED_SOURCE_KEY,BASELINE_ACCEPTED,True,1,25.0,21.16,491.0
CsP2,Core,Stream,Celtis zenkeri,1,core,stream,celtis zenkeri,core||stream||celtis zenkeri,MASTER_SPECIES,Celtis zenkeri,OMO_STR_0005,Celtis zenkeri,Celtis zenkeri,Celtis zenkeri,29.4,31.0,679.14,EXACT_NORMALIZED_SOURCE_KEY,BASELINE_ACCEPTED,True,1,29.4,31.0,679.14
CsP4,Core,Stream,Celtis zenkeri,1,core,stream,celtis zenkeri,core||stream||celtis zenkeri,MASTER_SPECIES,Celtis zenkeri,OMO_STR_0005,Celtis zenkeri,Celtis zenkeri,Celtis zenkeri,29.4,31.0,679.14,EXACT_NORMALIZED_SOURCE_KEY,BASELINE_ACCEPTED,True,1,29.4,31.0,679.14
CsP5,Core,Stream,Celtis zenkeri,1,core,stream,celtis zenkeri,core||stream||celtis zenkeri,MASTER_SPECIES,Celtis zenkeri,OMO_STR_0005,Celtis zenkeri,Celtis zenkeri,Celtis zenkeri,29.4,31.0,679.14,EXACT_NORMALIZED_SOURCE_KEY,BASELINE_ACCEPTED,True,1,29.4,31.0,679.14
CsP6,Core,Stream,Celtis zenkeri,3,core,stream,celtis zenkeri,core||stream||celtis zenkeri,MASTER_SPECIES,Celtis zenkeri,OMO_STR_0005,Celtis zenkeri,Celtis zenkeri,Celtis zenkeri,29.4,31.0,679.14,EXACT_NORMALIZED_SOURCE_KEY,BASELINE_ACCEPTED,True,3,88.19999999999999,93.0,2037.42
CsP10,Core,Stream,Celtis zenkeri,2,core,stream,celtis zenkeri,core||stream||celtis zenkeri,MASTER_SPECIES,Celtis zenkeri,OMO_STR_0005,Celtis zenkeri,Celtis zenkeri,Celtis zenkeri,29.4,31.0,679.14,EXACT_NORMALIZED_SOURCE_KEY,BASELINE_ACCEPTED,True,2,58.8,62.0,1358.28
CuP2,Core,Upland,Celtis zenkeri,1,core,upland,celtis zenkeri,core||upland||celtis zenkeri,MASTER_SPECIES,Celtis zenkeri,OMO_STR_0054,Celtis zenkeri,Celtis zenkeri,Celtis zenkeri,20.6,21.31,333.4,EXACT_NORMALIZED_SOURCE_KEY,BASELINE_ACCEPTED,True,1,20.6,21.31,333.4
CuP6,Core,Upland,Celtis zenkeri,1,core,upland,celtis zenkeri,core||upland||celtis zenkeri,MASTER_SPECIES,Celtis zenkeri,OMO_STR_0054,Celtis zenkeri,Celtis zenkeri,Celtis zenkeri,20.6,21.31,333.4,EXACT_NORMALIZED_SOURCE_KEY,BASELINE_ACCEPTED,True,1,20.6,21.31,333.4
CuP8,Core,Upland,Celtis zenkeri,1,core,upland,celtis zenkeri,core||upland||celtis zenkeri,MASTER_SPECIES,Celtis zenkeri,OMO_STR_0054,Celtis zenkeri,Celtis zenkeri,Celtis zenkeri,20.6,21.31,333.4,EXACT_NORMALIZED_SOURCE_KEY,BASELINE_ACCEPTED,True,1,20.6,21.31,333.4
CuP9,Core,Upland,Celtis zenkeri,2,core,upland,celtis zenkeri,core||upland||celtis zenkeri,MASTER_SPECIES,Celtis zenkeri,OMO_STR_0054,Celtis zenkeri,Celtis zenkeri,Celtis zenkeri,20.6,21.31,333.4,EXACT_NORMALIZED_SOURCE_KEY,BASELINE_ACCEPTED,True,2,41.2,42.62,666.8
CuP10,Core,Upland,Celtis zenkeri,2,core,upland,celtis zenkeri,core||upland||celtis zenkeri,MASTER_SPECIES,Celtis zenkeri,OMO_STR_0054,Celtis zenkeri,Celtis zenkeri,Celtis zenkeri,20.6,21.31,333.4,EXACT_NORMALIZED_SOURCE_KEY,BASELINE_ACCEPTED,True,2,41.2,42.62,666.8
BmP2,Buffer,Major River,Celtis zenkeri,1,buffer,major river,celtis zenkeri,buffer||major river||celtis zenkeri,MASTER_SPECIES,Celtis zenkeri,OMO_STR_0080,Celtis zenkeri,Celtis zenkeri,Celtis zenkeri,42.0,42.1,1386.0,EXACT_NORMALIZED_SOURCE_KEY,BASELINE_ACCEPTED,True,1,42.0,42.1,1386.0
BmP4,Buffer,Major River,Celtis zenkeri,1,buffer,major river,celtis zenkeri,buffer||major river||celtis zenkeri,MASTER_SPECIES,Celtis zenkeri,OMO_STR_0080,Celtis zenkeri,Celtis zenkeri,Celtis zenkeri,42.0,42.1,1386.0,EXACT_NORMALIZED_SOURCE_KEY,BASELINE_ACCEPTED,True,1,42.0,42.1,1386.0
BmP5,Buffer,Major River,Celtis zenkeri,1,buffer,major river,celtis zenkeri,buffer||major river||celtis zenkeri,MASTER_SPECIES,Celtis zenkeri,OMO_STR_0080,Celtis zenkeri,Celtis zenkeri,Celtis zenkeri,42.0,42.1,1386.0,EXACT_NORMALIZED_SOURCE_KEY,BASELINE_ACCEPTED,True,1,42.0,42.1,1386.0
BmP7,Buffer,Major River,Celtis zenkeri,1,buffer,major river,celtis zenkeri,buffer||major river||celtis zenkeri,MASTER_SPECIES,Celtis zenkeri,OMO_STR_0080,Celtis zenkeri,Celtis zenkeri,Celtis zenkeri,42.0,42.1,1386.0,EXACT_NORMALIZED_SOURCE_KEY,BASELINE_ACCEPTED,True,1,42.0,42.1,1386.0
BmP8,Buffer,Major River,Celtis zenkeri,2,buffer,major river,celtis zenkeri,buffer||major river||celtis zenkeri,MASTER_SPECIES,Celtis zenkeri,OMO_STR_0080,Celtis zenkeri,Celtis zenkeri,Celtis zenkeri,42.0,42.1,1386.0,EXACT_NORMALIZED_SOURCE_KEY,BASELINE_ACCEPTED,True,2,84.0,84.2,2772.0
BuP2,Buffer,Upland,Celtis zenkeri,1,buffer,upland,celtis zenkeri,buffer||upland||celtis zenkeri,MASTER_SPECIES,Celtis zenkeri,OMO_STR_0139,Celtis zenkeri,Celtis zenkeri,Celtis zenkeri,26.5,30.0,551.7,EXACT_NORMALIZED_SOURCE_KEY,BASELINE_ACCEPTED,True,1,26.5,30.0,551.7
BuP3,Buffer,Upland,Celtis zenkeri,2,buffer,upland,celtis zenkeri,buffer||upland||celtis zenkeri,MASTER_SPECIES,Celtis zenkeri,OMO_STR_0139,Celtis zenkeri,Celtis zenkeri,Celtis zenkeri,26.5,30.0,551.7,EXACT_NORMALIZED_SOURCE_KEY,BASELINE_ACCEPTED,True,2,53.0,60.0,1103.4
BuP4,Buffer,Upland,Celtis zenkeri,3,buffer,upland,celtis zenkeri,buffer||upland||celtis zenkeri,MASTER_SPECIES,Celtis zenkeri,OMO_STR_0139,Celtis zenkeri,Celtis zenkeri,Celtis zenkeri,26.5,30.0,551.7,EXACT_NORMALIZED_SOURCE_KEY,BASELINE_ACCEPTED,True,3,79.5,90.0,1655.1000000000001
BuP5,Buffer,Upland,Celtis zenkeri,1,buffer,upland,celtis zenkeri,buffer||upland||celtis zenkeri,MASTER_SPECIES,Celtis zenkeri,OMO_STR_0139,Celtis zenkeri,Celtis zenkeri,Celtis zenkeri,26.5,30.0,551.7,EXACT_NORMALIZED_SOURCE_KEY,BASELINE_ACCEPTED,True,1,26.5,30.0,551.7
BuP6,Buffer,Upland,Celtis zenkeri,1,buffer,upland,celtis zenkeri,buffer||upland||celtis zenkeri,MASTER_SPECIES,Celtis zenkeri,OMO_STR_0139,Celtis zenkeri,Celtis zenkeri,Celtis zenkeri,26.5,30.0,551.7,EXACT_NORMALIZED_SOURCE_KEY,BASELINE_ACCEPTED,True,1,26.5,30.0,551.7
BuP7,Buffer,Upland,Celtis zenkeri,1,buffer,upland,celtis zenkeri,buffer||upland||celtis zenkeri,MASTER_SPECIES,Celtis zenkeri,OMO_STR_0139,Celtis zenkeri,Celtis zenkeri,Celtis zenkeri,26.5,30.0,551.7,EXACT_NORMALIZED_SOURCE_KEY,BASELINE_ACCEPTED,True,1,26.5,30.0,551.7
BuP8,Buffer,Upland,Celtis zenkeri,1,buffer,upland,celtis zenkeri,buffer||upland||celtis zenkeri,MASTER_SPECIES,Celtis zenkeri,OMO_STR_0139,Celtis zenkeri,Celtis zenkeri,Celtis zenkeri,26.5,30.0,551.7,EXACT_NORMALIZED_SOURCE_KEY,BASELINE_ACCEPTED,True,1,26.5,30.0,551.7
BuP9,Buffer,Upland,Celtis zenkeri,1,buffer,upland,celtis zenkeri,buffer||upland||celtis zenkeri,MASTER_SPECIES,Celtis zenkeri,OMO_STR_0139,Celtis zenkeri,Celtis zenkeri,Celtis zenkeri,26.5,30.0,551.7,EXACT_NORMALIZED_SOURCE_KEY,BASELINE_ACCEPTED,True,1,26.5,30.0,551.7
BuP10,Buffer,Upland,Celtis zenkeri,1,buffer,upland,celtis zenkeri,buffer||upland||celtis zenkeri,MASTER_SPECIES,Celtis zenkeri,OMO_STR_0139,Celtis zenkeri,Celtis zenkeri,Celtis zenkeri,26.5,30.0,551.7,EXACT_NORMALIZED_SOURCE_KEY,BASELINE_ACCEPTED,True,1,26.5,30.0,551.7
CmP1,Core,Major River,Cleistopholis patens,1,core,major river,cleistopholis patens,core||major river||cleistopholis patens,MASTER_SPECIES,Cleistopholis patens,OMO_STR_0031,Cleistopholis patens,Cleistopholis patens,Cleistopholis patens,39.8,40.34,1244.0,EXACT_NORMALIZED_SOURCE_KEY,BASELINE_ACCEPTED,True,1,39.8,40.34,1244.0
CmP4,Core,Major River,Cleistopholis patens,1,core,major river,cleistopholis patens,core||major river||cleistopholis patens,MASTER_SPECIES,Cleistopholis patens,OMO_STR_0031,Cleistopholis patens,Cleistopholis patens,Cleistopholis patens,39.8,40.34,1244.0,EXACT_NORMALIZED_SOURCE_KEY,BASELINE_ACCEPTED,True,1,39.8,40.34,1244.0
CmP7,Core,Major River,Cleistopholis patens,1,core,major river,cleistopholis patens,core||major river||cleistopholis patens,MASTER_SPECIES,Cleistopholis patens,OMO_STR_0031,Cleistopholis patens,Cleistopholis patens,Cleistopholis patens,39.8,40.34,1244.0,EXACT_NORMALIZED_SOURCE_KEY,BASELINE_ACCEPTED,True,1,39.8,40.34,1244.0
CmP8,Core,Major River,Cleistopholis patens,1,core,major river,cleistopholis patens,core||major river||cleistopholis patens,MASTER_SPECIES,Cleistopholis patens,OMO_STR_0031,Cleistopholis patens,Cleistopholis patens,Cleistopholis patens,39.8,40.34,1244.0,EXACT_NORMALIZED_SOURCE_KEY,BASELINE_ACCEPTED,True,1,39.8,40.34,1244.0
CmP10,Core,Major River,Cleistopholis patens,1,core,major river,cleistopholis patens,core||major river||cleistopholis patens,MASTER_SPECIES,Cleistopholis patens,OMO_STR_0031,Cleistopholis patens,Cleistopholis patens,Cleistopholis patens,39.8,40.34,1244.0,EXACT_NORMALIZED_SOURCE_KEY,BASELINE_ACCEPTED,True,1,39.8,40.34,1244.0
CsP2,Core,Stream,Cleistopholis patens,2,core,stream,cleistopholis patens,core||stream||cleistopholis patens,MASTER_SPECIES,Cleistopholis Patens,OMO_STR_0006,Cleistopholis Patens,Cleistopholis Patens,Cleistopholis patens,31.0,34.9,755.07,EXACT_NORMALIZED_SOURCE_KEY,BASELINE_ACCEPTED,True,2,62.0,69.8,1510.14
CsP3,Core,Stream,Cleistopholis patens,1,core,stream,cleistopholis patens,core||stream||cleistopholis patens,MASTER_SPECIES,Cleistopholis Patens,OMO_STR_0006,Cleistopholis Patens,Cleistopholis Patens,Cleistopholis patens,31.0,34.9,755.07,EXACT_NORMALIZED_SOURCE_KEY,BASELINE_ACCEPTED,True,1,31.0,34.9,755.07
CsP4,Core,Stream,Cleistopholis patens,1,core,stream,cleistopholis patens,core||stream||cleistopholis patens,MASTER_SPECIES,Cleistopholis Patens,OMO_STR_0006,Cleistopholis Patens,Cleistopholis Patens,Cleistopholis patens,31.0,34.9,755.07,EXACT_NORMALIZED_SOURCE_KEY,BASELINE_ACCEPTED,True,1,31.0,34.9,755.07
CsP6,Core,Stream,Cleistopholis patens,1,core,stream,cleistopholis patens,core||stream||cleistopholis patens,MASTER_SPECIES,Cleistopholis Patens,OMO_STR_0006,Cleistopholis Patens,Cleistopholis Patens,Cleistopholis patens,31.0,34.9,755.07,EXACT_NORMALIZED_SOURCE_KEY,BASELINE_ACCEPTED,True,1,31.0,34.9,755.07
CsP10,Core,Stream,Cleistopholis patens,3,core,stream,cleistopholis patens,core||stream||cleistopholis patens,MASTER_SPECIES,Cleistopholis Patens,OMO_STR_0006,Cleistopholis Patens,Cleistopholis Patens,Cleistopholis patens,31.0,34.9,755.07,EXACT_NORMALIZED_SOURCE_KEY,BASELINE_ACCEPTED,True,3,93.0,104.69999999999999,2265.21
BmP1,Buffer,Major River,Cleistopholis patens,1,buffer,major river,cleistopholis patens,buffer||major river||cleistopholis patens,MASTER_SPECIES,Cleistopholis patens,OMO_STR_0081,Cleistopholis patens,Cleistopholis patens,Cleistopholis patens,27.5,29.9,594.2,EXACT_NORMALIZED_SOURCE_KEY,BASELINE_ACCEPTED,True,1,27.5,29.9,594.2
BmP2,Buffer,Major River,Cleistopholis patens,2,buffer,major river,cleistopholis patens,buffer||major river||cleistopholis patens,MASTER_SPECIES,Cleistopholis patens,OMO_STR_0081,Cleistopholis patens,Cleistopholis patens,Cleistopholis patens,27.5,29.9,594.2,EXACT_NORMALIZED_SOURCE_KEY,BASELINE_ACCEPTED,True,2,55.0,59.8,1188.4
BmP3,Buffer,Major River,Cleistopholis patens,1,buffer,major river,cleistopholis patens,buffer||major river||cleistopholis patens,MASTER_SPECIES,Cleistopholis patens,OMO_STR_0081,Cleistopholis patens,Cleistopholis patens,Cleistopholis patens,27.5,29.9,594.2,EXACT_NORMALIZED_SOURCE_KEY,BASELINE_ACCEPTED,True,1,27.5,29.9,594.2
BmP4,Buffer,Major River,Cleistopholis patens,1,buffer,major river,cleistopholis patens,buffer||major river||cleistopholis patens,MASTER_SPECIES,Cleistopholis patens,OMO_STR_0081,Cleistopholis patens,Cleistopholis patens,Cleistopholis patens,27.5,29.9,594.2,EXACT_NORMALIZED_SOURCE_KEY,BASELINE_ACCEPTED,True,1,27.5,29.9,594.2
BmP6,Buffer,Major River,Cleistopholis patens,1,buffer,major river,cleistopholis patens,buffer||major river||cleistopholis patens,MASTER_SPECIES,Cleistopholis patens,OMO_STR_0081,Cleistopholis patens,Cleistopholis patens,Cleistopholis patens,27.5,29.9,594.2,EXACT_NORMALIZED_SOURCE_KEY,BASELINE_ACCEPTED,True,1,27.5,29.9,594.2
BmP7,Buffer,Major River,Cleistopholis patens,1,buffer,major river,cleistopholis patens,buffer||major river||cleistopholis patens,MASTER_SPECIES,Cleistopholis patens,OMO_STR_0081,Cleistopholis patens,Cleistopholis patens,Cleistopholis patens,27.5,29.9,594.2,EXACT_NORMALIZED_SOURCE_KEY,BASELINE_ACCEPTED,True,1,27.5,29.9,594.2
BmP8,Buffer,Major River,Cleistopholis patens,2,buffer,major river,cleistopholis patens,buffer||major river||cleistopholis patens,MASTER_SPECIES,Cleistopholis patens,OMO_STR_0081,Cleistopholis patens,Cleistopholis patens,Cleistopholis patens,27.5,29.9,594.2,EXACT_NORMALIZED_SOURCE_KEY,BASELINE_ACCEPTED,True,2,55.0,59.8,1188.4
BmP9,Buffer,Major River,Cleistopholis patens,1,buffer,major river,cleistopholis patens,buffer||major river||cleistopholis patens,MASTER_SPECIES,Cleistopholis patens,OMO_STR_0081,Cleistopholis patens,Cleistopholis patens,Cleistopholis patens,27.5,29.9,594.2,EXACT_NORMALIZED_SOURCE_KEY,BASELINE_ACCEPTED,True,1,27.5,29.9,594.2
BmP10,Buffer,Major River,Cleistopholis patens,1,buffer,major river,cleistopholis patens,buffer||major river||cleistopholis patens,MASTER_SPECIES,Cleistopholis patens,OMO_STR_0081,Cleistopholis patens,Cleistopholis patens,Cleistopholis patens,27.5,29.9,594.2,EXACT_NORMALIZED_SOURCE_KEY,BASELINE_ACCEPTED,True,1,27.5,29.9,594.2
BsP3,Buffer,Stream,Cleistopholis patens,1,buffer,stream,cleistopholis patens,buffer||stream||cleistopholis patens,MASTER_SPECIES,Cleistopholis patens,OMO_STR_0109,Cleistopholis patens,Cleistopholis patens,Cleistopholis patens,31.2,33.4,764.8,EXACT_NORMALIZED_SOURCE_KEY,BASELINE_ACCEPTED,True,1,31.2,33.4,764.8
BsP5,Buffer,Stream,Cleistopholis patens,2,buffer,stream,cleistopholis patens,buffer||stream||cleistopholis patens,MASTER_SPECIES,Cleistopholis patens,OMO_STR_0109,Cleistopholis patens,Cleistopholis patens,Cleistopholis patens,31.2,33.4,764.8,EXACT_NORMALIZED_SOURCE_KEY,BASELINE_ACCEPTED,True,2,62.4,66.8,1529.6
BsP6,Buffer,Stream,Cleistopholis patens,1,buffer,stream,cleistopholis patens,buffer||stream||cleistopholis patens,MASTER_SPECIES,Cleistopholis patens,OMO_STR_0109,Cleistopholis patens,Cleistopholis patens,Cleistopholis patens,31.2,33.4,764.8,EXACT_NORMALIZED_SOURCE_KEY,BASELINE_ACCEPTED,True,1,31.2,33.4,764.8
BsP7,Buffer,Stream,Cleistopholis patens,3,buffer,stream,cleistopholis patens,buffer||stream||cleistopholis patens,MASTER_SPECIES,Cleistopholis patens,OMO_STR_0109,Cleistopholis patens,Cleistopholis patens,Cleistopholis patens,31.2,33.4,764.8,EXACT_NORMALIZED_SOURCE_KEY,BASELINE_ACCEPTED,True,3,93.6,100.19999999999999,2294.3999999999996
BsP8,Buffer,Stream,Cleistopholis patens,1,buffer,stream,cleistopholis patens,buffer||stream||cleistopholis patens,MASTER_SPECIES,Cleistopholis patens,OMO_STR_0109,Cleistopholis patens,Cleistopholis patens,Cleistopholis patens,31.2,33.4,764.8,EXACT_NORMALIZED_SOURCE_KEY,BASELINE_ACCEPTED,True,1,31.2,33.4,764.8
BsP10,Buffer,Stream,Cleistopholis patens,3,buffer,stream,cleistopholis patens,buffer||stream||cleistopholis patens,MASTER_SPECIES,Cleistopholis patens,OMO_STR_0109,Cleistopholis patens,Cleistopholis patens,Cleistopholis patens,31.2,33.4,764.8,EXACT_NORMALIZED_SOURCE_KEY,BASELINE_ACCEPTED,True,3,93.6,100.19999999999999,2294.3999999999996
TmP5,Transition,Major River,Cleistopholis patens,2,transition,major river,cleistopholis patens,transition||major river||cleistopholis patens,MASTER_SPECIES,Cleistopholis patens,OMO_STR_0168,Cleistopholis patens,Cleistopholis patens,Cleistopholis patens,20.2,20.5,320.6,EXACT_NORMALIZED_SOURCE_KEY,BASELINE_ACCEPTED,True,2,40.4,41.0,641.2
TmP8,Transition,Major River,Cleistopholis patens,2,transition,major river,cleistopholis patens,transition||major river||cleistopholis patens,MASTER_SPECIES,Cleistopholis patens,OMO_STR_0168,Cleistopholis patens,Cleistopholis patens,Cleistopholis patens,20.2,20.5,320.6,EXACT_NORMALIZED_SOURCE_KEY,BASELINE_ACCEPTED,True,2,40.4,41.0,641.2
CmP1,Core,Major River,Diospyros dendo,3,core,major river,diospyros dendo,core||major river||diospyros dendo,MASTER_SPECIES,Diospyros dendo,OMO_STR_0032,Diospyros dendo,Diospyros dendo,Diospyros dendo,19.4,20.4,295.7,EXACT_NORMALIZED_SOURCE_KEY,BASELINE_ACCEPTED,True,3,58.199999999999996,61.199999999999996,887.0999999999999
CmP2,Core,Major River,Diospyros dendo,1,core,major river,diospyros dendo,core||major river||diospyros dendo,MASTER_SPECIES,Diospyros dendo,OMO_STR_0032,Diospyros dendo,Diospyros dendo,Diospyros dendo,19.4,20.4,295.7,EXACT_NORMALIZED_SOURCE_KEY,BASELINE_ACCEPTED,True,1,19.4,20.4,295.7
CmP3,Core,Major River,Diospyros dendo,2,core,major river,diospyros dendo,core||major river||diospyros dendo,MASTER_SPECIES,Diospyros dendo,OMO_STR_0032,Diospyros dendo,Diospyros dendo,Diospyros dendo,19.4,20.4,295.7,EXACT_NORMALIZED_SOURCE_KEY,BASELINE_ACCEPTED,True,2,38.8,40.8,591.4
CmP4,Core,Major River,Diospyros dendo,5,core,major river,diospyros dendo,core||major river||diospyros dendo,MASTER_SPECIES,Diospyros dendo,OMO_STR_0032,Diospyros dendo,Diospyros dendo,Diospyros dendo,19.4,20.4,295.7,EXACT_NORMALIZED_SOURCE_KEY,BASELINE_ACCEPTED,True,5,97.0,102.0,1478.5
CmP5,Core,Major River,Diospyros dendo,7,core,major river,diospyros dendo,core||major river||diospyros dendo,MASTER_SPECIES,Diospyros dendo,OMO_STR_0032,Diospyros dendo,Diospyros dendo,Diospyros dendo,19.4,20.4,295.7,EXACT_NORMALIZED_SOURCE_KEY,BASELINE_ACCEPTED,True,7,135.79999999999998,142.79999999999998,2069.9
CmP6,Core,Major River,Diospyros dendo,7,core,major river,diospyros dendo,core||major river||diospyros dendo,MASTER_SPECIES,Diospyros dendo,OMO_STR_0032,Diospyros dendo,Diospyros dendo,Diospyros dendo,19.4,20.4,295.7,EXACT_NORMALIZED_SOURCE_KEY,BASELINE_ACCEPTED,True,7,135.79999999999998,142.79999999999998,2069.9
CmP7,Core,Major River,Diospyros dendo,5,core,major river,diospyros dendo,core||major river||diospyros dendo,MASTER_SPECIES,Diospyros dendo,OMO_STR_0032,Diospyros dendo,Diospyros dendo,Diospyros dendo,19.4,20.4,295.7,EXACT_NORMALIZED_SOURCE_KEY,BASELINE_ACCEPTED,True,5,97.0,102.0,1478.5
CmP8,Core,Major River,Diospyros dendo,6,core,major river,diospyros dendo,core||major river||diospyros dendo,MASTER_SPECIES,Diospyros dendo,OMO_STR_0032,Diospyros dendo,Diospyros dendo,Diospyros dendo,19.4,20.4,295.7,EXACT_NORMALIZED_SOURCE_KEY,BASELINE_ACCEPTED,True,6,116.39999999999999,122.39999999999999,1774.1999999999998
CmP9,Core,Major River,Diospyros dendo,8,core,major river,diospyros dendo,core||major river||diospyros dendo,MASTER_SPECIES,Diospyros dendo,OMO_STR_0032,Diospyros dendo,Diospyros dendo,Diospyros dendo,19.4,20.4,295.7,EXACT_NORMALIZED_SOURCE_KEY,BASELINE_ACCEPTED,True,8,155.2,163.2,2365.6
CmP10,Core,Major River,Diospyros dendo,8,core,major river,diospyros dendo,core||major river||diospyros dendo,MASTER_SPECIES,Diospyros dendo,OMO_STR_0032,Diospyros dendo,Diospyros dendo,Diospyros dendo,19.4,20.4,295.7,EXACT_NORMALIZED_SOURCE_KEY,BASELINE_ACCEPTED,True,8,155.2,163.2,2365.6
CsP1,Core,Stream,Diospyros dendo,3,core,stream,diospyros dendo,core||stream||diospyros dendo,MASTER_SPECIES,Diospyros dendo,OMO_STR_0008,Diospyros dendo,Diospyros dendo,Diospyros dendo,21.5,24.9,363.2,EXACT_NORMALIZED_SOURCE_KEY,BASELINE_ACCEPTED,True,3,64.5,74.69999999999999,1089.6
CsP2,Core,Stream,Diospyros dendo,1,core,stream,diospyros dendo,core||stream||diospyros dendo,MASTER_SPECIES,Diospyros dendo,OMO_STR_0008,Diospyros dendo,Diospyros dendo,Diospyros dendo,21.5,24.9,363.2,EXACT_NORMALIZED_SOURCE_KEY,BASELINE_ACCEPTED,True,1,21.5,24.9,363.2
CsP3,Core,Stream,Diospyros dendo,6,core,stream,diospyros dendo,core||stream||diospyros dendo,MASTER_SPECIES,Diospyros dendo,OMO_STR_0008,Diospyros dendo,Diospyros dendo,Diospyros dendo,21.5,24.9,363.2,EXACT_NORMALIZED_SOURCE_KEY,BASELINE_ACCEPTED,True,6,129.0,149.39999999999998,2179.2
CsP4,Core,Stream,Diospyros dendo,4,core,stream,diospyros dendo,core||stream||diospyros dendo,MASTER_SPECIES,Diospyros dendo,OMO_STR_0008,Diospyros dendo,Diospyros dendo,Diospyros dendo,21.5,24.9,363.2,EXACT_NORMALIZED_SOURCE_KEY,BASELINE_ACCEPTED,True,4,86.0,99.6,1452.8
CsP6,Core,Stream,Diospyros dendo,3,core,stream,diospyros dendo,core||stream||diospyros dendo,MASTER_SPECIES,Diospyros dendo,OMO_STR_0008,Diospyros dendo,Diospyros dendo,Diospyros dendo,21.5,24.9,363.2,EXACT_NORMALIZED_SOURCE_KEY,BASELINE_ACCEPTED,True,3,64.5,74.69999999999999,1089.6
CsP7,Core,Stream,Diospyros dendo,3,core,stream,diospyros dendo,core||stream||diospyros dendo,MASTER_SPECIES,Diospyros dendo,OMO_STR_0008,Diospyros dendo,Diospyros dendo,Diospyros dendo,21.5,24.9,363.2,EXACT_NORMALIZED_SOURCE_KEY,BASELINE_ACCEPTED,True,3,64.5,74.69999999999999,1089.6
CsP8,Core,Stream,Diospyros dendo,6,core,stream,diospyros dendo,core||stream||diospyros dendo,MASTER_SPECIES,Diospyros dendo,OMO_STR_0008,Diospyros dendo,Diospyros dendo,Diospyros dendo,21.5,24.9,363.2,EXACT_NORMALIZED_SOURCE_KEY,BASELINE_ACCEPTED,True,6,129.0,149.39999999999998,2179.2
CuP1,Core,Upland,Diospyros dendo,8,core,upland,diospyros dendo,core||upland||diospyros dendo,MASTER_SPECIES,Diospyros dendo,OMO_STR_0056,Diospyros dendo,Diospyrous dendo,Diospyrous dendo,20.5,21.5,330.2,LINK_TAXONOMICALLY_SECURE_WITH_ABUNDANCE_DISCREPANCY,TAXONOMICALLY_SECURE_ABUNDANCE_DISCREPANCY,True,8,164.0,172.0,2641.6
CuP2,Core,Upland,Diospyros dendo,8,core,upland,diospyros dendo,core||upland||diospyros dendo,MASTER_SPECIES,Diospyros dendo,OMO_STR_0056,Diospyros dendo,Diospyrous dendo,Diospyrous dendo,20.5,21.5,330.2,LINK_TAXONOMICALLY_SECURE_WITH_ABUNDANCE_DISCREPANCY,TAXONOMICALLY_SECURE_ABUNDANCE_DISCREPANCY,True,8,164.0,172.0,2641.6
CuP3,Core,Upland,Diospyros dendo,7,core,upland,diospyros dendo,core||upland||diospyros dendo,MASTER_SPECIES,Diospyros dendo,OMO_STR_0056,Diospyros dendo,Diospyrous dendo,Diospyrous dendo,20.5,21.5,330.2,LINK_TAXONOMICALLY_SECURE_WITH_ABUNDANCE_DISCREPANCY,TAXONOMICALLY_SECURE_ABUNDANCE_DISCREPANCY,True,7,143.5,150.5,2311.4
CuP4,Core,Upland,Diospyros dendo,8,core,upland,diospyros dendo,core||upland||diospyros dendo,MASTER_SPECIES,Diospyros dendo,OMO_STR_0056,Diospyros dendo,Diospyrous dendo,Diospyrous dendo,20.5,21.5,330.2,LINK_TAXONOMICALLY_SECURE_WITH_ABUNDANCE_DISCREPANCY,TAXONOMICALLY_SECURE_ABUNDANCE_DISCREPANCY,True,8,164.0,172.0,2641.6
CuP5,Core,Upland,Diospyros dendo,6,core,upland,diospyros dendo,core||upland||diospyros dendo,MASTER_SPECIES,Diospyros dendo,OMO_STR_0056,Diospyros dendo,Diospyrous dendo,Diospyrous dendo,20.5,21.5,330.2,LINK_TAXONOMICALLY_SECURE_WITH_ABUNDANCE_DISCREPANCY,TAXONOMICALLY_SECURE_ABUNDANCE_DISCREPANCY,True,6,123.0,129.0,1981.1999999999998
CuP6,Core,Upland,Diospyros dendo,9,core,upland,diospyros dendo,core||upland||diospyros dendo,MASTER_SPECIES,Diospyros dendo,OMO_STR_0056,Diospyros dendo,Diospyrous dendo,Diospyrous dendo,20.5,21.5,330.2,LINK_TAXONOMICALLY_SECURE_WITH_ABUNDANCE_DISCREPANCY,TAXONOMICALLY_SECURE_ABUNDANCE_DISCREPANCY,True,9,184.5,193.5,2971.7999999999997
CuP7,Core,Upland,Diospyros dendo,9,core,upland,diospyros dendo,core||upland||diospyros dendo,MASTER_SPECIES,Diospyros dendo,OMO_STR_0056,Diospyros dendo,Diospyrous dendo,Diospyrous dendo,20.5,21.5,330.2,LINK_TAXONOMICALLY_SECURE_WITH_ABUNDANCE_DISCREPANCY,TAXONOMICALLY_SECURE_ABUNDANCE_DISCREPANCY,True,9,184.5,193.5,2971.7999999999997
CuP8,Core,Upland,Diospyros dendo,10,core,upland,diospyros dendo,core||upland||diospyros dendo,MASTER_SPECIES,Diospyros dendo,OMO_STR_0056,Diospyros dendo,Diospyrous dendo,Diospyrous dendo,20.5,21.5,330.2,LINK_TAXONOMICALLY_SECURE_WITH_ABUNDANCE_DISCREPANCY,TAXONOMICALLY_SECURE_ABUNDANCE_DISCREPANCY,True,10,205.0,215.0,3302.0
CuP9,Core,Upland,Diospyros dendo,8,core,upland,diospyros dendo,core||upland||diospyros dendo,MASTER_SPECIES,Diospyros dendo,OMO_STR_0056,Diospyros dendo,Diospyrous dendo,Diospyrous dendo,20.5,21.5,330.2,LINK_TAXONOMICALLY_SECURE_WITH_ABUNDANCE_DISCREPANCY,TAXONOMICALLY_SECURE_ABUNDANCE_DISCREPANCY,True,8,164.0,172.0,2641.6
CuP10,Core,Upland,Diospyros dendo,7,core,upland,diospyros dendo,core||upland||diospyros dendo,MASTER_SPECIES,Diospyros dendo,OMO_STR_0056,Diospyros dendo,Diospyrous dendo,Diospyrous dendo,20.5,21.5,330.2,LINK_TAXONOMICALLY_SECURE_WITH_ABUNDANCE_DISCREPANCY,TAXONOMICALLY_SECURE_ABUNDANCE_DISCREPANCY,True,7,143.5,150.5,2311.4
BmP1,Buffer,Major River,Diospyros dendo,5,buffer,major river,diospyros dendo,buffer||major river||diospyros dendo,MASTER_SPECIES,Diospyros dendo,OMO_STR_0084,Diospyros dendo,Diospyrous dendo,Diospyrous dendo,23.6,23.9,437.6,ACCEPTED_STRONG_ORTHOGRAPHIC_AND_ABUNDANCE_EVIDENCE,ORTHOGRAPHIC_AND_ABUNDANCE_SUPPORTED,True,5,118.0,119.5,2188.0
BmP2,Buffer,Major River,Diospyros dendo,1,buffer,major river,diospyros dendo,buffer||major river||diospyros dendo,MASTER_SPECIES,Diospyros dendo,OMO_STR_0084,Diospyros dendo,Diospyrous dendo,Diospyrous dendo,23.6,23.9,437.6,ACCEPTED_STRONG_ORTHOGRAPHIC_AND_ABUNDANCE_EVIDENCE,ORTHOGRAPHIC_AND_ABUNDANCE_SUPPORTED,True,1,23.6,23.9,437.6
BmP3,Buffer,Major River,Diospyros dendo,6,buffer,major river,diospyros dendo,buffer||major river||diospyros dendo,MASTER_SPECIES,Diospyros dendo,OMO_STR_0084,Diospyros dendo,Diospyrous dendo,Diospyrous dendo,23.6,23.9,437.6,ACCEPTED_STRONG_ORTHOGRAPHIC_AND_ABUNDANCE_EVIDENCE,ORTHOGRAPHIC_AND_ABUNDANCE_SUPPORTED,True,6,141.60000000000002,143.39999999999998,2625.6000000000004
BmP4,Buffer,Major River,Diospyros dendo,4,buffer,major river,diospyros dendo,buffer||major river||diospyros dendo,MASTER_SPECIES,Diospyros dendo,OMO_STR_0084,Diospyros dendo,Diospyrous dendo,Diospyrous dendo,23.6,23.9,437.6,ACCEPTED_STRONG_ORTHOGRAPHIC_AND_ABUNDANCE_EVIDENCE,ORTHOGRAPHIC_AND_ABUNDANCE_SUPPORTED,True,4,94.4,95.6,1750.4
BmP6,Buffer,Major River,Diospyros dendo,4,buffer,major river,diospyros dendo,buffer||major river||diospyros dendo,MASTER_SPECIES,Diospyros dendo,OMO_STR_0084,Diospyros dendo,Diospyrous dendo,Diospyrous dendo,23.6,23.9,437.6,ACCEPTED_STRONG_ORTHOGRAPHIC_AND_ABUNDANCE_EVIDENCE,ORTHOGRAPHIC_AND_ABUNDANCE_SUPPORTED,True,4,94.4,95.6,1750.4
BmP7,Buffer,Major River,Diospyros dendo,2,buffer,major river,diospyros dendo,buffer||major river||diospyros dendo,MASTER_SPECIES,Diospyros dendo,OMO_STR_0084,Diospyros dendo,Diospyrous dendo,Diospyrous dendo,23.6,23.9,437.6,ACCEPTED_STRONG_ORTHOGRAPHIC_AND_ABUNDANCE_EVIDENCE,ORTHOGRAPHIC_AND_ABUNDANCE_SUPPORTED,True,2,47.2,47.8,875.2
BmP8,Buffer,Major River,Diospyros dendo,5,buffer,major river,diospyros dendo,buffer||major river||diospyros dendo,MASTER_SPECIES,Diospyros dendo,OMO_STR_0084,Diospyros dendo,Diospyrous dendo,Diospyrous dendo,23.6,23.9,437.6,ACCEPTED_STRONG_ORTHOGRAPHIC_AND_ABUNDANCE_EVIDENCE,ORTHOGRAPHIC_AND_ABUNDANCE_SUPPORTED,True,5,118.0,119.5,2188.0
BmP9,Buffer,Major River,Diospyros dendo,1,buffer,major river,diospyros dendo,buffer||major river||diospyros dendo,MASTER_SPECIES,Diospyros dendo,OMO_STR_0084,Diospyros dendo,Diospyrous dendo,Diospyrous dendo,23.6,23.9,437.6,ACCEPTED_STRONG_ORTHOGRAPHIC_AND_ABUNDANCE_EVIDENCE,ORTHOGRAPHIC_AND_ABUNDANCE_SUPPORTED,True,1,23.6,23.9,437.6
BmP10,Buffer,Major River,Diospyros dendo,2,buffer,major river,diospyros dendo,buffer||major river||diospyros dendo,MASTER_SPECIES,Diospyros dendo,OMO_STR_0084,Diospyros dendo,Diospyrous dendo,Diospyrous dendo,23.6,23.9,437.6,ACCEPTED_STRONG_ORTHOGRAPHIC_AND_ABUNDANCE_EVIDENCE,ORTHOGRAPHIC_AND_ABUNDANCE_SUPPORTED,True,2,47.2,47.8,875.2
BsP3,Buffer,Stream,Diospyros dendo,2,buffer,stream,diospyros dendo,buffer||stream||diospyros dendo,MASTER_SPECIES,Diospyros dendo,OMO_STR_0110,Diospyros dendo,Diospyrous dendo,Diospyrous dendo,42.8,38.5,1439.0,ACCEPTED_STRONG_ORTHOGRAPHIC_AND_ABUNDANCE_EVIDENCE,ORTHOGRAPHIC_AND_ABUNDANCE_SUPPORTED,True,2,85.6,77.0,2878.0
BsP4,Buffer,Stream,Diospyros dendo,3,buffer,stream,diospyros dendo,buffer||stream||diospyros dendo,MASTER_SPECIES,Diospyros dendo,OMO_STR_0110,Diospyros dendo,Diospyrous dendo,Diospyrous dendo,42.8,38.5,1439.0,ACCEPTED_STRONG_ORTHOGRAPHIC_AND_ABUNDANCE_EVIDENCE,ORTHOGRAPHIC_AND_ABUNDANCE_SUPPORTED,True,3,128.39999999999998,115.5,4317.0
BsP7,Buffer,Stream,Diospyros dendo,3,buffer,stream,diospyros dendo,buffer||stream||diospyros dendo,MASTER_SPECIES,Diospyros dendo,OMO_STR_0110,Diospyros dendo,Diospyrous dendo,Diospyrous dendo,42.8,38.5,1439.0,ACCEPTED_STRONG_ORTHOGRAPHIC_AND_ABUNDANCE_EVIDENCE,ORTHOGRAPHIC_AND_ABUNDANCE_SUPPORTED,True,3,128.39999999999998,115.5,4317.0
BsP8,Buffer,Stream,Diospyros dendo,1,buffer,stream,diospyros dendo,buffer||stream||diospyros dendo,MASTER_SPECIES,Diospyros dendo,OMO_STR_0110,Diospyros dendo,Diospyrous dendo,Diospyrous dendo,42.8,38.5,1439.0,ACCEPTED_STRONG_ORTHOGRAPHIC_AND_ABUNDANCE_EVIDENCE,ORTHOGRAPHIC_AND_ABUNDANCE_SUPPORTED,True,1,42.8,38.5,1439.0
BuP2,Buffer,Upland,Diospyros dendo,3,buffer,upland,diospyros dendo,buffer||upland||diospyros dendo,MASTER_SPECIES,Diospyros dendo,OMO_STR_0142,Diospyros dendo,Diospyros dendo,Diospyros dendo,19.4,20.2,295.7,EXACT_NORMALIZED_SOURCE_KEY,BASELINE_ACCEPTED,True,3,58.199999999999996,60.599999999999994,887.0999999999999
BuP3,Buffer,Upland,Diospyros dendo,9,buffer,upland,diospyros dendo,buffer||upland||diospyros dendo,MASTER_SPECIES,Diospyros dendo,OMO_STR_0142,Diospyros dendo,Diospyros dendo,Diospyros dendo,19.4,20.2,295.7,EXACT_NORMALIZED_SOURCE_KEY,BASELINE_ACCEPTED,True,9,174.6,181.79999999999998,2661.2999999999997
BuP4,Buffer,Upland,Diospyros dendo,9,buffer,upland,diospyros dendo,buffer||upland||diospyros dendo,MASTER_SPECIES,Diospyros dendo,OMO_STR_0142,Diospyros dendo,Diospyros dendo,Diospyros dendo,19.4,20.2,295.7,EXACT_NORMALIZED_SOURCE_KEY,BASELINE_ACCEPTED,True,9,174.6,181.79999999999998,2661.2999999999997
BuP5,Buffer,Upland,Diospyros dendo,1,buffer,upland,diospyros dendo,buffer||upland||diospyros dendo,MASTER_SPECIES,Diospyros dendo,OMO_STR_0142,Diospyros dendo,Diospyros dendo,Diospyros dendo,19.4,20.2,295.7,EXACT_NORMALIZED_SOURCE_KEY,BASELINE_ACCEPTED,True,1,19.4,20.2,295.7
BuP7,Buffer,Upland,Diospyros dendo,2,buffer,upland,diospyros dendo,buffer||upland||diospyros dendo,MASTER_SPECIES,Diospyros dendo,OMO_STR_0142,Diospyros dendo,Diospyros dendo,Diospyros dendo,19.4,20.2,295.7,EXACT_NORMALIZED_SOURCE_KEY,BASELINE_ACCEPTED,True,2,38.8,40.4,591.4
BuP8,Buffer,Upland,Diospyros dendo,3,buffer,upland,diospyros dendo,buffer||upland||diospyros dendo,MASTER_SPECIES,Diospyros dendo,OMO_STR_0142,Diospyros dendo,Diospyros dendo,Diospyros dendo,19.4,20.2,295.7,EXACT_NORMALIZED_SOURCE_KEY,BASELINE_ACCEPTED,True,3,58.199999999999996,60.599999999999994,887.0999999999999
BuP9,Buffer,Upland,Diospyros dendo,3,buffer,upland,diospyros dendo,buffer||upland||diospyros dendo,MASTER_SPECIES,Diospyros dendo,OMO_STR_0142,Diospyros dendo,Diospyros dendo,Diospyros dendo,19.4,20.2,295.7,EXACT_NORMALIZED_SOURCE_KEY,BASELINE_ACCEPTED,True,3,58.199999999999996,60.599999999999994,887.0999999999999
BuP10,Buffer,Upland,Diospyros dendo,3,buffer,upland,diospyros dendo,buffer||upland||diospyros dendo,MASTER_SPECIES,Diospyros dendo,OMO_STR_0142,Diospyros dendo,Diospyros dendo,Diospyros dendo,19.4,20.2,295.7,EXACT_NORMALIZED_SOURCE_KEY,BASELINE_ACCEPTED,True,3,58.199999999999996,60.599999999999994,887.0999999999999
CmP1,Core,Major River,Drypetes species,6,core,major river,drypetes species,core||major river||drypetes species,,,,,,,,,,,,False,0,,,
CmP2,Core,Major River,Drypetes species,6,core,major river,drypetes species,core||major river||drypetes species,,,,,,,,,,,,False,0,,,
CmP3,Core,Major River,Drypetes species,2,core,major river,drypetes species,core||major river||drypetes species,,,,,,,,,,,,False,0,,,
CmP4,Core,Major River,Drypetes species,2,core,major river,drypetes species,core||major river||drypetes species,,,,,,,,,,,,False,0,,,
CmP5,Core,Major River,Drypetes species,4,core,major river,drypetes species,core||major river||drypetes species,,,,,,,,,,,,False,0,,,
CmP6,Core,Major River,Drypetes species,1,core,major river,drypetes species,core||major river||drypetes species,,,,,,,,,,,,False,0,,,
CmP7,Core,Major River,Drypetes species,3,core,major river,drypetes species,core||major river||drypetes species,,,,,,,,,,,,False,0,,,
CmP8,Core,Major River,Drypetes species,5,core,major river,drypetes species,core||major river||drypetes species,,,,,,,,,,,,False,0,,,
CmP9,Core,Major River,Drypetes species,6,core,major river,drypetes species,core||major river||drypetes species,,,,,,,,,,,,False,0,,,
CmP10,Core,Major River,Drypetes species,7,core,major river,drypetes species,core||major river||drypetes species,,,,,,,,,,,,False,0,,,
CsP1,Core,Stream,Drypetes species,4,core,stream,drypetes species,core||stream||drypetes species,,,,,,,,,,,,False,0,,,
CsP2,Core,Stream,Drypetes species,4,core,stream,drypetes species,core||stream||drypetes species,,,,,,,,,,,,False,0,,,
CsP3,Core,Stream,Drypetes species,5,core,stream,drypetes species,core||stream||drypetes species,,,,,,,,,,,,False,0,,,
CsP4,Core,Stream,Drypetes species,3,core,stream,drypetes species,core||stream||drypetes species,,,,,,,,,,,,False,0,,,
CsP5,Core,Stream,Drypetes species,1,core,stream,drypetes species,core||stream||drypetes species,,,,,,,,,,,,False,0,,,
CsP6,Core,Stream,Drypetes species,2,core,stream,drypetes species,core||stream||drypetes species,,,,,,,,,,,,False,0,,,
CsP7,Core,Stream,Drypetes species,3,core,stream,drypetes species,core||stream||drypetes species,,,,,,,,,,,,False,0,,,
CsP8,Core,Stream,Drypetes species,3,core,stream,drypetes species,core||stream||drypetes species,,,,,,,,,,,,False,0,,,
CsP10,Core,Stream,Drypetes species,2,core,stream,drypetes species,core||stream||drypetes species,,,,,,,,,,,,False,0,,,
BmP2,Buffer,Major River,Drypetes species,4,buffer,major river,drypetes species,buffer||major river||drypetes species,,,,,,,,,,,,False,0,,,
BmP3,Buffer,Major River,Drypetes species,5,buffer,major river,drypetes species,buffer||major river||drypetes species,,,,,,,,,,,,False,0,,,
BmP4,Buffer,Major River,Drypetes species,2,buffer,major river,drypetes species,buffer||major river||drypetes species,,,,,,,,,,,,False,0,,,
BmP5,Buffer,Major River,Drypetes species,1,buffer,major river,drypetes species,buffer||major river||drypetes species,,,,,,,,,,,,False,0,,,
BmP6,Buffer,Major River,Drypetes species,6,buffer,major river,drypetes species,buffer||major river||drypetes species,,,,,,,,,,,,False,0,,,
BmP7,Buffer,Major River,Drypetes species,3,buffer,major river,drypetes species,buffer||major river||drypetes species,,,,,,,,,,,,False,0,,,
BmP8,Buffer,Major River,Drypetes species,3,buffer,major river,drypetes species,buffer||major river||drypetes species,,,,,,,,,,,,False,0,,,
BmP9,Buffer,Major River,Drypetes species,3,buffer,major river,drypetes species,buffer||major river||drypetes species,,,,,,,,,,,,False,0,,,
BmP10,Buffer,Major River,Drypetes species,6,buffer,major river,drypetes species,buffer||major river||drypetes species,,,,,,,,,,,,False,0,,,
BuP2,Buffer,Upland,Drypetes species,3,buffer,upland,drypetes species,buffer||upland||drypetes species,,,,,,,,,,,,False,0,,,
BuP3,Buffer,Upland,Drypetes species,3,buffer,upland,drypetes species,buffer||upland||drypetes species,,,,,,,,,,,,False,0,,,
BuP4,Buffer,Upland,Drypetes species,12,buffer,upland,drypetes species,buffer||upland||drypetes species,,,,,,,,,,,,False,0,,,
BuP5,Buffer,Upland,Drypetes species,11,buffer,upland,drypetes species,buffer||upland||drypetes species,,,,,,,,,,,,False,0,,,
BuP6,Buffer,Upland,Drypetes species,4,buffer,upland,drypetes species,buffer||upland||drypetes species,,,,,,,,,,,,False,0,,,
BuP8,Buffer,Upland,Drypetes species,6,buffer,upland,drypetes species,buffer||upland||drypetes species,,,,,,,,,,,,False,0,,,
BuP9,Buffer,Upland,Drypetes species,2,buffer,upland,drypetes species,buffer||upland||drypetes species,,,,,,,,,,,,False,0,,,
BuP10,Buffer,Upland,Drypetes species,7,buffer,upland,drypetes species,buffer||upland||drypetes species,,,,,,,,,,,,False,0,,,
CmP4,Core,Major River,Funtumia elastica,2,core,major river,funtumia elastica,core||major river||funtumia elastica,MASTER_SPECIES,Funtumia elastica,OMO_STR_0034,Funtumia elastica,Funtumia elastica,Funtumia elastica,24.4,29.2,467.7,EXACT_NORMALIZED_SOURCE_KEY,BASELINE_ACCEPTED,True,2,48.8,58.4,935.4
CmP7,Core,Major River,Funtumia elastica,3,core,major river,funtumia elastica,core||major river||funtumia elastica,MASTER_SPECIES,Funtumia elastica,OMO_STR_0034,Funtumia elastica,Funtumia elastica,Funtumia elastica,24.4,29.2,467.7,EXACT_NORMALIZED_SOURCE_KEY,BASELINE_ACCEPTED,True,3,73.19999999999999,87.6,1403.1
CmP9,Core,Major River,Funtumia elastica,1,core,major river,funtumia elastica,core||major river||funtumia elastica,MASTER_SPECIES,Funtumia elastica,OMO_STR_0034,Funtumia elastica,Funtumia elastica,Funtumia elastica,24.4,29.2,467.7,EXACT_NORMALIZED_SOURCE_KEY,BASELINE_ACCEPTED,True,1,24.4,29.2,467.7
CmP10,Core,Major River,Funtumia elastica,1,core,major river,funtumia elastica,core||major river||funtumia elastica,MASTER_SPECIES,Funtumia elastica,OMO_STR_0034,Funtumia elastica,Funtumia elastica,Funtumia elastica,24.4,29.2,467.7,EXACT_NORMALIZED_SOURCE_KEY,BASELINE_ACCEPTED,True,1,24.4,29.2,467.7
CuP3,Core,Upland,Funtumia elastica,1,core,upland,funtumia elastica,core||upland||funtumia elastica,MASTER_SPECIES,Funtumia elastica,OMO_STR_0058,Funtumia elastica,Funtumia elastica,Funtumia elastica,21.6,22.4,366.5,EXACT_NORMALIZED_SOURCE_KEY,BASELINE_ACCEPTED,True,1,21.6,22.4,366.5
CuP4,Core,Upland,Funtumia elastica,1,core,upland,funtumia elastica,core||upland||funtumia elastica,MASTER_SPECIES,Funtumia elastica,OMO_STR_0058,Funtumia elastica,Funtumia elastica,Funtumia elastica,21.6,22.4,366.5,EXACT_NORMALIZED_SOURCE_KEY,BASELINE_ACCEPTED,True,1,21.6,22.4,366.5
CuP6,Core,Upland,Funtumia elastica,1,core,upland,funtumia elastica,core||upland||funtumia elastica,MASTER_SPECIES,Funtumia elastica,OMO_STR_0058,Funtumia elastica,Funtumia elastica,Funtumia elastica,21.6,22.4,366.5,EXACT_NORMALIZED_SOURCE_KEY,BASELINE_ACCEPTED,True,1,21.6,22.4,366.5
CuP9,Core,Upland,Funtumia elastica,1,core,upland,funtumia elastica,core||upland||funtumia elastica,MASTER_SPECIES,Funtumia elastica,OMO_STR_0058,Funtumia elastica,Funtumia elastica,Funtumia elastica,21.6,22.4,366.5,EXACT_NORMALIZED_SOURCE_KEY,BASELINE_ACCEPTED,True,1,21.6,22.4,366.5
CuP10,Core,Upland,Funtumia elastica,1,core,upland,funtumia elastica,core||upland||funtumia elastica,MASTER_SPECIES,Funtumia elastica,OMO_STR_0058,Funtumia elastica,Funtumia elastica,Funtumia elastica,21.6,22.4,366.5,EXACT_NORMALIZED_SOURCE_KEY,BASELINE_ACCEPTED,True,1,21.6,22.4,366.5
BsP3,Buffer,Stream,Funtumia elastica,2,buffer,stream,funtumia elastica,buffer||stream||funtumia elastica,MASTER_SPECIES,Funtumia elastica,OMO_STR_0114,Funtumia elastica,Funtumia elastica,Funtumia elastica,24.6,28.2,475.4,EXACT_NORMALIZED_SOURCE_KEY,BASELINE_ACCEPTED,True,2,49.2,56.4,950.8
BsP4,Buffer,Stream,Funtumia elastica,3,buffer,stream,funtumia elastica,buffer||stream||funtumia elastica,MASTER_SPECIES,Funtumia elastica,OMO_STR_0114,Funtumia elastica,Funtumia elastica,Funtumia elastica,24.6,28.2,475.4,EXACT_NORMALIZED_SOURCE_KEY,BASELINE_ACCEPTED,True,3,73.80000000000001,84.6,1426.1999999999998
BsP7,Buffer,Stream,Funtumia elastica,1,buffer,stream,funtumia elastica,buffer||stream||funtumia elastica,MASTER_SPECIES,Funtumia elastica,OMO_STR_0114,Funtumia elastica,Funtumia elastica,Funtumia elastica,24.6,28.2,475.4,EXACT_NORMALIZED_SOURCE_KEY,BASELINE_ACCEPTED,True,1,24.6,28.2,475.4
BsP8,Buffer,Stream,Funtumia elastica,1,buffer,stream,funtumia elastica,buffer||stream||funtumia elastica,MASTER_SPECIES,Funtumia elastica,OMO_STR_0114,Funtumia elastica,Funtumia elastica,Funtumia elastica,24.6,28.2,475.4,EXACT_NORMALIZED_SOURCE_KEY,BASELINE_ACCEPTED,True,1,24.6,28.2,475.4
BuP2,Buffer,Upland,Funtumia elastica,1,buffer,upland,funtumia elastica,buffer||upland||funtumia elastica,MASTER_SPECIES,Funtumia elastica,OMO_STR_0146,Funtumia elastica,Funtumia elastica,Funtumia elastica,21.75,23.2,371.6,EXACT_NORMALIZED_SOURCE_KEY,BASELINE_ACCEPTED,True,1,21.75,23.2,371.6
BuP5,Buffer,Upland,Funtumia elastica,6,buffer,upland,funtumia elastica,buffer||upland||funtumia elastica,MASTER_SPECIES,Funtumia elastica,OMO_STR_0146,Funtumia elastica,Funtumia elastica,Funtumia elastica,21.75,23.2,371.6,EXACT_NORMALIZED_SOURCE_KEY,BASELINE_ACCEPTED,True,6,130.5,139.2,2229.6000000000004
BuP7,Buffer,Upland,Funtumia elastica,1,buffer,upland,funtumia elastica,buffer||upland||funtumia elastica,MASTER_SPECIES,Funtumia elastica,OMO_STR_0146,Funtumia elastica,Funtumia elastica,Funtumia elastica,21.75,23.2,371.6,EXACT_NORMALIZED_SOURCE_KEY,BASELINE_ACCEPTED,True,1,21.75,23.2,371.6
BuP9,Buffer,Upland,Funtumia elastica,1,buffer,upland,funtumia elastica,buffer||upland||funtumia elastica,MASTER_SPECIES,Funtumia elastica,OMO_STR_0146,Funtumia elastica,Funtumia elastica,Funtumia elastica,21.75,23.2,371.6,EXACT_NORMALIZED_SOURCE_KEY,BASELINE_ACCEPTED,True,1,21.75,23.2,371.6
BuP10,Buffer,Upland,Funtumia elastica,1,buffer,upland,funtumia elastica,buffer||upland||funtumia elastica,MASTER_SPECIES,Funtumia elastica,OMO_STR_0146,Funtumia elastica,Funtumia elastica,Funtumia elastica,21.75,23.2,371.6,EXACT_NORMALIZED_SOURCE_KEY,BASELINE_ACCEPTED,True,1,21.75,23.2,371.6
CmP1,Core,Major River,Homalium aylmeri,1,core,major river,homalium aylmeri,core||major river||homalium aylmeri,MASTER_SPECIES,Homalium aylmeri,OMO_STR_0035,Homalium aylmeri,Homalium aylmeri,Homalium aylmeri,32.2,34.8,814.6,EXACT_NORMALIZED_SOURCE_KEY,BASELINE_ACCEPTED,True,1,32.2,34.8,814.6
CmP2,Core,Major River,Homalium aylmeri,2,core,major river,homalium aylmeri,core||major river||homalium aylmeri,MASTER_SPECIES,Homalium aylmeri,OMO_STR_0035,Homalium aylmeri,Homalium aylmeri,Homalium aylmeri,32.2,34.8,814.6,EXACT_NORMALIZED_SOURCE_KEY,BASELINE_ACCEPTED,True,2,64.4,69.6,1629.2
CmP4,Core,Major River,Homalium aylmeri,2,core,major river,homalium aylmeri,core||major river||homalium aylmeri,MASTER_SPECIES,Homalium aylmeri,OMO_STR_0035,Homalium aylmeri,Homalium aylmeri,Homalium aylmeri,32.2,34.8,814.6,EXACT_NORMALIZED_SOURCE_KEY,BASELINE_ACCEPTED,True,2,64.4,69.6,1629.2
CmP6,Core,Major River,Homalium aylmeri,1,core,major river,homalium aylmeri,core||major river||homalium aylmeri,MASTER_SPECIES,Homalium aylmeri,OMO_STR_0035,Homalium aylmeri,Homalium aylmeri,Homalium aylmeri,32.2,34.8,814.6,EXACT_NORMALIZED_SOURCE_KEY,BASELINE_ACCEPTED,True,1,32.2,34.8,814.6
CmP7,Core,Major River,Homalium aylmeri,1,core,major river,homalium aylmeri,core||major river||homalium aylmeri,MASTER_SPECIES,Homalium aylmeri,OMO_STR_0035,Homalium aylmeri,Homalium aylmeri,Homalium aylmeri,32.2,34.8,814.6,EXACT_NORMALIZED_SOURCE_KEY,BASELINE_ACCEPTED,True,1,32.2,34.8,814.6
CmP8,Core,Major River,Homalium aylmeri,1,core,major river,homalium aylmeri,core||major river||homalium aylmeri,MASTER_SPECIES,Homalium aylmeri,OMO_STR_0035,Homalium aylmeri,Homalium aylmeri,Homalium aylmeri,32.2,34.8,814.6,EXACT_NORMALIZED_SOURCE_KEY,BASELINE_ACCEPTED,True,1,32.2,34.8,814.6
CmP10,Core,Major River,Homalium aylmeri,1,core,major river,homalium aylmeri,core||major river||homalium aylmeri,MASTER_SPECIES,Homalium aylmeri,OMO_STR_0035,Homalium aylmeri,Homalium aylmeri,Homalium aylmeri,32.2,34.8,814.6,EXACT_NORMALIZED_SOURCE_KEY,BASELINE_ACCEPTED,True,1,32.2,34.8,814.6
BmP3,Buffer,Major River,Homalium aylmeri,2,buffer,major river,homalium aylmeri,buffer||major river||homalium aylmeri,MASTER_SPECIES,Homalium aylmeri,OMO_STR_0088,Homalium aylmeri,Homalium  aylmeri,Homalium aylmeri,62.0,56.6,3020.0,EXACT_NORMALIZED_SOURCE_KEY,BASELINE_ACCEPTED,True,2,124.0,113.2,6040.0
BmP4,Buffer,Major River,Homalium aylmeri,1,buffer,major river,homalium aylmeri,buffer||major river||homalium aylmeri,MASTER_SPECIES,Homalium aylmeri,OMO_STR_0088,Homalium aylmeri,Homalium  aylmeri,Homalium aylmeri,62.0,56.6,3020.0,EXACT_NORMALIZED_SOURCE_KEY,BASELINE_ACCEPTED,True,1,62.0,56.6,3020.0
BmP6,Buffer,Major River,Homalium aylmeri,1,buffer,major river,homalium aylmeri,buffer||major river||homalium aylmeri,MASTER_SPECIES,Homalium aylmeri,OMO_STR_0088,Homalium aylmeri,Homalium  aylmeri,Homalium aylmeri,62.0,56.6,3020.0,EXACT_NORMALIZED_SOURCE_KEY,BASELINE_ACCEPTED,True,1,62.0,56.6,3020.0
BmP9,Buffer,Major River,Homalium aylmeri,1,buffer,major river,homalium aylmeri,buffer||major river||homalium aylmeri,MASTER_SPECIES,Homalium aylmeri,OMO_STR_0088,Homalium aylmeri,Homalium  aylmeri,Homalium aylmeri,62.0,56.6,3020.0,EXACT_NORMALIZED_SOURCE_KEY,BASELINE_ACCEPTED,True,1,62.0,56.6,3020.0
CmP2,Core,Major River,Irvinga gabonensis,1,core,major river,irvinga gabonensis,core||major river||irvinga gabonensis,MASTER_SPECIES,irvinga gabonensis,OMO_STR_0036,irvinga gabonensis,irvinga gabonensis,Irvinga gabonensis,23.6,22.7,437.6,EXACT_NORMALIZED_SOURCE_KEY,BASELINE_ACCEPTED,True,1,23.6,22.7,437.6
CmP6,Core,Major River,Irvinga gabonensis,1,core,major river,irvinga gabonensis,core||major river||irvinga gabonensis,MASTER_SPECIES,irvinga gabonensis,OMO_STR_0036,irvinga gabonensis,irvinga gabonensis,Irvinga gabonensis,23.6,22.7,437.6,EXACT_NORMALIZED_SOURCE_KEY,BASELINE_ACCEPTED,True,1,23.6,22.7,437.6
CmP7,Core,Major River,Irvinga gabonensis,1,core,major river,irvinga gabonensis,core||major river||irvinga gabonensis,MASTER_SPECIES,irvinga gabonensis,OMO_STR_0036,irvinga gabonensis,irvinga gabonensis,Irvinga gabonensis,23.6,22.7,437.6,EXACT_NORMALIZED_SOURCE_KEY,BASELINE_ACCEPTED,True,1,23.6,22.7,437.6
CmP9,Core,Major River,Irvinga gabonensis,1,core,major river,irvinga gabonensis,core||major river||irvinga gabonensis,MASTER_SPECIES,irvinga gabonensis,OMO_STR_0036,irvinga gabonensis,irvinga gabonensis,Irvinga gabonensis,23.6,22.7,437.6,EXACT_NORMALIZED_SOURCE_KEY,BASELINE_ACCEPTED,True,1,23.6,22.7,437.6
CmP10,Core,Major River,Irvinga gabonensis,1,core,major river,irvinga gabonensis,core||major river||irvinga gabonensis,MASTER_SPECIES,irvinga gabonensis,OMO_STR_0036,irvinga gabonensis,irvinga gabonensis,Irvinga gabonensis,23.6,22.7,437.6,EXACT_NORMALIZED_SOURCE_KEY,BASELINE_ACCEPTED,True,1,23.6,22.7,437.6
CmP1,Core,Major River,Lecaniodiscus cupanioides,1,core,major river,lecaniodiscus cupanioides,core||major river||lecaniodiscus cupanioides,MASTER_SPECIES,Lecaniodiscus cupanioides,OMO_STR_0037,Lecaniodiscus cupanioides,Lecaniodiscus cupanioides,Lecaniodiscus cupanioides,19.4,21.34,295.7,EXACT_NORMALIZED_SOURCE_KEY,BASELINE_ACCEPTED,True,1,19.4,21.34,295.7
CmP2,Core,Major River,Lecaniodiscus cupanioides,1,core,major river,lecaniodiscus cupanioides,core||major river||lecaniodiscus cupanioides,MASTER_SPECIES,Lecaniodiscus cupanioides,OMO_STR_0037,Lecaniodiscus cupanioides,Lecaniodiscus cupanioides,Lecaniodiscus cupanioides,19.4,21.34,295.7,EXACT_NORMALIZED_SOURCE_KEY,BASELINE_ACCEPTED,True,1,19.4,21.34,295.7
CmP3,Core,Major River,Lecaniodiscus cupanioides,1,core,major river,lecaniodiscus cupanioides,core||major river||lecaniodiscus cupanioides,MASTER_SPECIES,Lecaniodiscus cupanioides,OMO_STR_0037,Lecaniodiscus cupanioides,Lecaniodiscus cupanioides,Lecaniodiscus cupanioides,19.4,21.34,295.7,EXACT_NORMALIZED_SOURCE_KEY,BASELINE_ACCEPTED,True,1,19.4,21.34,295.7
CmP5,Core,Major River,Lecaniodiscus cupanioides,1,core,major river,lecaniodiscus cupanioides,core||major river||lecaniodiscus cupanioides,MASTER_SPECIES,Lecaniodiscus cupanioides,OMO_STR_0037,Lecaniodiscus cupanioides,Lecaniodiscus cupanioides,Lecaniodiscus cupanioides,19.4,21.34,295.7,EXACT_NORMALIZED_SOURCE_KEY,BASELINE_ACCEPTED,True,1,19.4,21.34,295.7
CmP6,Core,Major River,Lecaniodiscus cupanioides,1,core,major river,lecaniodiscus cupanioides,core||major river||lecaniodiscus cupanioides,MASTER_SPECIES,Lecaniodiscus cupanioides,OMO_STR_0037,Lecaniodiscus cupanioides,Lecaniodiscus cupanioides,Lecaniodiscus cupanioides,19.4,21.34,295.7,EXACT_NORMALIZED_SOURCE_KEY,BASELINE_ACCEPTED,True,1,19.4,21.34,295.7
CmP7,Core,Major River,Lecaniodiscus cupanioides,2,core,major river,lecaniodiscus cupanioides,core||major river||lecaniodiscus cupanioides,MASTER_SPECIES,Lecaniodiscus cupanioides,OMO_STR_0037,Lecaniodiscus cupanioides,Lecaniodiscus cupanioides,Lecaniodiscus cupanioides,19.4,21.34,295.7,EXACT_NORMALIZED_SOURCE_KEY,BASELINE_ACCEPTED,True,2,38.8,42.68,591.4
CmP10,Core,Major River,Lecaniodiscus cupanioides,2,core,major river,lecaniodiscus cupanioides,core||major river||lecaniodiscus cupanioides,MASTER_SPECIES,Lecaniodiscus cupanioides,OMO_STR_0037,Lecaniodiscus cupanioides,Lecaniodiscus cupanioides,Lecaniodiscus cupanioides,19.4,21.34,295.7,EXACT_NORMALIZED_SOURCE_KEY,BASELINE_ACCEPTED,True,2,38.8,42.68,591.4
CsP2,Core,Stream,Lecaniodiscus cupanioides,1,core,stream,lecaniodiscus cupanioides,core||stream||lecaniodiscus cupanioides,MASTER_SPECIES,Lecaniodiscus cupanioides,OMO_STR_0013,Lecaniodiscus cupanioides,Lecaniodiscus cupanioides,Lecaniodiscus cupanioides,23.7,26.0,441.33,EXACT_NORMALIZED_SOURCE_KEY,BASELINE_ACCEPTED,True,1,23.7,26.0,441.33
CsP10,Core,Stream,Lecaniodiscus cupanioides,1,core,stream,lecaniodiscus cupanioides,core||stream||lecaniodiscus cupanioides,MASTER_SPECIES,Lecaniodiscus cupanioides,OMO_STR_0013,Lecaniodiscus cupanioides,Lecaniodiscus cupanioides,Lecaniodiscus cupanioides,23.7,26.0,441.33,EXACT_NORMALIZED_SOURCE_KEY,BASELINE_ACCEPTED,True,1,23.7,26.0,441.33
CmP6,Core,Major River,Lonchocarpus cilliata,1,core,major river,lonchocarpus cilliata,core||major river||lonchocarpus cilliata,MASTER_SPECIES,Lonchocarpus cilliata,OMO_STR_0038,Lonchocarpus cilliata,Lonchocarpus ciliata,Lonchocarpus cilliata,23.8,24.25,445.0,LINK_TAXONOMICALLY_SECURE_WITH_ABUNDANCE_DISCREPANCY,TAXONOMICALLY_SECURE_ABUNDANCE_DISCREPANCY,True,1,23.8,24.25,445.0
CmP10,Core,Major River,Lonchocarpus cilliata,2,core,major river,lonchocarpus cilliata,core||major river||lonchocarpus cilliata,MASTER_SPECIES,Lonchocarpus cilliata,OMO_STR_0038,Lonchocarpus cilliata,Lonchocarpus ciliata,Lonchocarpus cilliata,23.8,24.25,445.0,LINK_TAXONOMICALLY_SECURE_WITH_ABUNDANCE_DISCREPANCY,TAXONOMICALLY_SECURE_ABUNDANCE_DISCREPANCY,True,2,47.6,48.5,890.0
CmP3,Core,Major River,Margaritaria discoidea,1,core,major river,margaritaria discoidea,core||major river||margaritaria discoidea,MASTER_SPECIES,Margaritaria discoidea,OMO_STR_0039,Margaritaria discoidea,Margaritaria discoidea,Margaritaria discoidea,26.75,27.3,562.2,EXACT_NORMALIZED_SOURCE_KEY,BASELINE_ACCEPTED,True,1,26.75,27.3,562.2
CmP4,Core,Major River,Margaritaria discoidea,1,core,major river,margaritaria discoidea,core||major river||margaritaria discoidea,MASTER_SPECIES,Margaritaria discoidea,OMO_STR_0039,Margaritaria discoidea,Margaritaria discoidea,Margaritaria discoidea,26.75,27.3,562.2,EXACT_NORMALIZED_SOURCE_KEY,BASELINE_ACCEPTED,True,1,26.75,27.3,562.2
CmP5,Core,Major River,Margaritaria discoidea,1,core,major river,margaritaria discoidea,core||major river||margaritaria discoidea,MASTER_SPECIES,Margaritaria discoidea,OMO_STR_0039,Margaritaria discoidea,Margaritaria discoidea,Margaritaria discoidea,26.75,27.3,562.2,EXACT_NORMALIZED_SOURCE_KEY,BASELINE_ACCEPTED,True,1,26.75,27.3,562.2
CmP7,Core,Major River,Margaritaria discoidea,3,core,major river,margaritaria discoidea,core||major river||margaritaria discoidea,MASTER_SPECIES,Margaritaria discoidea,OMO_STR_0039,Margaritaria discoidea,Margaritaria discoidea,Margaritaria discoidea,26.75,27.3,562.2,EXACT_NORMALIZED_SOURCE_KEY,BASELINE_ACCEPTED,True,3,80.25,81.9,1686.6000000000001
CmP8,Core,Major River,Margaritaria discoidea,1,core,major river,margaritaria discoidea,core||major river||margaritaria discoidea,MASTER_SPECIES,Margaritaria discoidea,OMO_STR_0039,Margaritaria discoidea,Margaritaria discoidea,Margaritaria discoidea,26.75,27.3,562.2,EXACT_NORMALIZED_SOURCE_KEY,BASELINE_ACCEPTED,True,1,26.75,27.3,562.2
CmP9,Core,Major River,Margaritaria discoidea,3,core,major river,margaritaria discoidea,core||major river||margaritaria discoidea,MASTER_SPECIES,Margaritaria discoidea,OMO_STR_0039,Margaritaria discoidea,Margaritaria discoidea,Margaritaria discoidea,26.75,27.3,562.2,EXACT_NORMALIZED_SOURCE_KEY,BASELINE_ACCEPTED,True,3,80.25,81.9,1686.6000000000001
CsP1,Core,Stream,Margaritaria discoidea,1,core,stream,margaritaria discoidea,core||stream||margaritaria discoidea,MASTER_SPECIES,Margaritaria discoidea,OMO_STR_0014,Margaritaria discoidea,Margaritaria discoidea,Margaritaria discoidea,24.9,26.4,487.15,EXACT_NORMALIZED_SOURCE_KEY,BASELINE_ACCEPTED,True,1,24.9,26.4,487.15
CsP2,Core,Stream,Margaritaria discoidea,3,core,stream,margaritaria discoidea,core||stream||margaritaria discoidea,MASTER_SPECIES,Margaritaria discoidea,OMO_STR_0014,Margaritaria discoidea,Margaritaria discoidea,Margaritaria discoidea,24.9,26.4,487.15,EXACT_NORMALIZED_SOURCE_KEY,BASELINE_ACCEPTED,True,3,74.69999999999999,79.19999999999999,1461.4499999999998
CsP6,Core,Stream,Margaritaria discoidea,1,core,stream,margaritaria discoidea,core||stream||margaritaria discoidea,MASTER_SPECIES,Margaritaria discoidea,OMO_STR_0014,Margaritaria discoidea,Margaritaria discoidea,Margaritaria discoidea,24.9,26.4,487.15,EXACT_NORMALIZED_SOURCE_KEY,BASELINE_ACCEPTED,True,1,24.9,26.4,487.15
CsP9,Core,Stream,Margaritaria discoidea,2,core,stream,margaritaria discoidea,core||stream||margaritaria discoidea,MASTER_SPECIES,Margaritaria discoidea,OMO_STR_0014,Margaritaria discoidea,Margaritaria discoidea,Margaritaria discoidea,24.9,26.4,487.15,EXACT_NORMALIZED_SOURCE_KEY,BASELINE_ACCEPTED,True,2,49.8,52.8,974.3
CsP10,Core,Stream,Margaritaria discoidea,1,core,stream,margaritaria discoidea,core||stream||margaritaria discoidea,MASTER_SPECIES,Margaritaria discoidea,OMO_STR_0014,Margaritaria discoidea,Margaritaria discoidea,Margaritaria discoidea,24.9,26.4,487.15,EXACT_NORMALIZED_SOURCE_KEY,BASELINE_ACCEPTED,True,1,24.9,26.4,487.15
CuP1,Core,Upland,Margaritaria discoidea,1,core,upland,margaritaria discoidea,core||upland||margaritaria discoidea,MASTER_SPECIES,Margaritaria discoidea,OMO_STR_0063,Margaritaria discoidea,Magaritaria discoidea,Margaritaria discoidea,23.0,23.9,415.6,VALIDATED_CANONICAL_RESCUE,BASELINE_ACCEPTED,True,1,23.0,23.9,415.6
CuP2,Core,Upland,Margaritaria discoidea,3,core,upland,margaritaria discoidea,core||upland||margaritaria discoidea,MASTER_SPECIES,Margaritaria discoidea,OMO_STR_0063,Margaritaria discoidea,Magaritaria discoidea,Margaritaria discoidea,23.0,23.9,415.6,VALIDATED_CANONICAL_RESCUE,BASELINE_ACCEPTED,True,3,69.0,71.69999999999999,1246.8000000000002
CuP4,Core,Upland,Margaritaria discoidea,1,core,upland,margaritaria discoidea,core||upland||margaritaria discoidea,MASTER_SPECIES,Margaritaria discoidea,OMO_STR_0063,Margaritaria discoidea,Magaritaria discoidea,Margaritaria discoidea,23.0,23.9,415.6,VALIDATED_CANONICAL_RESCUE,BASELINE_ACCEPTED,True,1,23.0,23.9,415.6
CuP6,Core,Upland,Margaritaria discoidea,1,core,upland,margaritaria discoidea,core||upland||margaritaria discoidea,MASTER_SPECIES,Margaritaria discoidea,OMO_STR_0063,Margaritaria discoidea,Magaritaria discoidea,Margaritaria discoidea,23.0,23.9,415.6,VALIDATED_CANONICAL_RESCUE,BASELINE_ACCEPTED,True,1,23.0,23.9,415.6
CuP7,Core,Upland,Margaritaria discoidea,1,core,upland,margaritaria discoidea,core||upland||margaritaria discoidea,MASTER_SPECIES,Margaritaria discoidea,OMO_STR_0063,Margaritaria discoidea,Magaritaria discoidea,Margaritaria discoidea,23.0,23.9,415.6,VALIDATED_CANONICAL_RESCUE,BASELINE_ACCEPTED,True,1,23.0,23.9,415.6
CuP8,Core,Upland,Margaritaria discoidea,1,core,upland,margaritaria discoidea,core||upland||margaritaria discoidea,MASTER_SPECIES,Margaritaria discoidea,OMO_STR_0063,Margaritaria discoidea,Magaritaria discoidea,Margaritaria discoidea,23.0,23.9,415.6,VALIDATED_CANONICAL_RESCUE,BASELINE_ACCEPTED,True,1,23.0,23.9,415.6
CuP9,Core,Upland,Margaritaria discoidea,1,core,upland,margaritaria discoidea,core||upland||margaritaria discoidea,MASTER_SPECIES,Margaritaria discoidea,OMO_STR_0063,Margaritaria discoidea,Magaritaria discoidea,Margaritaria discoidea,23.0,23.9,415.6,VALIDATED_CANONICAL_RESCUE,BASELINE_ACCEPTED,True,1,23.0,23.9,415.6
CmP2,Core,Major River,Millettia thoningii,1,core,major river,millettia thoningii,core||major river||millettia thoningii,MASTER_SPECIES,Millettia thoningii,OMO_STR_0040,Millettia thoningii,Millettia thoningii,Millettia thoningii,18.8,17.8,277.7,EXACT_NORMALIZED_SOURCE_KEY,BASELINE_ACCEPTED,True,1,18.8,17.8,277.7
CmP7,Core,Major River,Millettia thoningii,1,core,major river,millettia thoningii,core||major river||millettia thoningii,MASTER_SPECIES,Millettia thoningii,OMO_STR_0040,Millettia thoningii,Millettia thoningii,Millettia thoningii,18.8,17.8,277.7,EXACT_NORMALIZED_SOURCE_KEY,BASELINE_ACCEPTED,True,1,18.8,17.8,277.7
CmP9,Core,Major River,Millettia thoningii,1,core,major river,millettia thoningii,core||major river||millettia thoningii,MASTER_SPECIES,Millettia thoningii,OMO_STR_0040,Millettia thoningii,Millettia thoningii,Millettia thoningii,18.8,17.8,277.7,EXACT_NORMALIZED_SOURCE_KEY,BASELINE_ACCEPTED,True,1,18.8,17.8,277.7
CmP1,Core,Major River,Monodora tenuifolia,2,core,major river,monodora tenuifolia,core||major river||monodora tenuifolia,MASTER_SPECIES,Monodora tenuifolia,OMO_STR_0041,Monodora tenuifolia,Monodora lenuifolia,Monodora tenuifolia,26.5,26.5,551.7,ACCEPTED_STRONG_ORTHOGRAPHIC_AND_ABUNDANCE_EVIDENCE,ORTHOGRAPHIC_AND_ABUNDANCE_SUPPORTED,True,2,53.0,53.0,1103.4
CmP3,Core,Major River,Monodora tenuifolia,2,core,major river,monodora tenuifolia,core||major river||monodora tenuifolia,MASTER_SPECIES,Monodora tenuifolia,OMO_STR_0041,Monodora tenuifolia,Monodora lenuifolia,Monodora tenuifolia,26.5,26.5,551.7,ACCEPTED_STRONG_ORTHOGRAPHIC_AND_ABUNDANCE_EVIDENCE,ORTHOGRAPHIC_AND_ABUNDANCE_SUPPORTED,True,2,53.0,53.0,1103.4
CmP7,Core,Major River,Monodora tenuifolia,1,core,major river,monodora tenuifolia,core||major river||monodora tenuifolia,MASTER_SPECIES,Monodora tenuifolia,OMO_STR_0041,Monodora tenuifolia,Monodora lenuifolia,Monodora tenuifolia,26.5,26.5,551.7,ACCEPTED_STRONG_ORTHOGRAPHIC_AND_ABUNDANCE_EVIDENCE,ORTHOGRAPHIC_AND_ABUNDANCE_SUPPORTED,True,1,26.5,26.5,551.7
CmP8,Core,Major River,Monodora tenuifolia,2,core,major river,monodora tenuifolia,core||major river||monodora tenuifolia,MASTER_SPECIES,Monodora tenuifolia,OMO_STR_0041,Monodora tenuifolia,Monodora lenuifolia,Monodora tenuifolia,26.5,26.5,551.7,ACCEPTED_STRONG_ORTHOGRAPHIC_AND_ABUNDANCE_EVIDENCE,ORTHOGRAPHIC_AND_ABUNDANCE_SUPPORTED,True,2,53.0,53.0,1103.4
CmP1,Core,Major River,Nesodogornia papaverifera,1,core,major river,nesodogornia papaverifera,core||major river||nesodogornia papaverifera,MASTER_SPECIES,Nesodogornia papaverifera,OMO_STR_0042,Nesodogornia papaverifera,Nesodogornia papaverifera,Nesodogornia papaverifera,56.6,54.8,2517.0,EXACT_NORMALIZED_SOURCE_KEY,BASELINE_ACCEPTED,True,1,56.6,54.8,2517.0
CmP2,Core,Major River,Nesodogornia papaverifera,1,core,major river,nesodogornia papaverifera,core||major river||nesodogornia papaverifera,MASTER_SPECIES,Nesodogornia papaverifera,OMO_STR_0042,Nesodogornia papaverifera,Nesodogornia papaverifera,Nesodogornia papaverifera,56.6,54.8,2517.0,EXACT_NORMALIZED_SOURCE_KEY,BASELINE_ACCEPTED,True,1,56.6,54.8,2517.0
CmP7,Core,Major River,Nesodogornia papaverifera,1,core,major river,nesodogornia papaverifera,core||major river||nesodogornia papaverifera,MASTER_SPECIES,Nesodogornia papaverifera,OMO_STR_0042,Nesodogornia papaverifera,Nesodogornia papaverifera,Nesodogornia papaverifera,56.6,54.8,2517.0,EXACT_NORMALIZED_SOURCE_KEY,BASELINE_ACCEPTED,True,1,56.6,54.8,2517.0
CmP9,Core,Major River,Nesodogornia papaverifera,2,core,major river,nesodogornia papaverifera,core||major river||nesodogornia papaverifera,MASTER_SPECIES,Nesodogornia papaverifera,OMO_STR_0042,Nesodogornia papaverifera,Nesodogornia papaverifera,Nesodogornia papaverifera,56.6,54.8,2517.0,EXACT_NORMALIZED_SOURCE_KEY,BASELINE_ACCEPTED,True,2,113.2,109.6,5034.0
BuP2,Buffer,Upland,Nesodogornia papaverifera,2,buffer,upland,nesodogornia papaverifera,buffer||upland||nesodogornia papaverifera,MASTER_SPECIES,Nesodogornia papaverifera,OMO_STR_0153,Nesodogornia papaverifera,Nesodogornia papaverifera,Nesodogornia papaverifera,32.8,32.1,845.3,EXACT_NORMALIZED_SOURCE_KEY,BASELINE_ACCEPTED,True,2,65.6,64.2,1690.6
BuP3,Buffer,Upland,Nesodogornia papaverifera,1,buffer,upland,nesodogornia papaverifera,buffer||upland||nesodogornia papaverifera,MASTER_SPECIES,Nesodogornia papaverifera,OMO_STR_0153,Nesodogornia papaverifera,Nesodogornia papaverifera,Nesodogornia papaverifera,32.8,32.1,845.3,EXACT_NORMALIZED_SOURCE_KEY,BASELINE_ACCEPTED,True,1,32.8,32.1,845.3
BuP4,Buffer,Upland,Nesodogornia papaverifera,1,buffer,upland,nesodogornia papaverifera,buffer||upland||nesodogornia papaverifera,MASTER_SPECIES,Nesodogornia papaverifera,OMO_STR_0153,Nesodogornia papaverifera,Nesodogornia papaverifera,Nesodogornia papaverifera,32.8,32.1,845.3,EXACT_NORMALIZED_SOURCE_KEY,BASELINE_ACCEPTED,True,1,32.8,32.1,845.3
BuP5,Buffer,Upland,Nesodogornia papaverifera,1,buffer,upland,nesodogornia papaverifera,buffer||upland||nesodogornia papaverifera,MASTER_SPECIES,Nesodogornia papaverifera,OMO_STR_0153,Nesodogornia papaverifera,Nesodogornia papaverifera,Nesodogornia papaverifera,32.8,32.1,845.3,EXACT_NORMALIZED_SOURCE_KEY,BASELINE_ACCEPTED,True,1,32.8,32.1,845.3
BuP6,Buffer,Upland,Nesodogornia papaverifera,1,buffer,upland,nesodogornia papaverifera,buffer||upland||nesodogornia papaverifera,MASTER_SPECIES,Nesodogornia papaverifera,OMO_STR_0153,Nesodogornia papaverifera,Nesodogornia papaverifera,Nesodogornia papaverifera,32.8,32.1,845.3,EXACT_NORMALIZED_SOURCE_KEY,BASELINE_ACCEPTED,True,1,32.8,32.1,845.3
BuP7,Buffer,Upland,Nesodogornia papaverifera,2,buffer,upland,nesodogornia papaverifera,buffer||upland||nesodogornia papaverifera,MASTER_SPECIES,Nesodogornia papaverifera,OMO_STR_0153,Nesodogornia papaverifera,Nesodogornia papaverifera,Nesodogornia papaverifera,32.8,32.1,845.3,EXACT_NORMALIZED_SOURCE_KEY,BASELINE_ACCEPTED,True,2,65.6,64.2,1690.6
BuP8,Buffer,Upland,Nesodogornia papaverifera,2,buffer,upland,nesodogornia papaverifera,buffer||upland||nesodogornia papaverifera,MASTER_SPECIES,Nesodogornia papaverifera,OMO_STR_0153,Nesodogornia papaverifera,Nesodogornia papaverifera,Nesodogornia papaverifera,32.8,32.1,845.3,EXACT_NORMALIZED_SOURCE_KEY,BASELINE_ACCEPTED,True,2,65.6,64.2,1690.6
BuP10,Buffer,Upland,Nesodogornia papaverifera,1,buffer,upland,nesodogornia papaverifera,buffer||upland||nesodogornia papaverifera,MASTER_SPECIES,Nesodogornia papaverifera,OMO_STR_0153,Nesodogornia papaverifera,Nesodogornia papaverifera,Nesodogornia papaverifera,32.8,32.1,845.3,EXACT_NORMALIZED_SOURCE_KEY,BASELINE_ACCEPTED,True,1,32.8,32.1,845.3
CmP2,Core,Major River,Picralima nitida,7,core,major river,picralima nitida,core||major river||picralima nitida,MASTER_SPECIES,Picralima nitida,OMO_STR_0043,Picralima nitida,Picralima nitida,Picralima nitida,20.7,20.3,336.6,EXACT_NORMALIZED_SOURCE_KEY,BASELINE_ACCEPTED,True,7,144.9,142.1,2356.2000000000003
CmP3,Core,Major River,Picralima nitida,4,core,major river,picralima nitida,core||major river||picralima nitida,MASTER_SPECIES,Picralima nitida,OMO_STR_0043,Picralima nitida,Picralima nitida,Picralima nitida,20.7,20.3,336.6,EXACT_NORMALIZED_SOURCE_KEY,BASELINE_ACCEPTED,True,4,82.8,81.2,1346.4
CmP4,Core,Major River,Picralima nitida,2,core,major river,picralima nitida,core||major river||picralima nitida,MASTER_SPECIES,Picralima nitida,OMO_STR_0043,Picralima nitida,Picralima nitida,Picralima nitida,20.7,20.3,336.6,EXACT_NORMALIZED_SOURCE_KEY,BASELINE_ACCEPTED,True,2,41.4,40.6,673.2
CmP5,Core,Major River,Picralima nitida,6,core,major river,picralima nitida,core||major river||picralima nitida,MASTER_SPECIES,Picralima nitida,OMO_STR_0043,Picralima nitida,Picralima nitida,Picralima nitida,20.7,20.3,336.6,EXACT_NORMALIZED_SOURCE_KEY,BASELINE_ACCEPTED,True,6,124.19999999999999,121.80000000000001,2019.6000000000001
CmP6,Core,Major River,Picralima nitida,4,core,major river,picralima nitida,core||major river||picralima nitida,MASTER_SPECIES,Picralima nitida,OMO_STR_0043,Picralima nitida,Picralima nitida,Picralima nitida,20.7,20.3,336.6,EXACT_NORMALIZED_SOURCE_KEY,BASELINE_ACCEPTED,True,4,82.8,81.2,1346.4
CmP7,Core,Major River,Picralima nitida,1,core,major river,picralima nitida,core||major river||picralima nitida,MASTER_SPECIES,Picralima nitida,OMO_STR_0043,Picralima nitida,Picralima nitida,Picralima nitida,20.7,20.3,336.6,EXACT_NORMALIZED_SOURCE_KEY,BASELINE_ACCEPTED,True,1,20.7,20.3,336.6
CmP10,Core,Major River,Picralima nitida,2,core,major river,picralima nitida,core||major river||picralima nitida,MASTER_SPECIES,Picralima nitida,OMO_STR_0043,Picralima nitida,Picralima nitida,Picralima nitida,20.7,20.3,336.6,EXACT_NORMALIZED_SOURCE_KEY,BASELINE_ACCEPTED,True,2,41.4,40.6,673.2
CsP2,Core,Stream,Picralima nitida,1,core,stream,picralima nitida,core||stream||picralima nitida,MASTER_SPECIES,Picralima nitida,OMO_STR_0018,Picralima nitida,Picralima nitida,Picralima nitida,46.5,47.8,1698.9,EXACT_NORMALIZED_SOURCE_KEY,BASELINE_ACCEPTED,True,1,46.5,47.8,1698.9
CsP6,Core,Stream,Picralima nitida,1,core,stream,picralima nitida,core||stream||picralima nitida,MASTER_SPECIES,Picralima nitida,OMO_STR_0018,Picralima nitida,Picralima nitida,Picralima nitida,46.5,47.8,1698.9,EXACT_NORMALIZED_SOURCE_KEY,BASELINE_ACCEPTED,True,1,46.5,47.8,1698.9
CsP10,Core,Stream,Picralima nitida,3,core,stream,picralima nitida,core||stream||picralima nitida,MASTER_SPECIES,Picralima nitida,OMO_STR_0018,Picralima nitida,Picralima nitida,Picralima nitida,46.5,47.8,1698.9,EXACT_NORMALIZED_SOURCE_KEY,BASELINE_ACCEPTED,True,3,139.5,143.39999999999998,5096.700000000001
BmP2,Buffer,Major River,Picralima nitida,1,buffer,major river,picralima nitida,buffer||major river||picralima nitida,MASTER_SPECIES,Picralima nitida,OMO_STR_0094,Picralima nitida,Picralima nitida,Picralima nitida,28.8,25.9,651.7,EXACT_NORMALIZED_SOURCE_KEY,BASELINE_ACCEPTED,True,1,28.8,25.9,651.7
BmP8,Buffer,Major River,Picralima nitida,2,buffer,major river,picralima nitida,buffer||major river||picralima nitida,MASTER_SPECIES,Picralima nitida,OMO_STR_0094,Picralima nitida,Picralima nitida,Picralima nitida,28.8,25.9,651.7,EXACT_NORMALIZED_SOURCE_KEY,BASELINE_ACCEPTED,True,2,57.6,51.8,1303.4
CmP1,Core,Major River,Pycnanthus angolensis,2,core,major river,pycnanthus angolensis,core||major river||pycnanthus angolensis,MASTER_SPECIES,Pycnanthus angolensis,OMO_STR_0044,Pycnanthus angolensis,Pycanthus angolensis,Pycanthus angolensis,26.0,25.8,531.1,ACCEPTED_STRONG_ORTHOGRAPHIC_AND_ABUNDANCE_EVIDENCE,ORTHOGRAPHIC_AND_ABUNDANCE_SUPPORTED,True,2,52.0,51.6,1062.2
CmP2,Core,Major River,Pycnanthus angolensis,1,core,major river,pycnanthus angolensis,core||major river||pycnanthus angolensis,MASTER_SPECIES,Pycnanthus angolensis,OMO_STR_0044,Pycnanthus angolensis,Pycanthus angolensis,Pycanthus angolensis,26.0,25.8,531.1,ACCEPTED_STRONG_ORTHOGRAPHIC_AND_ABUNDANCE_EVIDENCE,ORTHOGRAPHIC_AND_ABUNDANCE_SUPPORTED,True,1,26.0,25.8,531.1
CmP7,Core,Major River,Pycnanthus angolensis,3,core,major river,pycnanthus angolensis,core||major river||pycnanthus angolensis,MASTER_SPECIES,Pycnanthus angolensis,OMO_STR_0044,Pycnanthus angolensis,Pycanthus angolensis,Pycanthus angolensis,26.0,25.8,531.1,ACCEPTED_STRONG_ORTHOGRAPHIC_AND_ABUNDANCE_EVIDENCE,ORTHOGRAPHIC_AND_ABUNDANCE_SUPPORTED,True,3,78.0,77.4,1593.3000000000002
CmP9,Core,Major River,Pycnanthus angolensis,1,core,major river,pycnanthus angolensis,core||major river||pycnanthus angolensis,MASTER_SPECIES,Pycnanthus angolensis,OMO_STR_0044,Pycnanthus angolensis,Pycanthus angolensis,Pycanthus angolensis,26.0,25.8,531.1,ACCEPTED_STRONG_ORTHOGRAPHIC_AND_ABUNDANCE_EVIDENCE,ORTHOGRAPHIC_AND_ABUNDANCE_SUPPORTED,True,1,26.0,25.8,531.1
CsP3,Core,Stream,Pycnanthus angolensis,1,core,stream,pycnanthus angolensis,core||stream||pycnanthus angolensis,MASTER_SPECIES,Pycnanthus angolensis,OMO_STR_0020,Pycnanthus angolensis,Pycnanthus angolensis,Pycnanthus angolensis,77.7,67.5,4743.6,EXACT_NORMALIZED_SOURCE_KEY,BASELINE_ACCEPTED,True,1,77.7,67.5,4743.6
CsP6,Core,Stream,Pycnanthus angolensis,2,core,stream,pycnanthus angolensis,core||stream||pycnanthus angolensis,MASTER_SPECIES,Pycnanthus angolensis,OMO_STR_0020,Pycnanthus angolensis,Pycnanthus angolensis,Pycnanthus angolensis,77.7,67.5,4743.6,EXACT_NORMALIZED_SOURCE_KEY,BASELINE_ACCEPTED,True,2,155.4,135.0,9487.2
CsP8,Core,Stream,Pycnanthus angolensis,1,core,stream,pycnanthus angolensis,core||stream||pycnanthus angolensis,MASTER_SPECIES,Pycnanthus angolensis,OMO_STR_0020,Pycnanthus angolensis,Pycnanthus angolensis,Pycnanthus angolensis,77.7,67.5,4743.6,EXACT_NORMALIZED_SOURCE_KEY,BASELINE_ACCEPTED,True,1,77.7,67.5,4743.6
CuP2,Core,Upland,Pycnanthus angolensis,1,core,upland,pycnanthus angolensis,core||upland||pycnanthus angolensis,MASTER_SPECIES,Pycnanthus angolensis,OMO_STR_0068,Pycnanthus angolensis,Pycnantus angolensis,Pycnanthus angolensis,22.1,24.5,383.7,VALIDATED_CANONICAL_RESCUE,BASELINE_ACCEPTED,True,1,22.1,24.5,383.7
CuP7,Core,Upland,Pycnanthus angolensis,1,core,upland,pycnanthus angolensis,core||upland||pycnanthus angolensis,MASTER_SPECIES,Pycnanthus angolensis,OMO_STR_0068,Pycnanthus angolensis,Pycnantus angolensis,Pycnanthus angolensis,22.1,24.5,383.7,VALIDATED_CANONICAL_RESCUE,BASELINE_ACCEPTED,True,1,22.1,24.5,383.7
CuP8,Core,Upland,Pycnanthus angolensis,1,core,upland,pycnanthus angolensis,core||upland||pycnanthus angolensis,MASTER_SPECIES,Pycnanthus angolensis,OMO_STR_0068,Pycnanthus angolensis,Pycnantus angolensis,Pycnanthus angolensis,22.1,24.5,383.7,VALIDATED_CANONICAL_RESCUE,BASELINE_ACCEPTED,True,1,22.1,24.5,383.7
CuP10,Core,Upland,Pycnanthus angolensis,1,core,upland,pycnanthus angolensis,core||upland||pycnanthus angolensis,MASTER_SPECIES,Pycnanthus angolensis,OMO_STR_0068,Pycnanthus angolensis,Pycnantus angolensis,Pycnanthus angolensis,22.1,24.5,383.7,VALIDATED_CANONICAL_RESCUE,BASELINE_ACCEPTED,True,1,22.1,24.5,383.7
CmP2,Core,Major River,Ricinodendron heudelotii,1,core,major river,ricinodendron heudelotii,core||major river||ricinodendron heudelotii,MASTER_SPECIES,Ricinodendron heudelotii,OMO_STR_0045,Ricinodendron heudelotii,Ricinodendron heudeloti,Ricinodendron heudeloti,64.8,66.5,3299.0,ACCEPTED_STRONG_ORTHOGRAPHIC_AND_ABUNDANCE_EVIDENCE,ORTHOGRAPHIC_AND_ABUNDANCE_SUPPORTED,True,1,64.8,66.5,3299.0
CmP3,Core,Major River,Ricinodendron heudelotii,2,core,major river,ricinodendron heudelotii,core||major river||ricinodendron heudelotii,MASTER_SPECIES,Ricinodendron heudelotii,OMO_STR_0045,Ricinodendron heudelotii,Ricinodendron heudeloti,Ricinodendron heudeloti,64.8,66.5,3299.0,ACCEPTED_STRONG_ORTHOGRAPHIC_AND_ABUNDANCE_EVIDENCE,ORTHOGRAPHIC_AND_ABUNDANCE_SUPPORTED,True,2,129.6,133.0,6598.0
CmP9,Core,Major River,Ricinodendron heudelotii,2,core,major river,ricinodendron heudelotii,core||major river||ricinodendron heudelotii,MASTER_SPECIES,Ricinodendron heudelotii,OMO_STR_0045,Ricinodendron heudelotii,Ricinodendron heudeloti,Ricinodendron heudeloti,64.8,66.5,3299.0,ACCEPTED_STRONG_ORTHOGRAPHIC_AND_ABUNDANCE_EVIDENCE,ORTHOGRAPHIC_AND_ABUNDANCE_SUPPORTED,True,2,129.6,133.0,6598.0
CuP3,Core,Upland,Ricinodendron heudelotii,1,core,upland,ricinodendron heudelotii,core||upland||ricinodendron heudelotii,MASTER_SPECIES,Ricinodendron heudelotii,OMO_STR_0069,Ricinodendron heudelotii,Ricinodendron heudeloti,Ricinodendron heudeloti,27.5,28.5,594.2,ACCEPTED_STRONG_ORTHOGRAPHIC_AND_ABUNDANCE_EVIDENCE,ORTHOGRAPHIC_AND_ABUNDANCE_SUPPORTED,True,1,27.5,28.5,594.2
CuP5,Core,Upland,Ricinodendron heudelotii,1,core,upland,ricinodendron heudelotii,core||upland||ricinodendron heudelotii,MASTER_SPECIES,Ricinodendron heudelotii,OMO_STR_0069,Ricinodendron heudelotii,Ricinodendron heudeloti,Ricinodendron heudeloti,27.5,28.5,594.2,ACCEPTED_STRONG_ORTHOGRAPHIC_AND_ABUNDANCE_EVIDENCE,ORTHOGRAPHIC_AND_ABUNDANCE_SUPPORTED,True,1,27.5,28.5,594.2
CuP8,Core,Upland,Ricinodendron heudelotii,1,core,upland,ricinodendron heudelotii,core||upland||ricinodendron heudelotii,MASTER_SPECIES,Ricinodendron heudelotii,OMO_STR_0069,Ricinodendron heudelotii,Ricinodendron heudeloti,Ricinodendron heudeloti,27.5,28.5,594.2,ACCEPTED_STRONG_ORTHOGRAPHIC_AND_ABUNDANCE_EVIDENCE,ORTHOGRAPHIC_AND_ABUNDANCE_SUPPORTED,True,1,27.5,28.5,594.2
TmP4,Transition,Major River,Ricinodendron heudelotii,1,transition,major river,ricinodendron heudelotii,transition||major river||ricinodendron heudelotii,MASTER_SPECIES,Ricinodendron heudelotii,OMO_STR_0184,Ricinodendron heudelotii,Ricinodendron heudelotii,Ricinodendron heudelotii,18.2,22.6,260.2,EXACT_NORMALIZED_SOURCE_KEY,BASELINE_ACCEPTED,True,1,18.2,22.6,260.2
TmP6,Transition,Major River,Ricinodendron heudelotii,1,transition,major river,ricinodendron heudelotii,transition||major river||ricinodendron heudelotii,MASTER_SPECIES,Ricinodendron heudelotii,OMO_STR_0184,Ricinodendron heudelotii,Ricinodendron heudelotii,Ricinodendron heudelotii,18.2,22.6,260.2,EXACT_NORMALIZED_SOURCE_KEY,BASELINE_ACCEPTED,True,1,18.2,22.6,260.2
TmP8,Transition,Major River,Ricinodendron heudelotii,1,transition,major river,ricinodendron heudelotii,transition||major river||ricinodendron heudelotii,MASTER_SPECIES,Ricinodendron heudelotii,OMO_STR_0184,Ricinodendron heudelotii,Ricinodendron heudelotii,Ricinodendron heudelotii,18.2,22.6,260.2,EXACT_NORMALIZED_SOURCE_KEY,BASELINE_ACCEPTED,True,1,18.2,22.6,260.2
CmP3,Core,Major River,Scotellia coricea,1,core,major river,scotellia coricea,core||major river||scotellia coricea,MASTER_SPECIES,Scotellia coricea,OMO_STR_0046,Scotellia coricea,Scotellia coricea,Scotellia coricea,27.5,33.2,594.2,EXACT_NORMALIZED_SOURCE_KEY,BASELINE_ACCEPTED,True,1,27.5,33.2,594.2
CmP7,Core,Major River,Scotellia coricea,1,core,major river,scotellia coricea,core||major river||scotellia coricea,MASTER_SPECIES,Scotellia coricea,OMO_STR_0046,Scotellia coricea,Scotellia coricea,Scotellia coricea,27.5,33.2,594.2,EXACT_NORMALIZED_SOURCE_KEY,BASELINE_ACCEPTED,True,1,27.5,33.2,594.2
CmP10,Core,Major River,Scotellia coricea,1,core,major river,scotellia coricea,core||major river||scotellia coricea,MASTER_SPECIES,Scotellia coricea,OMO_STR_0046,Scotellia coricea,Scotellia coricea,Scotellia coricea,27.5,33.2,594.2,EXACT_NORMALIZED_SOURCE_KEY,BASELINE_ACCEPTED,True,1,27.5,33.2,594.2
CmP2,Core,Major River,Sterculia rhinopetala,1,core,major river,sterculia rhinopetala,core||major river||sterculia rhinopetala,MASTER_SPECIES,Sterculia rhinopetala,OMO_STR_0047,Sterculia rhinopetala,Sterculia rhinopetala,Sterculia rhinopetala,16.6,14.9,216.5,EXACT_NORMALIZED_SOURCE_KEY,BASELINE_ACCEPTED,True,1,16.6,14.9,216.5
CmP3,Core,Major River,Sterculia rhinopetala,1,core,major river,sterculia rhinopetala,core||major river||sterculia rhinopetala,MASTER_SPECIES,Sterculia rhinopetala,OMO_STR_0047,Sterculia rhinopetala,Sterculia rhinopetala,Sterculia rhinopetala,16.6,14.9,216.5,EXACT_NORMALIZED_SOURCE_KEY,BASELINE_ACCEPTED,True,1,16.6,14.9,216.5
CmP4,Core,Major River,Sterculia rhinopetala,3,core,major river,sterculia rhinopetala,core||major river||sterculia rhinopetala,MASTER_SPECIES,Sterculia rhinopetala,OMO_STR_0047,Sterculia rhinopetala,Sterculia rhinopetala,Sterculia rhinopetala,16.6,14.9,216.5,EXACT_NORMALIZED_SOURCE_KEY,BASELINE_ACCEPTED,True,3,49.800000000000004,44.7,649.5
CmP5,Core,Major River,Sterculia rhinopetala,1,core,major river,sterculia rhinopetala,core||major river||sterculia rhinopetala,MASTER_SPECIES,Sterculia rhinopetala,OMO_STR_0047,Sterculia rhinopetala,Sterculia rhinopetala,Sterculia rhinopetala,16.6,14.9,216.5,EXACT_NORMALIZED_SOURCE_KEY,BASELINE_ACCEPTED,True,1,16.6,14.9,216.5
CmP6,Core,Major River,Sterculia rhinopetala,1,core,major river,sterculia rhinopetala,core||major river||sterculia rhinopetala,MASTER_SPECIES,Sterculia rhinopetala,OMO_STR_0047,Sterculia rhinopetala,Sterculia rhinopetala,Sterculia rhinopetala,16.6,14.9,216.5,EXACT_NORMALIZED_SOURCE_KEY,BASELINE_ACCEPTED,True,1,16.6,14.9,216.5
CmP7,Core,Major River,Sterculia rhinopetala,1,core,major river,sterculia rhinopetala,core||major river||sterculia rhinopetala,MASTER_SPECIES,Sterculia rhinopetala,OMO_STR_0047,Sterculia rhinopetala,Sterculia rhinopetala,Sterculia rhinopetala,16.6,14.9,216.5,EXACT_NORMALIZED_SOURCE_KEY,BASELINE_ACCEPTED,True,1,16.6,14.9,216.5
CsP1,Core,Stream,Sterculia rhinopetala,2,core,stream,sterculia rhinopetala,core||stream||sterculia rhinopetala,MASTER_SPECIES,Sterculia rhinopetala,OMO_STR_0022,Sterculia rhinopetala,Sterculia rhinopetala,Sterculia rhinopetala,49.4,45.2,1917.4,EXACT_NORMALIZED_SOURCE_KEY,BASELINE_ACCEPTED,True,2,98.8,90.4,3834.8
CsP5,Core,Stream,Sterculia rhinopetala,1,core,stream,sterculia rhinopetala,core||stream||sterculia rhinopetala,MASTER_SPECIES,Sterculia rhinopetala,OMO_STR_0022,Sterculia rhinopetala,Sterculia rhinopetala,Sterculia rhinopetala,49.4,45.2,1917.4,EXACT_NORMALIZED_SOURCE_KEY,BASELINE_ACCEPTED,True,1,49.4,45.2,1917.4
CsP6,Core,Stream,Sterculia rhinopetala,1,core,stream,sterculia rhinopetala,core||stream||sterculia rhinopetala,MASTER_SPECIES,Sterculia rhinopetala,OMO_STR_0022,Sterculia rhinopetala,Sterculia rhinopetala,Sterculia rhinopetala,49.4,45.2,1917.4,EXACT_NORMALIZED_SOURCE_KEY,BASELINE_ACCEPTED,True,1,49.4,45.2,1917.4
CsP9,Core,Stream,Sterculia rhinopetala,3,core,stream,sterculia rhinopetala,core||stream||sterculia rhinopetala,MASTER_SPECIES,Sterculia rhinopetala,OMO_STR_0022,Sterculia rhinopetala,Sterculia rhinopetala,Sterculia rhinopetala,49.4,45.2,1917.4,EXACT_NORMALIZED_SOURCE_KEY,BASELINE_ACCEPTED,True,3,148.2,135.60000000000002,5752.200000000001
CuP2,Core,Upland,Sterculia rhinopetala,1,core,upland,sterculia rhinopetala,core||upland||sterculia rhinopetala,MASTER_SPECIES,Sterculia rhinopetala,OMO_STR_0072,Sterculia rhinopetala,Sterculia rhinopetala,Sterculia rhinopetala,15.0,15.8,176.7,EXACT_NORMALIZED_SOURCE_KEY,BASELINE_ACCEPTED,True,1,15.0,15.8,176.7
CuP4,Core,Upland,Sterculia rhinopetala,1,core,upland,sterculia rhinopetala,core||upland||sterculia rhinopetala,MASTER_SPECIES,Sterculia rhinopetala,OMO_STR_0072,Sterculia rhinopetala,Sterculia rhinopetala,Sterculia rhinopetala,15.0,15.8,176.7,EXACT_NORMALIZED_SOURCE_KEY,BASELINE_ACCEPTED,True,1,15.0,15.8,176.7
CuP5,Core,Upland,Sterculia rhinopetala,1,core,upland,sterculia rhinopetala,core||upland||sterculia rhinopetala,MASTER_SPECIES,Sterculia rhinopetala,OMO_STR_0072,Sterculia rhinopetala,Sterculia rhinopetala,Sterculia rhinopetala,15.0,15.8,176.7,EXACT_NORMALIZED_SOURCE_KEY,BASELINE_ACCEPTED,True,1,15.0,15.8,176.7
CuP6,Core,Upland,Sterculia rhinopetala,1,core,upland,sterculia rhinopetala,core||upland||sterculia rhinopetala,MASTER_SPECIES,Sterculia rhinopetala,OMO_STR_0072,Sterculia rhinopetala,Sterculia rhinopetala,Sterculia rhinopetala,15.0,15.8,176.7,EXACT_NORMALIZED_SOURCE_KEY,BASELINE_ACCEPTED,True,1,15.0,15.8,176.7
CuP7,Core,Upland,Sterculia rhinopetala,2,core,upland,sterculia rhinopetala,core||upland||sterculia rhinopetala,MASTER_SPECIES,Sterculia rhinopetala,OMO_STR_0072,Sterculia rhinopetala,Sterculia rhinopetala,Sterculia rhinopetala,15.0,15.8,176.7,EXACT_NORMALIZED_SOURCE_KEY,BASELINE_ACCEPTED,True,2,30.0,31.6,353.4
CuP9,Core,Upland,Sterculia rhinopetala,1,core,upland,sterculia rhinopetala,core||upland||sterculia rhinopetala,MASTER_SPECIES,Sterculia rhinopetala,OMO_STR_0072,Sterculia rhinopetala,Sterculia rhinopetala,Sterculia rhinopetala,15.0,15.8,176.7,EXACT_NORMALIZED_SOURCE_KEY,BASELINE_ACCEPTED,True,1,15.0,15.8,176.7
BmP1,Buffer,Major River,Sterculia rhinopetala,3,buffer,major river,sterculia rhinopetala,buffer||major river||sterculia rhinopetala,MASTER_SPECIES,Sterculia rhinopetala,OMO_STR_0097,Sterculia rhinopetala,Sterculia rhinopetala,Sterculia rhinopetala,29.3,26.7,674.5,EXACT_NORMALIZED_SOURCE_KEY,BASELINE_ACCEPTED,True,3,87.9,80.1,2023.5
BmP5,Buffer,Major River,Sterculia rhinopetala,1,buffer,major river,sterculia rhinopetala,buffer||major river||sterculia rhinopetala,MASTER_SPECIES,Sterculia rhinopetala,OMO_STR_0097,Sterculia rhinopetala,Sterculia rhinopetala,Sterculia rhinopetala,29.3,26.7,674.5,EXACT_NORMALIZED_SOURCE_KEY,BASELINE_ACCEPTED,True,1,29.3,26.7,674.5
BmP6,Buffer,Major River,Sterculia rhinopetala,1,buffer,major river,sterculia rhinopetala,buffer||major river||sterculia rhinopetala,MASTER_SPECIES,Sterculia rhinopetala,OMO_STR_0097,Sterculia rhinopetala,Sterculia rhinopetala,Sterculia rhinopetala,29.3,26.7,674.5,EXACT_NORMALIZED_SOURCE_KEY,BASELINE_ACCEPTED,True,1,29.3,26.7,674.5
BmP9,Buffer,Major River,Sterculia rhinopetala,1,buffer,major river,sterculia rhinopetala,buffer||major river||sterculia rhinopetala,MASTER_SPECIES,Sterculia rhinopetala,OMO_STR_0097,Sterculia rhinopetala,Sterculia rhinopetala,Sterculia rhinopetala,29.3,26.7,674.5,EXACT_NORMALIZED_SOURCE_KEY,BASELINE_ACCEPTED,True,1,29.3,26.7,674.5
BsP5,Buffer,Stream,Sterculia rhinopetala,1,buffer,stream,sterculia rhinopetala,buffer||stream||sterculia rhinopetala,MASTER_SPECIES,Sterculia rhinopetala,OMO_STR_0131,Sterculia rhinopetala,Sterculia rhinopetala,Sterculia rhinopetala,19.0,15.3,283.6,EXACT_NORMALIZED_SOURCE_KEY,BASELINE_ACCEPTED,True,1,19.0,15.3,283.6
BsP9,Buffer,Stream,Sterculia rhinopetala,1,buffer,stream,sterculia rhinopetala,buffer||stream||sterculia rhinopetala,MASTER_SPECIES,Sterculia rhinopetala,OMO_STR_0131,Sterculia rhinopetala,Sterculia rhinopetala,Sterculia rhinopetala,19.0,15.3,283.6,EXACT_NORMALIZED_SOURCE_KEY,BASELINE_ACCEPTED,True,1,19.0,15.3,283.6
BuP5,Buffer,Upland,Sterculia rhinopetala,4,buffer,upland,sterculia rhinopetala,buffer||upland||sterculia rhinopetala,MASTER_SPECIES,Sterculia rhinopetala,OMO_STR_0157,Sterculia rhinopetala,Sterculia rhinopetala,Sterculia rhinopetala,12.6,12.9,124.7,EXACT_NORMALIZED_SOURCE_KEY,BASELINE_ACCEPTED,True,4,50.4,51.6,498.8
BuP7,Buffer,Upland,Sterculia rhinopetala,1,buffer,upland,sterculia rhinopetala,buffer||upland||sterculia rhinopetala,MASTER_SPECIES,Sterculia rhinopetala,OMO_STR_0157,Sterculia rhinopetala,Sterculia rhinopetala,Sterculia rhinopetala,12.6,12.9,124.7,EXACT_NORMALIZED_SOURCE_KEY,BASELINE_ACCEPTED,True,1,12.6,12.9,124.7
BuP10,Buffer,Upland,Sterculia rhinopetala,1,buffer,upland,sterculia rhinopetala,buffer||upland||sterculia rhinopetala,MASTER_SPECIES,Sterculia rhinopetala,OMO_STR_0157,Sterculia rhinopetala,Sterculia rhinopetala,Sterculia rhinopetala,12.6,12.9,124.7,EXACT_NORMALIZED_SOURCE_KEY,BASELINE_ACCEPTED,True,1,12.6,12.9,124.7
CmP1,Core,Major River,Strombosia pustulata,3,core,major river,strombosia pustulata,core||major river||strombosia pustulata,MASTER_SPECIES,Strombosia pustulata,OMO_STR_0048,Strombosia pustulata,Strombosia  pustulata,Strombosia pustulata,27.2,26.8,581.3,EXACT_NORMALIZED_SOURCE_KEY,BASELINE_ACCEPTED,True,3,81.6,80.4,1743.8999999999999
CmP2,Core,Major River,Strombosia pustulata,6,core,major river,strombosia pustulata,core||major river||strombosia pustulata,MASTER_SPECIES,Strombosia pustulata,OMO_STR_0048,Strombosia pustulata,Strombosia  pustulata,Strombosia pustulata,27.2,26.8,581.3,EXACT_NORMALIZED_SOURCE_KEY,BASELINE_ACCEPTED,True,6,163.2,160.8,3487.7999999999997
CmP3,Core,Major River,Strombosia pustulata,4,core,major river,strombosia pustulata,core||major river||strombosia pustulata,MASTER_SPECIES,Strombosia pustulata,OMO_STR_0048,Strombosia pustulata,Strombosia  pustulata,Strombosia pustulata,27.2,26.8,581.3,EXACT_NORMALIZED_SOURCE_KEY,BASELINE_ACCEPTED,True,4,108.8,107.2,2325.2
CmP4,Core,Major River,Strombosia pustulata,2,core,major river,strombosia pustulata,core||major river||strombosia pustulata,MASTER_SPECIES,Strombosia pustulata,OMO_STR_0048,Strombosia pustulata,Strombosia  pustulata,Strombosia pustulata,27.2,26.8,581.3,EXACT_NORMALIZED_SOURCE_KEY,BASELINE_ACCEPTED,True,2,54.4,53.6,1162.6
CmP5,Core,Major River,Strombosia pustulata,6,core,major river,strombosia pustulata,core||major river||strombosia pustulata,MASTER_SPECIES,Strombosia pustulata,OMO_STR_0048,Strombosia pustulata,Strombosia  pustulata,Strombosia pustulata,27.2,26.8,581.3,EXACT_NORMALIZED_SOURCE_KEY,BASELINE_ACCEPTED,True,6,163.2,160.8,3487.7999999999997
CmP6,Core,Major River,Strombosia pustulata,1,core,major river,strombosia pustulata,core||major river||strombosia pustulata,MASTER_SPECIES,Strombosia pustulata,OMO_STR_0048,Strombosia pustulata,Strombosia  pustulata,Strombosia pustulata,27.2,26.8,581.3,EXACT_NORMALIZED_SOURCE_KEY,BASELINE_ACCEPTED,True,1,27.2,26.8,581.3
CmP8,Core,Major River,Strombosia pustulata,3,core,major river,strombosia pustulata,core||major river||strombosia pustulata,MASTER_SPECIES,Strombosia pustulata,OMO_STR_0048,Strombosia pustulata,Strombosia  pustulata,Strombosia pustulata,27.2,26.8,581.3,EXACT_NORMALIZED_SOURCE_KEY,BASELINE_ACCEPTED,True,3,81.6,80.4,1743.8999999999999
CmP10,Core,Major River,Strombosia pustulata,2,core,major river,strombosia pustulata,core||major river||strombosia pustulata,MASTER_SPECIES,Strombosia pustulata,OMO_STR_0048,Strombosia pustulata,Strombosia  pustulata,Strombosia pustulata,27.2,26.8,581.3,EXACT_NORMALIZED_SOURCE_KEY,BASELINE_ACCEPTED,True,2,54.4,53.6,1162.6
CuP1,Core,Upland,Strombosia pustulata,5,core,upland,strombosia pustulata,core||upland||strombosia pustulata,MASTER_SPECIES,Strombosia pustulata,OMO_STR_0073,Strombosia pustulata,Strombosia pustulata,Strombosia pustulata,19.8,20.0,308.0,EXACT_NORMALIZED_SOURCE_KEY,BASELINE_ACCEPTED,True,5,99.0,100.0,1540.0
CuP2,Core,Upland,Strombosia pustulata,1,core,upland,strombosia pustulata,core||upland||strombosia pustulata,MASTER_SPECIES,Strombosia pustulata,OMO_STR_0073,Strombosia pustulata,Strombosia pustulata,Strombosia pustulata,19.8,20.0,308.0,EXACT_NORMALIZED_SOURCE_KEY,BASELINE_ACCEPTED,True,1,19.8,20.0,308.0
CuP3,Core,Upland,Strombosia pustulata,1,core,upland,strombosia pustulata,core||upland||strombosia pustulata,MASTER_SPECIES,Strombosia pustulata,OMO_STR_0073,Strombosia pustulata,Strombosia pustulata,Strombosia pustulata,19.8,20.0,308.0,EXACT_NORMALIZED_SOURCE_KEY,BASELINE_ACCEPTED,True,1,19.8,20.0,308.0
CuP5,Core,Upland,Strombosia pustulata,7,core,upland,strombosia pustulata,core||upland||strombosia pustulata,MASTER_SPECIES,Strombosia pustulata,OMO_STR_0073,Strombosia pustulata,Strombosia pustulata,Strombosia pustulata,19.8,20.0,308.0,EXACT_NORMALIZED_SOURCE_KEY,BASELINE_ACCEPTED,True,7,138.6,140.0,2156.0
CuP6,Core,Upland,Strombosia pustulata,1,core,upland,strombosia pustulata,core||upland||strombosia pustulata,MASTER_SPECIES,Strombosia pustulata,OMO_STR_0073,Strombosia pustulata,Strombosia pustulata,Strombosia pustulata,19.8,20.0,308.0,EXACT_NORMALIZED_SOURCE_KEY,BASELINE_ACCEPTED,True,1,19.8,20.0,308.0
CuP7,Core,Upland,Strombosia pustulata,2,core,upland,strombosia pustulata,core||upland||strombosia pustulata,MASTER_SPECIES,Strombosia pustulata,OMO_STR_0073,Strombosia pustulata,Strombosia pustulata,Strombosia pustulata,19.8,20.0,308.0,EXACT_NORMALIZED_SOURCE_KEY,BASELINE_ACCEPTED,True,2,39.6,40.0,616.0
CuP8,Core,Upland,Strombosia pustulata,1,core,upland,strombosia pustulata,core||upland||strombosia pustulata,MASTER_SPECIES,Strombosia pustulata,OMO_STR_0073,Strombosia pustulata,Strombosia pustulata,Strombosia pustulata,19.8,20.0,308.0,EXACT_NORMALIZED_SOURCE_KEY,BASELINE_ACCEPTED,True,1,19.8,20.0,308.0
CuP9,Core,Upland,Strombosia pustulata,2,core,upland,strombosia pustulata,core||upland||strombosia pustulata,MASTER_SPECIES,Strombosia pustulata,OMO_STR_0073,Strombosia pustulata,Strombosia pustulata,Strombosia pustulata,19.8,20.0,308.0,EXACT_NORMALIZED_SOURCE_KEY,BASELINE_ACCEPTED,True,2,39.6,40.0,616.0
CuP10,Core,Upland,Strombosia pustulata,2,core,upland,strombosia pustulata,core||upland||strombosia pustulata,MASTER_SPECIES,Strombosia pustulata,OMO_STR_0073,Strombosia pustulata,Strombosia pustulata,Strombosia pustulata,19.8,20.0,308.0,EXACT_NORMALIZED_SOURCE_KEY,BASELINE_ACCEPTED,True,2,39.6,40.0,616.0
BsP4,Buffer,Stream,Strombosia pustulata,2,buffer,stream,strombosia pustulata,buffer||stream||strombosia pustulata,MASTER_SPECIES,Strombosia pustulata,OMO_STR_0132,Strombosia pustulata,Strombosia pustulata,Strombosia pustulata,39.7,33.9,1238.0,EXACT_NORMALIZED_SOURCE_KEY,BASELINE_ACCEPTED,True,2,79.4,67.8,2476.0
BsP7,Buffer,Stream,Strombosia pustulata,1,buffer,stream,strombosia pustulata,buffer||stream||strombosia pustulata,MASTER_SPECIES,Strombosia pustulata,OMO_STR_0132,Strombosia pustulata,Strombosia pustulata,Strombosia pustulata,39.7,33.9,1238.0,EXACT_NORMALIZED_SOURCE_KEY,BASELINE_ACCEPTED,True,1,39.7,33.9,1238.0
BsP8,Buffer,Stream,Strombosia pustulata,1,buffer,stream,strombosia pustulata,buffer||stream||strombosia pustulata,MASTER_SPECIES,Strombosia pustulata,OMO_STR_0132,Strombosia pustulata,Strombosia pustulata,Strombosia pustulata,39.7,33.9,1238.0,EXACT_NORMALIZED_SOURCE_KEY,BASELINE_ACCEPTED,True,1,39.7,33.9,1238.0
TmP1,Transition,Major River,Strombosia pustulata,1,transition,major river,strombosia pustulata,transition||major river||strombosia pustulata,MASTER_SPECIES,Strombosia pustulata,OMO_STR_0186,Strombosia pustulata,Strombosia postulata,Strombosia postulata,35.7,27.6,1001.0,ACCEPTED_STRONG_ORTHOGRAPHIC_AND_ABUNDANCE_EVIDENCE,ORTHOGRAPHIC_AND_ABUNDANCE_SUPPORTED,True,1,35.7,27.6,1001.0
TmP3,Transition,Major River,Strombosia pustulata,1,transition,major river,strombosia pustulata,transition||major river||strombosia pustulata,MASTER_SPECIES,Strombosia pustulata,OMO_STR_0186,Strombosia pustulata,Strombosia postulata,Strombosia postulata,35.7,27.6,1001.0,ACCEPTED_STRONG_ORTHOGRAPHIC_AND_ABUNDANCE_EVIDENCE,ORTHOGRAPHIC_AND_ABUNDANCE_SUPPORTED,True,1,35.7,27.6,1001.0
TmP6,Transition,Major River,Strombosia pustulata,1,transition,major river,strombosia pustulata,transition||major river||strombosia pustulata,MASTER_SPECIES,Strombosia pustulata,OMO_STR_0186,Strombosia pustulata,Strombosia postulata,Strombosia postulata,35.7,27.6,1001.0,ACCEPTED_STRONG_ORTHOGRAPHIC_AND_ABUNDANCE_EVIDENCE,ORTHOGRAPHIC_AND_ABUNDANCE_SUPPORTED,True,1,35.7,27.6,1001.0
TmP8,Transition,Major River,Strombosia pustulata,1,transition,major river,strombosia pustulata,transition||major river||strombosia pustulata,MASTER_SPECIES,Strombosia pustulata,OMO_STR_0186,Strombosia pustulata,Strombosia postulata,Strombosia postulata,35.7,27.6,1001.0,ACCEPTED_STRONG_ORTHOGRAPHIC_AND_ABUNDANCE_EVIDENCE,ORTHOGRAPHIC_AND_ABUNDANCE_SUPPORTED,True,1,35.7,27.6,1001.0
CmP2,Core,Major River,Trichilia gilgiana,1,core,major river,trichilia gilgiana,core||major river||trichilia gilgiana,MASTER_SPECIES,Trichilia gilgiana,OMO_STR_0049,Trichilia gilgiana,Trichilia gilgiana,Trichilia gilgiana,16.9,20.5,224.4,EXACT_NORMALIZED_SOURCE_KEY,BASELINE_ACCEPTED,True,1,16.9,20.5,224.4
CmP4,Core,Major River,Trichilia gilgiana,1,core,major river,trichilia gilgiana,core||major river||trichilia gilgiana,MASTER_SPECIES,Trichilia gilgiana,OMO_STR_0049,Trichilia gilgiana,Trichilia gilgiana,Trichilia gilgiana,16.9,20.5,224.4,EXACT_NORMALIZED_SOURCE_KEY,BASELINE_ACCEPTED,True,1,16.9,20.5,224.4
CmP9,Core,Major River,Trichilia gilgiana,1,core,major river,trichilia gilgiana,core||major river||trichilia gilgiana,MASTER_SPECIES,Trichilia gilgiana,OMO_STR_0049,Trichilia gilgiana,Trichilia gilgiana,Trichilia gilgiana,16.9,20.5,224.4,EXACT_NORMALIZED_SOURCE_KEY,BASELINE_ACCEPTED,True,1,16.9,20.5,224.4
CmP6,Core,Major River,Trichilia monadelpha,1,core,major river,trichilia monadelpha,core||major river||trichilia monadelpha,MASTER_SPECIES,Trichilia monadelpha,OMO_STR_0050,Trichilia monadelpha,Trichilia monadelpha,Trichilia monadelpha,21.0,18.7,346.5,EXACT_NORMALIZED_SOURCE_KEY,BASELINE_ACCEPTED,True,1,21.0,18.7,346.5
CmP10,Core,Major River,Trichilia monadelpha,2,core,major river,trichilia monadelpha,core||major river||trichilia monadelpha,MASTER_SPECIES,Trichilia monadelpha,OMO_STR_0050,Trichilia monadelpha,Trichilia monadelpha,Trichilia monadelpha,21.0,18.7,346.5,EXACT_NORMALIZED_SOURCE_KEY,BASELINE_ACCEPTED,True,2,42.0,37.4,693.0
CsP3,Core,Stream,Trichilia monadelpha,1,core,stream,trichilia monadelpha,core||stream||trichilia monadelpha,MASTER_SPECIES,Trichilia monadelpha,OMO_STR_0025,Trichilia monadelpha,Trichilia monadelpha,Trichilia monadelpha,40.7,39.2,1301.5,EXACT_NORMALIZED_SOURCE_KEY,BASELINE_ACCEPTED,True,1,40.7,39.2,1301.5
CsP4,Core,Stream,Trichilia monadelpha,2,core,stream,trichilia monadelpha,core||stream||trichilia monadelpha,MASTER_SPECIES,Trichilia monadelpha,OMO_STR_0025,Trichilia monadelpha,Trichilia monadelpha,Trichilia monadelpha,40.7,39.2,1301.5,EXACT_NORMALIZED_SOURCE_KEY,BASELINE_ACCEPTED,True,2,81.4,78.4,2603.0
CsP6,Core,Stream,Trichilia monadelpha,2,core,stream,trichilia monadelpha,core||stream||trichilia monadelpha,MASTER_SPECIES,Trichilia monadelpha,OMO_STR_0025,Trichilia monadelpha,Trichilia monadelpha,Trichilia monadelpha,40.7,39.2,1301.5,EXACT_NORMALIZED_SOURCE_KEY,BASELINE_ACCEPTED,True,2,81.4,78.4,2603.0
CsP7,Core,Stream,Trichilia monadelpha,5,core,stream,trichilia monadelpha,core||stream||trichilia monadelpha,MASTER_SPECIES,Trichilia monadelpha,OMO_STR_0025,Trichilia monadelpha,Trichilia monadelpha,Trichilia monadelpha,40.7,39.2,1301.5,EXACT_NORMALIZED_SOURCE_KEY,BASELINE_ACCEPTED,True,5,203.5,196.0,6507.5
BmP3,Buffer,Major River,Trichilia monadelpha,1,buffer,major river,trichilia monadelpha,buffer||major river||trichilia monadelpha,MASTER_SPECIES,Trichilia monadelpha,OMO_STR_0100,Trichilia monadelpha,Trichilia monadelpha,Trichilia monadelpha,21.4,27.3,359.8,EXACT_NORMALIZED_SOURCE_KEY,BASELINE_ACCEPTED,True,1,21.4,27.3,359.8
BmP4,Buffer,Major River,Trichilia monadelpha,2,buffer,major river,trichilia monadelpha,buffer||major river||trichilia monadelpha,MASTER_SPECIES,Trichilia monadelpha,OMO_STR_0100,Trichilia monadelpha,Trichilia monadelpha,Trichilia monadelpha,21.4,27.3,359.8,EXACT_NORMALIZED_SOURCE_KEY,BASELINE_ACCEPTED,True,2,42.8,54.6,719.6
BmP6,Buffer,Major River,Trichilia monadelpha,1,buffer,major river,trichilia monadelpha,buffer||major river||trichilia monadelpha,MASTER_SPECIES,Trichilia monadelpha,OMO_STR_0100,Trichilia monadelpha,Trichilia monadelpha,Trichilia monadelpha,21.4,27.3,359.8,EXACT_NORMALIZED_SOURCE_KEY,BASELINE_ACCEPTED,True,1,21.4,27.3,359.8
BmP10,Buffer,Major River,Trichilia monadelpha,1,buffer,major river,trichilia monadelpha,buffer||major river||trichilia monadelpha,MASTER_SPECIES,Trichilia monadelpha,OMO_STR_0100,Trichilia monadelpha,Trichilia monadelpha,Trichilia monadelpha,21.4,27.3,359.8,EXACT_NORMALIZED_SOURCE_KEY,BASELINE_ACCEPTED,True,1,21.4,27.3,359.8
TmP3,Transition,Major River,Trichilia monadelpha,6,transition,major river,trichilia monadelpha,transition||major river||trichilia monadelpha,MASTER_SPECIES,Trichilia monadelpha,OMO_STR_0189,Trichilia monadelpha,Trichilia monadelpha,Trichilia monadelpha,30.8,28.5,745.3,EXACT_NORMALIZED_SOURCE_KEY,BASELINE_ACCEPTED,True,6,184.8,171.0,4471.799999999999
TmP6,Transition,Major River,Trichilia monadelpha,3,transition,major river,trichilia monadelpha,transition||major river||trichilia monadelpha,MASTER_SPECIES,Trichilia monadelpha,OMO_STR_0189,Trichilia monadelpha,Trichilia monadelpha,Trichilia monadelpha,30.8,28.5,745.3,EXACT_NORMALIZED_SOURCE_KEY,BASELINE_ACCEPTED,True,3,92.4,85.5,2235.8999999999996
TmP7,Transition,Major River,Trichilia monadelpha,1,transition,major river,trichilia monadelpha,transition||major river||trichilia monadelpha,MASTER_SPECIES,Trichilia monadelpha,OMO_STR_0189,Trichilia monadelpha,Trichilia monadelpha,Trichilia monadelpha,30.8,28.5,745.3,EXACT_NORMALIZED_SOURCE_KEY,BASELINE_ACCEPTED,True,1,30.8,28.5,745.3
TmP10,Transition,Major River,Trichilia monadelpha,3,transition,major river,trichilia monadelpha,transition||major river||trichilia monadelpha,MASTER_SPECIES,Trichilia monadelpha,OMO_STR_0189,Trichilia monadelpha,Trichilia monadelpha,Trichilia monadelpha,30.8,28.5,745.3,EXACT_NORMALIZED_SOURCE_KEY,BASELINE_ACCEPTED,True,3,92.4,85.5,2235.8999999999996
CmP8,Core,Major River,Uapaca heudelotii,1,core,major river,uapaca heudelotii,core||major river||uapaca heudelotii,MASTER_SPECIES,Uapaca heudelotii,OMO_STR_0051,Uapaca heudelotii,Uapaca heudelotii,Uapaca heudelotii,43.3,54.9,1473.0,EXACT_NORMALIZED_SOURCE_KEY,BASELINE_ACCEPTED,True,1,43.3,54.9,1473.0
CmP10,Core,Major River,Uapaca heudelotii,2,core,major river,uapaca heudelotii,core||major river||uapaca heudelotii,MASTER_SPECIES,Uapaca heudelotii,OMO_STR_0051,Uapaca heudelotii,Uapaca heudelotii,Uapaca heudelotii,43.3,54.9,1473.0,EXACT_NORMALIZED_SOURCE_KEY,BASELINE_ACCEPTED,True,2,86.6,109.8,2946.0
BuP3,Buffer,Upland,Uapaca heudelotii,1,buffer,upland,uapaca heudelotii,buffer||upland||uapaca heudelotii,MASTER_SPECIES,Uapaca heudelotii,OMO_STR_0160,Uapaca heudelotii,Uapaca heudelotii,Uapaca heudelotii,26.4,27.5,547.6,EXACT_NORMALIZED_SOURCE_KEY,BASELINE_ACCEPTED,True,1,26.4,27.5,547.6
CsP1,Core,Stream,Alstonia boonei,2,core,stream,alstonia boonei,core||stream||alstonia boonei,MASTER_SPECIES,Alstonia boonei,OMO_STR_0001,Alstonia boonei,Alstonia  boonei,Alstonia boonei,36.34,35.58,1037.6,EXACT_NORMALIZED_SOURCE_KEY,BASELINE_ACCEPTED,True,2,72.68,71.16,2075.2
CsP9,Core,Stream,Alstonia boonei,3,core,stream,alstonia boonei,core||stream||alstonia boonei,MASTER_SPECIES,Alstonia boonei,OMO_STR_0001,Alstonia boonei,Alstonia  boonei,Alstonia boonei,36.34,35.58,1037.6,EXACT_NORMALIZED_SOURCE_KEY,BASELINE_ACCEPTED,True,3,109.02000000000001,106.74,3112.7999999999997
BmP1,Buffer,Major River,Alstonia boonei,1,buffer,major river,alstonia boonei,buffer||major river||alstonia boonei,NOTEBOOK07A_SOURCE_SPECIES,Alstonia boonei,OMO_STR_0076,Alstonei boonei,Alstonia boonei,Alstonia boonei,44.5,43.6,1555.0,VALIDATED_CANONICAL_RESCUE,BASELINE_ACCEPTED,True,1,44.5,43.6,1555.0
BmP6,Buffer,Major River,Alstonia boonei,1,buffer,major river,alstonia boonei,buffer||major river||alstonia boonei,NOTEBOOK07A_SOURCE_SPECIES,Alstonia boonei,OMO_STR_0076,Alstonei boonei,Alstonia boonei,Alstonia boonei,44.5,43.6,1555.0,VALIDATED_CANONICAL_RESCUE,BASELINE_ACCEPTED,True,1,44.5,43.6,1555.0
BmP10,Buffer,Major River,Alstonia boonei,1,buffer,major river,alstonia boonei,buffer||major river||alstonia boonei,NOTEBOOK07A_SOURCE_SPECIES,Alstonia boonei,OMO_STR_0076,Alstonei boonei,Alstonia boonei,Alstonia boonei,44.5,43.6,1555.0,VALIDATED_CANONICAL_RESCUE,BASELINE_ACCEPTED,True,1,44.5,43.6,1555.0
BsP5,Buffer,Stream,Alstonia boonei,2,buffer,stream,alstonia boonei,buffer||stream||alstonia boonei,MASTER_SPECIES,Alstonia boonei,OMO_STR_0102,Alstonia boonei,Alstonia boonei,Alstonia boonei,15.9,14.3,198.6,EXACT_NORMALIZED_SOURCE_KEY,BASELINE_ACCEPTED,True,2,31.8,28.6,397.2
BsP8,Buffer,Stream,Alstonia boonei,1,buffer,stream,alstonia boonei,buffer||stream||alstonia boonei,MASTER_SPECIES,Alstonia boonei,OMO_STR_0102,Alstonia boonei,Alstonia boonei,Alstonia boonei,15.9,14.3,198.6,EXACT_NORMALIZED_SOURCE_KEY,BASELINE_ACCEPTED,True,1,15.9,14.3,198.6
BsP9,Buffer,Stream,Alstonia boonei,1,buffer,stream,alstonia boonei,buffer||stream||alstonia boonei,MASTER_SPECIES,Alstonia boonei,OMO_STR_0102,Alstonia boonei,Alstonia boonei,Alstonia boonei,15.9,14.3,198.6,EXACT_NORMALIZED_SOURCE_KEY,BASELINE_ACCEPTED,True,1,15.9,14.3,198.6
BsP10,Buffer,Stream,Alstonia boonei,1,buffer,stream,alstonia boonei,buffer||stream||alstonia boonei,MASTER_SPECIES,Alstonia boonei,OMO_STR_0102,Alstonia boonei,Alstonia boonei,Alstonia boonei,15.9,14.3,198.6,EXACT_NORMALIZED_SOURCE_KEY,BASELINE_ACCEPTED,True,1,15.9,14.3,198.6
BuP1,Buffer,Upland,Alstonia boonei,1,buffer,upland,alstonia boonei,buffer||upland||alstonia boonei,NOTEBOOK07A_CANONICAL_SPECIES,Alstonia boonei,OMO_STR_0135,Alstonei boonei,Alstonei boonei,Alstonia boonei,23.6,25.5,437.6,EXACT_NORMALIZED_SOURCE_KEY,BASELINE_ACCEPTED,True,1,23.6,25.5,437.6
BuP5,Buffer,Upland,Alstonia boonei,1,buffer,upland,alstonia boonei,buffer||upland||alstonia boonei,NOTEBOOK07A_CANONICAL_SPECIES,Alstonia boonei,OMO_STR_0135,Alstonei boonei,Alstonei boonei,Alstonia boonei,23.6,25.5,437.6,EXACT_NORMALIZED_SOURCE_KEY,BASELINE_ACCEPTED,True,1,23.6,25.5,437.6
BuP7,Buffer,Upland,Alstonia boonei,1,buffer,upland,alstonia boonei,buffer||upland||alstonia boonei,NOTEBOOK07A_CANONICAL_SPECIES,Alstonia boonei,OMO_STR_0135,Alstonei boonei,Alstonei boonei,Alstonia boonei,23.6,25.5,437.6,EXACT_NORMALIZED_SOURCE_KEY,BASELINE_ACCEPTED,True,1,23.6,25.5,437.6
BuP8,Buffer,Upland,Alstonia boonei,1,buffer,upland,alstonia boonei,buffer||upland||alstonia boonei,NOTEBOOK07A_CANONICAL_SPECIES,Alstonia boonei,OMO_STR_0135,Alstonei boonei,Alstonei boonei,Alstonia boonei,23.6,25.5,437.6,EXACT_NORMALIZED_SOURCE_KEY,BASELINE_ACCEPTED,True,1,23.6,25.5,437.6
BuP9,Buffer,Upland,Alstonia boonei,2,buffer,upland,alstonia boonei,buffer||upland||alstonia boonei,NOTEBOOK07A_CANONICAL_SPECIES,Alstonia boonei,OMO_STR_0135,Alstonei boonei,Alstonei boonei,Alstonia boonei,23.6,25.5,437.6,EXACT_NORMALIZED_SOURCE_KEY,BASELINE_ACCEPTED,True,2,47.2,51.0,875.2
BuP10,Buffer,Upland,Alstonia boonei,1,buffer,upland,alstonia boonei,buffer||upland||alstonia boonei,NOTEBOOK07A_CANONICAL_SPECIES,Alstonia boonei,OMO_STR_0135,Alstonei boonei,Alstonei boonei,Alstonia boonei,23.6,25.5,437.6,EXACT_NORMALIZED_SOURCE_KEY,BASELINE_ACCEPTED,True,1,23.6,25.5,437.6
TsP2,Transition,Stream,Alstonia boonei,1,transition,stream,alstonia boonei,transition||stream||alstonia boonei,NOTEBOOK07A_CANONICAL_SPECIES,Alstonia boonei,OMO_STR_0192,Alstonei bonei,Alstonei boonei,Alstonia boonei,29.4,28.9,679.1,LINK_TAXONOMICALLY_SECURE_WITH_ABUNDANCE_DISCREPANCY,TAXONOMICALLY_SECURE_ABUNDANCE_DISCREPANCY,True,1,29.4,28.9,679.1
TsP3,Transition,Stream,Alstonia boonei,1,transition,stream,alstonia boonei,transition||stream||alstonia boonei,NOTEBOOK07A_CANONICAL_SPECIES,Alstonia boonei,OMO_STR_0192,Alstonei bonei,Alstonei boonei,Alstonia boonei,29.4,28.9,679.1,LINK_TAXONOMICALLY_SECURE_WITH_ABUNDANCE_DISCREPANCY,TAXONOMICALLY_SECURE_ABUNDANCE_DISCREPANCY,True,1,29.4,28.9,679.1
TsP4,Transition,Stream,Alstonia boonei,4,transition,stream,alstonia boonei,transition||stream||alstonia boonei,NOTEBOOK07A_CANONICAL_SPECIES,Alstonia boonei,OMO_STR_0192,Alstonei bonei,Alstonei boonei,Alstonia boonei,29.4,28.9,679.1,LINK_TAXONOMICALLY_SECURE_WITH_ABUNDANCE_DISCREPANCY,TAXONOMICALLY_SECURE_ABUNDANCE_DISCREPANCY,True,4,117.6,115.6,2716.4
TsP6,Transition,Stream,Alstonia boonei,1,transition,stream,alstonia boonei,transition||stream||alstonia boonei,NOTEBOOK07A_CANONICAL_SPECIES,Alstonia boonei,OMO_STR_0192,Alstonei bonei,Alstonei boonei,Alstonia boonei,29.4,28.9,679.1,LINK_TAXONOMICALLY_SECURE_WITH_ABUNDANCE_DISCREPANCY,TAXONOMICALLY_SECURE_ABUNDANCE_DISCREPANCY,True,1,29.4,28.9,679.1
TsP7,Transition,Stream,Alstonia boonei,4,transition,stream,alstonia boonei,transition||stream||alstonia boonei,NOTEBOOK07A_CANONICAL_SPECIES,Alstonia boonei,OMO_STR_0192,Alstonei bonei,Alstonei boonei,Alstonia boonei,29.4,28.9,679.1,LINK_TAXONOMICALLY_SECURE_WITH_ABUNDANCE_DISCREPANCY,TAXONOMICALLY_SECURE_ABUNDANCE_DISCREPANCY,True,4,117.6,115.6,2716.4
TsP8,Transition,Stream,Alstonia boonei,3,transition,stream,alstonia boonei,transition||stream||alstonia boonei,NOTEBOOK07A_CANONICAL_SPECIES,Alstonia boonei,OMO_STR_0192,Alstonei bonei,Alstonei boonei,Alstonia boonei,29.4,28.9,679.1,LINK_TAXONOMICALLY_SECURE_WITH_ABUNDANCE_DISCREPANCY,TAXONOMICALLY_SECURE_ABUNDANCE_DISCREPANCY,True,3,88.19999999999999,86.69999999999999,2037.3000000000002
TsP10,Transition,Stream,Alstonia boonei,4,transition,stream,alstonia boonei,transition||stream||alstonia boonei,NOTEBOOK07A_CANONICAL_SPECIES,Alstonia boonei,OMO_STR_0192,Alstonei bonei,Alstonei boonei,Alstonia boonei,29.4,28.9,679.1,LINK_TAXONOMICALLY_SECURE_WITH_ABUNDANCE_DISCREPANCY,TAXONOMICALLY_SECURE_ABUNDANCE_DISCREPANCY,True,4,117.6,115.6,2716.4
CsP4,Core,Stream,Bombax buonopozense,2,core,stream,bombax buonopozense,core||stream||bombax buonopozense,NOTEBOOK07A_CANONICAL_SPECIES,Bombax buonopozense,OMO_STR_0003,Bombax buonopozene,Bombax buonopozene,Bombax buonopozense,31.5,31.5,779.63,EXACT_NORMALIZED_SOURCE_KEY,BASELINE_ACCEPTED,True,2,63.0,63.0,1559.26
CsP5,Core,Stream,Bombax buonopozense,1,core,stream,bombax buonopozense,core||stream||bombax buonopozense,NOTEBOOK07A_CANONICAL_SPECIES,Bombax buonopozense,OMO_STR_0003,Bombax buonopozene,Bombax buonopozene,Bombax buonopozense,31.5,31.5,779.63,EXACT_NORMALIZED_SOURCE_KEY,BASELINE_ACCEPTED,True,1,31.5,31.5,779.63
CsP7,Core,Stream,Bombax buonopozense,1,core,stream,bombax buonopozense,core||stream||bombax buonopozense,NOTEBOOK07A_CANONICAL_SPECIES,Bombax buonopozense,OMO_STR_0003,Bombax buonopozene,Bombax buonopozene,Bombax buonopozense,31.5,31.5,779.63,EXACT_NORMALIZED_SOURCE_KEY,BASELINE_ACCEPTED,True,1,31.5,31.5,779.63
BmP4,Buffer,Major River,Bombax buonopozense,2,buffer,major river,bombax buonopozense,buffer||major river||bombax buonopozense,NOTEBOOK07A_CANONICAL_SPECIES,Bombax buonopozense,OMO_STR_0078,Bombax buonopozene,Bombax buonopozene,Bombax buonopozense,36.9,34.2,1069.0,EXACT_NORMALIZED_SOURCE_KEY,BASELINE_ACCEPTED,True,2,73.8,68.4,2138.0
BmP5,Buffer,Major River,Bombax buonopozense,1,buffer,major river,bombax buonopozense,buffer||major river||bombax buonopozense,NOTEBOOK07A_CANONICAL_SPECIES,Bombax buonopozense,OMO_STR_0078,Bombax buonopozene,Bombax buonopozene,Bombax buonopozense,36.9,34.2,1069.0,EXACT_NORMALIZED_SOURCE_KEY,BASELINE_ACCEPTED,True,1,36.9,34.2,1069.0
BmP6,Buffer,Major River,Bombax buonopozense,2,buffer,major river,bombax buonopozense,buffer||major river||bombax buonopozense,NOTEBOOK07A_CANONICAL_SPECIES,Bombax buonopozense,OMO_STR_0078,Bombax buonopozene,Bombax buonopozene,Bombax buonopozense,36.9,34.2,1069.0,EXACT_NORMALIZED_SOURCE_KEY,BASELINE_ACCEPTED,True,2,73.8,68.4,2138.0
BmP7,Buffer,Major River,Bombax buonopozense,1,buffer,major river,bombax buonopozense,buffer||major river||bombax buonopozense,NOTEBOOK07A_CANONICAL_SPECIES,Bombax buonopozense,OMO_STR_0078,Bombax buonopozene,Bombax buonopozene,Bombax buonopozense,36.9,34.2,1069.0,EXACT_NORMALIZED_SOURCE_KEY,BASELINE_ACCEPTED,True,1,36.9,34.2,1069.0
BmP9,Buffer,Major River,Bombax buonopozense,1,buffer,major river,bombax buonopozense,buffer||major river||bombax buonopozense,NOTEBOOK07A_CANONICAL_SPECIES,Bombax buonopozense,OMO_STR_0078,Bombax buonopozene,Bombax buonopozene,Bombax buonopozense,36.9,34.2,1069.0,EXACT_NORMALIZED_SOURCE_KEY,BASELINE_ACCEPTED,True,1,36.9,34.2,1069.0
TsP2,Transition,Stream,Bombax buonopozense,1,transition,stream,bombax buonopozense,transition||stream||bombax buonopozense,MASTER_SPECIES,Bombax buonopozense,OMO_STR_0194,Bombax buonopozense,Bombax buonopozense,Bombax buonopozense,19.6,17.7,301.8,EXACT_NORMALIZED_SOURCE_KEY,BASELINE_ACCEPTED,True,1,19.6,17.7,301.8
TsP6,Transition,Stream,Bombax buonopozense,1,transition,stream,bombax buonopozense,transition||stream||bombax buonopozense,MASTER_SPECIES,Bombax buonopozense,OMO_STR_0194,Bombax buonopozense,Bombax buonopozense,Bombax buonopozense,19.6,17.7,301.8,EXACT_NORMALIZED_SOURCE_KEY,BASELINE_ACCEPTED,True,1,19.6,17.7,301.8
TsP9,Transition,Stream,Bombax buonopozense,11,transition,stream,bombax buonopozense,transition||stream||bombax buonopozense,MASTER_SPECIES,Bombax buonopozense,OMO_STR_0194,Bombax buonopozense,Bombax buonopozense,Bombax buonopozense,19.6,17.7,301.8,EXACT_NORMALIZED_SOURCE_KEY,BASELINE_ACCEPTED,True,11,215.60000000000002,194.7,3319.8
TuP2,Transition,Upland,Bombax buonopozense,1,transition,upland,bombax buonopozense,transition||upland||bombax buonopozense,NOTEBOOK07A_CANONICAL_SPECIES,Bombax buonopozense,OMO_STR_0207,Bombax buonopozene,Bombax buonopozene,Bombax buonopozense,27.3,27.0,585.5,EXACT_NORMALIZED_SOURCE_KEY,BASELINE_ACCEPTED,True,1,27.3,27.0,585.5
TuP10,Transition,Upland,Bombax buonopozense,1,transition,upland,bombax buonopozense,transition||upland||bombax buonopozense,NOTEBOOK07A_CANONICAL_SPECIES,Bombax buonopozense,OMO_STR_0207,Bombax buonopozene,Bombax buonopozene,Bombax buonopozense,27.3,27.0,585.5,EXACT_NORMALIZED_SOURCE_KEY,BASELINE_ACCEPTED,True,1,27.3,27.0,585.5
CsP4,Core,Stream,Bosqueia angolensis,2,core,stream,bosqueia angolensis,core||stream||bosqueia angolensis,NOTEBOOK07A_CANONICAL_SPECIES,Bosqueia angolensis,OMO_STR_0004,Bosquei angolensis,Bosquei angolensis,Bosqueia angolensis,28.7,28.1,647.19,EXACT_NORMALIZED_SOURCE_KEY,BASELINE_ACCEPTED,True,2,57.4,56.2,1294.38
CsP7,Core,Stream,Bosqueia angolensis,1,core,stream,bosqueia angolensis,core||stream||bosqueia angolensis,NOTEBOOK07A_CANONICAL_SPECIES,Bosqueia angolensis,OMO_STR_0004,Bosquei angolensis,Bosquei angolensis,Bosqueia angolensis,28.7,28.1,647.19,EXACT_NORMALIZED_SOURCE_KEY,BASELINE_ACCEPTED,True,1,28.7,28.1,647.19
BmP4,Buffer,Major River,Bosqueia angolensis,2,buffer,major river,bosqueia angolensis,buffer||major river||bosqueia angolensis,MASTER_SPECIES,Bosqueia angolensis,OMO_STR_0079,Bosqueia angolensis,Bosqueia angolensis,Bosqueia angolensis,26.8,29.5,564.3,EXACT_NORMALIZED_SOURCE_KEY,BASELINE_ACCEPTED,True,2,53.6,59.0,1128.6
BmP7,Buffer,Major River,Bosqueia angolensis,1,buffer,major river,bosqueia angolensis,buffer||major river||bosqueia angolensis,MASTER_SPECIES,Bosqueia angolensis,OMO_STR_0079,Bosqueia angolensis,Bosqueia angolensis,Bosqueia angolensis,26.8,29.5,564.3,EXACT_NORMALIZED_SOURCE_KEY,BASELINE_ACCEPTED,True,1,26.8,29.5,564.3
BmP9,Buffer,Major River,Bosqueia angolensis,1,buffer,major river,bosqueia angolensis,buffer||major river||bosqueia angolensis,MASTER_SPECIES,Bosqueia angolensis,OMO_STR_0079,Bosqueia angolensis,Bosqueia angolensis,Bosqueia angolensis,26.8,29.5,564.3,EXACT_NORMALIZED_SOURCE_KEY,BASELINE_ACCEPTED,True,1,26.8,29.5,564.3
CsP4,Core,Stream,Dialium guinensis,1,core,stream,dialium guinensis,core||stream||dialium guinensis,MASTER_SPECIES,Dialium guinensis,OMO_STR_0007,Dialium guinensis,Dialium guinensis,Dialium guinensis,33.1,32.6,860.84,EXACT_NORMALIZED_SOURCE_KEY,BASELINE_ACCEPTED,True,1,33.1,32.6,860.84
CsP6,Core,Stream,Dialium guinensis,1,core,stream,dialium guinensis,core||stream||dialium guinensis,MASTER_SPECIES,Dialium guinensis,OMO_STR_0007,Dialium guinensis,Dialium guinensis,Dialium guinensis,33.1,32.6,860.84,EXACT_NORMALIZED_SOURCE_KEY,BASELINE_ACCEPTED,True,1,33.1,32.6,860.84
CsP1,Core,Stream,Ficus exasperata,2,core,stream,ficus exasperata,core||stream||ficus exasperata,MASTER_SPECIES,Ficus exasperata,OMO_STR_0010,Ficus exasperata,Ficus exasperata,Ficus exasperata,56.4,54.4,2499.3,EXACT_NORMALIZED_SOURCE_KEY,BASELINE_ACCEPTED,True,2,112.8,108.8,4998.6
CsP9,Core,Stream,Ficus exasperata,2,core,stream,ficus exasperata,core||stream||ficus exasperata,MASTER_SPECIES,Ficus exasperata,OMO_STR_0010,Ficus exasperata,Ficus exasperata,Ficus exasperata,56.4,54.4,2499.3,EXACT_NORMALIZED_SOURCE_KEY,BASELINE_ACCEPTED,True,2,112.8,108.8,4998.6
BmP1,Buffer,Major River,Ficus exasperata,1,buffer,major river,ficus exasperata,buffer||major river||ficus exasperata,MASTER_SPECIES,Ficus exasperata,OMO_STR_0086,Ficus exasperata,Ficus exasperata,Ficus exasperata,42.7,40.0,1432.0,EXACT_NORMALIZED_SOURCE_KEY,BASELINE_ACCEPTED,True,1,42.7,40.0,1432.0
BmP6,Buffer,Major River,Ficus exasperata,1,buffer,major river,ficus exasperata,buffer||major river||ficus exasperata,MASTER_SPECIES,Ficus exasperata,OMO_STR_0086,Ficus exasperata,Ficus exasperata,Ficus exasperata,42.7,40.0,1432.0,EXACT_NORMALIZED_SOURCE_KEY,BASELINE_ACCEPTED,True,1,42.7,40.0,1432.0
BmP10,Buffer,Major River,Ficus exasperata,2,buffer,major river,ficus exasperata,buffer||major river||ficus exasperata,MASTER_SPECIES,Ficus exasperata,OMO_STR_0086,Ficus exasperata,Ficus exasperata,Ficus exasperata,42.7,40.0,1432.0,EXACT_NORMALIZED_SOURCE_KEY,BASELINE_ACCEPTED,True,2,85.4,80.0,2864.0
TmP2,Transition,Major River,Ficus exasperata,2,transition,major river,ficus exasperata,transition||major river||ficus exasperata,MASTER_SPECIES,Ficus exasperata,OMO_STR_0173,Ficus exasperata,Ficus exasperata,Ficus exasperata,17.7,19.7,246.1,EXACT_NORMALIZED_SOURCE_KEY,BASELINE_ACCEPTED,True,2,35.4,39.4,492.2
TmP3,Transition,Major River,Ficus exasperata,2,transition,major river,ficus exasperata,transition||major river||ficus exasperata,MASTER_SPECIES,Ficus exasperata,OMO_STR_0173,Ficus exasperata,Ficus exasperata,Ficus exasperata,17.7,19.7,246.1,EXACT_NORMALIZED_SOURCE_KEY,BASELINE_ACCEPTED,True,2,35.4,39.4,492.2
TmP6,Transition,Major River,Ficus exasperata,1,transition,major river,ficus exasperata,transition||major river||ficus exasperata,MASTER_SPECIES,Ficus exasperata,OMO_STR_0173,Ficus exasperata,Ficus exasperata,Ficus exasperata,17.7,19.7,246.1,EXACT_NORMALIZED_SOURCE_KEY,BASELINE_ACCEPTED,True,1,17.7,19.7,246.1
TmP8,Transition,Major River,Ficus exasperata,1,transition,major river,ficus exasperata,transition||major river||ficus exasperata,MASTER_SPECIES,Ficus exasperata,OMO_STR_0173,Ficus exasperata,Ficus exasperata,Ficus exasperata,17.7,19.7,246.1,EXACT_NORMALIZED_SOURCE_KEY,BASELINE_ACCEPTED,True,1,17.7,19.7,246.1
TmP10,Transition,Major River,Ficus exasperata,1,transition,major river,ficus exasperata,transition||major river||ficus exasperata,MASTER_SPECIES,Ficus exasperata,OMO_STR_0173,Ficus exasperata,Ficus exasperata,Ficus exasperata,17.7,19.7,246.1,EXACT_NORMALIZED_SOURCE_KEY,BASELINE_ACCEPTED,True,1,17.7,19.7,246.1
TuP4,Transition,Upland,Ficus exasperata,1,transition,upland,ficus exasperata,transition||upland||ficus exasperata,MASTER_SPECIES,Ficus exasperata,OMO_STR_0215,Ficus exasperata,Ficus exasperata,Ficus exasperata,27.8,31.7,607.2,EXACT_NORMALIZED_SOURCE_KEY,BASELINE_ACCEPTED,True,1,27.8,31.7,607.2
TuP7,Transition,Upland,Ficus exasperata,1,transition,upland,ficus exasperata,transition||upland||ficus exasperata,MASTER_SPECIES,Ficus exasperata,OMO_STR_0215,Ficus exasperata,Ficus exasperata,Ficus exasperata,27.8,31.7,607.2,EXACT_NORMALIZED_SOURCE_KEY,BASELINE_ACCEPTED,True,1,27.8,31.7,607.2
TuP8,Transition,Upland,Ficus exasperata,1,transition,upland,ficus exasperata,transition||upland||ficus exasperata,MASTER_SPECIES,Ficus exasperata,OMO_STR_0215,Ficus exasperata,Ficus exasperata,Ficus exasperata,27.8,31.7,607.2,EXACT_NORMALIZED_SOURCE_KEY,BASELINE_ACCEPTED,True,1,27.8,31.7,607.2
TuP9,Transition,Upland,Ficus exasperata,1,transition,upland,ficus exasperata,transition||upland||ficus exasperata,MASTER_SPECIES,Ficus exasperata,OMO_STR_0215,Ficus exasperata,Ficus exasperata,Ficus exasperata,27.8,31.7,607.2,EXACT_NORMALIZED_SOURCE_KEY,BASELINE_ACCEPTED,True,1,27.8,31.7,607.2
CsP1,Core,Stream,Grewia pubescens,3,core,stream,grewia pubescens,core||stream||grewia pubescens,MASTER_SPECIES,Grewia pubescens,OMO_STR_0011,Grewia pubescens,Grewia pubescens,Grewia pubescens,31.5,32.6,779.63,EXACT_NORMALIZED_SOURCE_KEY,BASELINE_ACCEPTED,True,3,94.5,97.80000000000001,2338.89
CsP2,Core,Stream,Grewia pubescens,2,core,stream,grewia pubescens,core||stream||grewia pubescens,MASTER_SPECIES,Grewia pubescens,OMO_STR_0011,Grewia pubescens,Grewia pubescens,Grewia pubescens,31.5,32.6,779.63,EXACT_NORMALIZED_SOURCE_KEY,BASELINE_ACCEPTED,True,2,63.0,65.2,1559.26
CsP3,Core,Stream,Grewia pubescens,1,core,stream,grewia pubescens,core||stream||grewia pubescens,MASTER_SPECIES,Grewia pubescens,OMO_STR_0011,Grewia pubescens,Grewia pubescens,Grewia pubescens,31.5,32.6,779.63,EXACT_NORMALIZED_SOURCE_KEY,BASELINE_ACCEPTED,True,1,31.5,32.6,779.63
CsP6,Core,Stream,Grewia pubescens,3,core,stream,grewia pubescens,core||stream||grewia pubescens,MASTER_SPECIES,Grewia pubescens,OMO_STR_0011,Grewia pubescens,Grewia pubescens,Grewia pubescens,31.5,32.6,779.63,EXACT_NORMALIZED_SOURCE_KEY,BASELINE_ACCEPTED,True,3,94.5,97.80000000000001,2338.89
CsP8,Core,Stream,Grewia pubescens,2,core,stream,grewia pubescens,core||stream||grewia pubescens,MASTER_SPECIES,Grewia pubescens,OMO_STR_0011,Grewia pubescens,Grewia pubescens,Grewia pubescens,31.5,32.6,779.63,EXACT_NORMALIZED_SOURCE_KEY,BASELINE_ACCEPTED,True,2,63.0,65.2,1559.26
CsP10,Core,Stream,Grewia pubescens,2,core,stream,grewia pubescens,core||stream||grewia pubescens,MASTER_SPECIES,Grewia pubescens,OMO_STR_0011,Grewia pubescens,Grewia pubescens,Grewia pubescens,31.5,32.6,779.63,EXACT_NORMALIZED_SOURCE_KEY,BASELINE_ACCEPTED,True,2,63.0,65.2,1559.26
BmP1,Buffer,Major River,Grewia pubescens,5,buffer,major river,grewia pubescens,buffer||major river||grewia pubescens,MASTER_SPECIES,Grewia pubescens,OMO_STR_0087,Grewia pubescens,Grewia pubescens,Grewia pubescens,22.0,20.2,380.2,EXACT_NORMALIZED_SOURCE_KEY,BASELINE_ACCEPTED,True,5,110.0,101.0,1901.0
BmP2,Buffer,Major River,Grewia pubescens,2,buffer,major river,grewia pubescens,buffer||major river||grewia pubescens,MASTER_SPECIES,Grewia pubescens,OMO_STR_0087,Grewia pubescens,Grewia pubescens,Grewia pubescens,22.0,20.2,380.2,EXACT_NORMALIZED_SOURCE_KEY,BASELINE_ACCEPTED,True,2,44.0,40.4,760.4
BmP3,Buffer,Major River,Grewia pubescens,1,buffer,major river,grewia pubescens,buffer||major river||grewia pubescens,MASTER_SPECIES,Grewia pubescens,OMO_STR_0087,Grewia pubescens,Grewia pubescens,Grewia pubescens,22.0,20.2,380.2,EXACT_NORMALIZED_SOURCE_KEY,BASELINE_ACCEPTED,True,1,22.0,20.2,380.2
BmP6,Buffer,Major River,Grewia pubescens,3,buffer,major river,grewia pubescens,buffer||major river||grewia pubescens,MASTER_SPECIES,Grewia pubescens,OMO_STR_0087,Grewia pubescens,Grewia pubescens,Grewia pubescens,22.0,20.2,380.2,EXACT_NORMALIZED_SOURCE_KEY,BASELINE_ACCEPTED,True,3,66.0,60.599999999999994,1140.6
BmP9,Buffer,Major River,Grewia pubescens,1,buffer,major river,grewia pubescens,buffer||major river||grewia pubescens,MASTER_SPECIES,Grewia pubescens,OMO_STR_0087,Grewia pubescens,Grewia pubescens,Grewia pubescens,22.0,20.2,380.2,EXACT_NORMALIZED_SOURCE_KEY,BASELINE_ACCEPTED,True,1,22.0,20.2,380.2
BmP10,Buffer,Major River,Grewia pubescens,3,buffer,major river,grewia pubescens,buffer||major river||grewia pubescens,MASTER_SPECIES,Grewia pubescens,OMO_STR_0087,Grewia pubescens,Grewia pubescens,Grewia pubescens,22.0,20.2,380.2,EXACT_NORMALIZED_SOURCE_KEY,BASELINE_ACCEPTED,True,3,66.0,60.599999999999994,1140.6
CsP3,Core,Stream,Homalium alymeri,2,core,stream,homalium alymeri,core||stream||homalium alymeri,MASTER_SPECIES,Homalium alymeri,OMO_STR_0012,Homalium alymeri,Homalium alymeri,Homalium alymeri,52.1,50.45,2132.8,EXACT_NORMALIZED_SOURCE_KEY,BASELINE_ACCEPTED,True,2,104.2,100.9,4265.6
CsP4,Core,Stream,Homalium alymeri,1,core,stream,homalium alymeri,core||stream||homalium alymeri,MASTER_SPECIES,Homalium alymeri,OMO_STR_0012,Homalium alymeri,Homalium alymeri,Homalium alymeri,52.1,50.45,2132.8,EXACT_NORMALIZED_SOURCE_KEY,BASELINE_ACCEPTED,True,1,52.1,50.45,2132.8
CsP7,Core,Stream,Homalium alymeri,2,core,stream,homalium alymeri,core||stream||homalium alymeri,MASTER_SPECIES,Homalium alymeri,OMO_STR_0012,Homalium alymeri,Homalium alymeri,Homalium alymeri,52.1,50.45,2132.8,EXACT_NORMALIZED_SOURCE_KEY,BASELINE_ACCEPTED,True,2,104.2,100.9,4265.6
CsP10,Core,Stream,Homalium alymeri,1,core,stream,homalium alymeri,core||stream||homalium alymeri,MASTER_SPECIES,Homalium alymeri,OMO_STR_0012,Homalium alymeri,Homalium alymeri,Homalium alymeri,52.1,50.45,2132.8,EXACT_NORMALIZED_SOURCE_KEY,BASELINE_ACCEPTED,True,1,52.1,50.45,2132.8
CsP1,Core,Stream,Musanga cecropiodes,2,core,stream,musanga cecropiodes,core||stream||musanga cecropiodes,,,,,,,,,,,,False,0,,,
CsP3,Core,Stream,Musanga cecropiodes,2,core,stream,musanga cecropiodes,core||stream||musanga cecropiodes,,,,,,,,,,,,False,0,,,
CsP4,Core,Stream,Musanga cecropiodes,1,core,stream,musanga cecropiodes,core||stream||musanga cecropiodes,,,,,,,,,,,,False,0,,,
CsP5,Core,Stream,Musanga cecropiodes,2,core,stream,musanga cecropiodes,core||stream||musanga cecropiodes,,,,,,,,,,,,False,0,,,
CsP6,Core,Stream,Musanga cecropiodes,2,core,stream,musanga cecropiodes,core||stream||musanga cecropiodes,,,,,,,,,,,,False,0,,,
CsP8,Core,Stream,Musanga cecropiodes,2,core,stream,musanga cecropiodes,core||stream||musanga cecropiodes,,,,,,,,,,,,False,0,,,
CsP3,Core,Stream,Nesodogornia papaverivera,1,core,stream,nesodogornia papaverivera,core||stream||nesodogornia papaverivera,MASTER_SPECIES,Nesodogornia papaverivera,OMO_STR_0016,Nesodogornia papaverivera,Nesodogornia papaverivera,Nesodogornia papaverivera,52.5,41.0,2165.6,EXACT_NORMALIZED_SOURCE_KEY,BASELINE_ACCEPTED,True,1,52.5,41.0,2165.6
CsP8,Core,Stream,Nesodogornia papaverivera,1,core,stream,nesodogornia papaverivera,core||stream||nesodogornia papaverivera,MASTER_SPECIES,Nesodogornia papaverivera,OMO_STR_0016,Nesodogornia papaverivera,Nesodogornia papaverivera,Nesodogornia papaverivera,52.5,41.0,2165.6,EXACT_NORMALIZED_SOURCE_KEY,BASELINE_ACCEPTED,True,1,52.5,41.0,2165.6
CsP4,Core,Stream,Pavetta corymbosa,1,core,stream,pavetta corymbosa,core||stream||pavetta corymbosa,,,,,,,,,,,,False,0,,,
CsP7,Core,Stream,Pavetta corymbosa,1,core,stream,pavetta corymbosa,core||stream||pavetta corymbosa,,,,,,,,,,,,False,0,,,
CsP1,Core,Stream,Ricinodendron heudeloti,1,core,stream,ricinodendron heudeloti,core||stream||ricinodendron heudeloti,MASTER_SPECIES,Ricinodendron heudeloti,OMO_STR_0021,Ricinodendron heudeloti,Ricinodendron heudeloti,Ricinodendron heudeloti,102.2,82.1,8206.7,EXACT_NORMALIZED_SOURCE_KEY,BASELINE_ACCEPTED,True,1,102.2,82.1,8206.7
CsP2,Core,Stream,Ricinodendron heudeloti,1,core,stream,ricinodendron heudeloti,core||stream||ricinodendron heudeloti,MASTER_SPECIES,Ricinodendron heudeloti,OMO_STR_0021,Ricinodendron heudeloti,Ricinodendron heudeloti,Ricinodendron heudeloti,102.2,82.1,8206.7,EXACT_NORMALIZED_SOURCE_KEY,BASELINE_ACCEPTED,True,1,102.2,82.1,8206.7
CsP3,Core,Stream,Ricinodendron heudeloti,1,core,stream,ricinodendron heudeloti,core||stream||ricinodendron heudeloti,MASTER_SPECIES,Ricinodendron heudeloti,OMO_STR_0021,Ricinodendron heudeloti,Ricinodendron heudeloti,Ricinodendron heudeloti,102.2,82.1,8206.7,EXACT_NORMALIZED_SOURCE_KEY,BASELINE_ACCEPTED,True,1,102.2,82.1,8206.7
CsP6,Core,Stream,Ricinodendron heudeloti,1,core,stream,ricinodendron heudeloti,core||stream||ricinodendron heudeloti,MASTER_SPECIES,Ricinodendron heudeloti,OMO_STR_0021,Ricinodendron heudeloti,Ricinodendron heudeloti,Ricinodendron heudeloti,102.2,82.1,8206.7,EXACT_NORMALIZED_SOURCE_KEY,BASELINE_ACCEPTED,True,1,102.2,82.1,8206.7
CsP9,Core,Stream,Ricinodendron heudeloti,1,core,stream,ricinodendron heudeloti,core||stream||ricinodendron heudeloti,MASTER_SPECIES,Ricinodendron heudeloti,OMO_STR_0021,Ricinodendron heudeloti,Ricinodendron heudeloti,Ricinodendron heudeloti,102.2,82.1,8206.7,EXACT_NORMALIZED_SOURCE_KEY,BASELINE_ACCEPTED,True,1,102.2,82.1,8206.7
TuP1,Transition,Upland,Ricinodendron heudeloti,1,transition,upland,ricinodendron heudeloti,transition||upland||ricinodendron heudeloti,MASTER_SPECIES,Ricinodendron heudeloti,OMO_STR_0219,Ricinodendron heudeloti,Ricinodendron heudeloti,Ricinodendron heudeloti,26.2,28.9,539.3,EXACT_NORMALIZED_SOURCE_KEY,BASELINE_ACCEPTED,True,1,26.2,28.9,539.3
TuP6,Transition,Upland,Ricinodendron heudeloti,1,transition,upland,ricinodendron heudeloti,transition||upland||ricinodendron heudeloti,MASTER_SPECIES,Ricinodendron heudeloti,OMO_STR_0219,Ricinodendron heudeloti,Ricinodendron heudeloti,Ricinodendron heudeloti,26.2,28.9,539.3,EXACT_NORMALIZED_SOURCE_KEY,BASELINE_ACCEPTED,True,1,26.2,28.9,539.3
TuP10,Transition,Upland,Ricinodendron heudeloti,1,transition,upland,ricinodendron heudeloti,transition||upland||ricinodendron heudeloti,MASTER_SPECIES,Ricinodendron heudeloti,OMO_STR_0219,Ricinodendron heudeloti,Ricinodendron heudeloti,Ricinodendron heudeloti,26.2,28.9,539.3,EXACT_NORMALIZED_SOURCE_KEY,BASELINE_ACCEPTED,True,1,26.2,28.9,539.3
CsP1,Core,Stream,Sterculia tragacantha,2,core,stream,sterculia tragacantha,core||stream||sterculia tragacantha,MASTER_SPECIES,Sterculia tragacantha,OMO_STR_0023,Sterculia tragacantha,Sterculia tragacantha,Sterculia tragacantha,37.6,39.0,1110.8,EXACT_NORMALIZED_SOURCE_KEY,BASELINE_ACCEPTED,True,2,75.2,78.0,2221.6
CsP9,Core,Stream,Sterculia tragacantha,1,core,stream,sterculia tragacantha,core||stream||sterculia tragacantha,MASTER_SPECIES,Sterculia tragacantha,OMO_STR_0023,Sterculia tragacantha,Sterculia tragacantha,Sterculia tragacantha,37.6,39.0,1110.8,EXACT_NORMALIZED_SOURCE_KEY,BASELINE_ACCEPTED,True,1,37.6,39.0,1110.8
BmP1,Buffer,Major River,Sterculia tragacantha,1,buffer,major river,sterculia tragacantha,buffer||major river||sterculia tragacantha,MASTER_SPECIES,Sterculia tragacantha,OMO_STR_0098,Sterculia tragacantha,Sterculia tragacantha,Sterculia tragacantha,24.8,15.8,483.2,EXACT_NORMALIZED_SOURCE_KEY,BASELINE_ACCEPTED,True,1,24.8,15.8,483.2
CsP2,Core,Stream,Strombosia postulata,1,core,stream,strombosia postulata,core||stream||strombosia postulata,MASTER_SPECIES,Strombosia postulata,OMO_STR_0024,Strombosia postulata,Strombosia pustulata,Strombosia pustulata,42.6,35.2,1425.9,LINK_TAXONOMICALLY_SECURE_WITH_ABUNDANCE_DISCREPANCY,TAXONOMICALLY_SECURE_ABUNDANCE_DISCREPANCY,True,1,42.6,35.2,1425.9
CsP3,Core,Stream,Strombosia postulata,2,core,stream,strombosia postulata,core||stream||strombosia postulata,MASTER_SPECIES,Strombosia postulata,OMO_STR_0024,Strombosia postulata,Strombosia pustulata,Strombosia pustulata,42.6,35.2,1425.9,LINK_TAXONOMICALLY_SECURE_WITH_ABUNDANCE_DISCREPANCY,TAXONOMICALLY_SECURE_ABUNDANCE_DISCREPANCY,True,2,85.2,70.4,2851.8
CsP4,Core,Stream,Strombosia postulata,1,core,stream,strombosia postulata,core||stream||strombosia postulata,MASTER_SPECIES,Strombosia postulata,OMO_STR_0024,Strombosia postulata,Strombosia pustulata,Strombosia pustulata,42.6,35.2,1425.9,LINK_TAXONOMICALLY_SECURE_WITH_ABUNDANCE_DISCREPANCY,TAXONOMICALLY_SECURE_ABUNDANCE_DISCREPANCY,True,1,42.6,35.2,1425.9
CsP6,Core,Stream,Strombosia postulata,1,core,stream,strombosia postulata,core||stream||strombosia postulata,MASTER_SPECIES,Strombosia postulata,OMO_STR_0024,Strombosia postulata,Strombosia pustulata,Strombosia pustulata,42.6,35.2,1425.9,LINK_TAXONOMICALLY_SECURE_WITH_ABUNDANCE_DISCREPANCY,TAXONOMICALLY_SECURE_ABUNDANCE_DISCREPANCY,True,1,42.6,35.2,1425.9
CsP7,Core,Stream,Strombosia postulata,2,core,stream,strombosia postulata,core||stream||strombosia postulata,MASTER_SPECIES,Strombosia postulata,OMO_STR_0024,Strombosia postulata,Strombosia pustulata,Strombosia pustulata,42.6,35.2,1425.9,LINK_TAXONOMICALLY_SECURE_WITH_ABUNDANCE_DISCREPANCY,TAXONOMICALLY_SECURE_ABUNDANCE_DISCREPANCY,True,2,85.2,70.4,2851.8
CsP8,Core,Stream,Strombosia postulata,2,core,stream,strombosia postulata,core||stream||strombosia postulata,MASTER_SPECIES,Strombosia postulata,OMO_STR_0024,Strombosia postulata,Strombosia pustulata,Strombosia pustulata,42.6,35.2,1425.9,LINK_TAXONOMICALLY_SECURE_WITH_ABUNDANCE_DISCREPANCY,TAXONOMICALLY_SECURE_ABUNDANCE_DISCREPANCY,True,2,85.2,70.4,2851.8
CsP10,Core,Stream,Strombosia postulata,2,core,stream,strombosia postulata,core||stream||strombosia postulata,MASTER_SPECIES,Strombosia postulata,OMO_STR_0024,Strombosia postulata,Strombosia pustulata,Strombosia pustulata,42.6,35.2,1425.9,LINK_TAXONOMICALLY_SECURE_WITH_ABUNDANCE_DISCREPANCY,TAXONOMICALLY_SECURE_ABUNDANCE_DISCREPANCY,True,2,85.2,70.4,2851.8
BmP2,Buffer,Major River,Strombosia postulata,1,buffer,major river,strombosia postulata,buffer||major river||strombosia postulata,MASTER_SPECIES,Strombosia postulata,OMO_STR_0099,Strombosia postulata,Strombosia pustulata,Strombosia pustulata,29.3,26.0,674.5,ACCEPTED_STRONG_ORTHOGRAPHIC_AND_ABUNDANCE_EVIDENCE,ORTHOGRAPHIC_AND_ABUNDANCE_SUPPORTED,True,1,29.3,26.0,674.5
BmP3,Buffer,Major River,Strombosia postulata,1,buffer,major river,strombosia postulata,buffer||major river||strombosia postulata,MASTER_SPECIES,Strombosia postulata,OMO_STR_0099,Strombosia postulata,Strombosia pustulata,Strombosia pustulata,29.3,26.0,674.5,ACCEPTED_STRONG_ORTHOGRAPHIC_AND_ABUNDANCE_EVIDENCE,ORTHOGRAPHIC_AND_ABUNDANCE_SUPPORTED,True,1,29.3,26.0,674.5
BmP4,Buffer,Major River,Strombosia postulata,1,buffer,major river,strombosia postulata,buffer||major river||strombosia postulata,MASTER_SPECIES,Strombosia postulata,OMO_STR_0099,Strombosia postulata,Strombosia pustulata,Strombosia pustulata,29.3,26.0,674.5,ACCEPTED_STRONG_ORTHOGRAPHIC_AND_ABUNDANCE_EVIDENCE,ORTHOGRAPHIC_AND_ABUNDANCE_SUPPORTED,True,1,29.3,26.0,674.5
BmP6,Buffer,Major River,Strombosia postulata,2,buffer,major river,strombosia postulata,buffer||major river||strombosia postulata,MASTER_SPECIES,Strombosia postulata,OMO_STR_0099,Strombosia postulata,Strombosia pustulata,Strombosia pustulata,29.3,26.0,674.5,ACCEPTED_STRONG_ORTHOGRAPHIC_AND_ABUNDANCE_EVIDENCE,ORTHOGRAPHIC_AND_ABUNDANCE_SUPPORTED,True,2,58.6,52.0,1349.0
BmP9,Buffer,Major River,Strombosia postulata,1,buffer,major river,strombosia postulata,buffer||major river||strombosia postulata,MASTER_SPECIES,Strombosia postulata,OMO_STR_0099,Strombosia postulata,Strombosia pustulata,Strombosia pustulata,29.3,26.0,674.5,ACCEPTED_STRONG_ORTHOGRAPHIC_AND_ABUNDANCE_EVIDENCE,ORTHOGRAPHIC_AND_ABUNDANCE_SUPPORTED,True,1,29.3,26.0,674.5
CuP2,Core,Upland,Baphia nitida,1,core,upland,baphia nitida,core||upland||baphia nitida,MASTER_SPECIES,Baphia nitida,OMO_STR_0053,Baphia nitida,Baphia nitida,Baphia nitida,17.8,19.3,248.9,EXACT_NORMALIZED_SOURCE_KEY,BASELINE_ACCEPTED,True,1,17.8,19.3,248.9
CuP5,Core,Upland,Baphia nitida,1,core,upland,baphia nitida,core||upland||baphia nitida,MASTER_SPECIES,Baphia nitida,OMO_STR_0053,Baphia nitida,Baphia nitida,Baphia nitida,17.8,19.3,248.9,EXACT_NORMALIZED_SOURCE_KEY,BASELINE_ACCEPTED,True,1,17.8,19.3,248.9
CuP9,Core,Upland,Baphia nitida,3,core,upland,baphia nitida,core||upland||baphia nitida,MASTER_SPECIES,Baphia nitida,OMO_STR_0053,Baphia nitida,Baphia nitida,Baphia nitida,17.8,19.3,248.9,EXACT_NORMALIZED_SOURCE_KEY,BASELINE_ACCEPTED,True,3,53.400000000000006,57.900000000000006,746.7
CuP10,Core,Upland,Baphia nitida,1,core,upland,baphia nitida,core||upland||baphia nitida,MASTER_SPECIES,Baphia nitida,OMO_STR_0053,Baphia nitida,Baphia nitida,Baphia nitida,17.8,19.3,248.9,EXACT_NORMALIZED_SOURCE_KEY,BASELINE_ACCEPTED,True,1,17.8,19.3,248.9
CuP1,Core,Upland,Cola species,1,core,upland,cola species,core||upland||cola species,,,,,,,,,,,,False,0,,,
CuP9,Core,Upland,Cola species,1,core,upland,cola species,core||upland||cola species,,,,,,,,,,,,False,0,,,
CuP5,Core,Upland,Diospyrous mespiliformis,1,core,upland,diospyrous mespiliformis,core||upland||diospyrous mespiliformis,MASTER_SPECIES,Diospyrous mespiliformis,OMO_STR_0057,Diospyrous mespiliformis,Diospyros mespiliformis,Diospyrous mespiliformis,24.2,26.0,460.1,LINK_TAXONOMICALLY_SECURE_WITH_ABUNDANCE_DISCREPANCY,TAXONOMICALLY_SECURE_ABUNDANCE_DISCREPANCY,True,1,24.2,26.0,460.1
CuP6,Core,Upland,Diospyrous mespiliformis,1,core,upland,diospyrous mespiliformis,core||upland||diospyrous mespiliformis,MASTER_SPECIES,Diospyrous mespiliformis,OMO_STR_0057,Diospyrous mespiliformis,Diospyros mespiliformis,Diospyrous mespiliformis,24.2,26.0,460.1,LINK_TAXONOMICALLY_SECURE_WITH_ABUNDANCE_DISCREPANCY,TAXONOMICALLY_SECURE_ABUNDANCE_DISCREPANCY,True,1,24.2,26.0,460.1
CuP7,Core,Upland,Diospyrous mespiliformis,1,core,upland,diospyrous mespiliformis,core||upland||diospyrous mespiliformis,MASTER_SPECIES,Diospyrous mespiliformis,OMO_STR_0057,Diospyrous mespiliformis,Diospyros mespiliformis,Diospyrous mespiliformis,24.2,26.0,460.1,LINK_TAXONOMICALLY_SECURE_WITH_ABUNDANCE_DISCREPANCY,TAXONOMICALLY_SECURE_ABUNDANCE_DISCREPANCY,True,1,24.2,26.0,460.1
CuP8,Core,Upland,Diospyrous mespiliformis,1,core,upland,diospyrous mespiliformis,core||upland||diospyrous mespiliformis,MASTER_SPECIES,Diospyrous mespiliformis,OMO_STR_0057,Diospyrous mespiliformis,Diospyros mespiliformis,Diospyrous mespiliformis,24.2,26.0,460.1,LINK_TAXONOMICALLY_SECURE_WITH_ABUNDANCE_DISCREPANCY,TAXONOMICALLY_SECURE_ABUNDANCE_DISCREPANCY,True,1,24.2,26.0,460.1
CuP5,Core,Upland,Garcinia kola,1,core,upland,garcinia kola,core||upland||garcinia kola,MASTER_SPECIES,Garcinia kola,OMO_STR_0059,Garcinia kola,Garcinia kola,Garcinia kola,26.4,27.2,547.6,EXACT_NORMALIZED_SOURCE_KEY,BASELINE_ACCEPTED,True,1,26.4,27.2,547.6
CuP6,Core,Upland,Garcinia kola,2,core,upland,garcinia kola,core||upland||garcinia kola,MASTER_SPECIES,Garcinia kola,OMO_STR_0059,Garcinia kola,Garcinia kola,Garcinia kola,26.4,27.2,547.6,EXACT_NORMALIZED_SOURCE_KEY,BASELINE_ACCEPTED,True,2,52.8,54.4,1095.2
CuP8,Core,Upland,Garcinia kola,1,core,upland,garcinia kola,core||upland||garcinia kola,MASTER_SPECIES,Garcinia kola,OMO_STR_0059,Garcinia kola,Garcinia kola,Garcinia kola,26.4,27.2,547.6,EXACT_NORMALIZED_SOURCE_KEY,BASELINE_ACCEPTED,True,1,26.4,27.2,547.6
BuP4,Buffer,Upland,Garcinia kola,1,buffer,upland,garcinia kola,buffer||upland||garcinia kola,MASTER_SPECIES,Garcinia kola,OMO_STR_0147,Garcinia kola,Garcinia kola,Garcinia kola,27.7,27.7,602.8,EXACT_NORMALIZED_SOURCE_KEY,BASELINE_ACCEPTED,True,1,27.7,27.7,602.8
BuP8,Buffer,Upland,Garcinia kola,1,buffer,upland,garcinia kola,buffer||upland||garcinia kola,MASTER_SPECIES,Garcinia kola,OMO_STR_0147,Garcinia kola,Garcinia kola,Garcinia kola,27.7,27.7,602.8,EXACT_NORMALIZED_SOURCE_KEY,BASELINE_ACCEPTED,True,1,27.7,27.7,602.8
BuP10,Buffer,Upland,Garcinia kola,1,buffer,upland,garcinia kola,buffer||upland||garcinia kola,MASTER_SPECIES,Garcinia kola,OMO_STR_0147,Garcinia kola,Garcinia kola,Garcinia kola,27.7,27.7,602.8,EXACT_NORMALIZED_SOURCE_KEY,BASELINE_ACCEPTED,True,1,27.7,27.7,602.8
CuP5,Core,Upland,Hildegardia barteri,1,core,upland,hildegardia barteri,core||upland||hildegardia barteri,MASTER_SPECIES,Hildegardia barteri,OMO_STR_0060,Hildegardia barteri,Hildergardia baarteri,Hildegardia barteri,23.0,21.2,415.6,ACCEPTED_STRONG_ORTHOGRAPHIC_AND_ABUNDANCE_EVIDENCE,ORTHOGRAPHIC_AND_ABUNDANCE_SUPPORTED,True,1,23.0,21.2,415.6
CuP7,Core,Upland,Hildegardia barteri,1,core,upland,hildegardia barteri,core||upland||hildegardia barteri,MASTER_SPECIES,Hildegardia barteri,OMO_STR_0060,Hildegardia barteri,Hildergardia baarteri,Hildegardia barteri,23.0,21.2,415.6,ACCEPTED_STRONG_ORTHOGRAPHIC_AND_ABUNDANCE_EVIDENCE,ORTHOGRAPHIC_AND_ABUNDANCE_SUPPORTED,True,1,23.0,21.2,415.6
CuP9,Core,Upland,Hildegardia barteri,1,core,upland,hildegardia barteri,core||upland||hildegardia barteri,MASTER_SPECIES,Hildegardia barteri,OMO_STR_0060,Hildegardia barteri,Hildergardia baarteri,Hildegardia barteri,23.0,21.2,415.6,ACCEPTED_STRONG_ORTHOGRAPHIC_AND_ABUNDANCE_EVIDENCE,ORTHOGRAPHIC_AND_ABUNDANCE_SUPPORTED,True,1,23.0,21.2,415.6
CuP4,Core,Upland,Lecaniodiscus cupaniodes,1,core,upland,lecaniodiscus cupaniodes,core||upland||lecaniodiscus cupaniodes,MASTER_SPECIES,Lecaniodiscus cupaniodes,OMO_STR_0061,Lecaniodiscus cupaniodes,Lecaniodiscus cupaniodes,Lecaniodiscus cupaniodes,18.0,18.2,254.5,EXACT_NORMALIZED_SOURCE_KEY,BASELINE_ACCEPTED,True,1,18.0,18.2,254.5
CuP9,Core,Upland,Lecaniodiscus cupaniodes,1,core,upland,lecaniodiscus cupaniodes,core||upland||lecaniodiscus cupaniodes,MASTER_SPECIES,Lecaniodiscus cupaniodes,OMO_STR_0061,Lecaniodiscus cupaniodes,Lecaniodiscus cupaniodes,Lecaniodiscus cupaniodes,18.0,18.2,254.5,EXACT_NORMALIZED_SOURCE_KEY,BASELINE_ACCEPTED,True,1,18.0,18.2,254.5
CuP10,Core,Upland,Lecaniodiscus cupaniodes,1,core,upland,lecaniodiscus cupaniodes,core||upland||lecaniodiscus cupaniodes,MASTER_SPECIES,Lecaniodiscus cupaniodes,OMO_STR_0061,Lecaniodiscus cupaniodes,Lecaniodiscus cupaniodes,Lecaniodiscus cupaniodes,18.0,18.2,254.5,EXACT_NORMALIZED_SOURCE_KEY,BASELINE_ACCEPTED,True,1,18.0,18.2,254.5
BmP2,Buffer,Major River,Lecaniodiscus cupaniodes,1,buffer,major river,lecaniodiscus cupaniodes,buffer||major river||lecaniodiscus cupaniodes,MASTER_SPECIES,Lecaniodiscus cupaniodes,OMO_STR_0089,Lecaniodiscus cupaniodes,Lecaniodiscus cupanioides,Lecaniodiscus cupanioides,10.8,9.8,91.64,ACCEPTED_STRONG_ORTHOGRAPHIC_AND_ABUNDANCE_EVIDENCE,ORTHOGRAPHIC_AND_ABUNDANCE_SUPPORTED,True,1,10.8,9.8,91.64
BmP8,Buffer,Major River,Lecaniodiscus cupaniodes,1,buffer,major river,lecaniodiscus cupaniodes,buffer||major river||lecaniodiscus cupaniodes,MASTER_SPECIES,Lecaniodiscus cupaniodes,OMO_STR_0089,Lecaniodiscus cupaniodes,Lecaniodiscus cupanioides,Lecaniodiscus cupanioides,10.8,9.8,91.64,ACCEPTED_STRONG_ORTHOGRAPHIC_AND_ABUNDANCE_EVIDENCE,ORTHOGRAPHIC_AND_ABUNDANCE_SUPPORTED,True,1,10.8,9.8,91.64
BuP2,Buffer,Upland,Lecaniodiscus cupaniodes,1,buffer,upland,lecaniodiscus cupaniodes,buffer||upland||lecaniodiscus cupaniodes,MASTER_SPECIES,lecaniodiscus cupaniodes,OMO_STR_0149,lecaniodiscus cupaniodes,Lecaniodiscus cupaniodes,Lecaniodiscus cupaniodes,32.2,33.2,814.6,EXACT_NORMALIZED_SOURCE_KEY,BASELINE_ACCEPTED,True,1,32.2,33.2,814.6
BuP6,Buffer,Upland,Lecaniodiscus cupaniodes,1,buffer,upland,lecaniodiscus cupaniodes,buffer||upland||lecaniodiscus cupaniodes,MASTER_SPECIES,lecaniodiscus cupaniodes,OMO_STR_0149,lecaniodiscus cupaniodes,Lecaniodiscus cupaniodes,Lecaniodiscus cupaniodes,32.2,33.2,814.6,EXACT_NORMALIZED_SOURCE_KEY,BASELINE_ACCEPTED,True,1,32.2,33.2,814.6
BuP10,Buffer,Upland,Lecaniodiscus cupaniodes,1,buffer,upland,lecaniodiscus cupaniodes,buffer||upland||lecaniodiscus cupaniodes,MASTER_SPECIES,lecaniodiscus cupaniodes,OMO_STR_0149,lecaniodiscus cupaniodes,Lecaniodiscus cupaniodes,Lecaniodiscus cupaniodes,32.2,33.2,814.6,EXACT_NORMALIZED_SOURCE_KEY,BASELINE_ACCEPTED,True,1,32.2,33.2,814.6
CuP1,Core,Upland,Maesobotrya barteri,1,core,upland,maesobotrya barteri,core||upland||maesobotrya barteri,MASTER_SPECIES,Maesobotrya barteri,OMO_STR_0064,Maesobotrya barteri,Mesobotyra barteri,Maesobotrya barteri,22.4,23.3,394.2,VALIDATED_CANONICAL_RESCUE,BASELINE_ACCEPTED,True,1,22.4,23.3,394.2
CuP3,Core,Upland,Maesobotrya barteri,1,core,upland,maesobotrya barteri,core||upland||maesobotrya barteri,MASTER_SPECIES,Maesobotrya barteri,OMO_STR_0064,Maesobotrya barteri,Mesobotyra barteri,Maesobotrya barteri,22.4,23.3,394.2,VALIDATED_CANONICAL_RESCUE,BASELINE_ACCEPTED,True,1,22.4,23.3,394.2
CuP4,Core,Upland,Maesobotrya barteri,3,core,upland,maesobotrya barteri,core||upland||maesobotrya barteri,MASTER_SPECIES,Maesobotrya barteri,OMO_STR_0064,Maesobotrya barteri,Mesobotyra barteri,Maesobotrya barteri,22.4,23.3,394.2,VALIDATED_CANONICAL_RESCUE,BASELINE_ACCEPTED,True,3,67.19999999999999,69.9,1182.6
CuP5,Core,Upland,Maesobotrya barteri,2,core,upland,maesobotrya barteri,core||upland||maesobotrya barteri,MASTER_SPECIES,Maesobotrya barteri,OMO_STR_0064,Maesobotrya barteri,Mesobotyra barteri,Maesobotrya barteri,22.4,23.3,394.2,VALIDATED_CANONICAL_RESCUE,BASELINE_ACCEPTED,True,2,44.8,46.6,788.4
CuP9,Core,Upland,Maesobotrya barteri,1,core,upland,maesobotrya barteri,core||upland||maesobotrya barteri,MASTER_SPECIES,Maesobotrya barteri,OMO_STR_0064,Maesobotrya barteri,Mesobotyra barteri,Maesobotrya barteri,22.4,23.3,394.2,VALIDATED_CANONICAL_RESCUE,BASELINE_ACCEPTED,True,1,22.4,23.3,394.2
CuP10,Core,Upland,Maesobotrya barteri,1,core,upland,maesobotrya barteri,core||upland||maesobotrya barteri,MASTER_SPECIES,Maesobotrya barteri,OMO_STR_0064,Maesobotrya barteri,Mesobotyra barteri,Maesobotrya barteri,22.4,23.3,394.2,VALIDATED_CANONICAL_RESCUE,BASELINE_ACCEPTED,True,1,22.4,23.3,394.2
CuP4,Core,Upland,Nauclea diderrichi,1,core,upland,nauclea diderrichi,core||upland||nauclea diderrichi,MASTER_SPECIES,Nauclea diderrichi,OMO_STR_0065,Nauclea diderrichi,Nauclea diderrichi,Nauclea diderrichi,24.0,27.7,452.5,EXACT_NORMALIZED_SOURCE_KEY,BASELINE_ACCEPTED,True,1,24.0,27.7,452.5
CuP6,Core,Upland,Nauclea diderrichi,1,core,upland,nauclea diderrichi,core||upland||nauclea diderrichi,MASTER_SPECIES,Nauclea diderrichi,OMO_STR_0065,Nauclea diderrichi,Nauclea diderrichi,Nauclea diderrichi,24.0,27.7,452.5,EXACT_NORMALIZED_SOURCE_KEY,BASELINE_ACCEPTED,True,1,24.0,27.7,452.5
CuP9,Core,Upland,Nauclea diderrichi,1,core,upland,nauclea diderrichi,core||upland||nauclea diderrichi,MASTER_SPECIES,Nauclea diderrichi,OMO_STR_0065,Nauclea diderrichi,Nauclea diderrichi,Nauclea diderrichi,24.0,27.7,452.5,EXACT_NORMALIZED_SOURCE_KEY,BASELINE_ACCEPTED,True,1,24.0,27.7,452.5
BsP5,Buffer,Stream,Nauclea diderrichi,2,buffer,stream,nauclea diderrichi,buffer||stream||nauclea diderrichi,MASTER_SPECIES,Nauclea diderrichi,OMO_STR_0123,Nauclea diderrichi,Nauclea diderrichi,Nauclea diderrichi,28.4,29.7,633.7,EXACT_NORMALIZED_SOURCE_KEY,BASELINE_ACCEPTED,True,2,56.8,59.4,1267.4
BsP8,Buffer,Stream,Nauclea diderrichi,3,buffer,stream,nauclea diderrichi,buffer||stream||nauclea diderrichi,MASTER_SPECIES,Nauclea diderrichi,OMO_STR_0123,Nauclea diderrichi,Nauclea diderrichi,Nauclea diderrichi,28.4,29.7,633.7,EXACT_NORMALIZED_SOURCE_KEY,BASELINE_ACCEPTED,True,3,85.19999999999999,89.1,1901.1000000000001
BsP9,Buffer,Stream,Nauclea diderrichi,2,buffer,stream,nauclea diderrichi,buffer||stream||nauclea diderrichi,MASTER_SPECIES,Nauclea diderrichi,OMO_STR_0123,Nauclea diderrichi,Nauclea diderrichi,Nauclea diderrichi,28.4,29.7,633.7,EXACT_NORMALIZED_SOURCE_KEY,BASELINE_ACCEPTED,True,2,56.8,59.4,1267.4
BsP10,Buffer,Stream,Nauclea diderrichi,2,buffer,stream,nauclea diderrichi,buffer||stream||nauclea diderrichi,MASTER_SPECIES,Nauclea diderrichi,OMO_STR_0123,Nauclea diderrichi,Nauclea diderrichi,Nauclea diderrichi,28.4,29.7,633.7,EXACT_NORMALIZED_SOURCE_KEY,BASELINE_ACCEPTED,True,2,56.8,59.4,1267.4
CuP1,Core,Upland,Nesogordonia papaverifera,1,core,upland,nesogordonia papaverifera,core||upland||nesogordonia papaverifera,MASTER_SPECIES,Nesogordonia papaverifera,OMO_STR_0066,Nesogordonia papaverifera,Nesorgodonia papaverifera,Nesogordonia papaverifera,32.7,34.1,840.1,VALIDATED_CANONICAL_RESCUE,BASELINE_ACCEPTED,True,1,32.7,34.1,840.1
CuP2,Core,Upland,Nesogordonia papaverifera,2,core,upland,nesogordonia papaverifera,core||upland||nesogordonia papaverifera,MASTER_SPECIES,Nesogordonia papaverifera,OMO_STR_0066,Nesogordonia papaverifera,Nesorgodonia papaverifera,Nesogordonia papaverifera,32.7,34.1,840.1,VALIDATED_CANONICAL_RESCUE,BASELINE_ACCEPTED,True,2,65.4,68.2,1680.2
CuP3,Core,Upland,Nesogordonia papaverifera,3,core,upland,nesogordonia papaverifera,core||upland||nesogordonia papaverifera,MASTER_SPECIES,Nesogordonia papaverifera,OMO_STR_0066,Nesogordonia papaverifera,Nesorgodonia papaverifera,Nesogordonia papaverifera,32.7,34.1,840.1,VALIDATED_CANONICAL_RESCUE,BASELINE_ACCEPTED,True,3,98.10000000000001,102.30000000000001,2520.3
CuP4,Core,Upland,Nesogordonia papaverifera,1,core,upland,nesogordonia papaverifera,core||upland||nesogordonia papaverifera,MASTER_SPECIES,Nesogordonia papaverifera,OMO_STR_0066,Nesogordonia papaverifera,Nesorgodonia papaverifera,Nesogordonia papaverifera,32.7,34.1,840.1,VALIDATED_CANONICAL_RESCUE,BASELINE_ACCEPTED,True,1,32.7,34.1,840.1
CuP5,Core,Upland,Nesogordonia papaverifera,2,core,upland,nesogordonia papaverifera,core||upland||nesogordonia papaverifera,MASTER_SPECIES,Nesogordonia papaverifera,OMO_STR_0066,Nesogordonia papaverifera,Nesorgodonia papaverifera,Nesogordonia papaverifera,32.7,34.1,840.1,VALIDATED_CANONICAL_RESCUE,BASELINE_ACCEPTED,True,2,65.4,68.2,1680.2
CuP8,Core,Upland,Nesogordonia papaverifera,2,core,upland,nesogordonia papaverifera,core||upland||nesogordonia papaverifera,MASTER_SPECIES,Nesogordonia papaverifera,OMO_STR_0066,Nesogordonia papaverifera,Nesorgodonia papaverifera,Nesogordonia papaverifera,32.7,34.1,840.1,VALIDATED_CANONICAL_RESCUE,BASELINE_ACCEPTED,True,2,65.4,68.2,1680.2
CuP9,Core,Upland,Nesogordonia papaverifera,1,core,upland,nesogordonia papaverifera,core||upland||nesogordonia papaverifera,MASTER_SPECIES,Nesogordonia papaverifera,OMO_STR_0066,Nesogordonia papaverifera,Nesorgodonia papaverifera,Nesogordonia papaverifera,32.7,34.1,840.1,VALIDATED_CANONICAL_RESCUE,BASELINE_ACCEPTED,True,1,32.7,34.1,840.1
BmP3,Buffer,Major River,Nesogordonia papaverifera,1,buffer,major river,nesogordonia papaverifera,buffer||major river||nesogordonia papaverifera,MASTER_SPECIES,Nesogordonia papaverifera,OMO_STR_0092,Nesogordonia papaverifera,Nesogordonia papaverifera,Nesogordonia papaverifera,84.0,62.4,5544.0,EXACT_NORMALIZED_SOURCE_KEY,BASELINE_ACCEPTED,True,1,84.0,62.4,5544.0
CuP2,Core,Upland,Pterocarpus osun,1,core,upland,pterocarpus osun,core||upland||pterocarpus osun,MASTER_SPECIES,Pterocarpus osun,OMO_STR_0067,Pterocarpus osun,Pterocarpus osun,Pterocarpus osun,41.5,42.6,1353.0,EXACT_NORMALIZED_SOURCE_KEY,BASELINE_ACCEPTED,True,1,41.5,42.6,1353.0
CuP7,Core,Upland,Pterocarpus osun,1,core,upland,pterocarpus osun,core||upland||pterocarpus osun,MASTER_SPECIES,Pterocarpus osun,OMO_STR_0067,Pterocarpus osun,Pterocarpus osun,Pterocarpus osun,41.5,42.6,1353.0,EXACT_NORMALIZED_SOURCE_KEY,BASELINE_ACCEPTED,True,1,41.5,42.6,1353.0
CuP10,Core,Upland,Pterocarpus osun,1,core,upland,pterocarpus osun,core||upland||pterocarpus osun,MASTER_SPECIES,Pterocarpus osun,OMO_STR_0067,Pterocarpus osun,Pterocarpus osun,Pterocarpus osun,41.5,42.6,1353.0,EXACT_NORMALIZED_SOURCE_KEY,BASELINE_ACCEPTED,True,1,41.5,42.6,1353.0
BsP4,Buffer,Stream,Pterocarpus osun,1,buffer,stream,pterocarpus osun,buffer||stream||pterocarpus osun,MASTER_SPECIES,Pterocarpus osun,OMO_STR_0126,Pterocarpus osun,Pterocarpus osun,Pterocarpus osun,17.0,13.8,227.0,EXACT_NORMALIZED_SOURCE_KEY,BASELINE_ACCEPTED,True,1,17.0,13.8,227.0
CuP5,Core,Upland,Rinorea dentata,1,core,upland,rinorea dentata,core||upland||rinorea dentata,MASTER_SPECIES,Rinorea dentata,OMO_STR_0070,Rinorea dentata,Rinorea dentata,Rinorea dentata,19.2,20.0,289.6,EXACT_NORMALIZED_SOURCE_KEY,BASELINE_ACCEPTED,True,1,19.2,20.0,289.6
CuP7,Core,Upland,Rinorea dentata,3,core,upland,rinorea dentata,core||upland||rinorea dentata,MASTER_SPECIES,Rinorea dentata,OMO_STR_0070,Rinorea dentata,Rinorea dentata,Rinorea dentata,19.2,20.0,289.6,EXACT_NORMALIZED_SOURCE_KEY,BASELINE_ACCEPTED,True,3,57.599999999999994,60.0,868.8000000000001
CuP1,Core,Upland,Scotellia coriaceae,1,core,upland,scotellia coriaceae,core||upland||scotellia coriaceae,MASTER_SPECIES,Scotellia coriaceae,OMO_STR_0071,Scotellia coriaceae,Scotelia coriacea,Scotellia coriacea,21.1,22.6,349.8,ACCEPTED_STRONG_ORTHOGRAPHIC_AND_ABUNDANCE_EVIDENCE,ORTHOGRAPHIC_AND_ABUNDANCE_SUPPORTED,True,1,21.1,22.6,349.8
CuP3,Core,Upland,Scotellia coriaceae,4,core,upland,scotellia coriaceae,core||upland||scotellia coriaceae,MASTER_SPECIES,Scotellia coriaceae,OMO_STR_0071,Scotellia coriaceae,Scotelia coriacea,Scotellia coriacea,21.1,22.6,349.8,ACCEPTED_STRONG_ORTHOGRAPHIC_AND_ABUNDANCE_EVIDENCE,ORTHOGRAPHIC_AND_ABUNDANCE_SUPPORTED,True,4,84.4,90.4,1399.2
CuP4,Core,Upland,Scotellia coriaceae,7,core,upland,scotellia coriaceae,core||upland||scotellia coriaceae,MASTER_SPECIES,Scotellia coriaceae,OMO_STR_0071,Scotellia coriaceae,Scotelia coriacea,Scotellia coriacea,21.1,22.6,349.8,ACCEPTED_STRONG_ORTHOGRAPHIC_AND_ABUNDANCE_EVIDENCE,ORTHOGRAPHIC_AND_ABUNDANCE_SUPPORTED,True,7,147.70000000000002,158.20000000000002,2448.6
CuP5,Core,Upland,Scotellia coriaceae,4,core,upland,scotellia coriaceae,core||upland||scotellia coriaceae,MASTER_SPECIES,Scotellia coriaceae,OMO_STR_0071,Scotellia coriaceae,Scotelia coriacea,Scotellia coriacea,21.1,22.6,349.8,ACCEPTED_STRONG_ORTHOGRAPHIC_AND_ABUNDANCE_EVIDENCE,ORTHOGRAPHIC_AND_ABUNDANCE_SUPPORTED,True,4,84.4,90.4,1399.2
CuP6,Core,Upland,Scotellia coriaceae,1,core,upland,scotellia coriaceae,core||upland||scotellia coriaceae,MASTER_SPECIES,Scotellia coriaceae,OMO_STR_0071,Scotellia coriaceae,Scotelia coriacea,Scotellia coriacea,21.1,22.6,349.8,ACCEPTED_STRONG_ORTHOGRAPHIC_AND_ABUNDANCE_EVIDENCE,ORTHOGRAPHIC_AND_ABUNDANCE_SUPPORTED,True,1,21.1,22.6,349.8
CuP7,Core,Upland,Scotellia coriaceae,4,core,upland,scotellia coriaceae,core||upland||scotellia coriaceae,MASTER_SPECIES,Scotellia coriaceae,OMO_STR_0071,Scotellia coriaceae,Scotelia coriacea,Scotellia coriacea,21.1,22.6,349.8,ACCEPTED_STRONG_ORTHOGRAPHIC_AND_ABUNDANCE_EVIDENCE,ORTHOGRAPHIC_AND_ABUNDANCE_SUPPORTED,True,4,84.4,90.4,1399.2
CuP9,Core,Upland,Scotellia coriaceae,1,core,upland,scotellia coriaceae,core||upland||scotellia coriaceae,MASTER_SPECIES,Scotellia coriaceae,OMO_STR_0071,Scotellia coriaceae,Scotelia coriacea,Scotellia coriacea,21.1,22.6,349.8,ACCEPTED_STRONG_ORTHOGRAPHIC_AND_ABUNDANCE_EVIDENCE,ORTHOGRAPHIC_AND_ABUNDANCE_SUPPORTED,True,1,21.1,22.6,349.8
CuP10,Core,Upland,Scotellia coriaceae,3,core,upland,scotellia coriaceae,core||upland||scotellia coriaceae,MASTER_SPECIES,Scotellia coriaceae,OMO_STR_0071,Scotellia coriaceae,Scotelia coriacea,Scotellia coriacea,21.1,22.6,349.8,ACCEPTED_STRONG_ORTHOGRAPHIC_AND_ABUNDANCE_EVIDENCE,ORTHOGRAPHIC_AND_ABUNDANCE_SUPPORTED,True,3,63.300000000000004,67.80000000000001,1049.4
CuP1,Core,Upland,Terminalia superba,1,core,upland,terminalia superba,core||upland||terminalia superba,MASTER_SPECIES,Terminalia superba,OMO_STR_0074,Terminalia superba,Terminalia superba,Terminalia superba,36.4,30.0,1041.0,EXACT_NORMALIZED_SOURCE_KEY,BASELINE_ACCEPTED,True,1,36.4,30.0,1041.0
CuP8,Core,Upland,Terminalia superba,2,core,upland,terminalia superba,core||upland||terminalia superba,MASTER_SPECIES,Terminalia superba,OMO_STR_0074,Terminalia superba,Terminalia superba,Terminalia superba,36.4,30.0,1041.0,EXACT_NORMALIZED_SOURCE_KEY,BASELINE_ACCEPTED,True,2,72.8,60.0,2082.0
CuP10,Core,Upland,Terminalia superba,1,core,upland,terminalia superba,core||upland||terminalia superba,MASTER_SPECIES,Terminalia superba,OMO_STR_0074,Terminalia superba,Terminalia superba,Terminalia superba,36.4,30.0,1041.0,EXACT_NORMALIZED_SOURCE_KEY,BASELINE_ACCEPTED,True,1,36.4,30.0,1041.0
BsP5,Buffer,Stream,Terminalia superba,1,buffer,stream,terminalia superba,buffer||stream||terminalia superba,MASTER_SPECIES,Terminalia superba,OMO_STR_0133,Terminalia superba,Terminalia superba,Terminalia superba,38.5,39.7,1164.0,EXACT_NORMALIZED_SOURCE_KEY,BASELINE_ACCEPTED,True,1,38.5,39.7,1164.0
BsP8,Buffer,Stream,Terminalia superba,1,buffer,stream,terminalia superba,buffer||stream||terminalia superba,MASTER_SPECIES,Terminalia superba,OMO_STR_0133,Terminalia superba,Terminalia superba,Terminalia superba,38.5,39.7,1164.0,EXACT_NORMALIZED_SOURCE_KEY,BASELINE_ACCEPTED,True,1,38.5,39.7,1164.0
BsP9,Buffer,Stream,Terminalia superba,1,buffer,stream,terminalia superba,buffer||stream||terminalia superba,MASTER_SPECIES,Terminalia superba,OMO_STR_0133,Terminalia superba,Terminalia superba,Terminalia superba,38.5,39.7,1164.0,EXACT_NORMALIZED_SOURCE_KEY,BASELINE_ACCEPTED,True,1,38.5,39.7,1164.0
BuP4,Buffer,Upland,Terminalia superba,11,buffer,upland,terminalia superba,buffer||upland||terminalia superba,MASTER_SPECIES,Terminalia superba,OMO_STR_0159,Terminalia superba,Terminalia superba,Terminalia superba,29.7,35.8,693.0,EXACT_NORMALIZED_SOURCE_KEY,BASELINE_ACCEPTED,True,11,326.7,393.79999999999995,7623.0
BuP6,Buffer,Upland,Terminalia superba,1,buffer,upland,terminalia superba,buffer||upland||terminalia superba,MASTER_SPECIES,Terminalia superba,OMO_STR_0159,Terminalia superba,Terminalia superba,Terminalia superba,29.7,35.8,693.0,EXACT_NORMALIZED_SOURCE_KEY,BASELINE_ACCEPTED,True,1,29.7,35.8,693.0
BuP9,Buffer,Upland,Terminalia superba,1,buffer,upland,terminalia superba,buffer||upland||terminalia superba,MASTER_SPECIES,Terminalia superba,OMO_STR_0159,Terminalia superba,Terminalia superba,Terminalia superba,29.7,35.8,693.0,EXACT_NORMALIZED_SOURCE_KEY,BASELINE_ACCEPTED,True,1,29.7,35.8,693.0
TmP4,Transition,Major River,Terminalia superba,1,transition,major river,terminalia superba,transition||major river||terminalia superba,MASTER_SPECIES,Terminalia superba,OMO_STR_0187,Terminalia superba,Terminalia superba,Terminalia superba,30.1,31.3,711.8,EXACT_NORMALIZED_SOURCE_KEY,BASELINE_ACCEPTED,True,1,30.1,31.3,711.8
TmP6,Transition,Major River,Terminalia superba,1,transition,major river,terminalia superba,transition||major river||terminalia superba,MASTER_SPECIES,Terminalia superba,OMO_STR_0187,Terminalia superba,Terminalia superba,Terminalia superba,30.1,31.3,711.8,EXACT_NORMALIZED_SOURCE_KEY,BASELINE_ACCEPTED,True,1,30.1,31.3,711.8
TmP10,Transition,Major River,Terminalia superba,2,transition,major river,terminalia superba,transition||major river||terminalia superba,MASTER_SPECIES,Terminalia superba,OMO_STR_0187,Terminalia superba,Terminalia superba,Terminalia superba,30.1,31.3,711.8,EXACT_NORMALIZED_SOURCE_KEY,BASELINE_ACCEPTED,True,2,60.2,62.6,1423.6
CuP5,Core,Upland,Zanthoxylum xanthoxyloides,1,core,upland,zanthoxylum xanthoxyloides,core||upland||zanthoxylum xanthoxyloides,MASTER_SPECIES,Zanthoxylum xanthoxyloides,OMO_STR_0075,Zanthoxylum xanthoxyloides,Zanthoxylum xanthoxyloides,Zanthoxylum xanthoxyloides,36.3,39.4,1035.0,EXACT_NORMALIZED_SOURCE_KEY,BASELINE_ACCEPTED,True,1,36.3,39.4,1035.0
CuP6,Core,Upland,Zanthoxylum xanthoxyloides,1,core,upland,zanthoxylum xanthoxyloides,core||upland||zanthoxylum xanthoxyloides,MASTER_SPECIES,Zanthoxylum xanthoxyloides,OMO_STR_0075,Zanthoxylum xanthoxyloides,Zanthoxylum xanthoxyloides,Zanthoxylum xanthoxyloides,36.3,39.4,1035.0,EXACT_NORMALIZED_SOURCE_KEY,BASELINE_ACCEPTED,True,1,36.3,39.4,1035.0
CuP10,Core,Upland,Zanthoxylum xanthoxyloides,1,core,upland,zanthoxylum xanthoxyloides,core||upland||zanthoxylum xanthoxyloides,MASTER_SPECIES,Zanthoxylum xanthoxyloides,OMO_STR_0075,Zanthoxylum xanthoxyloides,Zanthoxylum xanthoxyloides,Zanthoxylum xanthoxyloides,36.3,39.4,1035.0,EXACT_NORMALIZED_SOURCE_KEY,BASELINE_ACCEPTED,True,1,36.3,39.4,1035.0
BmP7,Buffer,Major River,Diallium guineense,1,buffer,major river,diallium guineense,buffer||major river||diallium guineense,MASTER_SPECIES,Diallium guineense,OMO_STR_0082,Diallium guineense,Diallium guineense,Diallium guineense,25.8,24.5,523.0,EXACT_NORMALIZED_SOURCE_KEY,BASELINE_ACCEPTED,True,1,25.8,24.5,523.0
BmP9,Buffer,Major River,Diallium guineense,1,buffer,major river,diallium guineense,buffer||major river||diallium guineense,MASTER_SPECIES,Diallium guineense,OMO_STR_0082,Diallium guineense,Diallium guineense,Diallium guineense,25.8,24.5,523.0,EXACT_NORMALIZED_SOURCE_KEY,BASELINE_ACCEPTED,True,1,25.8,24.5,523.0
BmP6,Buffer,Major River,Dillenia indica,1,buffer,major river,dillenia indica,buffer||major river||dillenia indica,MASTER_SPECIES,Dillenia indica,OMO_STR_0083,Dillenia indica,Dillenia indica,Dillenia indica,33.6,31.3,887.0,EXACT_NORMALIZED_SOURCE_KEY,BASELINE_ACCEPTED,True,1,33.6,31.3,887.0
BmP9,Buffer,Major River,Dillenia indica,1,buffer,major river,dillenia indica,buffer||major river||dillenia indica,MASTER_SPECIES,Dillenia indica,OMO_STR_0083,Dillenia indica,Dillenia indica,Dillenia indica,33.6,31.3,887.0,EXACT_NORMALIZED_SOURCE_KEY,BASELINE_ACCEPTED,True,1,33.6,31.3,887.0
BmP2,Buffer,Major River,Margartaria discoidea,3,buffer,major river,margartaria discoidea,buffer||major river||margartaria discoidea,MASTER_SPECIES,Margartaria discoidea,OMO_STR_0090,Margartaria discoidea,Margaritaria discoidea,Margaritaria discoidea,27.9,26.1,611.6,ACCEPTED_STRONG_ORTHOGRAPHIC_AND_ABUNDANCE_EVIDENCE,ORTHOGRAPHIC_AND_ABUNDANCE_SUPPORTED,True,3,83.69999999999999,78.30000000000001,1834.8000000000002
BmP8,Buffer,Major River,Margartaria discoidea,1,buffer,major river,margartaria discoidea,buffer||major river||margartaria discoidea,MASTER_SPECIES,Margartaria discoidea,OMO_STR_0090,Margartaria discoidea,Margaritaria discoidea,Margaritaria discoidea,27.9,26.1,611.6,ACCEPTED_STRONG_ORTHOGRAPHIC_AND_ABUNDANCE_EVIDENCE,ORTHOGRAPHIC_AND_ABUNDANCE_SUPPORTED,True,1,27.9,26.1,611.6
BmP10,Buffer,Major River,Margartaria discoidea,2,buffer,major river,margartaria discoidea,buffer||major river||margartaria discoidea,MASTER_SPECIES,Margartaria discoidea,OMO_STR_0090,Margartaria discoidea,Margaritaria discoidea,Margaritaria discoidea,27.9,26.1,611.6,ACCEPTED_STRONG_ORTHOGRAPHIC_AND_ABUNDANCE_EVIDENCE,ORTHOGRAPHIC_AND_ABUNDANCE_SUPPORTED,True,2,55.8,52.2,1223.2
BmP1,Buffer,Major River,Musanga cecropioides,1,buffer,major river,musanga cecropioides,buffer||major river||musanga cecropioides,MASTER_SPECIES,Musanga cecropioides,OMO_STR_0091,Musanga cecropioides,Musanga cecropioides,Musanga cecropioides,25.0,21.4,491.0,EXACT_NORMALIZED_SOURCE_KEY,BASELINE_ACCEPTED,True,1,25.0,21.4,491.0
BmP3,Buffer,Major River,Musanga cecropioides,2,buffer,major river,musanga cecropioides,buffer||major river||musanga cecropioides,MASTER_SPECIES,Musanga cecropioides,OMO_STR_0091,Musanga cecropioides,Musanga cecropioides,Musanga cecropioides,25.0,21.4,491.0,EXACT_NORMALIZED_SOURCE_KEY,BASELINE_ACCEPTED,True,2,50.0,42.8,982.0
BmP4,Buffer,Major River,Musanga cecropioides,1,buffer,major river,musanga cecropioides,buffer||major river||musanga cecropioides,MASTER_SPECIES,Musanga cecropioides,OMO_STR_0091,Musanga cecropioides,Musanga cecropioides,Musanga cecropioides,25.0,21.4,491.0,EXACT_NORMALIZED_SOURCE_KEY,BASELINE_ACCEPTED,True,1,25.0,21.4,491.0
BmP5,Buffer,Major River,Musanga cecropioides,2,buffer,major river,musanga cecropioides,buffer||major river||musanga cecropioides,MASTER_SPECIES,Musanga cecropioides,OMO_STR_0091,Musanga cecropioides,Musanga cecropioides,Musanga cecropioides,25.0,21.4,491.0,EXACT_NORMALIZED_SOURCE_KEY,BASELINE_ACCEPTED,True,2,50.0,42.8,982.0
BmP6,Buffer,Major River,Musanga cecropioides,2,buffer,major river,musanga cecropioides,buffer||major river||musanga cecropioides,MASTER_SPECIES,Musanga cecropioides,OMO_STR_0091,Musanga cecropioides,Musanga cecropioides,Musanga cecropioides,25.0,21.4,491.0,EXACT_NORMALIZED_SOURCE_KEY,BASELINE_ACCEPTED,True,2,50.0,42.8,982.0
BmP7,Buffer,Major River,Musanga cecropioides,2,buffer,major river,musanga cecropioides,buffer||major river||musanga cecropioides,MASTER_SPECIES,Musanga cecropioides,OMO_STR_0091,Musanga cecropioides,Musanga cecropioides,Musanga cecropioides,25.0,21.4,491.0,EXACT_NORMALIZED_SOURCE_KEY,BASELINE_ACCEPTED,True,2,50.0,42.8,982.0
BmP9,Buffer,Major River,Musanga cecropioides,1,buffer,major river,musanga cecropioides,buffer||major river||musanga cecropioides,MASTER_SPECIES,Musanga cecropioides,OMO_STR_0091,Musanga cecropioides,Musanga cecropioides,Musanga cecropioides,25.0,21.4,491.0,EXACT_NORMALIZED_SOURCE_KEY,BASELINE_ACCEPTED,True,1,25.0,21.4,491.0
BmP10,Buffer,Major River,Musanga cecropioides,1,buffer,major river,musanga cecropioides,buffer||major river||musanga cecropioides,MASTER_SPECIES,Musanga cecropioides,OMO_STR_0091,Musanga cecropioides,Musanga cecropioides,Musanga cecropioides,25.0,21.4,491.0,EXACT_NORMALIZED_SOURCE_KEY,BASELINE_ACCEPTED,True,1,25.0,21.4,491.0
BmP7,Buffer,Major River,Pavetta corymbosia,1,buffer,major river,pavetta corymbosia,buffer||major river||pavetta corymbosia,MASTER_SPECIES,Pavetta Corymbosia,OMO_STR_0093,Pavetta Corymbosia,Pavetta  corymbosia,Pavetta corymbosia,66.8,58.1,3506.0,EXACT_NORMALIZED_SOURCE_KEY,BASELINE_ACCEPTED,True,1,66.8,58.1,3506.0
BmP3,Buffer,Major River,Pycanthus angolensis,2,buffer,major river,pycanthus angolensis,buffer||major river||pycanthus angolensis,MASTER_SPECIES,Pycanthus angolensis,OMO_STR_0095,Pycanthus angolensis,Pycnanthus angolensis,Pycnanthus angolensis,26.6,24.3,555.9,ACCEPTED_STRONG_ORTHOGRAPHIC_AND_ABUNDANCE_EVIDENCE,ORTHOGRAPHIC_AND_ABUNDANCE_SUPPORTED,True,2,53.2,48.6,1111.8
BmP6,Buffer,Major River,Pycanthus angolensis,2,buffer,major river,pycanthus angolensis,buffer||major river||pycanthus angolensis,MASTER_SPECIES,Pycanthus angolensis,OMO_STR_0095,Pycanthus angolensis,Pycnanthus angolensis,Pycnanthus angolensis,26.6,24.3,555.9,ACCEPTED_STRONG_ORTHOGRAPHIC_AND_ABUNDANCE_EVIDENCE,ORTHOGRAPHIC_AND_ABUNDANCE_SUPPORTED,True,2,53.2,48.6,1111.8
BmP8,Buffer,Major River,Pycanthus angolensis,1,buffer,major river,pycanthus angolensis,buffer||major river||pycanthus angolensis,MASTER_SPECIES,Pycanthus angolensis,OMO_STR_0095,Pycanthus angolensis,Pycnanthus angolensis,Pycnanthus angolensis,26.6,24.3,555.9,ACCEPTED_STRONG_ORTHOGRAPHIC_AND_ABUNDANCE_EVIDENCE,ORTHOGRAPHIC_AND_ABUNDANCE_SUPPORTED,True,1,26.6,24.3,555.9
BmP9,Buffer,Major River,Pycanthus angolensis,1,buffer,major river,pycanthus angolensis,buffer||major river||pycanthus angolensis,MASTER_SPECIES,Pycanthus angolensis,OMO_STR_0095,Pycanthus angolensis,Pycnanthus angolensis,Pycnanthus angolensis,26.6,24.3,555.9,ACCEPTED_STRONG_ORTHOGRAPHIC_AND_ABUNDANCE_EVIDENCE,ORTHOGRAPHIC_AND_ABUNDANCE_SUPPORTED,True,1,26.6,24.3,555.9
TmP1,Transition,Major River,Pycanthus angolensis,2,transition,major river,pycanthus angolensis,transition||major river||pycanthus angolensis,MASTER_SPECIES,Pycanthus angolensis,OMO_STR_0182,Pycanthus angolensis,Pycanthus angolensis,Pycanthus angolensis,26.3,27.3,543.4,EXACT_NORMALIZED_SOURCE_KEY,BASELINE_ACCEPTED,True,2,52.6,54.6,1086.8
TmP4,Transition,Major River,Pycanthus angolensis,1,transition,major river,pycanthus angolensis,transition||major river||pycanthus angolensis,MASTER_SPECIES,Pycanthus angolensis,OMO_STR_0182,Pycanthus angolensis,Pycanthus angolensis,Pycanthus angolensis,26.3,27.3,543.4,EXACT_NORMALIZED_SOURCE_KEY,BASELINE_ACCEPTED,True,1,26.3,27.3,543.4
TmP6,Transition,Major River,Pycanthus angolensis,1,transition,major river,pycanthus angolensis,transition||major river||pycanthus angolensis,MASTER_SPECIES,Pycanthus angolensis,OMO_STR_0182,Pycanthus angolensis,Pycanthus angolensis,Pycanthus angolensis,26.3,27.3,543.4,EXACT_NORMALIZED_SOURCE_KEY,BASELINE_ACCEPTED,True,1,26.3,27.3,543.4
TmP7,Transition,Major River,Pycanthus angolensis,1,transition,major river,pycanthus angolensis,transition||major river||pycanthus angolensis,MASTER_SPECIES,Pycanthus angolensis,OMO_STR_0182,Pycanthus angolensis,Pycanthus angolensis,Pycanthus angolensis,26.3,27.3,543.4,EXACT_NORMALIZED_SOURCE_KEY,BASELINE_ACCEPTED,True,1,26.3,27.3,543.4
TmP9,Transition,Major River,Pycanthus angolensis,1,transition,major river,pycanthus angolensis,transition||major river||pycanthus angolensis,MASTER_SPECIES,Pycanthus angolensis,OMO_STR_0182,Pycanthus angolensis,Pycanthus angolensis,Pycanthus angolensis,26.3,27.3,543.4,EXACT_NORMALIZED_SOURCE_KEY,BASELINE_ACCEPTED,True,1,26.3,27.3,543.4
TmP10,Transition,Major River,Pycanthus angolensis,1,transition,major river,pycanthus angolensis,transition||major river||pycanthus angolensis,MASTER_SPECIES,Pycanthus angolensis,OMO_STR_0182,Pycanthus angolensis,Pycanthus angolensis,Pycanthus angolensis,26.3,27.3,543.4,EXACT_NORMALIZED_SOURCE_KEY,BASELINE_ACCEPTED,True,1,26.3,27.3,543.4
BmP1,Buffer,Major River,Ricinodendron heudeotii,1,buffer,major river,ricinodendron heudeotii,buffer||major river||ricinodendron heudeotii,MASTER_SPECIES,Ricinodendron heudeotii,OMO_STR_0096,Ricinodendron heudeotii,Ricinodendron heudeotii,Ricinodendron heudeotii,51.2,55.9,2059.0,EXACT_NORMALIZED_SOURCE_KEY,BASELINE_ACCEPTED,True,1,51.2,55.9,2059.0
BmP2,Buffer,Major River,Ricinodendron heudeotii,1,buffer,major river,ricinodendron heudeotii,buffer||major river||ricinodendron heudeotii,MASTER_SPECIES,Ricinodendron heudeotii,OMO_STR_0096,Ricinodendron heudeotii,Ricinodendron heudeotii,Ricinodendron heudeotii,51.2,55.9,2059.0,EXACT_NORMALIZED_SOURCE_KEY,BASELINE_ACCEPTED,True,1,51.2,55.9,2059.0
BsP5,Buffer,Stream,Afzelia africana,1,buffer,stream,afzelia africana,buffer||stream||afzelia africana,,,,,,,,,,,,False,0,,,
BsP7,Buffer,Stream,Afzelia africana,1,buffer,stream,afzelia africana,buffer||stream||afzelia africana,,,,,,,,,,,,False,0,,,
BsP8,Buffer,Stream,Afzelia africana,1,buffer,stream,afzelia africana,buffer||stream||afzelia africana,,,,,,,,,,,,False,0,,,
BsP9,Buffer,Stream,Afzelia africana,1,buffer,stream,afzelia africana,buffer||stream||afzelia africana,,,,,,,,,,,,False,0,,,
BsP2,Buffer,Stream,Albizia zygia,1,buffer,stream,albizia zygia,buffer||stream||albizia zygia,MASTER_SPECIES,Albizia zygia,OMO_STR_0101,Albizia zygia,Albizia zygia,Albizia zygia,28.5,28.3,638.2,EXACT_NORMALIZED_SOURCE_KEY,BASELINE_ACCEPTED,True,1,28.5,28.3,638.2
BsP6,Buffer,Stream,Albizia zygia,1,buffer,stream,albizia zygia,buffer||stream||albizia zygia,MASTER_SPECIES,Albizia zygia,OMO_STR_0101,Albizia zygia,Albizia zygia,Albizia zygia,28.5,28.3,638.2,EXACT_NORMALIZED_SOURCE_KEY,BASELINE_ACCEPTED,True,1,28.5,28.3,638.2
TsP3,Transition,Stream,Albizia zygia,1,transition,stream,albizia zygia,transition||stream||albizia zygia,MASTER_SPECIES,Albizia zygia,OMO_STR_0191,Albizia zygia,Albizia zygia,Albizia zygia,22.0,24.5,380.2,EXACT_NORMALIZED_SOURCE_KEY,BASELINE_ACCEPTED,True,1,22.0,24.5,380.2
TsP7,Transition,Stream,Albizia zygia,1,transition,stream,albizia zygia,transition||stream||albizia zygia,MASTER_SPECIES,Albizia zygia,OMO_STR_0191,Albizia zygia,Albizia zygia,Albizia zygia,22.0,24.5,380.2,EXACT_NORMALIZED_SOURCE_KEY,BASELINE_ACCEPTED,True,1,22.0,24.5,380.2
BsP1,Buffer,Stream,Anthocleista djalonensis,1,buffer,stream,anthocleista djalonensis,buffer||stream||anthocleista djalonensis,MASTER_SPECIES,Anthocleista djalonensis,OMO_STR_0103,Anthocleista djalonensis,Anthocleista djalonensis,Anthocleista djalonensis,43.9,38.5,1514.0,EXACT_NORMALIZED_SOURCE_KEY,BASELINE_ACCEPTED,True,1,43.9,38.5,1514.0
BsP2,Buffer,Stream,Anthocleista djalonensis,1,buffer,stream,anthocleista djalonensis,buffer||stream||anthocleista djalonensis,MASTER_SPECIES,Anthocleista djalonensis,OMO_STR_0103,Anthocleista djalonensis,Anthocleista djalonensis,Anthocleista djalonensis,43.9,38.5,1514.0,EXACT_NORMALIZED_SOURCE_KEY,BASELINE_ACCEPTED,True,1,43.9,38.5,1514.0
BsP4,Buffer,Stream,Anthocleista djalonensis,1,buffer,stream,anthocleista djalonensis,buffer||stream||anthocleista djalonensis,MASTER_SPECIES,Anthocleista djalonensis,OMO_STR_0103,Anthocleista djalonensis,Anthocleista djalonensis,Anthocleista djalonensis,43.9,38.5,1514.0,EXACT_NORMALIZED_SOURCE_KEY,BASELINE_ACCEPTED,True,1,43.9,38.5,1514.0
BsP5,Buffer,Stream,Anthocleista djalonensis,3,buffer,stream,anthocleista djalonensis,buffer||stream||anthocleista djalonensis,MASTER_SPECIES,Anthocleista djalonensis,OMO_STR_0103,Anthocleista djalonensis,Anthocleista djalonensis,Anthocleista djalonensis,43.9,38.5,1514.0,EXACT_NORMALIZED_SOURCE_KEY,BASELINE_ACCEPTED,True,3,131.7,115.5,4542.0
BsP8,Buffer,Stream,Anthocleista djalonensis,1,buffer,stream,anthocleista djalonensis,buffer||stream||anthocleista djalonensis,MASTER_SPECIES,Anthocleista djalonensis,OMO_STR_0103,Anthocleista djalonensis,Anthocleista djalonensis,Anthocleista djalonensis,43.9,38.5,1514.0,EXACT_NORMALIZED_SOURCE_KEY,BASELINE_ACCEPTED,True,1,43.9,38.5,1514.0
BsP9,Buffer,Stream,Anthocleista djalonensis,1,buffer,stream,anthocleista djalonensis,buffer||stream||anthocleista djalonensis,MASTER_SPECIES,Anthocleista djalonensis,OMO_STR_0103,Anthocleista djalonensis,Anthocleista djalonensis,Anthocleista djalonensis,43.9,38.5,1514.0,EXACT_NORMALIZED_SOURCE_KEY,BASELINE_ACCEPTED,True,1,43.9,38.5,1514.0
BsP10,Buffer,Stream,Anthocleista djalonensis,2,buffer,stream,anthocleista djalonensis,buffer||stream||anthocleista djalonensis,MASTER_SPECIES,Anthocleista djalonensis,OMO_STR_0103,Anthocleista djalonensis,Anthocleista djalonensis,Anthocleista djalonensis,43.9,38.5,1514.0,EXACT_NORMALIZED_SOURCE_KEY,BASELINE_ACCEPTED,True,2,87.8,77.0,3028.0
BsP9,Buffer,Stream,Anthocleista vogelii,1,buffer,stream,anthocleista vogelii,buffer||stream||anthocleista vogelii,NOTEBOOK07A_CANONICAL_SPECIES,Anthocleista vogelii,OMO_STR_0104,Anthocliesta vogeli,Anthocliesta vogeli,Anthocleista vogelii,10.0,12.7,78.57,EXACT_NORMALIZED_SOURCE_KEY,BASELINE_ACCEPTED,True,1,10.0,12.7,78.57
TsP1,Transition,Stream,Anthocleista vogelii,1,transition,stream,anthocleista vogelii,transition||stream||anthocleista vogelii,NOTEBOOK07A_CANONICAL_SPECIES,Anthocleista vogelii,OMO_STR_0193,Anthocliesta vogelii,Anthocliesta  vogelii,Anthocleista vogelii,24.0,25.2,452.5,EXACT_NORMALIZED_SOURCE_KEY,BASELINE_ACCEPTED,True,1,24.0,25.2,452.5
TsP3,Transition,Stream,Anthocleista vogelii,1,transition,stream,anthocleista vogelii,transition||stream||anthocleista vogelii,NOTEBOOK07A_CANONICAL_SPECIES,Anthocleista vogelii,OMO_STR_0193,Anthocliesta vogelii,Anthocliesta  vogelii,Anthocleista vogelii,24.0,25.2,452.5,EXACT_NORMALIZED_SOURCE_KEY,BASELINE_ACCEPTED,True,1,24.0,25.2,452.5
TsP4,Transition,Stream,Anthocleista vogelii,14,transition,stream,anthocleista vogelii,transition||stream||anthocleista vogelii,NOTEBOOK07A_CANONICAL_SPECIES,Anthocleista vogelii,OMO_STR_0193,Anthocliesta vogelii,Anthocliesta  vogelii,Anthocleista vogelii,24.0,25.2,452.5,EXACT_NORMALIZED_SOURCE_KEY,BASELINE_ACCEPTED,True,14,336.0,352.8,6335.0
TsP5,Transition,Stream,Anthocleista vogelii,12,transition,stream,anthocleista vogelii,transition||stream||anthocleista vogelii,NOTEBOOK07A_CANONICAL_SPECIES,Anthocleista vogelii,OMO_STR_0193,Anthocliesta vogelii,Anthocliesta  vogelii,Anthocleista vogelii,24.0,25.2,452.5,EXACT_NORMALIZED_SOURCE_KEY,BASELINE_ACCEPTED,True,12,288.0,302.4,5430.0
TsP7,Transition,Stream,Anthocleista vogelii,7,transition,stream,anthocleista vogelii,transition||stream||anthocleista vogelii,NOTEBOOK07A_CANONICAL_SPECIES,Anthocleista vogelii,OMO_STR_0193,Anthocliesta vogelii,Anthocliesta  vogelii,Anthocleista vogelii,24.0,25.2,452.5,EXACT_NORMALIZED_SOURCE_KEY,BASELINE_ACCEPTED,True,7,168.0,176.4,3167.5
TsP8,Transition,Stream,Anthocleista vogelii,12,transition,stream,anthocleista vogelii,transition||stream||anthocleista vogelii,NOTEBOOK07A_CANONICAL_SPECIES,Anthocleista vogelii,OMO_STR_0193,Anthocliesta vogelii,Anthocliesta  vogelii,Anthocleista vogelii,24.0,25.2,452.5,EXACT_NORMALIZED_SOURCE_KEY,BASELINE_ACCEPTED,True,12,288.0,302.4,5430.0
TsP9,Transition,Stream,Anthocleista vogelii,1,transition,stream,anthocleista vogelii,transition||stream||anthocleista vogelii,NOTEBOOK07A_CANONICAL_SPECIES,Anthocleista vogelii,OMO_STR_0193,Anthocliesta vogelii,Anthocliesta  vogelii,Anthocleista vogelii,24.0,25.2,452.5,EXACT_NORMALIZED_SOURCE_KEY,BASELINE_ACCEPTED,True,1,24.0,25.2,452.5
TsP10,Transition,Stream,Anthocleista vogelii,3,transition,stream,anthocleista vogelii,transition||stream||anthocleista vogelii,NOTEBOOK07A_CANONICAL_SPECIES,Anthocleista vogelii,OMO_STR_0193,Anthocliesta vogelii,Anthocliesta  vogelii,Anthocleista vogelii,24.0,25.2,452.5,EXACT_NORMALIZED_SOURCE_KEY,BASELINE_ACCEPTED,True,3,72.0,75.6,1357.5
BsP3,Buffer,Stream,Brachystegia eurycoma,7,buffer,stream,brachystegia eurycoma,buffer||stream||brachystegia eurycoma,MASTER_SPECIES,Brachystegia eurycoma,OMO_STR_0105,Brachystegia eurycoma,Brachystegia eurycoma,Brachystegia eurycoma,22.2,24.0,387.2,EXACT_NORMALIZED_SOURCE_KEY,BASELINE_ACCEPTED,True,7,155.4,168.0,2710.4
BsP4,Buffer,Stream,Brachystegia eurycoma,1,buffer,stream,brachystegia eurycoma,buffer||stream||brachystegia eurycoma,MASTER_SPECIES,Brachystegia eurycoma,OMO_STR_0105,Brachystegia eurycoma,Brachystegia eurycoma,Brachystegia eurycoma,22.2,24.0,387.2,EXACT_NORMALIZED_SOURCE_KEY,BASELINE_ACCEPTED,True,1,22.2,24.0,387.2
BsP7,Buffer,Stream,Brachystegia eurycoma,3,buffer,stream,brachystegia eurycoma,buffer||stream||brachystegia eurycoma,MASTER_SPECIES,Brachystegia eurycoma,OMO_STR_0105,Brachystegia eurycoma,Brachystegia eurycoma,Brachystegia eurycoma,22.2,24.0,387.2,EXACT_NORMALIZED_SOURCE_KEY,BASELINE_ACCEPTED,True,3,66.6,72.0,1161.6
BsP8,Buffer,Stream,Brachystegia eurycoma,1,buffer,stream,brachystegia eurycoma,buffer||stream||brachystegia eurycoma,MASTER_SPECIES,Brachystegia eurycoma,OMO_STR_0105,Brachystegia eurycoma,Brachystegia eurycoma,Brachystegia eurycoma,22.2,24.0,387.2,EXACT_NORMALIZED_SOURCE_KEY,BASELINE_ACCEPTED,True,1,22.2,24.0,387.2
BsP10,Buffer,Stream,Brachystegia eurycoma,2,buffer,stream,brachystegia eurycoma,buffer||stream||brachystegia eurycoma,MASTER_SPECIES,Brachystegia eurycoma,OMO_STR_0105,Brachystegia eurycoma,Brachystegia eurycoma,Brachystegia eurycoma,22.2,24.0,387.2,EXACT_NORMALIZED_SOURCE_KEY,BASELINE_ACCEPTED,True,2,44.4,48.0,774.4
BsP1,Buffer,Stream,Bridelia ferruginea,1,buffer,stream,bridelia ferruginea,buffer||stream||bridelia ferruginea,MASTER_SPECIES,Bridelia ferruginea,OMO_STR_0106,Bridelia ferruginea,Bridellia ferruginea,Bridelia ferruginea,19.0,20.0,283.6,VALIDATED_CANONICAL_RESCUE,BASELINE_ACCEPTED,True,1,19.0,20.0,283.6
BsP2,Buffer,Stream,Bridelia ferruginea,1,buffer,stream,bridelia ferruginea,buffer||stream||bridelia ferruginea,MASTER_SPECIES,Bridelia ferruginea,OMO_STR_0106,Bridelia ferruginea,Bridellia ferruginea,Bridelia ferruginea,19.0,20.0,283.6,VALIDATED_CANONICAL_RESCUE,BASELINE_ACCEPTED,True,1,19.0,20.0,283.6
BsP5,Buffer,Stream,Bridelia ferruginea,1,buffer,stream,bridelia ferruginea,buffer||stream||bridelia ferruginea,MASTER_SPECIES,Bridelia ferruginea,OMO_STR_0106,Bridelia ferruginea,Bridellia ferruginea,Bridelia ferruginea,19.0,20.0,283.6,VALIDATED_CANONICAL_RESCUE,BASELINE_ACCEPTED,True,1,19.0,20.0,283.6
BsP6,Buffer,Stream,Bridelia ferruginea,1,buffer,stream,bridelia ferruginea,buffer||stream||bridelia ferruginea,MASTER_SPECIES,Bridelia ferruginea,OMO_STR_0106,Bridelia ferruginea,Bridellia ferruginea,Bridelia ferruginea,19.0,20.0,283.6,VALIDATED_CANONICAL_RESCUE,BASELINE_ACCEPTED,True,1,19.0,20.0,283.6
BsP8,Buffer,Stream,Bridelia ferruginea,1,buffer,stream,bridelia ferruginea,buffer||stream||bridelia ferruginea,MASTER_SPECIES,Bridelia ferruginea,OMO_STR_0106,Bridelia ferruginea,Bridellia ferruginea,Bridelia ferruginea,19.0,20.0,283.6,VALIDATED_CANONICAL_RESCUE,BASELINE_ACCEPTED,True,1,19.0,20.0,283.6
BsP9,Buffer,Stream,Bridelia ferruginea,2,buffer,stream,bridelia ferruginea,buffer||stream||bridelia ferruginea,MASTER_SPECIES,Bridelia ferruginea,OMO_STR_0106,Bridelia ferruginea,Bridellia ferruginea,Bridelia ferruginea,19.0,20.0,283.6,VALIDATED_CANONICAL_RESCUE,BASELINE_ACCEPTED,True,2,38.0,40.0,567.2
BsP10,Buffer,Stream,Bridelia ferruginea,1,buffer,stream,bridelia ferruginea,buffer||stream||bridelia ferruginea,MASTER_SPECIES,Bridelia ferruginea,OMO_STR_0106,Bridelia ferruginea,Bridellia ferruginea,Bridelia ferruginea,19.0,20.0,283.6,VALIDATED_CANONICAL_RESCUE,BASELINE_ACCEPTED,True,1,19.0,20.0,283.6
TsP1,Transition,Stream,Bridelia ferruginea,1,transition,stream,bridelia ferruginea,transition||stream||bridelia ferruginea,MASTER_SPECIES,Bridelia ferruginea,OMO_STR_0195,Bridelia ferruginea,Bridelia ferruginea,Bridelia ferruginea,23.2,22.1,422.9,EXACT_NORMALIZED_SOURCE_KEY,BASELINE_ACCEPTED,True,1,23.2,22.1,422.9
TsP3,Transition,Stream,Bridelia ferruginea,2,transition,stream,bridelia ferruginea,transition||stream||bridelia ferruginea,MASTER_SPECIES,Bridelia ferruginea,OMO_STR_0195,Bridelia ferruginea,Bridelia ferruginea,Bridelia ferruginea,23.2,22.1,422.9,EXACT_NORMALIZED_SOURCE_KEY,BASELINE_ACCEPTED,True,2,46.4,44.2,845.8
TsP6,Transition,Stream,Bridelia ferruginea,2,transition,stream,bridelia ferruginea,transition||stream||bridelia ferruginea,MASTER_SPECIES,Bridelia ferruginea,OMO_STR_0195,Bridelia ferruginea,Bridelia ferruginea,Bridelia ferruginea,23.2,22.1,422.9,EXACT_NORMALIZED_SOURCE_KEY,BASELINE_ACCEPTED,True,2,46.4,44.2,845.8
TsP7,Transition,Stream,Bridelia ferruginea,1,transition,stream,bridelia ferruginea,transition||stream||bridelia ferruginea,MASTER_SPECIES,Bridelia ferruginea,OMO_STR_0195,Bridelia ferruginea,Bridelia ferruginea,Bridelia ferruginea,23.2,22.1,422.9,EXACT_NORMALIZED_SOURCE_KEY,BASELINE_ACCEPTED,True,1,23.2,22.1,422.9
TsP10,Transition,Stream,Bridelia ferruginea,1,transition,stream,bridelia ferruginea,transition||stream||bridelia ferruginea,MASTER_SPECIES,Bridelia ferruginea,OMO_STR_0195,Bridelia ferruginea,Bridelia ferruginea,Bridelia ferruginea,23.2,22.1,422.9,EXACT_NORMALIZED_SOURCE_KEY,BASELINE_ACCEPTED,True,1,23.2,22.1,422.9
BsP1,Buffer,Stream,Cassia saimen,12,buffer,stream,cassia saimen,buffer||stream||cassia saimen,MASTER_SPECIES,Cassia saimen,OMO_STR_0107,Cassia saimen,Cassia saimen,Cassia saimen,27.2,27.2,581.3,EXACT_NORMALIZED_SOURCE_KEY,BASELINE_ACCEPTED,True,12,326.4,326.4,6975.599999999999
BsP2,Buffer,Stream,Cassia saimen,10,buffer,stream,cassia saimen,buffer||stream||cassia saimen,MASTER_SPECIES,Cassia saimen,OMO_STR_0107,Cassia saimen,Cassia saimen,Cassia saimen,27.2,27.2,581.3,EXACT_NORMALIZED_SOURCE_KEY,BASELINE_ACCEPTED,True,10,272.0,272.0,5813.0
BsP6,Buffer,Stream,Cassia saimen,8,buffer,stream,cassia saimen,buffer||stream||cassia saimen,MASTER_SPECIES,Cassia saimen,OMO_STR_0107,Cassia saimen,Cassia saimen,Cassia saimen,27.2,27.2,581.3,EXACT_NORMALIZED_SOURCE_KEY,BASELINE_ACCEPTED,True,8,217.6,217.6,4650.4
BsP9,Buffer,Stream,Cassia saimen,6,buffer,stream,cassia saimen,buffer||stream||cassia saimen,MASTER_SPECIES,Cassia saimen,OMO_STR_0107,Cassia saimen,Cassia saimen,Cassia saimen,27.2,27.2,581.3,EXACT_NORMALIZED_SOURCE_KEY,BASELINE_ACCEPTED,True,6,163.2,163.2,3487.7999999999997
BsP10,Buffer,Stream,Cassia saimen,2,buffer,stream,cassia saimen,buffer||stream||cassia saimen,MASTER_SPECIES,Cassia saimen,OMO_STR_0107,Cassia saimen,Cassia saimen,Cassia saimen,27.2,27.2,581.3,EXACT_NORMALIZED_SOURCE_KEY,BASELINE_ACCEPTED,True,2,54.4,54.4,1162.6
BsP3,Buffer,Stream,Ceiba pentandra,1,buffer,stream,ceiba pentandra,buffer||stream||ceiba pentandra,MASTER_SPECIES,Ceiba pentandra,OMO_STR_0108,Ceiba pentandra,Ceiba pentandra,Ceiba pentandra,22.8,25.3,408.4,EXACT_NORMALIZED_SOURCE_KEY,BASELINE_ACCEPTED,True,1,22.8,25.3,408.4
BsP7,Buffer,Stream,Ceiba pentandra,1,buffer,stream,ceiba pentandra,buffer||stream||ceiba pentandra,MASTER_SPECIES,Ceiba pentandra,OMO_STR_0108,Ceiba pentandra,Ceiba pentandra,Ceiba pentandra,22.8,25.3,408.4,EXACT_NORMALIZED_SOURCE_KEY,BASELINE_ACCEPTED,True,1,22.8,25.3,408.4
BsP10,Buffer,Stream,Ceiba pentandra,1,buffer,stream,ceiba pentandra,buffer||stream||ceiba pentandra,MASTER_SPECIES,Ceiba pentandra,OMO_STR_0108,Ceiba pentandra,Ceiba pentandra,Ceiba pentandra,22.8,25.3,408.4,EXACT_NORMALIZED_SOURCE_KEY,BASELINE_ACCEPTED,True,1,22.8,25.3,408.4
TuP1,Transition,Upland,Ceiba pentandra,1,transition,upland,ceiba pentandra,transition||upland||ceiba pentandra,MASTER_SPECIES,Ceiba pentandra,OMO_STR_0209,Ceiba pentandra,Ceiba pentandra,Ceiba pentandra,16.2,17.4,206.2,EXACT_NORMALIZED_SOURCE_KEY,BASELINE_ACCEPTED,True,1,16.2,17.4,206.2
TuP6,Transition,Upland,Ceiba pentandra,1,transition,upland,ceiba pentandra,transition||upland||ceiba pentandra,MASTER_SPECIES,Ceiba pentandra,OMO_STR_0209,Ceiba pentandra,Ceiba pentandra,Ceiba pentandra,16.2,17.4,206.2,EXACT_NORMALIZED_SOURCE_KEY,BASELINE_ACCEPTED,True,1,16.2,17.4,206.2
TuP9,Transition,Upland,Ceiba pentandra,1,transition,upland,ceiba pentandra,transition||upland||ceiba pentandra,MASTER_SPECIES,Ceiba pentandra,OMO_STR_0209,Ceiba pentandra,Ceiba pentandra,Ceiba pentandra,16.2,17.4,206.2,EXACT_NORMALIZED_SOURCE_KEY,BASELINE_ACCEPTED,True,1,16.2,17.4,206.2
BsP4,Buffer,Stream,Diospyrous melistoformis,1,buffer,stream,diospyrous melistoformis,buffer||stream||diospyrous melistoformis,MASTER_SPECIES,Diospyrous melistoformis,OMO_STR_0111,Diospyrous melistoformis,Diospyrous melistoformis,Diospyrous melistoformis,19.7,19.3,304.9,EXACT_NORMALIZED_SOURCE_KEY,BASELINE_ACCEPTED,True,1,19.7,19.3,304.9
BsP8,Buffer,Stream,Diospyrous melistoformis,1,buffer,stream,diospyrous melistoformis,buffer||stream||diospyrous melistoformis,MASTER_SPECIES,Diospyrous melistoformis,OMO_STR_0111,Diospyrous melistoformis,Diospyrous melistoformis,Diospyrous melistoformis,19.7,19.3,304.9,EXACT_NORMALIZED_SOURCE_KEY,BASELINE_ACCEPTED,True,1,19.7,19.3,304.9
BsP3,Buffer,Stream,Drypetes,2,buffer,stream,drypetes,buffer||stream||drypetes,MASTER_SPECIES,Drypetes,OMO_STR_0112,Drypetes,Drypetes,Drypetes,30.6,31.0,735.7,EXACT_NORMALIZED_SOURCE_KEY,BASELINE_ACCEPTED,True,2,61.2,62.0,1471.4
BsP4,Buffer,Stream,Drypetes,1,buffer,stream,drypetes,buffer||stream||drypetes,MASTER_SPECIES,Drypetes,OMO_STR_0112,Drypetes,Drypetes,Drypetes,30.6,31.0,735.7,EXACT_NORMALIZED_SOURCE_KEY,BASELINE_ACCEPTED,True,1,30.6,31.0,735.7
BsP8,Buffer,Stream,Drypetes,1,buffer,stream,drypetes,buffer||stream||drypetes,MASTER_SPECIES,Drypetes,OMO_STR_0112,Drypetes,Drypetes,Drypetes,30.6,31.0,735.7,EXACT_NORMALIZED_SOURCE_KEY,BASELINE_ACCEPTED,True,1,30.6,31.0,735.7
BsP3,Buffer,Stream,Funtumia africana,2,buffer,stream,funtumia africana,buffer||stream||funtumia africana,MASTER_SPECIES,Funtumia africana,OMO_STR_0113,Funtumia africana,Funtumia africana,Funtumia africana,33.1,37.1,860.8,EXACT_NORMALIZED_SOURCE_KEY,BASELINE_ACCEPTED,True,2,66.2,74.2,1721.6
BsP7,Buffer,Stream,Funtumia africana,1,buffer,stream,funtumia africana,buffer||stream||funtumia africana,MASTER_SPECIES,Funtumia africana,OMO_STR_0113,Funtumia africana,Funtumia africana,Funtumia africana,33.1,37.1,860.8,EXACT_NORMALIZED_SOURCE_KEY,BASELINE_ACCEPTED,True,1,33.1,37.1,860.8
BsP10,Buffer,Stream,Funtumia africana,2,buffer,stream,funtumia africana,buffer||stream||funtumia africana,MASTER_SPECIES,Funtumia africana,OMO_STR_0113,Funtumia africana,Funtumia africana,Funtumia africana,33.1,37.1,860.8,EXACT_NORMALIZED_SOURCE_KEY,BASELINE_ACCEPTED,True,2,66.2,74.2,1721.6
BsP1,Buffer,Stream,Gmelina arborea,6,buffer,stream,gmelina arborea,buffer||stream||gmelina arborea,MASTER_SPECIES,Gmelina arborea,OMO_STR_0115,Gmelina arborea,Gmelina arborea,Gmelina arborea,24.0,24.5,452.5,EXACT_NORMALIZED_SOURCE_KEY,BASELINE_ACCEPTED,True,6,144.0,147.0,2715.0
BsP2,Buffer,Stream,Gmelina arborea,1,buffer,stream,gmelina arborea,buffer||stream||gmelina arborea,MASTER_SPECIES,Gmelina arborea,OMO_STR_0115,Gmelina arborea,Gmelina arborea,Gmelina arborea,24.0,24.5,452.5,EXACT_NORMALIZED_SOURCE_KEY,BASELINE_ACCEPTED,True,1,24.0,24.5,452.5
BsP6,Buffer,Stream,Gmelina arborea,3,buffer,stream,gmelina arborea,buffer||stream||gmelina arborea,MASTER_SPECIES,Gmelina arborea,OMO_STR_0115,Gmelina arborea,Gmelina arborea,Gmelina arborea,24.0,24.5,452.5,EXACT_NORMALIZED_SOURCE_KEY,BASELINE_ACCEPTED,True,3,72.0,73.5,1357.5
BsP10,Buffer,Stream,Gmelina arborea,1,buffer,stream,gmelina arborea,buffer||stream||gmelina arborea,MASTER_SPECIES,Gmelina arborea,OMO_STR_0115,Gmelina arborea,Gmelina arborea,Gmelina arborea,24.0,24.5,452.5,EXACT_NORMALIZED_SOURCE_KEY,BASELINE_ACCEPTED,True,1,24.0,24.5,452.5
TsP3,Transition,Stream,Gmelina arborea,2,transition,stream,gmelina arborea,transition||stream||gmelina arborea,MASTER_SPECIES,Gmelina arborea,OMO_STR_0199,Gmelina arborea,Gmelina arborea,Gmelina arborea,35.1,38.2,968.0,EXACT_NORMALIZED_SOURCE_KEY,BASELINE_ACCEPTED,True,2,70.2,76.4,1936.0
TsP4,Transition,Stream,Gmelina arborea,1,transition,stream,gmelina arborea,transition||stream||gmelina arborea,MASTER_SPECIES,Gmelina arborea,OMO_STR_0199,Gmelina arborea,Gmelina arborea,Gmelina arborea,35.1,38.2,968.0,EXACT_NORMALIZED_SOURCE_KEY,BASELINE_ACCEPTED,True,1,35.1,38.2,968.0
TsP5,Transition,Stream,Gmelina arborea,1,transition,stream,gmelina arborea,transition||stream||gmelina arborea,MASTER_SPECIES,Gmelina arborea,OMO_STR_0199,Gmelina arborea,Gmelina arborea,Gmelina arborea,35.1,38.2,968.0,EXACT_NORMALIZED_SOURCE_KEY,BASELINE_ACCEPTED,True,1,35.1,38.2,968.0
TsP7,Transition,Stream,Gmelina arborea,2,transition,stream,gmelina arborea,transition||stream||gmelina arborea,MASTER_SPECIES,Gmelina arborea,OMO_STR_0199,Gmelina arborea,Gmelina arborea,Gmelina arborea,35.1,38.2,968.0,EXACT_NORMALIZED_SOURCE_KEY,BASELINE_ACCEPTED,True,2,70.2,76.4,1936.0
TsP8,Transition,Stream,Gmelina arborea,2,transition,stream,gmelina arborea,transition||stream||gmelina arborea,MASTER_SPECIES,Gmelina arborea,OMO_STR_0199,Gmelina arborea,Gmelina arborea,Gmelina arborea,35.1,38.2,968.0,EXACT_NORMALIZED_SOURCE_KEY,BASELINE_ACCEPTED,True,2,70.2,76.4,1936.0
TsP10,Transition,Stream,Gmelina arborea,1,transition,stream,gmelina arborea,transition||stream||gmelina arborea,MASTER_SPECIES,Gmelina arborea,OMO_STR_0199,Gmelina arborea,Gmelina arborea,Gmelina arborea,35.1,38.2,968.0,EXACT_NORMALIZED_SOURCE_KEY,BASELINE_ACCEPTED,True,1,35.1,38.2,968.0
BsP2,Buffer,Stream,Harungana madagascariensis,2,buffer,stream,harungana madagascariensis,buffer||stream||harungana madagascariensis,MASTER_SPECIES,Harungana madagascariensis,OMO_STR_0116,Harungana madagascariensis,Harungana madagascariensis,Harungana madagascariensis,16.7,17.5,219.1,EXACT_NORMALIZED_SOURCE_KEY,BASELINE_ACCEPTED,True,2,33.4,35.0,438.2
BsP6,Buffer,Stream,Harungana madagascariensis,2,buffer,stream,harungana madagascariensis,buffer||stream||harungana madagascariensis,MASTER_SPECIES,Harungana madagascariensis,OMO_STR_0116,Harungana madagascariensis,Harungana madagascariensis,Harungana madagascariensis,16.7,17.5,219.1,EXACT_NORMALIZED_SOURCE_KEY,BASELINE_ACCEPTED,True,2,33.4,35.0,438.2
BsP10,Buffer,Stream,Harungana madagascariensis,1,buffer,stream,harungana madagascariensis,buffer||stream||harungana madagascariensis,MASTER_SPECIES,Harungana madagascariensis,OMO_STR_0116,Harungana madagascariensis,Harungana madagascariensis,Harungana madagascariensis,16.7,17.5,219.1,EXACT_NORMALIZED_SOURCE_KEY,BASELINE_ACCEPTED,True,1,16.7,17.5,219.1
TsP6,Transition,Stream,Harungana madagascariensis,1,transition,stream,harungana madagascariensis,transition||stream||harungana madagascariensis,MASTER_SPECIES,Harungana madagascariensis,OMO_STR_0200,Harungana madagascariensis,Harungana madagascariensis,Harungana madagascariensis,28.6,30.4,642.6,EXACT_NORMALIZED_SOURCE_KEY,BASELINE_ACCEPTED,True,1,28.6,30.4,642.6
TsP10,Transition,Stream,Harungana madagascariensis,1,transition,stream,harungana madagascariensis,transition||stream||harungana madagascariensis,MASTER_SPECIES,Harungana madagascariensis,OMO_STR_0200,Harungana madagascariensis,Harungana madagascariensis,Harungana madagascariensis,28.6,30.4,642.6,EXACT_NORMALIZED_SOURCE_KEY,BASELINE_ACCEPTED,True,1,28.6,30.4,642.6
BsP4,Buffer,Stream,Hexalobus crispiflorus,8,buffer,stream,hexalobus crispiflorus,buffer||stream||hexalobus crispiflorus,MASTER_SPECIES,Hexalobus crispiflorus,OMO_STR_0117,Hexalobus crispiflorus,Hexalobus crispiflorus,Hexalobus crispiflorus,28.4,28.0,633.7,EXACT_NORMALIZED_SOURCE_KEY,BASELINE_ACCEPTED,True,8,227.2,224.0,5069.6
BsP7,Buffer,Stream,Hexalobus crispiflorus,1,buffer,stream,hexalobus crispiflorus,buffer||stream||hexalobus crispiflorus,MASTER_SPECIES,Hexalobus crispiflorus,OMO_STR_0117,Hexalobus crispiflorus,Hexalobus crispiflorus,Hexalobus crispiflorus,28.4,28.0,633.7,EXACT_NORMALIZED_SOURCE_KEY,BASELINE_ACCEPTED,True,1,28.4,28.0,633.7
BsP8,Buffer,Stream,Hexalobus crispiflorus,2,buffer,stream,hexalobus crispiflorus,buffer||stream||hexalobus crispiflorus,MASTER_SPECIES,Hexalobus crispiflorus,OMO_STR_0117,Hexalobus crispiflorus,Hexalobus crispiflorus,Hexalobus crispiflorus,28.4,28.0,633.7,EXACT_NORMALIZED_SOURCE_KEY,BASELINE_ACCEPTED,True,2,56.8,56.0,1267.4
BsP4,Buffer,Stream,Holarrhena floribunda,1,buffer,stream,holarrhena floribunda,buffer||stream||holarrhena floribunda,MASTER_SPECIES,Holarrhena floribunda,OMO_STR_0118,Holarrhena floribunda,Holarrhena floribunda,Holarrhena floribunda,27.0,27.0,572.7,EXACT_NORMALIZED_SOURCE_KEY,BASELINE_ACCEPTED,True,1,27.0,27.0,572.7
BsP7,Buffer,Stream,Holarrhena floribunda,1,buffer,stream,holarrhena floribunda,buffer||stream||holarrhena floribunda,MASTER_SPECIES,Holarrhena floribunda,OMO_STR_0118,Holarrhena floribunda,Holarrhena floribunda,Holarrhena floribunda,27.0,27.0,572.7,EXACT_NORMALIZED_SOURCE_KEY,BASELINE_ACCEPTED,True,1,27.0,27.0,572.7
BuP3,Buffer,Upland,Holarrhena floribunda,2,buffer,upland,holarrhena floribunda,buffer||upland||holarrhena floribunda,MASTER_SPECIES,Holarrhena floribunda,OMO_STR_0148,Holarrhena floribunda,Holarrhena floribunda,Holarrhena floribunda,38.2,37.2,1146.0,EXACT_NORMALIZED_SOURCE_KEY,BASELINE_ACCEPTED,True,2,76.4,74.4,2292.0
BuP8,Buffer,Upland,Holarrhena floribunda,1,buffer,upland,holarrhena floribunda,buffer||upland||holarrhena floribunda,MASTER_SPECIES,Holarrhena floribunda,OMO_STR_0148,Holarrhena floribunda,Holarrhena floribunda,Holarrhena floribunda,38.2,37.2,1146.0,EXACT_NORMALIZED_SOURCE_KEY,BASELINE_ACCEPTED,True,1,38.2,37.2,1146.0
TmP3,Transition,Major River,Holarrhena floribunda,1,transition,major river,holarrhena floribunda,transition||major river||holarrhena floribunda,MASTER_SPECIES,Holarrhena floribunda,OMO_STR_0174,Holarrhena floribunda,Holarrhena floribunda,Holarrhena floribunda,17.7,14.3,246.1,EXACT_NORMALIZED_SOURCE_KEY,BASELINE_ACCEPTED,True,1,17.7,14.3,246.1
TmP9,Transition,Major River,Holarrhena floribunda,1,transition,major river,holarrhena floribunda,transition||major river||holarrhena floribunda,MASTER_SPECIES,Holarrhena floribunda,OMO_STR_0174,Holarrhena floribunda,Holarrhena floribunda,Holarrhena floribunda,17.7,14.3,246.1,EXACT_NORMALIZED_SOURCE_KEY,BASELINE_ACCEPTED,True,1,17.7,14.3,246.1
BsP1,Buffer,Stream,Macaranga barteri,5,buffer,stream,macaranga barteri,buffer||stream||macaranga barteri,MASTER_SPECIES,Macaranga barteri,OMO_STR_0119,Macaranga barteri,Macaranga barteri,Macaranga barteri,40.1,39.7,1263.0,EXACT_NORMALIZED_SOURCE_KEY,BASELINE_ACCEPTED,True,5,200.5,198.5,6315.0
BsP2,Buffer,Stream,Macaranga barteri,4,buffer,stream,macaranga barteri,buffer||stream||macaranga barteri,MASTER_SPECIES,Macaranga barteri,OMO_STR_0119,Macaranga barteri,Macaranga barteri,Macaranga barteri,40.1,39.7,1263.0,EXACT_NORMALIZED_SOURCE_KEY,BASELINE_ACCEPTED,True,4,160.4,158.8,5052.0
BsP3,Buffer,Stream,Macaranga barteri,1,buffer,stream,macaranga barteri,buffer||stream||macaranga barteri,MASTER_SPECIES,Macaranga barteri,OMO_STR_0119,Macaranga barteri,Macaranga barteri,Macaranga barteri,40.1,39.7,1263.0,EXACT_NORMALIZED_SOURCE_KEY,BASELINE_ACCEPTED,True,1,40.1,39.7,1263.0
BsP4,Buffer,Stream,Macaranga barteri,10,buffer,stream,macaranga barteri,buffer||stream||macaranga barteri,MASTER_SPECIES,Macaranga barteri,OMO_STR_0119,Macaranga barteri,Macaranga barteri,Macaranga barteri,40.1,39.7,1263.0,EXACT_NORMALIZED_SOURCE_KEY,BASELINE_ACCEPTED,True,10,401.0,397.0,12630.0
BsP6,Buffer,Stream,Macaranga barteri,3,buffer,stream,macaranga barteri,buffer||stream||macaranga barteri,MASTER_SPECIES,Macaranga barteri,OMO_STR_0119,Macaranga barteri,Macaranga barteri,Macaranga barteri,40.1,39.7,1263.0,EXACT_NORMALIZED_SOURCE_KEY,BASELINE_ACCEPTED,True,3,120.30000000000001,119.10000000000001,3789.0
BsP7,Buffer,Stream,Macaranga barteri,2,buffer,stream,macaranga barteri,buffer||stream||macaranga barteri,MASTER_SPECIES,Macaranga barteri,OMO_STR_0119,Macaranga barteri,Macaranga barteri,Macaranga barteri,40.1,39.7,1263.0,EXACT_NORMALIZED_SOURCE_KEY,BASELINE_ACCEPTED,True,2,80.2,79.4,2526.0
BsP8,Buffer,Stream,Macaranga barteri,1,buffer,stream,macaranga barteri,buffer||stream||macaranga barteri,MASTER_SPECIES,Macaranga barteri,OMO_STR_0119,Macaranga barteri,Macaranga barteri,Macaranga barteri,40.1,39.7,1263.0,EXACT_NORMALIZED_SOURCE_KEY,BASELINE_ACCEPTED,True,1,40.1,39.7,1263.0
BsP9,Buffer,Stream,Macaranga barteri,4,buffer,stream,macaranga barteri,buffer||stream||macaranga barteri,MASTER_SPECIES,Macaranga barteri,OMO_STR_0119,Macaranga barteri,Macaranga barteri,Macaranga barteri,40.1,39.7,1263.0,EXACT_NORMALIZED_SOURCE_KEY,BASELINE_ACCEPTED,True,4,160.4,158.8,5052.0
BsP10,Buffer,Stream,Macaranga barteri,1,buffer,stream,macaranga barteri,buffer||stream||macaranga barteri,MASTER_SPECIES,Macaranga barteri,OMO_STR_0119,Macaranga barteri,Macaranga barteri,Macaranga barteri,40.1,39.7,1263.0,EXACT_NORMALIZED_SOURCE_KEY,BASELINE_ACCEPTED,True,1,40.1,39.7,1263.0
TmP3,Transition,Major River,Macaranga barteri,5,transition,major river,macaranga barteri,transition||major river||macaranga barteri,MASTER_SPECIES,Macaranga barteri,OMO_STR_0178,Macaranga barteri,Macaranga barteri,Macaranga barteri,50.1,26.1,1972.0,EXACT_NORMALIZED_SOURCE_KEY,BASELINE_ACCEPTED,True,5,250.5,130.5,9860.0
TmP9,Transition,Major River,Macaranga barteri,2,transition,major river,macaranga barteri,transition||major river||macaranga barteri,MASTER_SPECIES,Macaranga barteri,OMO_STR_0178,Macaranga barteri,Macaranga barteri,Macaranga barteri,50.1,26.1,1972.0,EXACT_NORMALIZED_SOURCE_KEY,BASELINE_ACCEPTED,True,2,100.2,52.2,3944.0
BsP4,Buffer,Stream,Melacantha alnifolia,3,buffer,stream,melacantha alnifolia,buffer||stream||melacantha alnifolia,MASTER_SPECIES,Melacantha alnifolia,OMO_STR_0120,Melacantha alnifolia,Melacantha alnifolia,Melacantha alnifolia,43.4,44.9,1479.0,EXACT_NORMALIZED_SOURCE_KEY,BASELINE_ACCEPTED,True,3,130.2,134.7,4437.0
BsP8,Buffer,Stream,Melacantha alnifolia,1,buffer,stream,melacantha alnifolia,buffer||stream||melacantha alnifolia,MASTER_SPECIES,Melacantha alnifolia,OMO_STR_0120,Melacantha alnifolia,Melacantha alnifolia,Melacantha alnifolia,43.4,44.9,1479.0,EXACT_NORMALIZED_SOURCE_KEY,BASELINE_ACCEPTED,True,1,43.4,44.9,1479.0
BsP5,Buffer,Stream,Musanga cecropoides,2,buffer,stream,musanga cecropoides,buffer||stream||musanga cecropoides,MASTER_SPECIES,Musanga cecropoides,OMO_STR_0122,Musanga cecropoides,Musanga cecropoides,Musanga cecropoides,42.5,28.4,1419.0,EXACT_NORMALIZED_SOURCE_KEY,BASELINE_ACCEPTED,True,2,85.0,56.8,2838.0
BsP10,Buffer,Stream,Musanga cecropoides,2,buffer,stream,musanga cecropoides,buffer||stream||musanga cecropoides,MASTER_SPECIES,Musanga cecropoides,OMO_STR_0122,Musanga cecropoides,Musanga cecropoides,Musanga cecropoides,42.5,28.4,1419.0,EXACT_NORMALIZED_SOURCE_KEY,BASELINE_ACCEPTED,True,2,85.0,56.8,2838.0
TmP2,Transition,Major River,Musanga cecropoides,4,transition,major river,musanga cecropoides,transition||major river||musanga cecropoides,MASTER_SPECIES,Musanga cecropoides,OMO_STR_0180,Musanga cecropoides,Musanga cecropoides,Musanga cecropoides,16.2,12.4,206.2,EXACT_NORMALIZED_SOURCE_KEY,BASELINE_ACCEPTED,True,4,64.8,49.6,824.8
BsP5,Buffer,Stream,Nothospondia staudtii,3,buffer,stream,nothospondia staudtii,buffer||stream||nothospondia staudtii,MASTER_SPECIES,Nothospondia staudtii,OMO_STR_0124,Nothospondia staudtii,Nothospondia staudtii,Nothospondia staudtii,33.25,35.5,868.6,EXACT_NORMALIZED_SOURCE_KEY,BASELINE_ACCEPTED,True,3,99.75,106.5,2605.8
BsP10,Buffer,Stream,Nothospondia staudtii,3,buffer,stream,nothospondia staudtii,buffer||stream||nothospondia staudtii,MASTER_SPECIES,Nothospondia staudtii,OMO_STR_0124,Nothospondia staudtii,Nothospondia staudtii,Nothospondia staudtii,33.25,35.5,868.6,EXACT_NORMALIZED_SOURCE_KEY,BASELINE_ACCEPTED,True,3,99.75,106.5,2605.8
BsP5,Buffer,Stream,Nuclea diderrichi,1,buffer,stream,nuclea diderrichi,buffer||stream||nuclea diderrichi,MASTER_SPECIES,Nuclea diderrichi,OMO_STR_0125,Nuclea diderrichi,Nuclea diderrichi,Nuclea diderrichi,33.6,26.9,887.0,EXACT_NORMALIZED_SOURCE_KEY,BASELINE_ACCEPTED,True,1,33.6,26.9,887.0
BsP1,Buffer,Stream,Rauvolvia vomitoria,1,buffer,stream,rauvolvia vomitoria,buffer||stream||rauvolvia vomitoria,MASTER_SPECIES,Rauvolvia vomitoria,OMO_STR_0127,Rauvolvia vomitoria,Rauvolvia vomitoria,Rauvolvia vomitoria,34.0,36.5,908.2,EXACT_NORMALIZED_SOURCE_KEY,BASELINE_ACCEPTED,True,1,34.0,36.5,908.2
TmP3,Transition,Major River,Rauvolvia vomitoria,4,transition,major river,rauvolvia vomitoria,transition||major river||rauvolvia vomitoria,MASTER_SPECIES,Rauvolvia vomitoria,OMO_STR_0183,Rauvolvia vomitoria,Rauvolvia vomitoria,Rauvolvia vomitoria,13.5,12.7,143.2,EXACT_NORMALIZED_SOURCE_KEY,BASELINE_ACCEPTED,True,4,54.0,50.8,572.8
TmP7,Transition,Major River,Rauvolvia vomitoria,1,transition,major river,rauvolvia vomitoria,transition||major river||rauvolvia vomitoria,MASTER_SPECIES,Rauvolvia vomitoria,OMO_STR_0183,Rauvolvia vomitoria,Rauvolvia vomitoria,Rauvolvia vomitoria,13.5,12.7,143.2,EXACT_NORMALIZED_SOURCE_KEY,BASELINE_ACCEPTED,True,1,13.5,12.7,143.2
BsP4,Buffer,Stream,Rothmania hispida,1,buffer,stream,rothmania hispida,buffer||stream||rothmania hispida,MASTER_SPECIES,Rothmania hispida,OMO_STR_0128,Rothmania hispida,Rothmania hispida,Rothmania hispida,44.0,48.4,1521.0,EXACT_NORMALIZED_SOURCE_KEY,BASELINE_ACCEPTED,True,1,44.0,48.4,1521.0
BsP9,Buffer,Stream,Rothmania hispida,1,buffer,stream,rothmania hispida,buffer||stream||rothmania hispida,MASTER_SPECIES,Rothmania hispida,OMO_STR_0128,Rothmania hispida,Rothmania hispida,Rothmania hispida,44.0,48.4,1521.0,EXACT_NORMALIZED_SOURCE_KEY,BASELINE_ACCEPTED,True,1,44.0,48.4,1521.0
BsP1,Buffer,Stream,Spondia mombin,1,buffer,stream,spondia mombin,buffer||stream||spondia mombin,MASTER_SPECIES,Spondia mombin,OMO_STR_0129,Spondia mombin,Spondia mombin,Spondia mombin,16.9,20.8,224.4,EXACT_NORMALIZED_SOURCE_KEY,BASELINE_ACCEPTED,True,1,16.9,20.8,224.4
BsP6,Buffer,Stream,Spondia mombin,1,buffer,stream,spondia mombin,buffer||stream||spondia mombin,MASTER_SPECIES,Spondia mombin,OMO_STR_0129,Spondia mombin,Spondia mombin,Spondia mombin,16.9,20.8,224.4,EXACT_NORMALIZED_SOURCE_KEY,BASELINE_ACCEPTED,True,1,16.9,20.8,224.4
BsP9,Buffer,Stream,Spondia mombin,1,buffer,stream,spondia mombin,buffer||stream||spondia mombin,MASTER_SPECIES,Spondia mombin,OMO_STR_0129,Spondia mombin,Spondia mombin,Spondia mombin,16.9,20.8,224.4,EXACT_NORMALIZED_SOURCE_KEY,BASELINE_ACCEPTED,True,1,16.9,20.8,224.4
TmP7,Transition,Major River,Spondia mombin,1,transition,major river,spondia mombin,transition||major river||spondia mombin,MASTER_SPECIES,Spondia mombin,OMO_STR_0185,Spondia mombin,Spondia mombin,Spondia mombin,34.4,31.7,929.7,EXACT_NORMALIZED_SOURCE_KEY,BASELINE_ACCEPTED,True,1,34.4,31.7,929.7
TmP10,Transition,Major River,Spondia mombin,1,transition,major river,spondia mombin,transition||major river||spondia mombin,MASTER_SPECIES,Spondia mombin,OMO_STR_0185,Spondia mombin,Spondia mombin,Spondia mombin,34.4,31.7,929.7,EXACT_NORMALIZED_SOURCE_KEY,BASELINE_ACCEPTED,True,1,34.4,31.7,929.7
BsP5,Buffer,Stream,Sterculia oblonga,1,buffer,stream,sterculia oblonga,buffer||stream||sterculia oblonga,MASTER_SPECIES,Sterculia oblonga,OMO_STR_0130,Sterculia oblonga,Sterculia oblonga,Sterculia oblonga,53.5,43.8,2248.0,EXACT_NORMALIZED_SOURCE_KEY,BASELINE_ACCEPTED,True,1,53.5,43.8,2248.0
BsP9,Buffer,Stream,Sterculia oblonga,1,buffer,stream,sterculia oblonga,buffer||stream||sterculia oblonga,MASTER_SPECIES,Sterculia oblonga,OMO_STR_0130,Sterculia oblonga,Sterculia oblonga,Sterculia oblonga,53.5,43.8,2248.0,EXACT_NORMALIZED_SOURCE_KEY,BASELINE_ACCEPTED,True,1,53.5,43.8,2248.0
BuP1,Buffer,Upland,Albizia auxilary,1,buffer,upland,albizia auxilary,buffer||upland||albizia auxilary,MASTER_SPECIES,Albizia auxilary,OMO_STR_0134,Albizia auxilary,Albizia auxillary,Albizia auxilary,22.3,23.7,390.7,ACCEPTED_STRONG_ORTHOGRAPHIC_AND_ABUNDANCE_EVIDENCE,ORTHOGRAPHIC_AND_ABUNDANCE_SUPPORTED,True,1,22.3,23.7,390.7
BuP6,Buffer,Upland,Albizia auxilary,1,buffer,upland,albizia auxilary,buffer||upland||albizia auxilary,MASTER_SPECIES,Albizia auxilary,OMO_STR_0134,Albizia auxilary,Albizia auxillary,Albizia auxilary,22.3,23.7,390.7,ACCEPTED_STRONG_ORTHOGRAPHIC_AND_ABUNDANCE_EVIDENCE,ORTHOGRAPHIC_AND_ABUNDANCE_SUPPORTED,True,1,22.3,23.7,390.7
BuP8,Buffer,Upland,Albizia auxilary,1,buffer,upland,albizia auxilary,buffer||upland||albizia auxilary,MASTER_SPECIES,Albizia auxilary,OMO_STR_0134,Albizia auxilary,Albizia auxillary,Albizia auxilary,22.3,23.7,390.7,ACCEPTED_STRONG_ORTHOGRAPHIC_AND_ABUNDANCE_EVIDENCE,ORTHOGRAPHIC_AND_ABUNDANCE_SUPPORTED,True,1,22.3,23.7,390.7
BuP2,Buffer,Upland,Blighia unijigata,1,buffer,upland,blighia unijigata,buffer||upland||blighia unijigata,MASTER_SPECIES,Blighia unijigata,OMO_STR_0138,Blighia unijigata,Blighia unijigata,Blighia unijigata,22.5,24.1,397.7,EXACT_NORMALIZED_SOURCE_KEY,BASELINE_ACCEPTED,True,1,22.5,24.1,397.7
BuP9,Buffer,Upland,Blighia unijigata,1,buffer,upland,blighia unijigata,buffer||upland||blighia unijigata,MASTER_SPECIES,Blighia unijigata,OMO_STR_0138,Blighia unijigata,Blighia unijigata,Blighia unijigata,22.5,24.1,397.7,EXACT_NORMALIZED_SOURCE_KEY,BASELINE_ACCEPTED,True,1,22.5,24.1,397.7
BuP10,Buffer,Upland,Blighia unijigata,1,buffer,upland,blighia unijigata,buffer||upland||blighia unijigata,MASTER_SPECIES,Blighia unijigata,OMO_STR_0138,Blighia unijigata,Blighia unijigata,Blighia unijigata,22.5,24.1,397.7,EXACT_NORMALIZED_SOURCE_KEY,BASELINE_ACCEPTED,True,1,22.5,24.1,397.7
BuP1,Buffer,Upland,Cleistoformis patens,1,buffer,upland,cleistoformis patens,buffer||upland||cleistoformis patens,MASTER_SPECIES,Cleistoformis patens,OMO_STR_0140,Cleistoformis patens,Cleistoformis patent,Cleistoformis patens,17.76,40.4,247.8,VALIDATED_CANONICAL_RESCUE,BASELINE_ACCEPTED,True,1,17.76,40.4,247.8
BuP5,Buffer,Upland,Cleistoformis patens,1,buffer,upland,cleistoformis patens,buffer||upland||cleistoformis patens,MASTER_SPECIES,Cleistoformis patens,OMO_STR_0140,Cleistoformis patens,Cleistoformis patent,Cleistoformis patens,17.76,40.4,247.8,VALIDATED_CANONICAL_RESCUE,BASELINE_ACCEPTED,True,1,17.76,40.4,247.8
BuP8,Buffer,Upland,Cleistoformis patens,1,buffer,upland,cleistoformis patens,buffer||upland||cleistoformis patens,MASTER_SPECIES,Cleistoformis patens,OMO_STR_0140,Cleistoformis patens,Cleistoformis patent,Cleistoformis patens,17.76,40.4,247.8,VALIDATED_CANONICAL_RESCUE,BASELINE_ACCEPTED,True,1,17.76,40.4,247.8
BuP9,Buffer,Upland,Cleistoformis patens,1,buffer,upland,cleistoformis patens,buffer||upland||cleistoformis patens,MASTER_SPECIES,Cleistoformis patens,OMO_STR_0140,Cleistoformis patens,Cleistoformis patent,Cleistoformis patens,17.76,40.4,247.8,VALIDATED_CANONICAL_RESCUE,BASELINE_ACCEPTED,True,1,17.76,40.4,247.8
TsP1,Transition,Stream,Cleistoformis patens,4,transition,stream,cleistoformis patens,transition||stream||cleistoformis patens,MASTER_SPECIES,Cleistoformis patens,OMO_STR_0196,Cleistoformis patens,Cleistoformis patens,Cleistoformis patens,23.1,24.1,419.2,EXACT_NORMALIZED_SOURCE_KEY,BASELINE_ACCEPTED,True,4,92.4,96.4,1676.8
TsP2,Transition,Stream,Cleistoformis patens,2,transition,stream,cleistoformis patens,transition||stream||cleistoformis patens,MASTER_SPECIES,Cleistoformis patens,OMO_STR_0196,Cleistoformis patens,Cleistoformis patens,Cleistoformis patens,23.1,24.1,419.2,EXACT_NORMALIZED_SOURCE_KEY,BASELINE_ACCEPTED,True,2,46.2,48.2,838.4
TsP4,Transition,Stream,Cleistoformis patens,7,transition,stream,cleistoformis patens,transition||stream||cleistoformis patens,MASTER_SPECIES,Cleistoformis patens,OMO_STR_0196,Cleistoformis patens,Cleistoformis patens,Cleistoformis patens,23.1,24.1,419.2,EXACT_NORMALIZED_SOURCE_KEY,BASELINE_ACCEPTED,True,7,161.70000000000002,168.70000000000002,2934.4
TsP5,Transition,Stream,Cleistoformis patens,11,transition,stream,cleistoformis patens,transition||stream||cleistoformis patens,MASTER_SPECIES,Cleistoformis patens,OMO_STR_0196,Cleistoformis patens,Cleistoformis patens,Cleistoformis patens,23.1,24.1,419.2,EXACT_NORMALIZED_SOURCE_KEY,BASELINE_ACCEPTED,True,11,254.10000000000002,265.1,4611.2
TsP6,Transition,Stream,Cleistoformis patens,4,transition,stream,cleistoformis patens,transition||stream||cleistoformis patens,MASTER_SPECIES,Cleistoformis patens,OMO_STR_0196,Cleistoformis patens,Cleistoformis patens,Cleistoformis patens,23.1,24.1,419.2,EXACT_NORMALIZED_SOURCE_KEY,BASELINE_ACCEPTED,True,4,92.4,96.4,1676.8
TsP7,Transition,Stream,Cleistoformis patens,5,transition,stream,cleistoformis patens,transition||stream||cleistoformis patens,MASTER_SPECIES,Cleistoformis patens,OMO_STR_0196,Cleistoformis patens,Cleistoformis patens,Cleistoformis patens,23.1,24.1,419.2,EXACT_NORMALIZED_SOURCE_KEY,BASELINE_ACCEPTED,True,5,115.5,120.5,2096.0
TsP8,Transition,Stream,Cleistoformis patens,9,transition,stream,cleistoformis patens,transition||stream||cleistoformis patens,MASTER_SPECIES,Cleistoformis patens,OMO_STR_0196,Cleistoformis patens,Cleistoformis patens,Cleistoformis patens,23.1,24.1,419.2,EXACT_NORMALIZED_SOURCE_KEY,BASELINE_ACCEPTED,True,9,207.9,216.9,3772.7999999999997
TsP9,Transition,Stream,Cleistoformis patens,4,transition,stream,cleistoformis patens,transition||stream||cleistoformis patens,MASTER_SPECIES,Cleistoformis patens,OMO_STR_0196,Cleistoformis patens,Cleistoformis patens,Cleistoformis patens,23.1,24.1,419.2,EXACT_NORMALIZED_SOURCE_KEY,BASELINE_ACCEPTED,True,4,92.4,96.4,1676.8
TsP10,Transition,Stream,Cleistoformis patens,3,transition,stream,cleistoformis patens,transition||stream||cleistoformis patens,MASTER_SPECIES,Cleistoformis patens,OMO_STR_0196,Cleistoformis patens,Cleistoformis patens,Cleistoformis patens,23.1,24.1,419.2,EXACT_NORMALIZED_SOURCE_KEY,BASELINE_ACCEPTED,True,3,69.30000000000001,72.30000000000001,1257.6
BuP2,Buffer,Upland,Dialium guineense,1,buffer,upland,dialium guineense,buffer||upland||dialium guineense,MASTER_SPECIES,Dialium guineense,OMO_STR_0141,Dialium guineense,Diallium guineense,Diallium guineense,47.4,44.7,1765.0,ACCEPTED_STRONG_ORTHOGRAPHIC_AND_ABUNDANCE_EVIDENCE,ORTHOGRAPHIC_AND_ABUNDANCE_SUPPORTED,True,1,47.4,44.7,1765.0
BuP3,Buffer,Upland,Dialium guineense,1,buffer,upland,dialium guineense,buffer||upland||dialium guineense,MASTER_SPECIES,Dialium guineense,OMO_STR_0141,Dialium guineense,Diallium guineense,Diallium guineense,47.4,44.7,1765.0,ACCEPTED_STRONG_ORTHOGRAPHIC_AND_ABUNDANCE_EVIDENCE,ORTHOGRAPHIC_AND_ABUNDANCE_SUPPORTED,True,1,47.4,44.7,1765.0
BuP6,Buffer,Upland,Dialium guineense,1,buffer,upland,dialium guineense,buffer||upland||dialium guineense,MASTER_SPECIES,Dialium guineense,OMO_STR_0141,Dialium guineense,Diallium guineense,Diallium guineense,47.4,44.7,1765.0,ACCEPTED_STRONG_ORTHOGRAPHIC_AND_ABUNDANCE_EVIDENCE,ORTHOGRAPHIC_AND_ABUNDANCE_SUPPORTED,True,1,47.4,44.7,1765.0
BuP7,Buffer,Upland,Dialium guineense,1,buffer,upland,dialium guineense,buffer||upland||dialium guineense,MASTER_SPECIES,Dialium guineense,OMO_STR_0141,Dialium guineense,Diallium guineense,Diallium guineense,47.4,44.7,1765.0,ACCEPTED_STRONG_ORTHOGRAPHIC_AND_ABUNDANCE_EVIDENCE,ORTHOGRAPHIC_AND_ABUNDANCE_SUPPORTED,True,1,47.4,44.7,1765.0
BuP8,Buffer,Upland,Dialium guineense,2,buffer,upland,dialium guineense,buffer||upland||dialium guineense,MASTER_SPECIES,Dialium guineense,OMO_STR_0141,Dialium guineense,Diallium guineense,Diallium guineense,47.4,44.7,1765.0,ACCEPTED_STRONG_ORTHOGRAPHIC_AND_ABUNDANCE_EVIDENCE,ORTHOGRAPHIC_AND_ABUNDANCE_SUPPORTED,True,2,94.8,89.4,3530.0
BuP10,Buffer,Upland,Dialium guineense,1,buffer,upland,dialium guineense,buffer||upland||dialium guineense,MASTER_SPECIES,Dialium guineense,OMO_STR_0141,Dialium guineense,Diallium guineense,Diallium guineense,47.4,44.7,1765.0,ACCEPTED_STRONG_ORTHOGRAPHIC_AND_ABUNDANCE_EVIDENCE,ORTHOGRAPHIC_AND_ABUNDANCE_SUPPORTED,True,1,47.4,44.7,1765.0
BuP4,Buffer,Upland,Diospyros soubreana,1,buffer,upland,diospyros soubreana,buffer||upland||diospyros soubreana,MASTER_SPECIES,Diospyros soubreana,OMO_STR_0143,Diospyros soubreana,Diospyros soubreana,Diospyros soubreana,30.8,32.1,745.3,EXACT_NORMALIZED_SOURCE_KEY,BASELINE_ACCEPTED,True,1,30.8,32.1,745.3
BuP6,Buffer,Upland,Diospyros soubreana,3,buffer,upland,diospyros soubreana,buffer||upland||diospyros soubreana,MASTER_SPECIES,Diospyros soubreana,OMO_STR_0143,Diospyros soubreana,Diospyros soubreana,Diospyros soubreana,30.8,32.1,745.3,EXACT_NORMALIZED_SOURCE_KEY,BASELINE_ACCEPTED,True,3,92.4,96.30000000000001,2235.8999999999996
BuP9,Buffer,Upland,Diospyros soubreana,2,buffer,upland,diospyros soubreana,buffer||upland||diospyros soubreana,MASTER_SPECIES,Diospyros soubreana,OMO_STR_0143,Diospyros soubreana,Diospyros soubreana,Diospyros soubreana,30.8,32.1,745.3,EXACT_NORMALIZED_SOURCE_KEY,BASELINE_ACCEPTED,True,2,61.6,64.2,1490.6
BuP1,Buffer,Upland,Diospyros undebunda,1,buffer,upland,diospyros undebunda,buffer||upland||diospyros undebunda,MASTER_SPECIES,Diospyros undebunda,OMO_STR_0144,Diospyros undebunda,Diospyros undebunda,Diospyros undebunda,13.3,15.9,138.9,EXACT_NORMALIZED_SOURCE_KEY,BASELINE_ACCEPTED,True,1,13.3,15.9,138.9
BuP8,Buffer,Upland,Diospyros undebunda,1,buffer,upland,diospyros undebunda,buffer||upland||diospyros undebunda,MASTER_SPECIES,Diospyros undebunda,OMO_STR_0144,Diospyros undebunda,Diospyros undebunda,Diospyros undebunda,13.3,15.9,138.9,EXACT_NORMALIZED_SOURCE_KEY,BASELINE_ACCEPTED,True,1,13.3,15.9,138.9
BuP5,Buffer,Upland,Milicia excelsa,1,buffer,upland,milicia excelsa,buffer||upland||milicia excelsa,MASTER_SPECIES,Milicia excelsa,OMO_STR_0150,Milicia excelsa,Milicia excelsa,Milicia excelsa,13.7,14.8,147.4,EXACT_NORMALIZED_SOURCE_KEY,BASELINE_ACCEPTED,True,1,13.7,14.8,147.4
BuP6,Buffer,Upland,Milicia excelsa,1,buffer,upland,milicia excelsa,buffer||upland||milicia excelsa,MASTER_SPECIES,Milicia excelsa,OMO_STR_0150,Milicia excelsa,Milicia excelsa,Milicia excelsa,13.7,14.8,147.4,EXACT_NORMALIZED_SOURCE_KEY,BASELINE_ACCEPTED,True,1,13.7,14.8,147.4
BuP1,Buffer,Upland,Musanga cecropoidies,1,buffer,upland,musanga cecropoidies,buffer||upland||musanga cecropoidies,MASTER_SPECIES,Musanga cecropoidies,OMO_STR_0151,Musanga cecropoidies,Musanga cecropioides,Musanga cecropioides,30.1,31.4,711.8,ACCEPTED_STRONG_ORTHOGRAPHIC_AND_ABUNDANCE_EVIDENCE,ORTHOGRAPHIC_AND_ABUNDANCE_SUPPORTED,True,1,30.1,31.4,711.8
BuP4,Buffer,Upland,Musanga cecropoidies,1,buffer,upland,musanga cecropoidies,buffer||upland||musanga cecropoidies,MASTER_SPECIES,Musanga cecropoidies,OMO_STR_0151,Musanga cecropoidies,Musanga cecropioides,Musanga cecropioides,30.1,31.4,711.8,ACCEPTED_STRONG_ORTHOGRAPHIC_AND_ABUNDANCE_EVIDENCE,ORTHOGRAPHIC_AND_ABUNDANCE_SUPPORTED,True,1,30.1,31.4,711.8
BuP6,Buffer,Upland,Musanga cecropoidies,1,buffer,upland,musanga cecropoidies,buffer||upland||musanga cecropoidies,MASTER_SPECIES,Musanga cecropoidies,OMO_STR_0151,Musanga cecropoidies,Musanga cecropioides,Musanga cecropioides,30.1,31.4,711.8,ACCEPTED_STRONG_ORTHOGRAPHIC_AND_ABUNDANCE_EVIDENCE,ORTHOGRAPHIC_AND_ABUNDANCE_SUPPORTED,True,1,30.1,31.4,711.8
BuP7,Buffer,Upland,Musanga cecropoidies,1,buffer,upland,musanga cecropoidies,buffer||upland||musanga cecropoidies,MASTER_SPECIES,Musanga cecropoidies,OMO_STR_0151,Musanga cecropoidies,Musanga cecropioides,Musanga cecropioides,30.1,31.4,711.8,ACCEPTED_STRONG_ORTHOGRAPHIC_AND_ABUNDANCE_EVIDENCE,ORTHOGRAPHIC_AND_ABUNDANCE_SUPPORTED,True,1,30.1,31.4,711.8
BuP10,Buffer,Upland,Musanga cecropoidies,1,buffer,upland,musanga cecropoidies,buffer||upland||musanga cecropoidies,MASTER_SPECIES,Musanga cecropoidies,OMO_STR_0151,Musanga cecropoidies,Musanga cecropioides,Musanga cecropioides,30.1,31.4,711.8,ACCEPTED_STRONG_ORTHOGRAPHIC_AND_ABUNDANCE_EVIDENCE,ORTHOGRAPHIC_AND_ABUNDANCE_SUPPORTED,True,1,30.1,31.4,711.8
BuP1,Buffer,Upland,Myrianthus arboreus,1,buffer,upland,myrianthus arboreus,buffer||upland||myrianthus arboreus,MASTER_SPECIES,Myrianthus arboreus,OMO_STR_0152,Myrianthus arboreus,Myrianthus arboreus,Myrianthus arboreus,49.0,50.0,1886.0,EXACT_NORMALIZED_SOURCE_KEY,BASELINE_ACCEPTED,True,1,49.0,50.0,1886.0
BuP2,Buffer,Upland,Piptadeniastrum africanum,1,buffer,upland,piptadeniastrum africanum,buffer||upland||piptadeniastrum africanum,MASTER_SPECIES,Piptadeniastrum africanum,OMO_STR_0154,Piptadeniastrum africanum,Piptadeniastrum africanum,Piptadeniastrum africanum,38.8,39.7,1182.0,EXACT_NORMALIZED_SOURCE_KEY,BASELINE_ACCEPTED,True,1,38.8,39.7,1182.0
BuP7,Buffer,Upland,Piptadeniastrum africanum,1,buffer,upland,piptadeniastrum africanum,buffer||upland||piptadeniastrum africanum,MASTER_SPECIES,Piptadeniastrum africanum,OMO_STR_0154,Piptadeniastrum africanum,Piptadeniastrum africanum,Piptadeniastrum africanum,38.8,39.7,1182.0,EXACT_NORMALIZED_SOURCE_KEY,BASELINE_ACCEPTED,True,1,38.8,39.7,1182.0
BuP10,Buffer,Upland,Piptadeniastrum africanum,1,buffer,upland,piptadeniastrum africanum,buffer||upland||piptadeniastrum africanum,MASTER_SPECIES,Piptadeniastrum africanum,OMO_STR_0154,Piptadeniastrum africanum,Piptadeniastrum africanum,Piptadeniastrum africanum,38.8,39.7,1182.0,EXACT_NORMALIZED_SOURCE_KEY,BASELINE_ACCEPTED,True,1,38.8,39.7,1182.0
BuP5,Buffer,Upland,Ricinidendron heudeloti,1,buffer,upland,ricinidendron heudeloti,buffer||upland||ricinidendron heudeloti,MASTER_SPECIES,Ricinidendron heudeloti,OMO_STR_0155,Ricinidendron heudeloti,Ricinidendron heudelotii,,33.8,33.5,897.6,ACCEPTED_STRONG_ORTHOGRAPHIC_AND_ABUNDANCE_EVIDENCE,ORTHOGRAPHIC_AND_ABUNDANCE_SUPPORTED,True,1,33.8,33.5,897.6
BuP9,Buffer,Upland,Ricinidendron heudeloti,1,buffer,upland,ricinidendron heudeloti,buffer||upland||ricinidendron heudeloti,MASTER_SPECIES,Ricinidendron heudeloti,OMO_STR_0155,Ricinidendron heudeloti,Ricinidendron heudelotii,,33.8,33.5,897.6,ACCEPTED_STRONG_ORTHOGRAPHIC_AND_ABUNDANCE_EVIDENCE,ORTHOGRAPHIC_AND_ABUNDANCE_SUPPORTED,True,1,33.8,33.5,897.6
BuP10,Buffer,Upland,Ricinidendron heudeloti,1,buffer,upland,ricinidendron heudeloti,buffer||upland||ricinidendron heudeloti,MASTER_SPECIES,Ricinidendron heudeloti,OMO_STR_0155,Ricinidendron heudeloti,Ricinidendron heudelotii,,33.8,33.5,897.6,ACCEPTED_STRONG_ORTHOGRAPHIC_AND_ABUNDANCE_EVIDENCE,ORTHOGRAPHIC_AND_ABUNDANCE_SUPPORTED,True,1,33.8,33.5,897.6
BuP8,Buffer,Upland,Scotellia coriacea,1,buffer,upland,scotellia coriacea,buffer||upland||scotellia coriacea,MASTER_SPECIES,Scotellia coriacea,OMO_STR_0156,Scotellia coriacea,Scotellia coriacea,Scotellia coriacea,29.1,30.1,665.3,EXACT_NORMALIZED_SOURCE_KEY,BASELINE_ACCEPTED,True,1,29.1,30.1,665.3
BuP9,Buffer,Upland,Scotellia coriacea,2,buffer,upland,scotellia coriacea,buffer||upland||scotellia coriacea,MASTER_SPECIES,Scotellia coriacea,OMO_STR_0156,Scotellia coriacea,Scotellia coriacea,Scotellia coriacea,29.1,30.1,665.3,EXACT_NORMALIZED_SOURCE_KEY,BASELINE_ACCEPTED,True,2,58.2,60.2,1330.6
BuP1,Buffer,Upland,Strombosia putulata,1,buffer,upland,strombosia putulata,buffer||upland||strombosia putulata,MASTER_SPECIES,Strombosia putulata,OMO_STR_0158,Strombosia putulata,Strombosia putulata,Strombosia putulata,27.4,30.6,589.8,EXACT_NORMALIZED_SOURCE_KEY,BASELINE_ACCEPTED,True,1,27.4,30.6,589.8
BuP2,Buffer,Upland,Strombosia putulata,1,buffer,upland,strombosia putulata,buffer||upland||strombosia putulata,MASTER_SPECIES,Strombosia putulata,OMO_STR_0158,Strombosia putulata,Strombosia putulata,Strombosia putulata,27.4,30.6,589.8,EXACT_NORMALIZED_SOURCE_KEY,BASELINE_ACCEPTED,True,1,27.4,30.6,589.8
BuP3,Buffer,Upland,Strombosia putulata,2,buffer,upland,strombosia putulata,buffer||upland||strombosia putulata,MASTER_SPECIES,Strombosia putulata,OMO_STR_0158,Strombosia putulata,Strombosia putulata,Strombosia putulata,27.4,30.6,589.8,EXACT_NORMALIZED_SOURCE_KEY,BASELINE_ACCEPTED,True,2,54.8,61.2,1179.6
BuP4,Buffer,Upland,Strombosia putulata,5,buffer,upland,strombosia putulata,buffer||upland||strombosia putulata,MASTER_SPECIES,Strombosia putulata,OMO_STR_0158,Strombosia putulata,Strombosia putulata,Strombosia putulata,27.4,30.6,589.8,EXACT_NORMALIZED_SOURCE_KEY,BASELINE_ACCEPTED,True,5,137.0,153.0,2949.0
BuP6,Buffer,Upland,Strombosia putulata,1,buffer,upland,strombosia putulata,buffer||upland||strombosia putulata,MASTER_SPECIES,Strombosia putulata,OMO_STR_0158,Strombosia putulata,Strombosia putulata,Strombosia putulata,27.4,30.6,589.8,EXACT_NORMALIZED_SOURCE_KEY,BASELINE_ACCEPTED,True,1,27.4,30.6,589.8
BuP7,Buffer,Upland,Strombosia putulata,2,buffer,upland,strombosia putulata,buffer||upland||strombosia putulata,MASTER_SPECIES,Strombosia putulata,OMO_STR_0158,Strombosia putulata,Strombosia putulata,Strombosia putulata,27.4,30.6,589.8,EXACT_NORMALIZED_SOURCE_KEY,BASELINE_ACCEPTED,True,2,54.8,61.2,1179.6
BuP8,Buffer,Upland,Strombosia putulata,3,buffer,upland,strombosia putulata,buffer||upland||strombosia putulata,MASTER_SPECIES,Strombosia putulata,OMO_STR_0158,Strombosia putulata,Strombosia putulata,Strombosia putulata,27.4,30.6,589.8,EXACT_NORMALIZED_SOURCE_KEY,BASELINE_ACCEPTED,True,3,82.19999999999999,91.80000000000001,1769.3999999999999
BuP9,Buffer,Upland,Strombosia putulata,2,buffer,upland,strombosia putulata,buffer||upland||strombosia putulata,MASTER_SPECIES,Strombosia putulata,OMO_STR_0158,Strombosia putulata,Strombosia putulata,Strombosia putulata,27.4,30.6,589.8,EXACT_NORMALIZED_SOURCE_KEY,BASELINE_ACCEPTED,True,2,54.8,61.2,1179.6
BuP10,Buffer,Upland,Strombosia putulata,1,buffer,upland,strombosia putulata,buffer||upland||strombosia putulata,MASTER_SPECIES,Strombosia putulata,OMO_STR_0158,Strombosia putulata,Strombosia putulata,Strombosia putulata,27.4,30.6,589.8,EXACT_NORMALIZED_SOURCE_KEY,BASELINE_ACCEPTED,True,1,27.4,30.6,589.8
BuP3,Buffer,Upland,Zanthoxylum zanthoxyloides,1,buffer,upland,zanthoxylum zanthoxyloides,buffer||upland||zanthoxylum zanthoxyloides,MASTER_SPECIES,Zanthoxylum zanthoxyloides,OMO_STR_0161,Zanthoxylum zanthoxyloides,Zanthoxylum zanthoxyloides,Zanthoxylum zanthoxyloides,18.2,19.7,260.2,EXACT_NORMALIZED_SOURCE_KEY,BASELINE_ACCEPTED,True,1,18.2,19.7,260.2
BuP7,Buffer,Upland,Zanthoxylum zanthoxyloides,1,buffer,upland,zanthoxylum zanthoxyloides,buffer||upland||zanthoxylum zanthoxyloides,MASTER_SPECIES,Zanthoxylum zanthoxyloides,OMO_STR_0161,Zanthoxylum zanthoxyloides,Zanthoxylum zanthoxyloides,Zanthoxylum zanthoxyloides,18.2,19.7,260.2,EXACT_NORMALIZED_SOURCE_KEY,BASELINE_ACCEPTED,True,1,18.2,19.7,260.2
TmP4,Transition,Major River,Albizia ferruginea,5,transition,major river,albizia ferruginea,transition||major river||albizia ferruginea,MASTER_SPECIES,Albizia ferruginea,OMO_STR_0162,Albizia ferruginea,Albizia ferruginea,Albizia ferruginea,21.1,20.9,349.8,EXACT_NORMALIZED_SOURCE_KEY,BASELINE_ACCEPTED,True,5,105.5,104.5,1749.0
TmP5,Transition,Major River,Albizia ferruginea,1,transition,major river,albizia ferruginea,transition||major river||albizia ferruginea,MASTER_SPECIES,Albizia ferruginea,OMO_STR_0162,Albizia ferruginea,Albizia ferruginea,Albizia ferruginea,21.1,20.9,349.8,EXACT_NORMALIZED_SOURCE_KEY,BASELINE_ACCEPTED,True,1,21.1,20.9,349.8
TmP6,Transition,Major River,Albizia ferruginea,1,transition,major river,albizia ferruginea,transition||major river||albizia ferruginea,MASTER_SPECIES,Albizia ferruginea,OMO_STR_0162,Albizia ferruginea,Albizia ferruginea,Albizia ferruginea,21.1,20.9,349.8,EXACT_NORMALIZED_SOURCE_KEY,BASELINE_ACCEPTED,True,1,21.1,20.9,349.8
TmP8,Transition,Major River,Albizia ferruginea,3,transition,major river,albizia ferruginea,transition||major river||albizia ferruginea,MASTER_SPECIES,Albizia ferruginea,OMO_STR_0162,Albizia ferruginea,Albizia ferruginea,Albizia ferruginea,21.1,20.9,349.8,EXACT_NORMALIZED_SOURCE_KEY,BASELINE_ACCEPTED,True,3,63.300000000000004,62.699999999999996,1049.4
TmP9,Transition,Major River,Albizia ferruginea,2,transition,major river,albizia ferruginea,transition||major river||albizia ferruginea,MASTER_SPECIES,Albizia ferruginea,OMO_STR_0162,Albizia ferruginea,Albizia ferruginea,Albizia ferruginea,21.1,20.9,349.8,EXACT_NORMALIZED_SOURCE_KEY,BASELINE_ACCEPTED,True,2,42.2,41.8,699.6
TmP3,Transition,Major River,Aningeria robusta,1,transition,major river,aningeria robusta,transition||major river||aningeria robusta,MASTER_SPECIES,Aningeria robusta,OMO_STR_0163,Aningeria robusta,Aningeria robusta,Aningeria robusta,13.5,13.9,143.2,EXACT_NORMALIZED_SOURCE_KEY,BASELINE_ACCEPTED,True,1,13.5,13.9,143.2
TmP6,Transition,Major River,Aningeria robusta,1,transition,major river,aningeria robusta,transition||major river||aningeria robusta,MASTER_SPECIES,Aningeria robusta,OMO_STR_0163,Aningeria robusta,Aningeria robusta,Aningeria robusta,13.5,13.9,143.2,EXACT_NORMALIZED_SOURCE_KEY,BASELINE_ACCEPTED,True,1,13.5,13.9,143.2
TmP4,Transition,Major River,Artocarpus communis,1,transition,major river,artocarpus communis,transition||major river||artocarpus communis,MASTER_SPECIES,Artocarpus communis,OMO_STR_0164,Artocarpus communis,Artocarpus communis,Artocarpus communis,28.45,30.8,635.9,EXACT_NORMALIZED_SOURCE_KEY,BASELINE_ACCEPTED,True,1,28.45,30.8,635.9
TmP6,Transition,Major River,Artocarpus communis,1,transition,major river,artocarpus communis,transition||major river||artocarpus communis,MASTER_SPECIES,Artocarpus communis,OMO_STR_0164,Artocarpus communis,Artocarpus communis,Artocarpus communis,28.45,30.8,635.9,EXACT_NORMALIZED_SOURCE_KEY,BASELINE_ACCEPTED,True,1,28.45,30.8,635.9
TmP7,Transition,Major River,Artocarpus communis,1,transition,major river,artocarpus communis,transition||major river||artocarpus communis,MASTER_SPECIES,Artocarpus communis,OMO_STR_0164,Artocarpus communis,Artocarpus communis,Artocarpus communis,28.45,30.8,635.9,EXACT_NORMALIZED_SOURCE_KEY,BASELINE_ACCEPTED,True,1,28.45,30.8,635.9
TmP10,Transition,Major River,Artocarpus communis,1,transition,major river,artocarpus communis,transition||major river||artocarpus communis,MASTER_SPECIES,Artocarpus communis,OMO_STR_0164,Artocarpus communis,Artocarpus communis,Artocarpus communis,28.45,30.8,635.9,EXACT_NORMALIZED_SOURCE_KEY,BASELINE_ACCEPTED,True,1,28.45,30.8,635.9
TuP5,Transition,Upland,Artocarpus communis,5,transition,upland,artocarpus communis,transition||upland||artocarpus communis,MASTER_SPECIES,Artocarpus communis,OMO_STR_0205,Artocarpus communis,Artocarpus communis,Artocarpus communis,22.0,22.6,380.2,EXACT_NORMALIZED_SOURCE_KEY,BASELINE_ACCEPTED,True,5,110.0,113.0,1901.0
TuP9,Transition,Upland,Artocarpus communis,2,transition,upland,artocarpus communis,transition||upland||artocarpus communis,MASTER_SPECIES,Artocarpus communis,OMO_STR_0205,Artocarpus communis,Artocarpus communis,Artocarpus communis,22.0,22.6,380.2,EXACT_NORMALIZED_SOURCE_KEY,BASELINE_ACCEPTED,True,2,44.0,45.2,760.4
TmP1,Transition,Major River,Bambusa vulgaris,1,transition,major river,bambusa vulgaris,transition||major river||bambusa vulgaris,MASTER_SPECIES,Bambusa vulgaris,OMO_STR_0165,Bambusa vulgaris,Bambusa vulgaris,Bambusa vulgaris,227.7,58.4,40737.0,EXACT_NORMALIZED_SOURCE_KEY,BASELINE_ACCEPTED,True,1,227.7,58.4,40737.0
TmP2,Transition,Major River,Bambusa vulgaris,1,transition,major river,bambusa vulgaris,transition||major river||bambusa vulgaris,MASTER_SPECIES,Bambusa vulgaris,OMO_STR_0165,Bambusa vulgaris,Bambusa vulgaris,Bambusa vulgaris,227.7,58.4,40737.0,EXACT_NORMALIZED_SOURCE_KEY,BASELINE_ACCEPTED,True,1,227.7,58.4,40737.0
TmP9,Transition,Major River,Bambusa vulgaris,2,transition,major river,bambusa vulgaris,transition||major river||bambusa vulgaris,MASTER_SPECIES,Bambusa vulgaris,OMO_STR_0165,Bambusa vulgaris,Bambusa vulgaris,Bambusa vulgaris,227.7,58.4,40737.0,EXACT_NORMALIZED_SOURCE_KEY,BASELINE_ACCEPTED,True,2,455.4,116.8,81474.0
TmP10,Transition,Major River,Bambusa vulgaris,1,transition,major river,bambusa vulgaris,transition||major river||bambusa vulgaris,MASTER_SPECIES,Bambusa vulgaris,OMO_STR_0165,Bambusa vulgaris,Bambusa vulgaris,Bambusa vulgaris,227.7,58.4,40737.0,EXACT_NORMALIZED_SOURCE_KEY,BASELINE_ACCEPTED,True,1,227.7,58.4,40737.0
TuP6,Transition,Upland,Bambusa vulgaris,1,transition,upland,bambusa vulgaris,transition||upland||bambusa vulgaris,MASTER_SPECIES,Bambusa vulgaris,OMO_STR_0206,Bambusa vulgaris,Bambusa vulgaris,Bambusa vulgaris,12.6,17.8,124.7,EXACT_NORMALIZED_SOURCE_KEY,BASELINE_ACCEPTED,True,1,12.6,17.8,124.7
TuP8,Transition,Upland,Bambusa vulgaris,1,transition,upland,bambusa vulgaris,transition||upland||bambusa vulgaris,MASTER_SPECIES,Bambusa vulgaris,OMO_STR_0206,Bambusa vulgaris,Bambusa vulgaris,Bambusa vulgaris,12.6,17.8,124.7,EXACT_NORMALIZED_SOURCE_KEY,BASELINE_ACCEPTED,True,1,12.6,17.8,124.7
TmP2,Transition,Major River,Chrysophylum albidum,1,transition,major river,chrysophylum albidum,transition||major river||chrysophylum albidum,MASTER_SPECIES,Chrysophylum albidum,OMO_STR_0167,Chrysophylum albidum,Chrysophylum albidum,Chrysophylum albidum,19.0,16.0,283.6,EXACT_NORMALIZED_SOURCE_KEY,BASELINE_ACCEPTED,True,1,19.0,16.0,283.6
TmP6,Transition,Major River,Chrysophylum albidum,1,transition,major river,chrysophylum albidum,transition||major river||chrysophylum albidum,MASTER_SPECIES,Chrysophylum albidum,OMO_STR_0167,Chrysophylum albidum,Chrysophylum albidum,Chrysophylum albidum,19.0,16.0,283.6,EXACT_NORMALIZED_SOURCE_KEY,BASELINE_ACCEPTED,True,1,19.0,16.0,283.6
TmP9,Transition,Major River,Chrysophylum albidum,1,transition,major river,chrysophylum albidum,transition||major river||chrysophylum albidum,MASTER_SPECIES,Chrysophylum albidum,OMO_STR_0167,Chrysophylum albidum,Chrysophylum albidum,Chrysophylum albidum,19.0,16.0,283.6,EXACT_NORMALIZED_SOURCE_KEY,BASELINE_ACCEPTED,True,1,19.0,16.0,283.6
TmP5,Transition,Major River,Cola nitida,1,transition,major river,cola nitida,transition||major river||cola nitida,MASTER_SPECIES,Cola nitida,OMO_STR_0169,Cola nitida,Cola nitida,Cola nitida,21.4,20.8,359.8,EXACT_NORMALIZED_SOURCE_KEY,BASELINE_ACCEPTED,True,1,21.4,20.8,359.8
TmP7,Transition,Major River,Cola nitida,1,transition,major river,cola nitida,transition||major river||cola nitida,MASTER_SPECIES,Cola nitida,OMO_STR_0169,Cola nitida,Cola nitida,Cola nitida,21.4,20.8,359.8,EXACT_NORMALIZED_SOURCE_KEY,BASELINE_ACCEPTED,True,1,21.4,20.8,359.8
TmP8,Transition,Major River,Cola nitida,1,transition,major river,cola nitida,transition||major river||cola nitida,MASTER_SPECIES,Cola nitida,OMO_STR_0169,Cola nitida,Cola nitida,Cola nitida,21.4,20.8,359.8,EXACT_NORMALIZED_SOURCE_KEY,BASELINE_ACCEPTED,True,1,21.4,20.8,359.8
TmP10,Transition,Major River,Cola nitida,2,transition,major river,cola nitida,transition||major river||cola nitida,MASTER_SPECIES,Cola nitida,OMO_STR_0169,Cola nitida,Cola nitida,Cola nitida,21.4,20.8,359.8,EXACT_NORMALIZED_SOURCE_KEY,BASELINE_ACCEPTED,True,2,42.8,41.6,719.6
TuP5,Transition,Upland,Cola nitida,3,transition,upland,cola nitida,transition||upland||cola nitida,MASTER_SPECIES,Cola nitida,OMO_STR_0212,Cola nitida,Cola nitida,Cola nitida,16.9,17.9,224.4,EXACT_NORMALIZED_SOURCE_KEY,BASELINE_ACCEPTED,True,3,50.699999999999996,53.699999999999996,673.2
TuP7,Transition,Upland,Cola nitida,1,transition,upland,cola nitida,transition||upland||cola nitida,MASTER_SPECIES,Cola nitida,OMO_STR_0212,Cola nitida,Cola nitida,Cola nitida,16.9,17.9,224.4,EXACT_NORMALIZED_SOURCE_KEY,BASELINE_ACCEPTED,True,1,16.9,17.9,224.4
TuP10,Transition,Upland,Cola nitida,1,transition,upland,cola nitida,transition||upland||cola nitida,MASTER_SPECIES,Cola nitida,OMO_STR_0212,Cola nitida,Cola nitida,Cola nitida,16.9,17.9,224.4,EXACT_NORMALIZED_SOURCE_KEY,BASELINE_ACCEPTED,True,1,16.9,17.9,224.4
TmP3,Transition,Major River,Corynante pachycercus,5,transition,major river,corynante pachycercus,transition||major river||corynante pachycercus,MASTER_SPECIES,Corynante pachycercus,OMO_STR_0170,Corynante pachycercus,Corynante pachycercus,Corynante pachycercus,35.6,34.6,995.7,EXACT_NORMALIZED_SOURCE_KEY,BASELINE_ACCEPTED,True,5,178.0,173.0,4978.5
TmP6,Transition,Major River,Corynante pachycercus,3,transition,major river,corynante pachycercus,transition||major river||corynante pachycercus,MASTER_SPECIES,Corynante pachycercus,OMO_STR_0170,Corynante pachycercus,Corynante pachycercus,Corynante pachycercus,35.6,34.6,995.7,EXACT_NORMALIZED_SOURCE_KEY,BASELINE_ACCEPTED,True,3,106.80000000000001,103.80000000000001,2987.1000000000004
TmP10,Transition,Major River,Corynante pachycercus,1,transition,major river,corynante pachycercus,transition||major river||corynante pachycercus,MASTER_SPECIES,Corynante pachycercus,OMO_STR_0170,Corynante pachycercus,Corynante pachycercus,Corynante pachycercus,35.6,34.6,995.7,EXACT_NORMALIZED_SOURCE_KEY,BASELINE_ACCEPTED,True,1,35.6,34.6,995.7
TmP3,Transition,Major River,Diospyrous dendo,1,transition,major river,diospyrous dendo,transition||major river||diospyrous dendo,MASTER_SPECIES,Diospyrous dendo,OMO_STR_0171,Diospyrous dendo,Diospyrous dendo,Diospyrous dendo,15.5,15.3,188.7,EXACT_NORMALIZED_SOURCE_KEY,BASELINE_ACCEPTED,True,1,15.5,15.3,188.7
TmP10,Transition,Major River,Diospyrous dendo,2,transition,major river,diospyrous dendo,transition||major river||diospyrous dendo,MASTER_SPECIES,Diospyrous dendo,OMO_STR_0171,Diospyrous dendo,Diospyrous dendo,Diospyrous dendo,15.5,15.3,188.7,EXACT_NORMALIZED_SOURCE_KEY,BASELINE_ACCEPTED,True,2,31.0,30.6,377.4
TmP2,Transition,Major River,Elaeis guineensis,1,transition,major river,elaeis guineensis,transition||major river||elaeis guineensis,MASTER_SPECIES,Elaeis guineensis,OMO_STR_0172,Elaeis guineensis,Elaeis guineensis,Elaeis guineensis,46.1,36.1,1669.0,EXACT_NORMALIZED_SOURCE_KEY,BASELINE_ACCEPTED,True,1,46.1,36.1,1669.0
TmP7,Transition,Major River,Elaeis guineensis,1,transition,major river,elaeis guineensis,transition||major river||elaeis guineensis,MASTER_SPECIES,Elaeis guineensis,OMO_STR_0172,Elaeis guineensis,Elaeis guineensis,Elaeis guineensis,46.1,36.1,1669.0,EXACT_NORMALIZED_SOURCE_KEY,BASELINE_ACCEPTED,True,1,46.1,36.1,1669.0
TmP9,Transition,Major River,Elaeis guineensis,2,transition,major river,elaeis guineensis,transition||major river||elaeis guineensis,MASTER_SPECIES,Elaeis guineensis,OMO_STR_0172,Elaeis guineensis,Elaeis guineensis,Elaeis guineensis,46.1,36.1,1669.0,EXACT_NORMALIZED_SOURCE_KEY,BASELINE_ACCEPTED,True,2,92.2,72.2,3338.0
TmP6,Transition,Major River,Lonchocarpus cyanescens,1,transition,major river,lonchocarpus cyanescens,transition||major river||lonchocarpus cyanescens,MASTER_SPECIES,Lonchocarpus cyanescens,OMO_STR_0177,Lonchocarpus cyanescens,Lonchocarpus cyanescens,Lonchocarpus cyanescens,12.8,10.4,128.7,EXACT_NORMALIZED_SOURCE_KEY,BASELINE_ACCEPTED,True,1,12.8,10.4,128.7
TmP7,Transition,Major River,Lonchocarpus cyanescens,1,transition,major river,lonchocarpus cyanescens,transition||major river||lonchocarpus cyanescens,MASTER_SPECIES,Lonchocarpus cyanescens,OMO_STR_0177,Lonchocarpus cyanescens,Lonchocarpus cyanescens,Lonchocarpus cyanescens,12.8,10.4,128.7,EXACT_NORMALIZED_SOURCE_KEY,BASELINE_ACCEPTED,True,1,12.8,10.4,128.7
TmP9,Transition,Major River,Lonchocarpus cyanescens,1,transition,major river,lonchocarpus cyanescens,transition||major river||lonchocarpus cyanescens,MASTER_SPECIES,Lonchocarpus cyanescens,OMO_STR_0177,Lonchocarpus cyanescens,Lonchocarpus cyanescens,Lonchocarpus cyanescens,12.8,10.4,128.7,EXACT_NORMALIZED_SOURCE_KEY,BASELINE_ACCEPTED,True,1,12.8,10.4,128.7
TmP3,Transition,Major River,Mitragyna cilliata,5,transition,major river,mitragyna cilliata,transition||major river||mitragyna cilliata,MASTER_SPECIES,Mitragyna cilliata,OMO_STR_0179,Mitragyna cilliata,Mitragyna cilliata,Mitragyna cilliata,25.8,26.1,523.0,EXACT_NORMALIZED_SOURCE_KEY,BASELINE_ACCEPTED,True,5,129.0,130.5,2615.0
TmP8,Transition,Major River,Mitragyna cilliata,3,transition,major river,mitragyna cilliata,transition||major river||mitragyna cilliata,MASTER_SPECIES,Mitragyna cilliata,OMO_STR_0179,Mitragyna cilliata,Mitragyna cilliata,Mitragyna cilliata,25.8,26.1,523.0,EXACT_NORMALIZED_SOURCE_KEY,BASELINE_ACCEPTED,True,3,77.4,78.30000000000001,1569.0
TmP1,Transition,Major River,Pterocarpus santoxyloides,3,transition,major river,pterocarpus santoxyloides,transition||major river||pterocarpus santoxyloides,MASTER_SPECIES,Pterocarpus santoxyloides,OMO_STR_0181,Pterocarpus santoxyloides,Pterocarpus santpxyloides,Pterocarpus santoxyloides,21.7,20.6,369.9,LINK_TAXONOMICALLY_SECURE_WITH_ABUNDANCE_DISCREPANCY,TAXONOMICALLY_SECURE_ABUNDANCE_DISCREPANCY,True,3,65.1,61.800000000000004,1109.6999999999998
TmP2,Transition,Major River,Pterocarpus santoxyloides,2,transition,major river,pterocarpus santoxyloides,transition||major river||pterocarpus santoxyloides,MASTER_SPECIES,Pterocarpus santoxyloides,OMO_STR_0181,Pterocarpus santoxyloides,Pterocarpus santpxyloides,Pterocarpus santoxyloides,21.7,20.6,369.9,LINK_TAXONOMICALLY_SECURE_WITH_ABUNDANCE_DISCREPANCY,TAXONOMICALLY_SECURE_ABUNDANCE_DISCREPANCY,True,2,43.4,41.2,739.8
TmP5,Transition,Major River,Pterocarpus santoxyloides,4,transition,major river,pterocarpus santoxyloides,transition||major river||pterocarpus santoxyloides,MASTER_SPECIES,Pterocarpus santoxyloides,OMO_STR_0181,Pterocarpus santoxyloides,Pterocarpus santpxyloides,Pterocarpus santoxyloides,21.7,20.6,369.9,LINK_TAXONOMICALLY_SECURE_WITH_ABUNDANCE_DISCREPANCY,TAXONOMICALLY_SECURE_ABUNDANCE_DISCREPANCY,True,4,86.8,82.4,1479.6
TmP1,Transition,Major River,Tetrapleura tetraptera,1,transition,major river,tetrapleura tetraptera,transition||major river||tetrapleura tetraptera,MASTER_SPECIES,Tetrapleura tetraptera,OMO_STR_0188,Tetrapleura tetraptera,Tetrapleura tetraptera,Tetrapleura tetraptera,36.9,35.6,1069.0,EXACT_NORMALIZED_SOURCE_KEY,BASELINE_ACCEPTED,True,1,36.9,35.6,1069.0
TmP6,Transition,Major River,Tetrapleura tetraptera,1,transition,major river,tetrapleura tetraptera,transition||major river||tetrapleura tetraptera,MASTER_SPECIES,Tetrapleura tetraptera,OMO_STR_0188,Tetrapleura tetraptera,Tetrapleura tetraptera,Tetrapleura tetraptera,36.9,35.6,1069.0,EXACT_NORMALIZED_SOURCE_KEY,BASELINE_ACCEPTED,True,1,36.9,35.6,1069.0
TmP2,Transition,Major River,Uapaca heudeloti,1,transition,major river,uapaca heudeloti,transition||major river||uapaca heudeloti,MASTER_SPECIES,Uapaca heudeloti,OMO_STR_0190,Uapaca heudeloti,Uapaca heudelotii,Uapaca heudelotii,53.5,58.4,2248.0,ACCEPTED_STRONG_ORTHOGRAPHIC_AND_ABUNDANCE_EVIDENCE,ORTHOGRAPHIC_AND_ABUNDANCE_SUPPORTED,True,1,53.5,58.4,2248.0
TmP6,Transition,Major River,Uapaca heudeloti,1,transition,major river,uapaca heudeloti,transition||major river||uapaca heudeloti,MASTER_SPECIES,Uapaca heudeloti,OMO_STR_0190,Uapaca heudeloti,Uapaca heudelotii,Uapaca heudelotii,53.5,58.4,2248.0,ACCEPTED_STRONG_ORTHOGRAPHIC_AND_ABUNDANCE_EVIDENCE,ORTHOGRAPHIC_AND_ABUNDANCE_SUPPORTED,True,1,53.5,58.4,2248.0
TuP6,Transition,Upland,Uapaca heudeloti,1,transition,upland,uapaca heudeloti,transition||upland||uapaca heudeloti,MASTER_SPECIES,Uapaca heudeloti,OMO_STR_0222,Uapaca heudeloti,Uapaca heudeloti,Uapaca heudeloti,17.0,23.0,227.0,EXACT_NORMALIZED_SOURCE_KEY,BASELINE_ACCEPTED,True,1,17.0,23.0,227.0
TsP1,Transition,Stream,Elaeis guinensis,2,transition,stream,elaeis guinensis,transition||stream||elaeis guinensis,,,,,,,,,,,,False,0,,,
TsP2,Transition,Stream,Elaeis guinensis,4,transition,stream,elaeis guinensis,transition||stream||elaeis guinensis,,,,,,,,,,,,False,0,,,
TsP6,Transition,Stream,Elaeis guinensis,4,transition,stream,elaeis guinensis,transition||stream||elaeis guinensis,,,,,,,,,,,,False,0,,,
TsP9,Transition,Stream,Elaeis guinensis,4,transition,stream,elaeis guinensis,transition||stream||elaeis guinensis,,,,,,,,,,,,False,0,,,
TsP1,Transition,Stream,Ficus mucosa,6,transition,stream,ficus mucosa,transition||stream||ficus mucosa,MASTER_SPECIES,Ficus mucosa,OMO_STR_0198,Ficus mucosa,Ficus mucosa,Ficus mucosa,31.7,33.5,789.5,EXACT_NORMALIZED_SOURCE_KEY,BASELINE_ACCEPTED,True,6,190.2,201.0,4737.0
TsP2,Transition,Stream,Ficus mucosa,3,transition,stream,ficus mucosa,transition||stream||ficus mucosa,MASTER_SPECIES,Ficus mucosa,OMO_STR_0198,Ficus mucosa,Ficus mucosa,Ficus mucosa,31.7,33.5,789.5,EXACT_NORMALIZED_SOURCE_KEY,BASELINE_ACCEPTED,True,3,95.1,100.5,2368.5
TsP3,Transition,Stream,Ficus mucosa,1,transition,stream,ficus mucosa,transition||stream||ficus mucosa,MASTER_SPECIES,Ficus mucosa,OMO_STR_0198,Ficus mucosa,Ficus mucosa,Ficus mucosa,31.7,33.5,789.5,EXACT_NORMALIZED_SOURCE_KEY,BASELINE_ACCEPTED,True,1,31.7,33.5,789.5
TsP6,Transition,Stream,Ficus mucosa,5,transition,stream,ficus mucosa,transition||stream||ficus mucosa,MASTER_SPECIES,Ficus mucosa,OMO_STR_0198,Ficus mucosa,Ficus mucosa,Ficus mucosa,31.7,33.5,789.5,EXACT_NORMALIZED_SOURCE_KEY,BASELINE_ACCEPTED,True,5,158.5,167.5,3947.5
TsP9,Transition,Stream,Ficus mucosa,8,transition,stream,ficus mucosa,transition||stream||ficus mucosa,MASTER_SPECIES,Ficus mucosa,OMO_STR_0198,Ficus mucosa,Ficus mucosa,Ficus mucosa,31.7,33.5,789.5,EXACT_NORMALIZED_SOURCE_KEY,BASELINE_ACCEPTED,True,8,253.6,268.0,6316.0
TsP10,Transition,Stream,Ficus mucosa,1,transition,stream,ficus mucosa,transition||stream||ficus mucosa,MASTER_SPECIES,Ficus mucosa,OMO_STR_0198,Ficus mucosa,Ficus mucosa,Ficus mucosa,31.7,33.5,789.5,EXACT_NORMALIZED_SOURCE_KEY,BASELINE_ACCEPTED,True,1,31.7,33.5,789.5
TsP1,Transition,Stream,Macranga bateri,1,transition,stream,macranga bateri,transition||stream||macranga bateri,MASTER_SPECIES,Macranga bateri,OMO_STR_0201,Macranga bateri,Macranga bateri,Macranga bateri,11.0,13.0,95.07,EXACT_NORMALIZED_SOURCE_KEY,BASELINE_ACCEPTED,True,1,11.0,13.0,95.07
TsP6,Transition,Stream,Macranga bateri,1,transition,stream,macranga bateri,transition||stream||macranga bateri,MASTER_SPECIES,Macranga bateri,OMO_STR_0201,Macranga bateri,Macranga bateri,Macranga bateri,11.0,13.0,95.07,EXACT_NORMALIZED_SOURCE_KEY,BASELINE_ACCEPTED,True,1,11.0,13.0,95.07
TsP1,Transition,Stream,Nauclea diderrichii,3,transition,stream,nauclea diderrichii,transition||stream||nauclea diderrichii,MASTER_SPECIES,Nauclea diderrichii,OMO_STR_0202,Nauclea diderrichii,Nauclea  diderrichii,Nauclea diderrichii,29.7,27.3,693.0,EXACT_NORMALIZED_SOURCE_KEY,BASELINE_ACCEPTED,True,3,89.1,81.9,2079.0
TsP9,Transition,Stream,Nauclea diderrichii,1,transition,stream,nauclea diderrichii,transition||stream||nauclea diderrichii,MASTER_SPECIES,Nauclea diderrichii,OMO_STR_0202,Nauclea diderrichii,Nauclea  diderrichii,Nauclea diderrichii,29.7,27.3,693.0,EXACT_NORMALIZED_SOURCE_KEY,BASELINE_ACCEPTED,True,1,29.7,27.3,693.0
TsP2,Transition,Stream,Termialia superba,1,transition,stream,termialia superba,transition||stream||termialia superba,MASTER_SPECIES,Termialia superba,OMO_STR_0203,Termialia superba,Terminalia superba,Terminalia superba,45.0,44.5,1591.0,ACCEPTED_STRONG_ORTHOGRAPHIC_AND_ABUNDANCE_EVIDENCE,ORTHOGRAPHIC_AND_ABUNDANCE_SUPPORTED,True,1,45.0,44.5,1591.0
TsP3,Transition,Stream,Termialia superba,4,transition,stream,termialia superba,transition||stream||termialia superba,MASTER_SPECIES,Termialia superba,OMO_STR_0203,Termialia superba,Terminalia superba,Terminalia superba,45.0,44.5,1591.0,ACCEPTED_STRONG_ORTHOGRAPHIC_AND_ABUNDANCE_EVIDENCE,ORTHOGRAPHIC_AND_ABUNDANCE_SUPPORTED,True,4,180.0,178.0,6364.0
TsP6,Transition,Stream,Termialia superba,1,transition,stream,termialia superba,transition||stream||termialia superba,MASTER_SPECIES,Termialia superba,OMO_STR_0203,Termialia superba,Terminalia superba,Terminalia superba,45.0,44.5,1591.0,ACCEPTED_STRONG_ORTHOGRAPHIC_AND_ABUNDANCE_EVIDENCE,ORTHOGRAPHIC_AND_ABUNDANCE_SUPPORTED,True,1,45.0,44.5,1591.0
TsP7,Transition,Stream,Termialia superba,2,transition,stream,termialia superba,transition||stream||termialia superba,MASTER_SPECIES,Termialia superba,OMO_STR_0203,Termialia superba,Terminalia superba,Terminalia superba,45.0,44.5,1591.0,ACCEPTED_STRONG_ORTHOGRAPHIC_AND_ABUNDANCE_EVIDENCE,ORTHOGRAPHIC_AND_ABUNDANCE_SUPPORTED,True,2,90.0,89.0,3182.0
TsP10,Transition,Stream,Termialia superba,3,transition,stream,termialia superba,transition||stream||termialia superba,MASTER_SPECIES,Termialia superba,OMO_STR_0203,Termialia superba,Terminalia superba,Terminalia superba,45.0,44.5,1591.0,ACCEPTED_STRONG_ORTHOGRAPHIC_AND_ABUNDANCE_EVIDENCE,ORTHOGRAPHIC_AND_ABUNDANCE_SUPPORTED,True,3,135.0,133.5,4773.0
TsP2,Transition,Stream,Theobroma cacao,1,transition,stream,theobroma cacao,transition||stream||theobroma cacao,MASTER_SPECIES,Theobroma cacao,OMO_STR_0204,Theobroma cacao,Theobroma cacao,Theobroma cacao,16.9,13.5,224.4,EXACT_NORMALIZED_SOURCE_KEY,BASELINE_ACCEPTED,True,1,16.9,13.5,224.4
TsP6,Transition,Stream,Theobroma cacao,1,transition,stream,theobroma cacao,transition||stream||theobroma cacao,MASTER_SPECIES,Theobroma cacao,OMO_STR_0204,Theobroma cacao,Theobroma cacao,Theobroma cacao,16.9,13.5,224.4,EXACT_NORMALIZED_SOURCE_KEY,BASELINE_ACCEPTED,True,1,16.9,13.5,224.4
TsP9,Transition,Stream,Theobroma cacao,1,transition,stream,theobroma cacao,transition||stream||theobroma cacao,MASTER_SPECIES,Theobroma cacao,OMO_STR_0204,Theobroma cacao,Theobroma cacao,Theobroma cacao,16.9,13.5,224.4,EXACT_NORMALIZED_SOURCE_KEY,BASELINE_ACCEPTED,True,1,16.9,13.5,224.4
TuP2,Transition,Upland,Theobroma cacao,3,transition,upland,theobroma cacao,transition||upland||theobroma cacao,MASTER_SPECIES,Theobroma cacao,OMO_STR_0220,Theobroma cacao,Theobroma cacao,Theobroma cacao,18.3,18.6,263.1,EXACT_NORMALIZED_SOURCE_KEY,BASELINE_ACCEPTED,True,3,54.900000000000006,55.800000000000004,789.3000000000001
TuP3,Transition,Upland,Theobroma cacao,5,transition,upland,theobroma cacao,transition||upland||theobroma cacao,MASTER_SPECIES,Theobroma cacao,OMO_STR_0220,Theobroma cacao,Theobroma cacao,Theobroma cacao,18.3,18.6,263.1,EXACT_NORMALIZED_SOURCE_KEY,BASELINE_ACCEPTED,True,5,91.5,93.0,1315.5
TuP4,Transition,Upland,Theobroma cacao,5,transition,upland,theobroma cacao,transition||upland||theobroma cacao,MASTER_SPECIES,Theobroma cacao,OMO_STR_0220,Theobroma cacao,Theobroma cacao,Theobroma cacao,18.3,18.6,263.1,EXACT_NORMALIZED_SOURCE_KEY,BASELINE_ACCEPTED,True,5,91.5,93.0,1315.5
TuP6,Transition,Upland,Theobroma cacao,1,transition,upland,theobroma cacao,transition||upland||theobroma cacao,MASTER_SPECIES,Theobroma cacao,OMO_STR_0220,Theobroma cacao,Theobroma cacao,Theobroma cacao,18.3,18.6,263.1,EXACT_NORMALIZED_SOURCE_KEY,BASELINE_ACCEPTED,True,1,18.3,18.6,263.1
TuP7,Transition,Upland,Theobroma cacao,5,transition,upland,theobroma cacao,transition||upland||theobroma cacao,MASTER_SPECIES,Theobroma cacao,OMO_STR_0220,Theobroma cacao,Theobroma cacao,Theobroma cacao,18.3,18.6,263.1,EXACT_NORMALIZED_SOURCE_KEY,BASELINE_ACCEPTED,True,5,91.5,93.0,1315.5
TuP8,Transition,Upland,Theobroma cacao,3,transition,upland,theobroma cacao,transition||upland||theobroma cacao,MASTER_SPECIES,Theobroma cacao,OMO_STR_0220,Theobroma cacao,Theobroma cacao,Theobroma cacao,18.3,18.6,263.1,EXACT_NORMALIZED_SOURCE_KEY,BASELINE_ACCEPTED,True,3,54.900000000000006,55.800000000000004,789.3000000000001
TuP9,Transition,Upland,Theobroma cacao,4,transition,upland,theobroma cacao,transition||upland||theobroma cacao,MASTER_SPECIES,Theobroma cacao,OMO_STR_0220,Theobroma cacao,Theobroma cacao,Theobroma cacao,18.3,18.6,263.1,EXACT_NORMALIZED_SOURCE_KEY,BASELINE_ACCEPTED,True,4,73.2,74.4,1052.4
TuP10,Transition,Upland,Theobroma cacao,2,transition,upland,theobroma cacao,transition||upland||theobroma cacao,MASTER_SPECIES,Theobroma cacao,OMO_STR_0220,Theobroma cacao,Theobroma cacao,Theobroma cacao,18.3,18.6,263.1,EXACT_NORMALIZED_SOURCE_KEY,BASELINE_ACCEPTED,True,2,36.6,37.2,526.2
TuP4,Transition,Upland,Carica papaya,1,transition,upland,carica papaya,transition||upland||carica papaya,MASTER_SPECIES,Carica papaya,OMO_STR_0208,Carica papaya,Carica papaya,Carica papaya,14.7,18.0,169.7,EXACT_NORMALIZED_SOURCE_KEY,BASELINE_ACCEPTED,True,1,14.7,18.0,169.7
TuP8,Transition,Upland,Carica papaya,1,transition,upland,carica papaya,transition||upland||carica papaya,MASTER_SPECIES,Carica papaya,OMO_STR_0208,Carica papaya,Carica papaya,Carica papaya,14.7,18.0,169.7,EXACT_NORMALIZED_SOURCE_KEY,BASELINE_ACCEPTED,True,1,14.7,18.0,169.7
TuP6,Transition,Upland,Chrysophyllum albidum,1,transition,upland,chrysophyllum albidum,transition||upland||chrysophyllum albidum,MASTER_SPECIES,Chrysophyllum albidum,OMO_STR_0210,Chrysophyllum albidum,Chrysophyllum albidum,Chrysophyllum albidum,12.1,14.7,115.0,EXACT_NORMALIZED_SOURCE_KEY,BASELINE_ACCEPTED,True,1,12.1,14.7,115.0
TuP4,Transition,Upland,Citrus sinenses,1,transition,upland,citrus sinenses,transition||upland||citrus sinenses,MASTER_SPECIES,Citrus sinenses,OMO_STR_0211,Citrus sinenses,Citrus sinenses,Citrus sinenses,24.5,22.2,471.6,EXACT_NORMALIZED_SOURCE_KEY,BASELINE_ACCEPTED,True,1,24.5,22.2,471.6
TuP1,Transition,Upland,Dracena manni,1,transition,upland,dracena manni,transition||upland||dracena manni,MASTER_SPECIES,Dracena manni,OMO_STR_0213,Dracena manni,Dracena manni,Dracena manni,19.0,20.5,283.6,EXACT_NORMALIZED_SOURCE_KEY,BASELINE_ACCEPTED,True,1,19.0,20.5,283.6
TuP8,Transition,Upland,Dracena manni,1,transition,upland,dracena manni,transition||upland||dracena manni,MASTER_SPECIES,Dracena manni,OMO_STR_0213,Dracena manni,Dracena manni,Dracena manni,19.0,20.5,283.6,EXACT_NORMALIZED_SOURCE_KEY,BASELINE_ACCEPTED,True,1,19.0,20.5,283.6
TuP10,Transition,Upland,Dracena manni,1,transition,upland,dracena manni,transition||upland||dracena manni,MASTER_SPECIES,Dracena manni,OMO_STR_0213,Dracena manni,Dracena manni,Dracena manni,19.0,20.5,283.6,EXACT_NORMALIZED_SOURCE_KEY,BASELINE_ACCEPTED,True,1,19.0,20.5,283.6
TuP1,Transition,Upland,Elaeis guineense,2,transition,upland,elaeis guineense,transition||upland||elaeis guineense,MASTER_SPECIES,Elaeis guineense,OMO_STR_0214,Elaeis guineense,Elaeis guineensis,Elaeis guineensis,34.7,34.2,946.0,LINK_TAXONOMICALLY_SECURE_WITH_ABUNDANCE_DISCREPANCY,TAXONOMICALLY_SECURE_ABUNDANCE_DISCREPANCY,True,2,69.4,68.4,1892.0
TuP2,Transition,Upland,Elaeis guineense,3,transition,upland,elaeis guineense,transition||upland||elaeis guineense,MASTER_SPECIES,Elaeis guineense,OMO_STR_0214,Elaeis guineense,Elaeis guineensis,Elaeis guineensis,34.7,34.2,946.0,LINK_TAXONOMICALLY_SECURE_WITH_ABUNDANCE_DISCREPANCY,TAXONOMICALLY_SECURE_ABUNDANCE_DISCREPANCY,True,3,104.10000000000001,102.60000000000001,2838.0
TuP3,Transition,Upland,Elaeis guineense,4,transition,upland,elaeis guineense,transition||upland||elaeis guineense,MASTER_SPECIES,Elaeis guineense,OMO_STR_0214,Elaeis guineense,Elaeis guineensis,Elaeis guineensis,34.7,34.2,946.0,LINK_TAXONOMICALLY_SECURE_WITH_ABUNDANCE_DISCREPANCY,TAXONOMICALLY_SECURE_ABUNDANCE_DISCREPANCY,True,4,138.8,136.8,3784.0
TuP4,Transition,Upland,Elaeis guineense,2,transition,upland,elaeis guineense,transition||upland||elaeis guineense,MASTER_SPECIES,Elaeis guineense,OMO_STR_0214,Elaeis guineense,Elaeis guineensis,Elaeis guineensis,34.7,34.2,946.0,LINK_TAXONOMICALLY_SECURE_WITH_ABUNDANCE_DISCREPANCY,TAXONOMICALLY_SECURE_ABUNDANCE_DISCREPANCY,True,2,69.4,68.4,1892.0
TuP5,Transition,Upland,Elaeis guineense,2,transition,upland,elaeis guineense,transition||upland||elaeis guineense,MASTER_SPECIES,Elaeis guineense,OMO_STR_0214,Elaeis guineense,Elaeis guineensis,Elaeis guineensis,34.7,34.2,946.0,LINK_TAXONOMICALLY_SECURE_WITH_ABUNDANCE_DISCREPANCY,TAXONOMICALLY_SECURE_ABUNDANCE_DISCREPANCY,True,2,69.4,68.4,1892.0
TuP6,Transition,Upland,Elaeis guineense,1,transition,upland,elaeis guineense,transition||upland||elaeis guineense,MASTER_SPECIES,Elaeis guineense,OMO_STR_0214,Elaeis guineense,Elaeis guineensis,Elaeis guineensis,34.7,34.2,946.0,LINK_TAXONOMICALLY_SECURE_WITH_ABUNDANCE_DISCREPANCY,TAXONOMICALLY_SECURE_ABUNDANCE_DISCREPANCY,True,1,34.7,34.2,946.0
TuP7,Transition,Upland,Elaeis guineense,2,transition,upland,elaeis guineense,transition||upland||elaeis guineense,MASTER_SPECIES,Elaeis guineense,OMO_STR_0214,Elaeis guineense,Elaeis guineensis,Elaeis guineensis,34.7,34.2,946.0,LINK_TAXONOMICALLY_SECURE_WITH_ABUNDANCE_DISCREPANCY,TAXONOMICALLY_SECURE_ABUNDANCE_DISCREPANCY,True,2,69.4,68.4,1892.0
TuP8,Transition,Upland,Elaeis guineense,2,transition,upland,elaeis guineense,transition||upland||elaeis guineense,MASTER_SPECIES,Elaeis guineense,OMO_STR_0214,Elaeis guineense,Elaeis guineensis,Elaeis guineensis,34.7,34.2,946.0,LINK_TAXONOMICALLY_SECURE_WITH_ABUNDANCE_DISCREPANCY,TAXONOMICALLY_SECURE_ABUNDANCE_DISCREPANCY,True,2,69.4,68.4,1892.0
TuP10,Transition,Upland,Elaeis guineense,1,transition,upland,elaeis guineense,transition||upland||elaeis guineense,MASTER_SPECIES,Elaeis guineense,OMO_STR_0214,Elaeis guineense,Elaeis guineensis,Elaeis guineensis,34.7,34.2,946.0,LINK_TAXONOMICALLY_SECURE_WITH_ABUNDANCE_DISCREPANCY,TAXONOMICALLY_SECURE_ABUNDANCE_DISCREPANCY,True,1,34.7,34.2,946.0
TuP2,Transition,Upland,Ficus mucuso,1,transition,upland,ficus mucuso,transition||upland||ficus mucuso,,,,,,,,,,,,False,0,,,
TuP6,Transition,Upland,Ficus mucuso,1,transition,upland,ficus mucuso,transition||upland||ficus mucuso,,,,,,,,,,,,False,0,,,
TuP4,Transition,Upland,Musa sapiensis,2,transition,upland,musa sapiensis,transition||upland||musa sapiensis,MASTER_SPECIES,Musa sapiensis,OMO_STR_0217,Musa sapiensis,Musa sapiensis,Musa sapiensis,27.6,27.8,598.5,EXACT_NORMALIZED_SOURCE_KEY,BASELINE_ACCEPTED,True,2,55.2,55.6,1197.0
TuP1,Transition,Upland,Raulvolfia vomitoria,2,transition,upland,raulvolfia vomitoria,transition||upland||raulvolfia vomitoria,MASTER_SPECIES,Raulvolfia vomitoria,OMO_STR_0218,Raulvolfia vomitoria,Raulvolfia vomitoria,Raulvolfia vomitoria,11.4,13.9,102.1,EXACT_NORMALIZED_SOURCE_KEY,BASELINE_ACCEPTED,True,2,22.8,27.8,204.2
TuP7,Transition,Upland,Raulvolfia vomitoria,1,transition,upland,raulvolfia vomitoria,transition||upland||raulvolfia vomitoria,MASTER_SPECIES,Raulvolfia vomitoria,OMO_STR_0218,Raulvolfia vomitoria,Raulvolfia vomitoria,Raulvolfia vomitoria,11.4,13.9,102.1,EXACT_NORMALIZED_SOURCE_KEY,BASELINE_ACCEPTED,True,1,11.4,13.9,102.1
TuP2,Transition,Upland,Trema orientalis,2,transition,upland,trema orientalis,transition||upland||trema orientalis,MASTER_SPECIES,Trema orientalis,OMO_STR_0221,Trema orientalis,Trema orientalis,Trema orientalis,21.5,23.8,363.2,EXACT_NORMALIZED_SOURCE_KEY,BASELINE_ACCEPTED,True,2,43.0,47.6,726.4
